{"type":"Feature","properties":{"id":"home-c","distanceKm":1070.165,"drivingMinutes":676.8404833333333},"geometry":{"type":"LineString","coordinates":[[15.277065,44.078334],[15.277343,44.078082],[15.277393,44.078077],[15.27757,44.07815],[15.277726,44.078197],[15.277839,44.077834],[15.278062,44.077347],[15.278644,44.076306],[15.278791,44.076061],[15.279012,44.075807],[15.279041,44.075774],[15.279191,44.075623],[15.279277,44.075537],[15.279462,44.075366],[15.279615,44.075165],[15.279813,44.074747],[15.279904,44.074541],[15.280044,44.074394],[15.280554,44.074599],[15.280595,44.074617],[15.280725,44.074676],[15.280808,44.074747],[15.280996,44.075009],[15.281063,44.075094],[15.281184,44.075185],[15.281724,44.075465],[15.282011,44.075204],[15.282364,44.074853],[15.282479,44.074727],[15.282927,44.07423],[15.282991,44.074129],[15.283076,44.07393],[15.283093,44.073891],[15.283227,44.073644],[15.283476,44.073354],[15.283521,44.073307],[15.283574,44.073252],[15.283739,44.073071],[15.284755,44.072173],[15.284851,44.072275],[15.285331,44.072697],[15.285757,44.073126],[15.28578,44.073145],[15.286499,44.073764],[15.286702,44.073942],[15.286937,44.074052],[15.28714,44.074124],[15.287521,44.074211],[15.28791,44.074357],[15.288053,44.074485],[15.288159,44.074644],[15.288213,44.074805],[15.288224,44.074976],[15.288174,44.07554],[15.288148,44.075931],[15.288163,44.076213],[15.288209,44.076428],[15.288274,44.076602],[15.288348,44.0768],[15.288404,44.07689],[15.288461,44.076964],[15.288515,44.077022],[15.288565,44.077039],[15.288606,44.077065],[15.288635,44.0771],[15.288647,44.077139],[15.288808,44.07726],[15.288891,44.077346],[15.289152,44.077614],[15.290755,44.07916],[15.290896,44.079299],[15.290997,44.079364],[15.291228,44.079472],[15.291314,44.079502],[15.291657,44.079623],[15.292521,44.079823],[15.292801,44.079877],[15.293798,44.08007],[15.294286,44.080143],[15.294531,44.080117],[15.294715,44.080097],[15.294849,44.080093],[15.294911,44.080107],[15.29496,44.08014],[15.295003,44.080185],[15.295021,44.080239],[15.295048,44.080428],[15.295063,44.080518],[15.29508,44.080613],[15.295169,44.080755],[15.295203,44.08081],[15.295826,44.081496],[15.296067,44.081754],[15.296225,44.081973],[15.296346,44.082185],[15.296668,44.082852],[15.296899,44.08358],[15.297,44.083792],[15.297151,44.084027],[15.297443,44.084445],[15.297607,44.084779],[15.297722,44.085028],[15.29787,44.085252],[15.297917,44.085318],[15.297928,44.085343],[15.297934,44.085376],[15.297919,44.085428],[15.297895,44.085474],[15.297866,44.085499],[15.297826,44.085517],[15.297601,44.085607],[15.297408,44.08568],[15.297384,44.085708],[15.297375,44.085722],[15.297371,44.085742],[15.297374,44.085757],[15.297386,44.085775],[15.297403,44.085788],[15.297431,44.085797],[15.297486,44.085807],[15.29761,44.085811],[15.297747,44.085821],[15.297804,44.085831],[15.297872,44.085854],[15.297934,44.085896],[15.298342,44.086197],[15.298747,44.086446],[15.298817,44.086488],[15.29894,44.086534],[15.299059,44.086577],[15.299166,44.086604],[15.299302,44.086637],[15.299409,44.086637],[15.299509,44.086633],[15.299632,44.086607],[15.299752,44.086554],[15.299897,44.08645],[15.300294,44.086093],[15.300664,44.085738],[15.300748,44.085669],[15.300884,44.085584],[15.300983,44.085542],[15.301126,44.085499],[15.301255,44.085474],[15.301475,44.085442],[15.301651,44.085445],[15.301761,44.085471],[15.301867,44.085514],[15.302333,44.085707],[15.302406,44.085731],[15.302482,44.085748],[15.302556,44.085759],[15.302617,44.085754],[15.302688,44.08573],[15.302751,44.085692],[15.302879,44.085579],[15.303186,44.08531],[15.303247,44.085269],[15.303525,44.085026],[15.303676,44.084926],[15.303763,44.084893],[15.303852,44.084847],[15.303959,44.084779],[15.304031,44.084765],[15.304095,44.084758],[15.304194,44.084768],[15.304356,44.084837],[15.304461,44.084881],[15.30458,44.08492],[15.304736,44.084968],[15.30494,44.085039],[15.30512,44.085105],[15.305739,44.085334],[15.305786,44.085365],[15.305814,44.085418],[15.305826,44.085462],[15.305814,44.085515],[15.305767,44.085591],[15.305634,44.085804],[15.305589,44.085877],[15.305442,44.086114],[15.30516,44.086567],[15.305165,44.086648],[15.30524,44.086721],[15.305332,44.086781],[15.305479,44.086876],[15.305613,44.086964],[15.305788,44.087077],[15.305927,44.087168],[15.306149,44.087284],[15.306801,44.087626],[15.306915,44.087676],[15.307213,44.087808],[15.307414,44.087896],[15.307787,44.08806],[15.307965,44.088139],[15.308706,44.088486],[15.30986,44.089105],[15.310393,44.089339],[15.310626,44.089449],[15.311144,44.089693],[15.311388,44.089821],[15.311586,44.089925],[15.311725,44.089998],[15.312036,44.090173],[15.312448,44.090393],[15.312643,44.090432],[15.31272,44.09044],[15.312799,44.090439],[15.312871,44.090429],[15.312944,44.090412],[15.313041,44.090329],[15.313098,44.090292],[15.313166,44.090255],[15.313339,44.090092],[15.313425,44.090014],[15.313529,44.089952],[15.313661,44.089865],[15.313775,44.089821],[15.313851,44.089804],[15.313942,44.089787],[15.314057,44.089769],[15.31418,44.089767],[15.314395,44.089782],[15.31471,44.089801],[15.314853,44.08981],[15.315005,44.089796],[15.315119,44.089771],[15.315231,44.089738],[15.315363,44.089681],[15.315459,44.089627],[15.315669,44.089465],[15.315792,44.089435],[15.316479,44.088883],[15.316905,44.088543],[15.317823,44.08782],[15.318437,44.087332],[15.318897,44.086959],[15.319925,44.086148],[15.320878,44.085388],[15.322101,44.08441],[15.323316,44.08344],[15.32422,44.082693],[15.324644,44.082317],[15.32504,44.081912],[15.325306,44.081635],[15.325494,44.081409],[15.326065,44.080691],[15.326729,44.079835],[15.327277,44.079124],[15.327944,44.078265],[15.329281,44.076524],[15.330069,44.075496],[15.330971,44.074345],[15.331305,44.073928],[15.331688,44.073508],[15.332077,44.073109],[15.332333,44.072893],[15.3327,44.072614],[15.333184,44.072298],[15.333739,44.072],[15.33424,44.071778],[15.334724,44.071587],[15.335325,44.071399],[15.335994,44.071246],[15.336439,44.071168],[15.336874,44.071111],[15.337469,44.071061],[15.337915,44.071051],[15.338346,44.071058],[15.338721,44.071074],[15.339194,44.071116],[15.339499,44.071154],[15.339955,44.07123],[15.340385,44.07133],[15.34087,44.071456],[15.341287,44.07159],[15.341889,44.071832],[15.342448,44.072092],[15.34282,44.0723],[15.343071,44.07245],[15.343711,44.072928],[15.343996,44.073165],[15.344463,44.073601],[15.344938,44.074076],[15.345344,44.074491],[15.346277,44.075454],[15.347577,44.076786],[15.348874,44.078126],[15.349969,44.079245],[15.351109,44.080418],[15.351545,44.080866],[15.352408,44.081751],[15.353324,44.082677],[15.353775,44.083128],[15.354138,44.083469],[15.354481,44.083775],[15.355165,44.084368],[15.355659,44.084742],[15.357054,44.085781],[15.358039,44.086506],[15.359631,44.087678],[15.360525,44.088337],[15.361498,44.08904],[15.362655,44.089902],[15.363917,44.090833],[15.364524,44.091265],[15.365029,44.091606],[15.365535,44.091918],[15.366066,44.092228],[15.366426,44.092429],[15.367166,44.092793],[15.367543,44.092977],[15.368138,44.093236],[15.369123,44.093625],[15.371382,44.094507],[15.37381,44.09544],[15.37831,44.097179],[15.382313,44.098734],[15.384794,44.099696],[15.386387,44.100318],[15.387437,44.100758],[15.387646,44.10085],[15.388494,44.101303],[15.389323,44.101846],[15.390717,44.102945],[15.392207,44.104204],[15.394736,44.106329],[15.397087,44.108307],[15.397826,44.108931],[15.399535,44.110365],[15.400227,44.110945],[15.401083,44.111672],[15.401882,44.11234],[15.402269,44.112658],[15.402882,44.11311],[15.403121,44.113265],[15.403457,44.113456],[15.403912,44.11369],[15.404293,44.113862],[15.404675,44.114009],[15.404965,44.114114],[15.405863,44.114401],[15.407062,44.114777],[15.407858,44.115032],[15.408639,44.11528],[15.40983,44.115659],[15.411195,44.116092],[15.412726,44.116573],[15.414785,44.117227],[15.416641,44.117815],[15.418496,44.118399],[15.418812,44.118499],[15.419461,44.118699],[15.420154,44.118885],[15.420531,44.118948],[15.420964,44.118998],[15.421415,44.119023],[15.421869,44.11901],[15.422328,44.118981],[15.424871,44.118765],[15.427339,44.118559],[15.428225,44.118477],[15.428821,44.118396],[15.429251,44.118301],[15.429363,44.118269],[15.42968,44.118179],[15.43008,44.118036],[15.430533,44.117836],[15.431087,44.117572],[15.432756,44.116782],[15.433219,44.116559],[15.4352,44.115609],[15.43663,44.114947],[15.437009,44.114767],[15.437401,44.11458],[15.438339,44.114106],[15.438853,44.113876],[15.439231,44.113713],[15.439594,44.113581],[15.440023,44.113478],[15.440382,44.113419],[15.440668,44.113392],[15.441055,44.113374],[15.44135,44.113385],[15.441608,44.113406],[15.441843,44.113433],[15.442065,44.113489],[15.4423,44.113547],[15.4424,44.113591],[15.442783,44.113711],[15.443878,44.114182],[15.445014,44.114694],[15.445339,44.114827],[15.445518,44.114889],[15.445698,44.114928],[15.4459,44.114949],[15.446096,44.114944],[15.446299,44.114925],[15.446472,44.114873],[15.446606,44.114827],[15.44677,44.114744],[15.446881,44.114671],[15.446966,44.114595],[15.447075,44.114481],[15.447156,44.114338],[15.447168,44.11414],[15.447134,44.113976],[15.447016,44.113837],[15.446887,44.113745],[15.446663,44.113675],[15.446405,44.113644],[15.44606,44.113698],[15.44544,44.114096],[15.445322,44.114113],[15.444865,44.114451],[15.444556,44.114665],[15.4437,44.115296],[15.440806,44.117555],[15.440556,44.117746],[15.439841,44.118258],[15.438789,44.119],[15.437366,44.119892],[15.435919,44.120722],[15.432938,44.122336],[15.431129,44.123385],[15.429416,44.124512],[15.429243,44.124648],[15.427376,44.126107],[15.425044,44.128419],[15.423743,44.130037],[15.422646,44.131741],[15.421926,44.133104],[15.421331,44.134497],[15.420539,44.137342],[15.4204,44.138241],[15.420325,44.13894],[15.420263,44.139412],[15.420263,44.141501],[15.420679,44.145111],[15.420819,44.146916],[15.420878,44.148718],[15.42085,44.150193],[15.420731,44.151913],[15.420523,44.153702],[15.420248,44.155154],[15.419952,44.156495],[15.419653,44.157835],[15.419512,44.158485],[15.419374,44.159205],[15.41929,44.159875],[15.419233,44.160565],[15.419228,44.1615],[15.419289,44.16246],[15.419356,44.162992],[15.41951,44.163942],[15.419716,44.1648],[15.419994,44.165601],[15.420346,44.166496],[15.42074,44.167322],[15.421435,44.16856],[15.422341,44.169837],[15.423366,44.171076],[15.425193,44.173142],[15.426305,44.174397],[15.427235,44.17558],[15.428578,44.177557],[15.429721,44.179698],[15.431184,44.183148],[15.431814,44.184621],[15.432079,44.18519],[15.432407,44.185876],[15.432605,44.186256],[15.432663,44.186368],[15.432992,44.186972],[15.433102,44.187158],[15.433164,44.187264],[15.433555,44.18791],[15.434464,44.189272],[15.434902,44.189862],[15.435329,44.190408],[15.435774,44.190946],[15.436604,44.191933],[15.438424,44.194016],[15.440535,44.196579],[15.441414,44.197983],[15.441849,44.198684],[15.442221,44.199324],[15.442694,44.200233],[15.443213,44.201304],[15.443466,44.201873],[15.443668,44.202388],[15.444076,44.203488],[15.444331,44.204236],[15.444521,44.204921],[15.444897,44.206351],[15.445111,44.207129],[15.445313,44.207776],[15.445647,44.208662],[15.446022,44.209478],[15.446399,44.210176],[15.446796,44.210821],[15.447171,44.211358],[15.447521,44.211829],[15.447956,44.212357],[15.448353,44.212798],[15.448828,44.213301],[15.449211,44.213663],[15.449928,44.214312],[15.45054,44.214808],[15.451121,44.215238],[15.451785,44.215698],[15.452445,44.216115],[15.453054,44.216475],[15.453521,44.216724],[15.453682,44.216809],[15.454084,44.217017],[15.454324,44.217137],[15.454857,44.217387],[15.455288,44.217575],[15.45572,44.217755],[15.456331,44.218002],[15.457,44.218246],[15.457466,44.218406],[15.458082,44.2186],[15.458268,44.218655],[15.458662,44.218765],[15.458872,44.218824],[15.45947,44.218977],[15.459892,44.219082],[15.460703,44.219256],[15.462052,44.219489],[15.46272,44.219585],[15.463398,44.219656],[15.464079,44.219724],[15.464743,44.219767],[15.465355,44.219801],[15.46611,44.219818],[15.467179,44.219821],[15.468149,44.219783],[15.469437,44.219682],[15.470407,44.219576],[15.471075,44.219481],[15.471723,44.219371],[15.472534,44.219222],[15.473242,44.219065],[15.474251,44.218814],[15.475304,44.218519],[15.477542,44.217878],[15.478052,44.21775],[15.47919,44.217486],[15.480717,44.217205],[15.48197,44.217013],[15.483154,44.216881],[15.484783,44.21676],[15.485977,44.216735],[15.48689,44.216734],[15.488187,44.21676],[15.491994,44.217158],[15.495134,44.217826],[15.497065,44.218433],[15.498288,44.219021],[15.50155,44.221097],[15.50193,44.221329],[15.502277,44.221532],[15.502823,44.221838],[15.503339,44.222117],[15.504957,44.222994],[15.505454,44.223295],[15.505837,44.223543],[15.506328,44.223884],[15.506791,44.224238],[15.507164,44.224546],[15.507516,44.224864],[15.507952,44.225288],[15.508309,44.225676],[15.508715,44.226158],[15.509048,44.226614],[15.509368,44.227093],[15.509561,44.227423],[15.509704,44.227687],[15.509834,44.227953],[15.510053,44.228423],[15.510253,44.228896],[15.510571,44.229694],[15.510768,44.230149],[15.511071,44.2307],[15.511574,44.231537],[15.512437,44.232553],[15.513161,44.233208],[15.513984,44.233829],[15.51486,44.234418],[15.515362,44.234688],[15.515939,44.234965],[15.516904,44.235362],[15.517809,44.235682],[15.51858,44.235886],[15.519018,44.235997],[15.520439,44.236296],[15.524672,44.237208],[15.527916,44.237896],[15.529386,44.238206],[15.529707,44.238273],[15.533193,44.239034],[15.534547,44.239324],[15.535025,44.239424],[15.535442,44.239511],[15.536992,44.23985],[15.537839,44.240035],[15.541183,44.240768],[15.542855,44.241114],[15.543975,44.241356],[15.545006,44.241572],[15.545672,44.241724],[15.546521,44.241893],[15.547246,44.242013],[15.54786,44.242085],[15.54854,44.242137],[15.549319,44.242153],[15.549804,44.242144],[15.55026,44.242109],[15.55075,44.242057],[15.551433,44.24196],[15.552227,44.241836],[15.553174,44.241661],[15.555247,44.241295],[15.557181,44.241017],[15.558286,44.240872],[15.559314,44.240756],[15.560784,44.240622],[15.560959,44.240607],[15.562068,44.240516],[15.563659,44.240417],[15.565066,44.240364],[15.565705,44.240351],[15.566925,44.240322],[15.569755,44.240349],[15.571762,44.240433],[15.572786,44.240498],[15.574205,44.240601],[15.575826,44.240757],[15.577384,44.240935],[15.578436,44.24105],[15.578746,44.241075],[15.579386,44.241132],[15.580109,44.241166],[15.580864,44.241169],[15.581249,44.241151],[15.581611,44.241129],[15.581916,44.241105],[15.582362,44.241057],[15.582999,44.240964],[15.583601,44.240856],[15.584106,44.240755],[15.585574,44.240459],[15.586312,44.240311],[15.587199,44.240134],[15.588711,44.239847],[15.590248,44.239586],[15.592428,44.239252],[15.593481,44.239104],[15.594593,44.23896],[15.596646,44.238728],[15.59771,44.238616],[15.598645,44.238533],[15.599763,44.238439],[15.600977,44.238371],[15.601618,44.238359],[15.602271,44.238361],[15.602948,44.238396],[15.603468,44.238451],[15.604064,44.23854],[15.604558,44.238638],[15.60534,44.238859],[15.605802,44.239014],[15.60618,44.239171],[15.60655,44.23935],[15.606922,44.239543],[15.607447,44.239863],[15.607994,44.240273],[15.608419,44.240661],[15.608679,44.240941],[15.608904,44.241206],[15.609108,44.241501],[15.609289,44.241802],[15.60944,44.242103],[15.609561,44.242409],[15.609688,44.242773],[15.60976,44.243089],[15.609808,44.243412],[15.609828,44.243681],[15.609833,44.243897],[15.609814,44.244212],[15.609742,44.244643],[15.609704,44.244858],[15.609602,44.245172],[15.609479,44.245472],[15.609238,44.245931],[15.60906,44.246224],[15.608795,44.24658],[15.608543,44.246873],[15.608278,44.247127],[15.607791,44.247547],[15.607296,44.2479],[15.606684,44.248297],[15.606184,44.248607],[15.60579,44.248843],[15.605444,44.24907],[15.605023,44.249361],[15.604709,44.249597],[15.604366,44.249877],[15.604092,44.250137],[15.603825,44.250395],[15.60351,44.250769],[15.603114,44.251285],[15.602872,44.251632],[15.602607,44.252017],[15.602148,44.2527],[15.601849,44.253095],[15.601602,44.253381],[15.601249,44.253739],[15.600919,44.254033],[15.600505,44.254355],[15.600147,44.254616],[15.599434,44.255041],[15.599075,44.255223],[15.598496,44.255479],[15.59788,44.255712],[15.597109,44.25595],[15.59605,44.256228],[15.594917,44.256516],[15.593658,44.256866],[15.593085,44.257045],[15.593019,44.257065],[15.592454,44.257258],[15.591223,44.257737],[15.590268,44.258181],[15.590053,44.258286],[15.589697,44.258482],[15.5892,44.258806],[15.588865,44.259066],[15.58865,44.259271],[15.58848,44.259467],[15.588272,44.259752],[15.588135,44.260017],[15.588046,44.260231],[15.587958,44.260551],[15.587917,44.260832],[15.587903,44.261041],[15.587937,44.261408],[15.588011,44.2617],[15.588137,44.262007],[15.588264,44.262252],[15.588409,44.262454],[15.588586,44.262684],[15.588769,44.262875],[15.589121,44.26318],[15.58938,44.26335],[15.589688,44.263514],[15.589943,44.263642],[15.590478,44.263854],[15.590905,44.263968],[15.591212,44.264022],[15.591663,44.264076],[15.592094,44.264097],[15.592492,44.264096],[15.592854,44.264065],[15.593127,44.264029],[15.593405,44.263977],[15.593726,44.263901],[15.59455,44.263658],[15.5952,44.263366],[15.595626,44.263116],[15.596053,44.262774],[15.596523,44.262282],[15.597375,44.261405],[15.597944,44.260939],[15.598675,44.260415],[15.599761,44.259734],[15.600241,44.259508],[15.600668,44.259328],[15.601101,44.259176],[15.601532,44.259031],[15.602311,44.258777],[15.603117,44.258491],[15.603422,44.258365],[15.603747,44.258209],[15.604072,44.258031],[15.604308,44.257883],[15.604555,44.257689],[15.604849,44.257439],[15.605162,44.257128],[15.605382,44.256873],[15.605565,44.256608],[15.605667,44.256398],[15.605798,44.256133],[15.605962,44.25565],[15.606094,44.255161],[15.606232,44.254629],[15.606336,44.254314],[15.60643,44.254044],[15.606613,44.253643],[15.606886,44.253187],[15.607067,44.252925],[15.607357,44.252563],[15.607628,44.252259],[15.60792,44.251977],[15.608519,44.251497],[15.609152,44.251041],[15.609739,44.250701],[15.610303,44.25041],[15.611105,44.250085],[15.611965,44.249858],[15.613005,44.249647],[15.61403,44.249537],[15.615477,44.249498],[15.616282,44.249531],[15.616633,44.249564],[15.616855,44.249592],[15.617379,44.249673],[15.617946,44.249761],[15.619041,44.249905],[15.619637,44.249949],[15.620212,44.249972],[15.620798,44.249968],[15.621844,44.249916],[15.622591,44.249865],[15.62331,44.249773],[15.623952,44.249679],[15.624601,44.249558],[15.625529,44.249373],[15.626323,44.249228],[15.627128,44.249103],[15.628195,44.248973],[15.629068,44.248912],[15.629779,44.24887],[15.630303,44.248863],[15.630888,44.248864],[15.631354,44.248889],[15.631656,44.248912],[15.632086,44.248964],[15.632458,44.249015],[15.632895,44.249092],[15.633744,44.24928],[15.634231,44.249413],[15.634571,44.249511],[15.635181,44.249694],[15.635621,44.249839],[15.636504,44.250161],[15.637461,44.250549],[15.638382,44.250951],[15.639084,44.251227],[15.639912,44.251531],[15.640767,44.2518],[15.641664,44.252037],[15.643282,44.252484],[15.644274,44.252799],[15.645079,44.253093],[15.645664,44.253336],[15.646052,44.253508],[15.64665,44.253798],[15.647135,44.254057],[15.647418,44.254204],[15.647893,44.25449],[15.648384,44.254813],[15.648953,44.255215],[15.649133,44.255349],[15.649279,44.255462],[15.649466,44.255613],[15.650661,44.256735],[15.651819,44.257919],[15.655058,44.262824],[15.656544,44.265166],[15.675253,44.294571],[15.675974,44.295783],[15.676425,44.296752],[15.676708,44.29752],[15.677011,44.298433],[15.677253,44.299488],[15.677584,44.301143],[15.677725,44.301992],[15.677782,44.302473],[15.677811,44.303008],[15.67782,44.303284],[15.677839,44.303814],[15.677872,44.304446],[15.677979,44.305551],[15.678051,44.306387],[15.678085,44.306904],[15.678096,44.307163],[15.678118,44.307691],[15.678129,44.308842],[15.678127,44.309008],[15.67812,44.309422],[15.678098,44.310075],[15.678,44.311557],[15.677943,44.31221],[15.677871,44.312773],[15.677774,44.313581],[15.677434,44.315382],[15.677228,44.316302],[15.677005,44.31723],[15.676468,44.318989],[15.676113,44.320042],[15.675809,44.320832],[15.675365,44.321904],[15.674903,44.322973],[15.673993,44.32478],[15.673472,44.325731],[15.672964,44.326566],[15.672423,44.327322],[15.671642,44.328204],[15.671014,44.328768],[15.670607,44.329088],[15.670147,44.329436],[15.669418,44.329895],[15.668914,44.330195],[15.668346,44.330471],[15.667442,44.330863],[15.666659,44.331148],[15.665766,44.331406],[15.665101,44.331576],[15.664269,44.331764],[15.663365,44.331942],[15.66189,44.332222],[15.661088,44.332391],[15.660241,44.332582],[15.659156,44.33287],[15.658179,44.333183],[15.657535,44.333429],[15.656853,44.333726],[15.655877,44.334202],[15.654998,44.334715],[15.654573,44.334997],[15.65425,44.335236],[15.653484,44.335819],[15.653027,44.336214],[15.652607,44.336607],[15.652136,44.337086],[15.65165,44.33762],[15.6508,44.338564],[15.650002,44.339515],[15.649088,44.340636],[15.648444,44.341457],[15.647203,44.343174],[15.646152,44.34474],[15.645821,44.345268],[15.644881,44.346902],[15.643991,44.348508],[15.642708,44.351253],[15.642319,44.35218],[15.641843,44.353426],[15.641409,44.354647],[15.640996,44.355965],[15.640638,44.357267],[15.63966,44.361498],[15.639477,44.362171],[15.639335,44.362694],[15.638888,44.364038],[15.638334,44.365485],[15.637704,44.366943],[15.637208,44.367927],[15.636686,44.368905],[15.636126,44.369836],[15.63528,44.371187],[15.634439,44.372517],[15.633842,44.373487],[15.633328,44.374362],[15.632747,44.375501],[15.632358,44.376319],[15.632047,44.37707],[15.631763,44.377843],[15.63149,44.378651],[15.631243,44.379514],[15.631054,44.380283],[15.63091,44.381074],[15.630836,44.381514],[15.630775,44.381912],[15.630661,44.383079],[15.630613,44.384203],[15.630615,44.384536],[15.630625,44.38485],[15.630648,44.385607],[15.6307,44.386348],[15.630749,44.386847],[15.630884,44.387796],[15.630929,44.388131],[15.631202,44.389435],[15.631465,44.390487],[15.631831,44.391733],[15.632061,44.392395],[15.632879,44.394402],[15.633146,44.394961],[15.633384,44.39545],[15.63365,44.395963],[15.633842,44.396323],[15.633953,44.396536],[15.635005,44.398329],[15.635828,44.399759],[15.635974,44.400039],[15.636271,44.400612],[15.636696,44.401506],[15.637112,44.402468],[15.637406,44.403287],[15.637793,44.404388],[15.63824,44.406039],[15.638395,44.40673],[15.63851,44.407378],[15.638646,44.408186],[15.638743,44.408965],[15.638821,44.409772],[15.638877,44.41085],[15.638882,44.412013],[15.638853,44.412714],[15.638802,44.413455],[15.638723,44.414213],[15.638458,44.416001],[15.637879,44.418366],[15.637402,44.419768],[15.636715,44.421458],[15.63648,44.421974],[15.636055,44.422824],[15.634831,44.424937],[15.634428,44.425583],[15.634039,44.426127],[15.632775,44.427787],[15.631953,44.428765],[15.631656,44.429098],[15.631271,44.429524],[15.630512,44.430319],[15.628229,44.432442],[15.627811,44.432816],[15.626412,44.434082],[15.625822,44.434626],[15.624773,44.435637],[15.624031,44.436433],[15.622907,44.437594],[15.622559,44.437947],[15.622093,44.438444],[15.620671,44.440102],[15.619779,44.44118],[15.619049,44.442151],[15.618175,44.443268],[15.617435,44.444314],[15.616431,44.445821],[15.615472,44.447338],[15.614493,44.448901],[15.613504,44.450399],[15.612144,44.452248],[15.611432,44.453166],[15.610715,44.454052],[15.609855,44.45507],[15.608957,44.456085],[15.608003,44.457115],[15.607531,44.457598],[15.60693,44.458203],[15.605959,44.459142],[15.604546,44.460464],[15.604269,44.46072],[15.602711,44.462056],[15.601679,44.462898],[15.600036,44.464187],[15.599791,44.464358],[15.598723,44.465156],[15.597878,44.465749],[15.597661,44.465901],[15.596274,44.466823],[15.594596,44.46791],[15.592836,44.468991],[15.590892,44.470084],[15.588922,44.471142],[15.587609,44.47179],[15.586241,44.472453],[15.584959,44.473051],[15.583557,44.47367],[15.582,44.474329],[15.580403,44.474969],[15.578201,44.4758],[15.575939,44.476585],[15.573744,44.477281],[15.572624,44.47762],[15.571416,44.477966],[15.569097,44.478587],[15.567963,44.478872],[15.566657,44.479178],[15.564057,44.47978],[15.562997,44.480047],[15.561777,44.480367],[15.559616,44.481015],[15.558459,44.481392],[15.55717,44.48185],[15.555961,44.482304],[15.554792,44.482786],[15.553671,44.483261],[15.55265,44.483722],[15.55158,44.48423],[15.5506,44.484727],[15.549681,44.485212],[15.548834,44.48568],[15.547251,44.486625],[15.546533,44.487071],[15.545746,44.487585],[15.544429,44.488486],[15.543174,44.489428],[15.541963,44.490396],[15.541184,44.491064],[15.540475,44.4917],[15.539774,44.492349],[15.539029,44.493081],[15.538263,44.493891],[15.537531,44.494705],[15.536099,44.496365],[15.535634,44.496917],[15.535143,44.497472],[15.534275,44.498434],[15.533327,44.499399],[15.532379,44.50031],[15.531316,44.501283],[15.530302,44.502162],[15.529243,44.50301],[15.528167,44.503837],[15.527317,44.504461],[15.52639,44.50511],[15.524659,44.506249],[15.524406,44.506405],[15.523327,44.507051],[15.522274,44.507655],[15.520992,44.508353],[15.519654,44.509046],[15.518509,44.509592],[15.517375,44.510113],[15.516079,44.510686],[15.514831,44.511195],[15.512169,44.51219],[15.510726,44.512677],[15.509266,44.513124],[15.507384,44.513676],[15.505035,44.514259],[15.504522,44.51437],[15.502321,44.514849],[15.500502,44.51518],[15.499608,44.51533],[15.498177,44.515538],[15.497002,44.5157],[15.495709,44.515846],[15.494601,44.515958],[15.493982,44.516014],[15.492518,44.516118],[15.490625,44.51623],[15.487333,44.516398],[15.4856,44.516545],[15.483867,44.516711],[15.482853,44.516822],[15.480553,44.517145],[15.478988,44.517392],[15.476454,44.517865],[15.47532,44.518107],[15.474543,44.518283],[15.473473,44.518537],[15.472679,44.518734],[15.470976,44.519186],[15.468877,44.519814],[15.466956,44.520434],[15.46533,44.521016],[15.463779,44.521601],[15.462612,44.522083],[15.461428,44.522585],[15.460468,44.523014],[15.459519,44.523465],[15.458575,44.52392],[15.457658,44.524383],[15.456137,44.525204],[15.454546,44.5261],[15.452706,44.527235],[15.451194,44.528237],[15.44968,44.529314],[15.448296,44.530376],[15.446945,44.531471],[15.446258,44.53206],[15.445561,44.532683],[15.444325,44.53385],[15.443485,44.534689],[15.442675,44.535534],[15.442496,44.535726],[15.441305,44.5371],[15.440725,44.53779],[15.440053,44.538647],[15.439732,44.539074],[15.439419,44.53951],[15.438799,44.540368],[15.437897,44.541751],[15.43784,44.541839],[15.437526,44.542368],[15.43687,44.543493],[15.436301,44.54455],[15.435164,44.546681],[15.432096,44.552445],[15.431121,44.554271],[15.430317,44.55579],[15.429565,44.557219],[15.428879,44.558713],[15.428264,44.560265],[15.427933,44.561218],[15.427645,44.562157],[15.427518,44.562639],[15.427386,44.563166],[15.427183,44.564056],[15.427021,44.564928],[15.426926,44.565525],[15.426866,44.565901],[15.426682,44.567826],[15.426655,44.568682],[15.426646,44.569749],[15.426734,44.571481],[15.426821,44.572276],[15.426977,44.573417],[15.427125,44.574284],[15.427444,44.575683],[15.427552,44.576097],[15.427864,44.577167],[15.428057,44.577754],[15.428694,44.579463],[15.428894,44.579942],[15.429099,44.580413],[15.429556,44.581345],[15.430565,44.58315],[15.431846,44.585228],[15.433254,44.587289],[15.434863,44.589916],[15.436301,44.592647],[15.436829,44.593798],[15.437319,44.594936],[15.437755,44.596088],[15.438173,44.597258],[15.438564,44.59849],[15.438802,44.59933],[15.439173,44.600775],[15.439487,44.602236],[15.439858,44.604551],[15.440091,44.606871],[15.440148,44.60818],[15.440159,44.609326],[15.440092,44.610542],[15.439987,44.611604],[15.439773,44.61311],[15.439468,44.614615],[15.439017,44.616286],[15.438531,44.617961],[15.438182,44.619399],[15.438005,44.620535],[15.437963,44.620982],[15.437939,44.621334],[15.437923,44.622263],[15.437935,44.62267],[15.43798,44.623487],[15.438041,44.624119],[15.438157,44.624778],[15.438277,44.62543],[15.438417,44.625936],[15.438521,44.626293],[15.438699,44.626941],[15.438899,44.627581],[15.439232,44.628557],[15.439393,44.629121],[15.439579,44.630018],[15.439746,44.631221],[15.439783,44.632304],[15.439783,44.632919],[15.439718,44.633699],[15.439616,44.634564],[15.439461,44.635356],[15.439257,44.636159],[15.438759,44.637543],[15.438475,44.638208],[15.438188,44.63877],[15.437666,44.639679],[15.437095,44.640565],[15.436477,44.641452],[15.435963,44.642224],[15.435697,44.642643],[15.435457,44.64309],[15.435242,44.643568],[15.435062,44.644023],[15.434833,44.644829],[15.434726,44.645471],[15.434674,44.646016],[15.434585,44.647009],[15.434528,44.647609],[15.434451,44.648099],[15.434258,44.648903],[15.433991,44.649693],[15.433641,44.650486],[15.433215,44.651246],[15.432812,44.651835],[15.432377,44.652401],[15.431974,44.652856],[15.431584,44.653256],[15.431177,44.653648],[15.430646,44.654126],[15.429662,44.65503],[15.428739,44.655932],[15.427833,44.656956],[15.426994,44.658049],[15.426229,44.659243],[15.425677,44.660328],[15.424815,44.662118],[15.42401,44.663738],[15.423591,44.664506],[15.423215,44.665136],[15.422763,44.665856],[15.422378,44.666433],[15.421597,44.667496],[15.420988,44.668246],[15.420291,44.669059],[15.419716,44.669694],[15.418817,44.670631],[15.417783,44.67161],[15.416323,44.672913],[15.415518,44.67364],[15.414674,44.674416],[15.413626,44.675439],[15.412678,44.676437],[15.412094,44.677091],[15.411655,44.677612],[15.410891,44.678534],[15.40956,44.680355],[15.408963,44.681257],[15.408424,44.682148],[15.407887,44.683066],[15.407424,44.683978],[15.406939,44.684952],[15.406483,44.685886],[15.405966,44.686944],[15.405453,44.687905],[15.404945,44.688815],[15.404614,44.689384],[15.404351,44.689804],[15.403591,44.691032],[15.402877,44.692093],[15.402073,44.693205],[15.401194,44.694348],[15.400254,44.695509],[15.399314,44.69661],[15.398547,44.697476],[15.397692,44.698378],[15.397047,44.699031],[15.396127,44.699933],[15.395397,44.700685],[15.394665,44.701482],[15.393267,44.703046],[15.391262,44.70564],[15.38988,44.707882],[15.388767,44.710048],[15.387811,44.712402],[15.387361,44.713846],[15.386975,44.715441],[15.386625,44.717622],[15.386416,44.719638],[15.386237,44.721573],[15.386092,44.722726],[15.385995,44.723382],[15.38583,44.724183],[15.385631,44.725102],[15.385317,44.726236],[15.385145,44.726789],[15.384958,44.72734],[15.384593,44.728332],[15.384213,44.729246],[15.383861,44.730011],[15.383474,44.730804],[15.382817,44.732013],[15.382606,44.732356],[15.381895,44.7335],[15.380892,44.735015],[15.38023,44.736041],[15.379907,44.736627],[15.379609,44.737219],[15.3794,44.737698],[15.379218,44.738149],[15.379078,44.738564],[15.378803,44.739423],[15.378668,44.740044],[15.3785,44.74097],[15.378298,44.742424],[15.378164,44.743236],[15.378012,44.744012],[15.377804,44.744851],[15.37755,44.745672],[15.377257,44.746466],[15.376907,44.747291],[15.376457,44.748161],[15.376035,44.748894],[15.375473,44.749771],[15.374854,44.750592],[15.374439,44.751105],[15.374034,44.75159],[15.373154,44.752516],[15.372315,44.75331],[15.371954,44.753623],[15.371545,44.753978],[15.371376,44.754124],[15.370575,44.754725],[15.369779,44.755292],[15.369107,44.755736],[15.368436,44.756159],[15.367177,44.756868],[15.366602,44.75717],[15.365627,44.757637],[15.363956,44.758368],[15.362392,44.759023],[15.361627,44.75937],[15.361003,44.7597],[15.360546,44.759955],[15.360141,44.760211],[15.359767,44.760442],[15.359332,44.760758],[15.358706,44.761247],[15.35806,44.761826],[15.357606,44.76228],[15.357268,44.762668],[15.356834,44.763215],[15.355983,44.76435],[15.355166,44.76542],[15.354718,44.765936],[15.354205,44.766471],[15.353781,44.766871],[15.353207,44.767363],[15.352637,44.767809],[15.352138,44.768194],[15.351308,44.768762],[15.350493,44.76931],[15.349701,44.769841],[15.348913,44.770411],[15.348409,44.770795],[15.34797,44.771167],[15.347356,44.77172],[15.346657,44.772431],[15.346142,44.773041],[15.345922,44.77333],[15.34572,44.773594],[15.345245,44.774316],[15.344181,44.776268],[15.34324,44.778163],[15.341972,44.781457],[15.341621,44.782482],[15.341053,44.78342],[15.340486,44.784004],[15.339804,44.78454],[15.3394,44.784844],[15.339035,44.785099],[15.33899,44.785128],[15.338611,44.785372],[15.338237,44.785603],[15.337595,44.785956],[15.337049,44.786212],[15.336575,44.786418],[15.336179,44.786583],[15.335556,44.78683],[15.334873,44.787078],[15.333645,44.787474],[15.332179,44.787882],[15.33064,44.788267],[15.329924,44.788459],[15.32953,44.788574],[15.329093,44.788712],[15.328255,44.789033],[15.327929,44.789174],[15.327601,44.789326],[15.327181,44.789546],[15.326845,44.789739],[15.326483,44.789956],[15.326217,44.790133],[15.325983,44.7903],[15.325622,44.790571],[15.325219,44.790908],[15.324807,44.791285],[15.324438,44.791663],[15.324074,44.792079],[15.323843,44.792357],[15.32331,44.792998],[15.323006,44.79335],[15.322298,44.794052],[15.321953,44.794343],[15.320808,44.795209],[15.32,44.79572],[15.319476,44.796012],[15.318556,44.796474],[15.317705,44.796849],[15.316917,44.79714],[15.316064,44.797408],[15.315306,44.797614],[15.313707,44.798016],[15.312767,44.798268],[15.312152,44.798462],[15.311841,44.798577],[15.311265,44.798805],[15.310757,44.799024],[15.310341,44.799235],[15.309774,44.799539],[15.309303,44.79982],[15.308829,44.80014],[15.308369,44.800482],[15.307921,44.800839],[15.307398,44.801337],[15.306864,44.801905],[15.305983,44.803031],[15.305037,44.804301],[15.304045,44.805499],[15.303399,44.806197],[15.302647,44.806974],[15.301799,44.807761],[15.301095,44.808409],[15.300174,44.809164],[15.299522,44.809685],[15.299233,44.8099],[15.298786,44.810232],[15.298517,44.810422],[15.298228,44.810621],[15.298005,44.810772],[15.297708,44.81098],[15.297394,44.81117],[15.297021,44.811385],[15.296315,44.811778],[15.295015,44.812419],[15.293554,44.813074],[15.292108,44.813626],[15.291373,44.813862],[15.290638,44.814101],[15.289434,44.814424],[15.287926,44.814792],[15.284917,44.815378],[15.282626,44.815922],[15.280405,44.816501],[15.278356,44.817072],[15.27628,44.817716],[15.273413,44.8187],[15.272612,44.819009],[15.27161,44.81941],[15.270701,44.81978],[15.269037,44.820498],[15.268292,44.820839],[15.267721,44.821118],[15.267248,44.821361],[15.266687,44.821678],[15.266196,44.821996],[15.265732,44.822325],[15.265287,44.822692],[15.264881,44.823082],[15.26458,44.823395],[15.264265,44.823752],[15.26395,44.824161],[15.263723,44.824499],[15.26338,44.825089],[15.262756,44.8264],[15.262281,44.827313],[15.261824,44.828026],[15.261448,44.82849],[15.261083,44.828902],[15.260573,44.829417],[15.259893,44.829988],[15.259237,44.830454],[15.2585,44.830914],[15.257553,44.831418],[15.256534,44.831919],[15.255426,44.832487],[15.25434,44.833064],[15.253589,44.833507],[15.252809,44.833976],[15.251914,44.834571],[15.250981,44.835207],[15.250055,44.835914],[15.249248,44.83657],[15.248591,44.837131],[15.247988,44.837693],[15.247316,44.838339],[15.246694,44.838987],[15.245892,44.839886],[15.245135,44.84074],[15.24457,44.841371],[15.244007,44.841932],[15.243374,44.842529],[15.242668,44.843146],[15.241608,44.843977],[15.240499,44.844761],[15.24,44.845088],[15.239502,44.845404],[15.238575,44.845943],[15.237733,44.846389],[15.236034,44.847268],[15.234254,44.848222],[15.232209,44.84939],[15.231189,44.850018],[15.230295,44.850583],[15.229435,44.85115],[15.228572,44.851745],[15.227752,44.852326],[15.226915,44.852927],[15.225409,44.85398],[15.225104,44.854185],[15.224374,44.854665],[15.224026,44.854885],[15.223542,44.855178],[15.223025,44.855487],[15.222636,44.855707],[15.22211,44.856002],[15.221789,44.856174],[15.221605,44.856273],[15.221399,44.856381],[15.221167,44.856497],[15.220871,44.856649],[15.220671,44.85675],[15.22049,44.856839],[15.220217,44.85697],[15.219905,44.857119],[15.219712,44.857209],[15.219514,44.857298],[15.219262,44.857408],[15.219001,44.857529],[15.218774,44.857628],[15.21853,44.85773],[15.218316,44.857823],[15.218081,44.857926],[15.217824,44.858039],[15.217538,44.858157],[15.217226,44.858287],[15.21685,44.858452],[15.216556,44.858578],[15.216292,44.858691],[15.216107,44.858772],[15.215916,44.85886],[15.215703,44.858957],[15.215369,44.859114],[15.215224,44.859183],[15.215032,44.859278],[15.214803,44.859398],[15.214607,44.8595],[15.214252,44.859698],[15.213902,44.859901],[15.213746,44.859995],[15.21339,44.860221],[15.213223,44.860327],[15.213023,44.860464],[15.212764,44.86065],[15.212519,44.860827],[15.21174,44.861445],[15.211063,44.862065],[15.21039,44.862784],[15.209783,44.863491],[15.209236,44.864267],[15.208788,44.865056],[15.208521,44.865557],[15.20828,44.866127],[15.20809,44.866669],[15.207918,44.867252],[15.207851,44.867539],[15.207804,44.867736],[15.207719,44.868224],[15.207664,44.868749],[15.207639,44.869251],[15.207668,44.870264],[15.207614,44.871757],[15.207508,44.872667],[15.207342,44.873491],[15.207143,44.874077],[15.206774,44.874854],[15.206476,44.875438],[15.206118,44.876068],[15.205712,44.876726],[15.205069,44.877686],[15.204356,44.878642],[15.203688,44.879433],[15.203561,44.879574],[15.203162,44.880005],[15.202843,44.880341],[15.202615,44.880562],[15.202393,44.880776],[15.201901,44.881235],[15.200904,44.882069],[15.200511,44.882375],[15.199313,44.883244],[15.198519,44.883829],[15.197854,44.884347],[15.197258,44.884831],[15.196623,44.885435],[15.196312,44.885754],[15.195952,44.886181],[15.195703,44.886474],[15.195416,44.88688],[15.195056,44.887431],[15.194787,44.88794],[15.194159,44.889196],[15.193821,44.889874],[15.193403,44.890519],[15.192871,44.891186],[15.192793,44.891274],[15.192663,44.891422],[15.191996,44.892095],[15.191382,44.892596],[15.190867,44.892969],[15.190149,44.893442],[15.189621,44.893736],[15.188944,44.894071],[15.18836,44.894372],[15.187939,44.894582],[15.187069,44.8951],[15.186342,44.895635],[15.185788,44.896145],[15.185483,44.896487],[15.185182,44.896854],[15.18497,44.897148],[15.184755,44.897502],[15.184453,44.898111],[15.184185,44.898841],[15.183943,44.899547],[15.183795,44.899848],[15.183597,44.900248],[15.183225,44.900841],[15.182839,44.901314],[15.182388,44.901796],[15.181926,44.902182],[15.181561,44.902477],[15.180646,44.903099],[15.180148,44.903433],[15.179676,44.903781],[15.179299,44.904083],[15.178921,44.904423],[15.17834,44.905028],[15.178114,44.905302],[15.177907,44.905585],[15.177709,44.90587],[15.177519,44.906182],[15.177443,44.906321],[15.17724,44.906709],[15.176885,44.907486],[15.176574,44.908208],[15.17616,44.908907],[15.176008,44.909114],[15.175643,44.909593],[15.175385,44.909869],[15.174833,44.910388],[15.174228,44.910869],[15.173695,44.91125],[15.173116,44.911678],[15.172893,44.911861],[15.172613,44.912097],[15.172234,44.912434],[15.171975,44.912714],[15.171693,44.913018],[15.171412,44.913376],[15.171012,44.913989],[15.170835,44.914295],[15.170666,44.914607],[15.170415,44.915237],[15.170197,44.915891],[15.169952,44.916706],[15.169685,44.91744],[15.169264,44.918289],[15.168882,44.918955],[15.168532,44.919488],[15.16764,44.920867],[15.167391,44.92132],[15.167079,44.922109],[15.166932,44.922647],[15.16679,44.923529],[15.166766,44.923793],[15.16678,44.924357],[15.166842,44.924934],[15.166925,44.925304],[15.167131,44.926027],[15.167287,44.926419],[15.167437,44.92675],[15.167738,44.927254],[15.168021,44.927702],[15.168515,44.928305],[15.168959,44.928792],[15.169809,44.929685],[15.170331,44.930216],[15.170839,44.930884],[15.171246,44.931532],[15.171494,44.931992],[15.171673,44.932417],[15.171766,44.9327],[15.1719,44.933181],[15.171974,44.933508],[15.172042,44.933984],[15.172069,44.934482],[15.17205,44.934961],[15.172006,44.935443],[15.171939,44.935814],[15.171767,44.936425],[15.171588,44.936895],[15.171367,44.937357],[15.171091,44.937847],[15.170612,44.938526],[15.170244,44.93896],[15.169819,44.939401],[15.169297,44.939861],[15.168671,44.940342],[15.168523,44.940443],[15.167479,44.941097],[15.166554,44.941657],[15.165583,44.942271],[15.165083,44.942611],[15.164634,44.942973],[15.16429,44.943255],[15.163921,44.943596],[15.163218,44.944255],[15.162576,44.94492],[15.161986,44.945508],[15.161278,44.946107],[15.160642,44.946576],[15.159937,44.947013],[15.159402,44.947301],[15.158901,44.947531],[15.158193,44.947823],[15.157393,44.948096],[15.156559,44.948337],[15.155469,44.948562],[15.154861,44.948659],[15.15434,44.948711],[15.153056,44.948796],[15.151907,44.948819],[15.15076,44.948847],[15.149758,44.948881],[15.148629,44.948967],[15.14794,44.949037],[15.147255,44.94914],[15.146608,44.949243],[15.145943,44.949371],[15.144926,44.949602],[15.143857,44.949895],[15.143025,44.950152],[15.142342,44.950416],[15.14151,44.950727],[15.140811,44.951013],[15.138867,44.951848],[15.137012,44.952647],[15.135647,44.953227],[15.134329,44.95379],[15.133069,44.954309],[15.132066,44.95469],[15.131174,44.954985],[15.13059,44.955166],[15.129954,44.955344],[15.129296,44.955524],[15.128062,44.955818],[15.127493,44.955935],[15.126991,44.956033],[15.125435,44.956277],[15.123122,44.956546],[15.120912,44.95681],[15.120149,44.956923],[15.119332,44.957057],[15.117908,44.957326],[15.115233,44.957841],[15.114472,44.95798],[15.113874,44.958079],[15.112845,44.958228],[15.11219,44.958316],[15.111524,44.958391],[15.110142,44.95851],[15.108119,44.958671],[15.107294,44.958729],[15.106144,44.958818],[15.10497,44.958978],[15.103642,44.959233],[15.102339,44.959558],[15.101108,44.959956],[15.099885,44.960425],[15.098732,44.960945],[15.098148,44.961246],[15.097313,44.961747],[15.096995,44.961948],[15.096352,44.962378],[15.095767,44.962825],[15.095219,44.963285],[15.094652,44.963793],[15.093956,44.964523],[15.093435,44.965144],[15.093113,44.965593],[15.092813,44.966042],[15.09256,44.966461],[15.092541,44.966494],[15.092293,44.966931],[15.09219,44.967156],[15.092105,44.967341],[15.091958,44.967683],[15.091811,44.968043],[15.091644,44.968538],[15.091442,44.969311],[15.091349,44.969789],[15.091267,44.970369],[15.091249,44.970571],[15.091241,44.9709],[15.091267,44.971697],[15.091291,44.972072],[15.091357,44.972517],[15.091504,44.973172],[15.091581,44.973458],[15.091958,44.97444],[15.095025,44.980663],[15.095198,44.981054],[15.095356,44.981518],[15.095496,44.982178],[15.095592,44.983149],[15.095557,44.983677],[15.095305,44.985287],[15.095297,44.985989],[15.09535,44.986657],[15.095483,44.987309],[15.095664,44.987866],[15.095744,44.988051],[15.095959,44.988459],[15.096121,44.988754],[15.096413,44.989193],[15.096827,44.989748],[15.097173,44.990164],[15.097797,44.990793],[15.098345,44.99128],[15.098757,44.991615],[15.099239,44.991947],[15.099397,44.992044],[15.100159,44.992513],[15.100969,44.992965],[15.101778,44.993325],[15.103101,44.993891],[15.103915,44.994234],[15.104661,44.994561],[15.105034,44.994742],[15.105414,44.994928],[15.106295,44.9954],[15.107088,44.995911],[15.108074,44.996613],[15.109385,44.997489],[15.109397,44.997498],[15.11046,44.9981],[15.111208,44.99845],[15.112933,44.99913],[15.114468,44.999714],[15.115663,45.000256],[15.11661,45.000789],[15.117265,45.001188],[15.118209,45.001875],[15.119498,45.002821],[15.119582,45.002877],[15.120254,45.003328],[15.121098,45.003851],[15.122056,45.004337],[15.12282,45.004696],[15.123902,45.005134],[15.124808,45.005437],[15.125754,45.005733],[15.126473,45.005943],[15.127357,45.006191],[15.128459,45.006537],[15.129685,45.00702],[15.130001,45.007172],[15.130526,45.007425],[15.130703,45.007514],[15.131511,45.007971],[15.131776,45.008125],[15.132242,45.008426],[15.132931,45.008933],[15.133369,45.00929],[15.133717,45.00958],[15.134422,45.010239],[15.135104,45.010875],[15.135741,45.011406],[15.136312,45.011824],[15.136862,45.012189],[15.137491,45.012558],[15.137899,45.012757],[15.138446,45.013017],[15.139022,45.013257],[15.139901,45.013624],[15.141236,45.01417],[15.142595,45.014728],[15.144361,45.01546],[15.147391,45.016704],[15.148818,45.017296],[15.149442,45.017554],[15.149831,45.017721],[15.150368,45.017974],[15.150735,45.018171],[15.151272,45.018489],[15.151768,45.018826],[15.152211,45.019172],[15.152471,45.019407],[15.152954,45.019876],[15.153198,45.020144],[15.153429,45.020427],[15.153895,45.021102],[15.154292,45.021784],[15.1546,45.022332],[15.155155,45.02324],[15.155586,45.023901],[15.156067,45.024548],[15.15669,45.025286],[15.156756,45.025359],[15.157386,45.026051],[15.157735,45.026404],[15.158323,45.026961],[15.158665,45.027275],[15.159342,45.027822],[15.160187,45.028466],[15.160735,45.028831],[15.161744,45.029495],[15.162227,45.029781],[15.163457,45.030454],[15.163782,45.030614],[15.164761,45.031077],[15.165196,45.031267],[15.16541,45.031353],[15.16561,45.031434],[15.166856,45.03191],[15.168025,45.03233],[15.169513,45.032869],[15.17071,45.033348],[15.17145,45.033706],[15.172177,45.034085],[15.173083,45.034665],[15.173647,45.035051],[15.174732,45.035937],[15.175237,45.036427],[15.175509,45.036713],[15.175661,45.036873],[15.176132,45.037469],[15.176468,45.03795],[15.176828,45.038539],[15.177113,45.039086],[15.177314,45.039536],[15.177553,45.040206],[15.177713,45.040794],[15.177856,45.041572],[15.177933,45.042565],[15.177952,45.043168],[15.177972,45.043951],[15.178007,45.044451],[15.178069,45.045015],[15.178135,45.045317],[15.178164,45.045449],[15.178278,45.045878],[15.178506,45.046496],[15.178667,45.046852],[15.178879,45.047247],[15.179175,45.047725],[15.179554,45.048257],[15.179891,45.048676],[15.180271,45.049073],[15.180711,45.049495],[15.181095,45.049814],[15.181599,45.05021],[15.182039,45.050502],[15.18236,45.050713],[15.182732,45.050933],[15.183444,45.051305],[15.184257,45.051672],[15.184823,45.05189],[15.185273,45.052045],[15.185673,45.052171],[15.186222,45.052325],[15.186881,45.052486],[15.187383,45.052589],[15.187961,45.052688],[15.188809,45.052784],[15.189507,45.052848],[15.190428,45.05288],[15.191425,45.052901],[15.192451,45.052917],[15.193195,45.052954],[15.19388,45.053027],[15.194589,45.053126],[15.195126,45.053224],[15.195751,45.053362],[15.196202,45.053482],[15.196875,45.053682],[15.19748,45.053911],[15.197899,45.054082],[15.198296,45.054243],[15.198986,45.054586],[15.199786,45.055072],[15.200313,45.055444],[15.200713,45.055758],[15.201253,45.056247],[15.201901,45.056873],[15.205967,45.060898],[15.206037,45.060967],[15.206556,45.06157],[15.206957,45.062151],[15.207242,45.062645],[15.207468,45.063128],[15.207638,45.063569],[15.20773,45.063861],[15.207784,45.064032],[15.207892,45.064532],[15.207947,45.065003],[15.207972,45.065434],[15.207967,45.065815],[15.207942,45.066147],[15.207891,45.06646],[15.207799,45.066885],[15.207709,45.067244],[15.207526,45.067799],[15.207427,45.068071],[15.207156,45.0687],[15.207087,45.068833],[15.206991,45.069046],[15.206702,45.069768],[15.206395,45.070541],[15.2062,45.071029],[15.205984,45.071849],[15.205929,45.072167],[15.205888,45.07243],[15.20584,45.072749],[15.205808,45.073095],[15.205786,45.073408],[15.205775,45.073729],[15.205958,45.07565],[15.206205,45.076483],[15.206451,45.077112],[15.207145,45.078448],[15.207489,45.078953],[15.208222,45.079922],[15.208396,45.080139],[15.208532,45.080281],[15.209116,45.080905],[15.209794,45.081508],[15.210323,45.081967],[15.210936,45.082474],[15.212696,45.083886],[15.214121,45.085054],[15.217344,45.087648],[15.221621,45.091142],[15.223626,45.092792],[15.228126,45.09641],[15.231589,45.09923],[15.234131,45.101259],[15.237597,45.104069],[15.239453,45.105553],[15.241337,45.107006],[15.242569,45.108008],[15.243547,45.108864],[15.244339,45.10961],[15.245186,45.110549],[15.245812,45.111548],[15.24635,45.112465],[15.246568,45.113027],[15.246849,45.11387],[15.246968,45.114613],[15.246984,45.115148],[15.246919,45.11591],[15.246899,45.11617],[15.246846,45.116476],[15.246781,45.116766],[15.246763,45.116843],[15.246726,45.116981],[15.246586,45.117425],[15.246467,45.117744],[15.24634,45.118062],[15.246213,45.118369],[15.2461,45.118625],[15.245968,45.118893],[15.245722,45.119341],[15.245446,45.119836],[15.24492,45.120755],[15.244553,45.121351],[15.244433,45.121554],[15.244321,45.121745],[15.244032,45.122271],[15.243813,45.122727],[15.243648,45.123131],[15.243536,45.123505],[15.24343,45.123913],[15.243384,45.124242],[15.243339,45.124798],[15.243364,45.125267],[15.243419,45.125754],[15.243519,45.12619],[15.243744,45.126871],[15.24388,45.127175],[15.244036,45.127479],[15.244521,45.128218],[15.244735,45.128505],[15.244904,45.128693],[15.245214,45.129021],[15.245515,45.129295],[15.246118,45.129781],[15.246325,45.129942],[15.246765,45.130245],[15.247259,45.130522],[15.247818,45.130805],[15.248255,45.130998],[15.24932,45.131412],[15.250118,45.131656],[15.251763,45.132091],[15.253588,45.132569],[15.254269,45.132777],[15.255116,45.133077],[15.255453,45.133208],[15.256018,45.133457],[15.256406,45.133646],[15.25671,45.133805],[15.257157,45.134076],[15.257436,45.134246],[15.257877,45.134545],[15.25819,45.134774],[15.258785,45.135278],[15.259295,45.135781],[15.259848,45.136334],[15.260192,45.136679],[15.260531,45.136996],[15.260999,45.137389],[15.261185,45.137524],[15.261464,45.137732],[15.261815,45.137956],[15.262557,45.138382],[15.263127,45.138665],[15.263449,45.138817],[15.263816,45.138971],[15.264249,45.139127],[15.26491,45.139349],[15.265695,45.139588],[15.266222,45.139727],[15.266782,45.13989],[15.267234,45.140023],[15.267807,45.140216],[15.268416,45.140461],[15.26895,45.140717],[15.269436,45.140964],[15.269949,45.141255],[15.270792,45.141825],[15.271402,45.142306],[15.271806,45.142684],[15.272238,45.143145],[15.272595,45.143552],[15.27308,45.144281],[15.273485,45.14505],[15.273763,45.145823],[15.273866,45.146259],[15.273947,45.146753],[15.273951,45.146799],[15.274004,45.147433],[15.273986,45.147759],[15.273965,45.148054],[15.273926,45.148365],[15.273788,45.148998],[15.273625,45.14958],[15.273416,45.150164],[15.273048,45.151054],[15.27268,45.151995],[15.272513,45.15251],[15.272425,45.152806],[15.272356,45.153125],[15.272263,45.153657],[15.27223,45.153942],[15.272212,45.154177],[15.272201,45.154639],[15.27223,45.155048],[15.272247,45.15524],[15.272305,45.155675],[15.272417,45.156317],[15.272637,45.157378],[15.273193,45.159994],[15.273365,45.160696],[15.273526,45.161557],[15.273714,45.162422],[15.273846,45.163017],[15.273991,45.163552],[15.274143,45.16404],[15.274321,45.164502],[15.274559,45.165052],[15.274827,45.165583],[15.275035,45.165965],[15.275355,45.166478],[15.27559,45.166823],[15.275995,45.167377],[15.276642,45.168226],[15.277055,45.168806],[15.2774,45.169344],[15.277619,45.169744],[15.277944,45.170444],[15.27821,45.171239],[15.278328,45.171751],[15.278393,45.172099],[15.27845,45.172549],[15.278476,45.173004],[15.27847,45.173383],[15.278441,45.173863],[15.278408,45.174155],[15.278341,45.17452],[15.278198,45.175131],[15.27792,45.175917],[15.277713,45.176394],[15.277376,45.177007],[15.277029,45.177547],[15.276729,45.177956],[15.27637,45.178391],[15.276085,45.17871],[15.275319,45.179451],[15.274233,45.180379],[15.273068,45.181374],[15.271994,45.182279],[15.270576,45.183494],[15.270186,45.18385],[15.26992,45.18413],[15.269613,45.184478],[15.269322,45.184844],[15.269005,45.185316],[15.268736,45.18578],[15.268503,45.186282],[15.268322,45.186761],[15.268177,45.187291],[15.268123,45.18759],[15.268076,45.187884],[15.26803,45.188319],[15.267996,45.188796],[15.267955,45.189275],[15.267896,45.189799],[15.26782,45.190244],[15.267708,45.190723],[15.267555,45.191216],[15.267397,45.191632],[15.26727,45.19194],[15.267058,45.192387],[15.26686,45.192752],[15.266167,45.193876],[15.265828,45.194427],[15.265676,45.19471],[15.265495,45.195103],[15.265358,45.195452],[15.265265,45.195744],[15.265164,45.196108],[15.265085,45.196535],[15.26504,45.19692],[15.265026,45.197322],[15.265035,45.197873],[15.265037,45.197892],[15.265078,45.198248],[15.265174,45.198848],[15.265302,45.199474],[15.265413,45.200092],[15.265511,45.200683],[15.265549,45.201317],[15.265556,45.201575],[15.265543,45.201893],[15.26549,45.202514],[15.265402,45.203078],[15.265297,45.203505],[15.265187,45.203903],[15.265045,45.204317],[15.264902,45.204682],[15.264737,45.205042],[15.264571,45.205366],[15.264187,45.20602],[15.263694,45.206668],[15.263175,45.207348],[15.262129,45.208497],[15.261568,45.209112],[15.261046,45.20974],[15.260602,45.210345],[15.260226,45.210928],[15.259903,45.211495],[15.259652,45.211989],[15.25945,45.212454],[15.259248,45.212985],[15.258978,45.213862],[15.258863,45.214381],[15.258803,45.214738],[15.258772,45.215018],[15.258738,45.215289],[15.258698,45.215773],[15.258691,45.216042],[15.258691,45.216372],[15.258711,45.21687],[15.25876,45.21738],[15.25886,45.218028],[15.258926,45.218321],[15.258996,45.218606],[15.259113,45.21904],[15.25925,45.219465],[15.25943,45.219939],[15.259638,45.220421],[15.259872,45.220886],[15.260105,45.221318],[15.260397,45.221785],[15.260677,45.222188],[15.260959,45.222568],[15.261206,45.222902],[15.261774,45.223549],[15.261947,45.223731],[15.26247,45.22432],[15.263071,45.224969],[15.263948,45.225954],[15.264456,45.226572],[15.264936,45.227214],[15.265405,45.227893],[15.265579,45.22813],[15.265868,45.228604],[15.266194,45.229173],[15.266454,45.229697],[15.266673,45.23015],[15.266886,45.230621],[15.267126,45.231221],[15.267342,45.231816],[15.267438,45.232141],[15.267495,45.232344],[15.267625,45.232813],[15.267763,45.233389],[15.26785,45.233838],[15.26794,45.234361],[15.268028,45.235065],[15.26818,45.236716],[15.268293,45.238009],[15.268393,45.23873],[15.268513,45.239338],[15.268706,45.240174],[15.268887,45.240806],[15.269114,45.241454],[15.269433,45.242263],[15.270005,45.243443],[15.270247,45.243895],[15.270514,45.244377],[15.27088,45.244942],[15.271623,45.246012],[15.271985,45.246486],[15.272736,45.247412],[15.273091,45.247822],[15.273581,45.248388],[15.274411,45.249338],[15.274437,45.249371],[15.274982,45.250068],[15.275393,45.250648],[15.275702,45.251187],[15.275944,45.251647],[15.276151,45.252113],[15.276502,45.253117],[15.276611,45.253579],[15.276712,45.254075],[15.276793,45.254978],[15.276792,45.255629],[15.276731,45.256281],[15.276606,45.256989],[15.276549,45.25721],[15.276428,45.257682],[15.276165,45.258409],[15.275877,45.259028],[15.275358,45.259991],[15.274967,45.260526],[15.274732,45.260856],[15.274125,45.26154],[15.273495,45.26216],[15.272638,45.262925],[15.272073,45.263442],[15.271632,45.26387],[15.271143,45.264417],[15.270741,45.264952],[15.27057,45.265194],[15.270472,45.265352],[15.270297,45.265652],[15.269833,45.266716],[15.269714,45.267098],[15.269555,45.267793],[15.269495,45.268287],[15.269478,45.26877],[15.269487,45.269189],[15.269548,45.269866],[15.269654,45.270357],[15.269805,45.270924],[15.269968,45.271331],[15.270073,45.271593],[15.270537,45.272465],[15.270938,45.273035],[15.271435,45.273658],[15.271799,45.27404],[15.272282,45.274535],[15.272833,45.275092],[15.27348,45.275774],[15.273826,45.276195],[15.274207,45.276709],[15.274631,45.277365],[15.274881,45.277808],[15.275071,45.278203],[15.27534,45.27888],[15.275634,45.27984],[15.275788,45.280632],[15.275815,45.280977],[15.275827,45.281131],[15.27586,45.281861],[15.275781,45.282844],[15.275608,45.283711],[15.275422,45.284334],[15.27523,45.2849],[15.275018,45.28542],[15.274768,45.28605],[15.274606,45.286497],[15.274423,45.287147],[15.274236,45.288041],[15.274161,45.288847],[15.274166,45.289179],[15.274176,45.289671],[15.274218,45.290041],[15.274251,45.290331],[15.274339,45.290802],[15.274455,45.291278],[15.274667,45.291984],[15.274967,45.29269],[15.275403,45.29347],[15.27561,45.293823],[15.276002,45.294379],[15.276372,45.294904],[15.276837,45.295549],[15.277232,45.296135],[15.277623,45.296782],[15.277818,45.297149],[15.278027,45.297592],[15.278234,45.298104],[15.278364,45.298445],[15.278445,45.298683],[15.278638,45.299319],[15.278779,45.299959],[15.278866,45.300497],[15.27891,45.300988],[15.278947,45.301574],[15.278901,45.304235],[15.278916,45.304944],[15.278938,45.305261],[15.279119,45.306605],[15.27919,45.306933],[15.279285,45.307272],[15.279448,45.307888],[15.279812,45.308984],[15.280272,45.31003],[15.280771,45.310985],[15.281147,45.311603],[15.281462,45.312091],[15.281822,45.312635],[15.282487,45.313627],[15.2829,45.314315],[15.283228,45.315],[15.283443,45.315558],[15.283558,45.315875],[15.283616,45.316037],[15.283852,45.317042],[15.283924,45.317636],[15.283949,45.318109],[15.283907,45.319138],[15.283859,45.319612],[15.28374,45.320201],[15.283598,45.320727],[15.283401,45.321317],[15.283027,45.322231],[15.282471,45.323414],[15.282162,45.324002],[15.281869,45.324554],[15.281856,45.324579],[15.281054,45.325885],[15.280489,45.326722],[15.279612,45.327891],[15.278414,45.329452],[15.277652,45.3305],[15.277471,45.330759],[15.276941,45.331619],[15.276562,45.332313],[15.276297,45.332854],[15.276074,45.333309],[15.275749,45.3341],[15.275596,45.334518],[15.275499,45.334886],[15.275219,45.335809],[15.27503,45.33666],[15.274905,45.337574],[15.274814,45.338413],[15.274771,45.339178],[15.274788,45.339826],[15.274868,45.34087],[15.274924,45.341357],[15.27503,45.341974],[15.275147,45.34251],[15.275347,45.34328],[15.275641,45.344233],[15.275939,45.34501],[15.276434,45.346171],[15.276828,45.347095],[15.277033,45.347614],[15.27723,45.348164],[15.277429,45.348782],[15.277576,45.349343],[15.277721,45.349989],[15.277775,45.350329],[15.277832,45.350683],[15.277912,45.351355],[15.277946,45.352081],[15.27794,45.352905],[15.277873,45.353905],[15.277718,45.354885],[15.277449,45.35596],[15.277276,45.356584],[15.276839,45.357663],[15.276334,45.358752],[15.276142,45.359088],[15.275931,45.359459],[15.275433,45.360222],[15.274819,45.361055],[15.27421,45.361827],[15.273233,45.362994],[15.272651,45.363726],[15.272123,45.364454],[15.271644,45.365182],[15.271317,45.365775],[15.270832,45.366754],[15.270695,45.367113],[15.270498,45.367631],[15.270207,45.368647],[15.270077,45.36921],[15.269967,45.369904],[15.269871,45.370821],[15.269806,45.371708],[15.269704,45.372775],[15.269653,45.37317],[15.269447,45.374292],[15.269103,45.375426],[15.268759,45.376194],[15.268663,45.376409],[15.268188,45.377274],[15.267755,45.377943],[15.267263,45.378599],[15.266824,45.379142],[15.266179,45.379818],[15.265508,45.38045],[15.264351,45.381451],[15.263071,45.382532],[15.262494,45.383084],[15.261903,45.38374],[15.261532,45.384152],[15.260855,45.385089],[15.260454,45.385724],[15.260075,45.386405],[15.25986,45.38688],[15.259671,45.38731],[15.259444,45.388009],[15.259322,45.38843],[15.259208,45.388897],[15.259124,45.38929],[15.25906,45.389744],[15.259014,45.390308],[15.258995,45.39081],[15.259005,45.391407],[15.259015,45.391869],[15.259033,45.392607],[15.259013,45.393473],[15.258941,45.393986],[15.258871,45.394334],[15.258769,45.394703],[15.258584,45.395178],[15.258359,45.395639],[15.258106,45.39605],[15.257454,45.396862],[15.256906,45.397412],[15.256253,45.397916],[15.255602,45.39834],[15.254619,45.398853],[15.253911,45.399154],[15.252653,45.399635],[15.252632,45.399643],[15.251886,45.399966],[15.251221,45.400368],[15.25063,45.40083],[15.250394,45.401074],[15.250268,45.401206],[15.249922,45.401637],[15.249719,45.401989],[15.249549,45.402359],[15.249443,45.402644],[15.249375,45.402916],[15.249337,45.403206],[15.249307,45.403527],[15.249314,45.403829],[15.249367,45.404168],[15.24943,45.404428],[15.249618,45.40495],[15.249766,45.405223],[15.249849,45.405366],[15.249964,45.405528],[15.250016,45.405601],[15.250168,45.405808],[15.250413,45.406071],[15.250742,45.406382],[15.251122,45.406676],[15.251416,45.406868],[15.251765,45.407075],[15.252062,45.407226],[15.252401,45.407386],[15.252706,45.407507],[15.253186,45.407664],[15.253494,45.407748],[15.253822,45.407822],[15.25417,45.407888],[15.25451,45.407936],[15.254868,45.407974],[15.255251,45.407997],[15.255537,45.408006],[15.255802,45.408002],[15.256137,45.407989],[15.256481,45.407969],[15.257428,45.407887],[15.258176,45.407824],[15.258602,45.407792],[15.258979,45.407774],[15.259473,45.40777],[15.259865,45.407776],[15.260139,45.407788],[15.26044,45.407807],[15.260827,45.40784],[15.261239,45.407887],[15.261512,45.407923],[15.262248,45.40804],[15.262629,45.408108],[15.263583,45.408282],[15.263987,45.408355],[15.264373,45.408416],[15.264727,45.408469],[15.265372,45.408557],[15.266558,45.408674],[15.266864,45.408697],[15.267477,45.408731],[15.268373,45.408771],[15.269271,45.408826],[15.270123,45.408891],[15.270775,45.408955],[15.271595,45.40907],[15.272361,45.409228],[15.273486,45.409511],[15.274527,45.409854],[15.275345,45.410181],[15.275972,45.410481],[15.276529,45.410772],[15.277004,45.411056],[15.277725,45.411526],[15.278401,45.412048],[15.278637,45.41223],[15.279971,45.413246],[15.280425,45.413584],[15.280795,45.41384],[15.281176,45.414091],[15.281584,45.414345],[15.282021,45.414597],[15.282526,45.414877],[15.283202,45.415218],[15.283788,45.415493],[15.285441,45.416178],[15.287641,45.417047],[15.288154,45.41731],[15.289137,45.417812],[15.290488,45.418599],[15.290964,45.418892],[15.291676,45.419316],[15.292531,45.419835],[15.293818,45.420567],[15.295248,45.421318],[15.296811,45.422094],[15.298113,45.422681],[15.299186,45.423145],[15.300308,45.423603],[15.301411,45.424023],[15.301592,45.424091],[15.303803,45.424923],[15.304692,45.425258],[15.306033,45.425756],[15.307919,45.426476],[15.311247,45.427711],[15.311623,45.42785],[15.312305,45.42811],[15.313056,45.428395],[15.314493,45.42892],[15.317397,45.430039],[15.318862,45.430617],[15.320437,45.431304],[15.323141,45.432593],[15.323242,45.432647],[15.324809,45.433474],[15.326259,45.434263],[15.329169,45.435905],[15.331359,45.437116],[15.333446,45.438246],[15.333662,45.438356],[15.334386,45.438728],[15.335553,45.439267],[15.336675,45.439766],[15.337728,45.440189],[15.338472,45.44047],[15.339302,45.440764],[15.340003,45.440995],[15.340857,45.441275],[15.342472,45.441752],[15.344246,45.442186],[15.344635,45.442271],[15.345637,45.442491],[15.347434,45.442821],[15.350582,45.443281],[15.355234,45.443874],[15.35684,45.444088],[15.357501,45.444177],[15.359577,45.444475],[15.360906,45.444751],[15.36236,45.445117],[15.362917,45.445281],[15.363729,45.445529],[15.364541,45.445825],[15.365367,45.446136],[15.366078,45.446443],[15.366922,45.446827],[15.367876,45.447312],[15.368804,45.447861],[15.369593,45.448328],[15.370616,45.449057],[15.371484,45.449738],[15.372071,45.450248],[15.372668,45.450812],[15.373328,45.451503],[15.37378,45.452016],[15.37412,45.452438],[15.374748,45.453291],[15.375213,45.453968],[15.376027,45.455192],[15.376036,45.455205],[15.376441,45.455789],[15.37686,45.456329],[15.377085,45.456616],[15.377572,45.457197],[15.378221,45.457879],[15.378595,45.458232],[15.378944,45.458548],[15.379401,45.458933],[15.379795,45.459255],[15.380373,45.459672],[15.381021,45.460092],[15.381345,45.460292],[15.381848,45.460592],[15.382528,45.460958],[15.383326,45.461347],[15.384133,45.461703],[15.384792,45.461957],[15.385473,45.462201],[15.385641,45.462261],[15.386461,45.462516],[15.387213,45.462724],[15.388219,45.462955],[15.389146,45.463151],[15.391205,45.463462],[15.392452,45.463641],[15.39408,45.463867],[15.396634,45.46423],[15.397095,45.464296],[15.400045,45.46471],[15.40141,45.464901],[15.402671,45.465114],[15.403498,45.465309],[15.40415,45.465478],[15.404861,45.465688],[15.405663,45.465964],[15.406474,45.466277],[15.407294,45.466638],[15.407929,45.466946],[15.408043,45.467007],[15.408618,45.467315],[15.409564,45.467918],[15.410395,45.468511],[15.41154,45.469449],[15.412598,45.470235],[15.413103,45.470576],[15.413766,45.470986],[15.414594,45.471406],[15.415133,45.471656],[15.415607,45.471856],[15.416843,45.472341],[15.417767,45.47266],[15.41827,45.472834],[15.41974,45.473359],[15.421114,45.473881],[15.421775,45.474163],[15.422269,45.474379],[15.42334,45.474923],[15.423781,45.475161],[15.424251,45.475459],[15.425454,45.476284],[15.426619,45.477173],[15.428133,45.478377],[15.42926,45.479274],[15.430055,45.47993],[15.431357,45.480966],[15.432483,45.481885],[15.432736,45.482076],[15.433665,45.482781],[15.434475,45.483315],[15.435431,45.483882],[15.436002,45.484195],[15.436567,45.484478],[15.436803,45.484586],[15.437305,45.484814],[15.438103,45.485176],[15.43934,45.485695],[15.440396,45.486169],[15.441217,45.486556],[15.441681,45.486795],[15.44223,45.487104],[15.442767,45.487454],[15.44316,45.487712],[15.443757,45.488175],[15.444091,45.488459],[15.44452,45.488874],[15.444897,45.489277],[15.445239,45.489692],[15.445269,45.489729],[15.445583,45.490159],[15.445962,45.490785],[15.446262,45.491374],[15.446462,45.491839],[15.446908,45.493155],[15.447372,45.494739],[15.447582,45.49533],[15.447798,45.4958],[15.448116,45.496417],[15.448194,45.496531],[15.448311,45.496686],[15.448496,45.496926],[15.448747,45.497241],[15.449002,45.497525],[15.449513,45.498016],[15.450051,45.498426],[15.45055,45.498756],[15.450626,45.498804],[15.451259,45.499202],[15.45199,45.499626],[15.45335,45.500391],[15.456204,45.502021],[15.457184,45.502576],[15.458794,45.503532],[15.459909,45.504261],[15.460168,45.50443],[15.461365,45.505305],[15.462519,45.506211],[15.462612,45.506289],[15.462723,45.506382],[15.462855,45.506493],[15.463085,45.506686],[15.465222,45.508461],[15.466132,45.50926],[15.466801,45.509841],[15.467567,45.510497],[15.468473,45.511177],[15.468535,45.511223],[15.469546,45.511908],[15.47066,45.512544],[15.471594,45.513049],[15.47259,45.513504],[15.473022,45.513696],[15.474198,45.514144],[15.474813,45.514372],[15.475675,45.514654],[15.476069,45.514769],[15.477063,45.515041],[15.478636,45.515401],[15.479478,45.515546],[15.480234,45.515658],[15.481103,45.515783],[15.482038,45.515874],[15.483128,45.515945],[15.484188,45.515975],[15.485561,45.515977],[15.48692,45.515921],[15.488485,45.515785],[15.490037,45.515569],[15.491698,45.515244],[15.491842,45.515211],[15.49262,45.515034],[15.49355,45.514766],[15.495729,45.514048],[15.49875,45.512936],[15.499149,45.51279],[15.499864,45.512526],[15.501424,45.511967],[15.503053,45.511437],[15.503366,45.511351],[15.504295,45.511096],[15.505556,45.51078],[15.507163,45.51044],[15.50878,45.510162],[15.509897,45.510007],[15.511013,45.509875],[15.51192,45.509788],[15.513083,45.509709],[15.513954,45.50967],[15.514651,45.509649],[15.515172,45.509643],[15.515665,45.509642],[15.516033,45.509643],[15.516411,45.509648],[15.517038,45.509662],[15.51743,45.509678],[15.517812,45.509694],[15.518454,45.509727],[15.519328,45.509779],[15.520212,45.509843],[15.520978,45.509896],[15.522374,45.510005],[15.523984,45.510145],[15.525436,45.510282],[15.526795,45.510424],[15.527551,45.510507],[15.528379,45.510602],[15.529316,45.510712],[15.530136,45.510813],[15.530875,45.510907],[15.531617,45.511007],[15.532337,45.511108],[15.533493,45.51127],[15.534449,45.511413],[15.535344,45.511554],[15.5365,45.511735],[15.537709,45.511935],[15.539067,45.512174],[15.54021,45.51238],[15.541241,45.51258],[15.542524,45.512828],[15.543041,45.512934],[15.543595,45.513047],[15.544004,45.513135],[15.544388,45.513222],[15.54491,45.513345],[15.54519,45.513413],[15.545448,45.513482],[15.545946,45.513615],[15.54627,45.513707],[15.546567,45.513796],[15.546851,45.513883],[15.547251,45.51401],[15.547688,45.514152],[15.548173,45.514319],[15.548463,45.514423],[15.548752,45.514539],[15.54894,45.514613],[15.549488,45.514829],[15.550169,45.515119],[15.551251,45.515622],[15.552597,45.51633],[15.553219,45.516685],[15.553836,45.517074],[15.554858,45.51776],[15.555922,45.518514],[15.558491,45.520382],[15.558707,45.520536],[15.56111,45.522259],[15.562117,45.522983],[15.563663,45.524092],[15.564385,45.524606],[15.567663,45.526956],[15.567754,45.527022],[15.569609,45.528359],[15.574639,45.531976],[15.576538,45.53334],[15.584424,45.539004],[15.585453,45.539739],[15.585754,45.539954],[15.587078,45.540926],[15.58969,45.542845],[15.591309,45.544088],[15.594161,45.546385],[15.594803,45.546903],[15.596159,45.548045],[15.597475,45.549172],[15.597847,45.5495],[15.599955,45.551364],[15.602212,45.553487],[15.603508,45.554707],[15.60478,45.555962],[15.605853,45.557045],[15.607296,45.558535],[15.609443,45.560849],[15.609467,45.560877],[15.610468,45.562],[15.611045,45.562667],[15.61142,45.5631],[15.61389,45.566044],[15.615958,45.568671],[15.616256,45.569051],[15.618484,45.572106],[15.620604,45.575148],[15.621699,45.576829],[15.621719,45.576862],[15.621775,45.576953],[15.621908,45.577166],[15.62322,45.579278],[15.624418,45.581303],[15.625594,45.583429],[15.626469,45.585076],[15.626914,45.585914],[15.628136,45.588397],[15.630617,45.593381],[15.630636,45.593419],[15.630851,45.593848],[15.631027,45.5942],[15.633022,45.597776],[15.635129,45.601307],[15.635532,45.601925],[15.637059,45.604271],[15.638989,45.607074],[15.641131,45.609982],[15.641534,45.61053],[15.644079,45.61379],[15.646633,45.616831],[15.647466,45.617774],[15.649151,45.619682],[15.651792,45.622486],[15.6545,45.625229],[15.654535,45.625262],[15.655739,45.626435],[15.657027,45.627666],[15.65954,45.629967],[15.662279,45.632346],[15.664014,45.633853],[15.668564,45.637489],[15.670821,45.639164],[15.674272,45.641723],[15.675971,45.642916],[15.677597,45.644025],[15.679328,45.645161],[15.679712,45.645421],[15.679879,45.645535],[15.680432,45.645886],[15.682303,45.647085],[15.683945,45.648138],[15.685834,45.6493],[15.687654,45.650399],[15.689418,45.6514],[15.689447,45.651416],[15.694094,45.654018],[15.69892,45.656507],[15.699645,45.656862],[15.702244,45.658135],[15.705852,45.659826],[15.707527,45.660575],[15.710341,45.661802],[15.713058,45.662964],[15.71466,45.663622],[15.716404,45.664331],[15.718997,45.665334],[15.721543,45.666288],[15.723623,45.667068],[15.728243,45.668659],[15.732646,45.670093],[15.733093,45.670229],[15.735406,45.670931],[15.738172,45.671736],[15.743765,45.673265],[15.744969,45.673573],[15.746594,45.673988],[15.748901,45.674544],[15.750108,45.674835],[15.751976,45.675261],[15.75435,45.675793],[15.75584,45.676103],[15.757209,45.676395],[15.757706,45.676501],[15.769186,45.678836],[15.769519,45.678903],[15.781828,45.681392],[15.784062,45.681843],[15.787215,45.682493],[15.787341,45.682517],[15.791124,45.683288],[15.79409,45.683898],[15.798001,45.684701],[15.800875,45.685376],[15.803517,45.686023],[15.80488,45.686375],[15.806165,45.686721],[15.806322,45.686766],[15.808819,45.687474],[15.810482,45.68796],[15.811975,45.688422],[15.813649,45.688949],[15.815137,45.689451],[15.817039,45.690095],[15.818013,45.690441],[15.818937,45.69077],[15.820668,45.691411],[15.822555,45.69213],[15.824754,45.693017],[15.826947,45.693928],[15.8292,45.694907],[15.829245,45.694926],[15.831367,45.695899],[15.833338,45.696847],[15.835419,45.697871],[15.839311,45.699917],[15.839644,45.700103],[15.840881,45.700795],[15.84249,45.701713],[15.843788,45.70248],[15.84538,45.703444],[15.845856,45.703742],[15.847258,45.704618],[15.849079,45.7058],[15.849333,45.705973],[15.850888,45.707032],[15.852534,45.708189],[15.855339,45.71025],[15.856967,45.711523],[15.858014,45.712363],[15.858389,45.712664],[15.858427,45.712695],[15.859111,45.713264],[15.859657,45.713728],[15.860705,45.714633],[15.861492,45.715336],[15.862464,45.716244],[15.863008,45.71672],[15.864068,45.717755],[15.864632,45.718341],[15.865538,45.719273],[15.865961,45.719722],[15.86602,45.719785],[15.86643,45.72022],[15.867274,45.721141],[15.868081,45.722061],[15.86881,45.722876],[15.869472,45.723685],[15.86998,45.724294],[15.871092,45.725742],[15.871468,45.726275],[15.871894,45.726866],[15.872318,45.727453],[15.872402,45.727575],[15.873338,45.728946],[15.873851,45.729718],[15.874257,45.730357],[15.875006,45.731583],[15.87538,45.732214],[15.87575,45.732853],[15.876655,45.734507],[15.87729,45.735748],[15.877391,45.735957],[15.877883,45.736982],[15.878234,45.737748],[15.878747,45.738887],[15.878823,45.739079],[15.879287,45.740171],[15.879324,45.740277],[15.87946,45.74066],[15.8799,45.741765],[15.88013,45.742351],[15.880482,45.743145],[15.880912,45.744051],[15.880968,45.744156],[15.881045,45.744298],[15.881123,45.74444],[15.881578,45.745269],[15.881777,45.745587],[15.882126,45.746143],[15.882684,45.746958],[15.882972,45.747333],[15.883128,45.747538],[15.883457,45.747944],[15.883775,45.748324],[15.884005,45.748604],[15.884226,45.74887],[15.884281,45.748929],[15.884329,45.748981],[15.884595,45.749268],[15.884805,45.749496],[15.885208,45.749945],[15.88532,45.750068],[15.885477,45.750242],[15.885734,45.750516],[15.885953,45.750725],[15.886389,45.751151],[15.886921,45.751642],[15.887207,45.751896],[15.88749,45.752136],[15.887618,45.75224],[15.888351,45.75283],[15.888738,45.753138],[15.889727,45.753855],[15.890939,45.754571],[15.891152,45.754685],[15.891474,45.754883],[15.891663,45.754976],[15.892229,45.755238],[15.892595,45.755379],[15.892936,45.755499],[15.893262,45.755602],[15.893894,45.755796],[15.894248,45.755922],[15.894532,45.756038],[15.894696,45.756144],[15.894969,45.756284],[15.895275,45.756463],[15.895537,45.756641],[15.895746,45.756807],[15.895982,45.757048],[15.896273,45.75742],[15.896424,45.757678],[15.896739,45.758411],[15.897196,45.75959],[15.897462,45.760242],[15.897635,45.760758],[15.897678,45.761206],[15.897638,45.76153],[15.897593,45.761724],[15.897447,45.762125],[15.897157,45.762548],[15.896728,45.76295],[15.896351,45.763216],[15.895592,45.763665],[15.895279,45.763862],[15.894967,45.764097],[15.894649,45.764346],[15.893801,45.765144],[15.893597,45.76522],[15.89289,45.765865],[15.892441,45.76626],[15.891958,45.766672],[15.890825,45.767603],[15.889619,45.768538],[15.889022,45.76898],[15.887723,45.769883],[15.887024,45.770371],[15.886731,45.770565],[15.885936,45.771068],[15.885039,45.771605],[15.883991,45.772224],[15.883471,45.772523],[15.88163,45.773539],[15.880113,45.774344],[15.879372,45.774735],[15.876347,45.776333],[15.875421,45.776815],[15.874207,45.777456],[15.86666,45.781467],[15.863969,45.782862],[15.863148,45.783304],[15.86252,45.783634],[15.861563,45.784134],[15.860123,45.78487],[15.859297,45.785253],[15.858758,45.785497],[15.858363,45.785656],[15.857822,45.785863],[15.857085,45.786118],[15.856412,45.786327],[15.855547,45.786583],[15.854725,45.786775],[15.854046,45.786917],[15.853371,45.787045],[15.852604,45.787162],[15.851362,45.787301],[15.850754,45.78735],[15.84982,45.787407],[15.849141,45.787424],[15.848255,45.78742],[15.847792,45.787404],[15.847249,45.787383],[15.846739,45.787345],[15.846113,45.787296],[15.84542,45.787217],[15.845029,45.787162],[15.844358,45.787061],[15.843596,45.786935],[15.842699,45.78674],[15.841668,45.786491],[15.84073,45.786244],[15.839065,45.785817],[15.838226,45.78561],[15.837335,45.785405],[15.835109,45.784944],[15.834272,45.784795],[15.833598,45.784683],[15.832646,45.784537],[15.830797,45.784292],[15.829756,45.784191],[15.828851,45.784109],[15.827256,45.783994],[15.826268,45.783945],[15.825389,45.78392],[15.824076,45.783894],[15.82217,45.783904],[15.820653,45.783961],[15.819532,45.784023],[15.818578,45.784082],[15.817636,45.784168],[15.816814,45.78425],[15.816045,45.784336],[15.814984,45.784475],[15.813825,45.784648],[15.812483,45.784873],[15.811168,45.785124],[15.808668,45.785699],[15.806376,45.786291],[15.805251,45.786628],[15.804439,45.786892],[15.803628,45.787163],[15.802549,45.787548],[15.801516,45.787945],[15.799799,45.7887],[15.798868,45.789115],[15.79793,45.789533],[15.797176,45.789908],[15.796382,45.790327],[15.796033,45.790518],[15.795698,45.790695],[15.79494,45.791129],[15.794088,45.791642],[15.793215,45.79219],[15.792364,45.792747],[15.791547,45.793312],[15.789755,45.794581],[15.789091,45.795039],[15.788292,45.79561],[15.787944,45.795859],[15.786805,45.796686],[15.785768,45.797386],[15.784702,45.798132],[15.784428,45.798338],[15.781687,45.80027],[15.781573,45.80035],[15.78081,45.800885],[15.780394,45.801174],[15.779317,45.801935],[15.778561,45.802474],[15.775214,45.804836],[15.771779,45.807257],[15.770408,45.808227],[15.769579,45.808814],[15.769323,45.808987],[15.767361,45.810376],[15.766969,45.81065],[15.766379,45.811061],[15.765421,45.811747],[15.764183,45.812611],[15.763497,45.813069],[15.762674,45.813622],[15.761573,45.814341],[15.760245,45.815201],[15.759166,45.815868],[15.758314,45.816393],[15.75712,45.817098],[15.755143,45.818248],[15.753724,45.819035],[15.752253,45.81983],[15.750357,45.820839],[15.748002,45.822017],[15.745884,45.823029],[15.743951,45.823925],[15.742529,45.824554],[15.741543,45.824986],[15.73921,45.825964],[15.738431,45.826279],[15.736979,45.82686],[15.735793,45.827324],[15.734744,45.827718],[15.733785,45.828081],[15.733096,45.828319],[15.732765,45.828436],[15.72932,45.829641],[15.727332,45.830298],[15.726365,45.830625],[15.724556,45.831224],[15.722906,45.831775],[15.721295,45.832315],[15.720061,45.832748],[15.719355,45.832983],[15.718891,45.833138],[15.717937,45.833472],[15.716927,45.833837],[15.715702,45.834292],[15.715102,45.834523],[15.713922,45.834992],[15.7119,45.83582],[15.710597,45.836384],[15.709543,45.836858],[15.708851,45.837176],[15.707399,45.837858],[15.706947,45.83808],[15.706067,45.83854],[15.70561,45.838779],[15.705033,45.839076],[15.704616,45.839295],[15.704178,45.839526],[15.703782,45.839734],[15.703222,45.840027],[15.702552,45.840375],[15.702293,45.840509],[15.701565,45.840919],[15.700983,45.841248],[15.700253,45.841687],[15.70013,45.841782],[15.700047,45.841857],[15.699937,45.841987],[15.69985,45.842076],[15.699738,45.842155],[15.699197,45.842484],[15.698847,45.8427],[15.698726,45.842755],[15.698592,45.842804],[15.698386,45.842875],[15.698279,45.842928],[15.698111,45.843027],[15.697098,45.843678],[15.69615,45.844313],[15.695975,45.84443],[15.694787,45.845253],[15.694478,45.845486],[15.694419,45.845533],[15.694024,45.845847],[15.693322,45.846387],[15.69317,45.846505],[15.692579,45.846901],[15.691324,45.847946],[15.690497,45.848712],[15.689478,45.849723],[15.688842,45.850398],[15.68861,45.850634],[15.687804,45.851567],[15.687484,45.851956],[15.68693,45.85265],[15.686481,45.853273],[15.685849,45.854162],[15.685176,45.855208],[15.684487,45.856381],[15.683971,45.857281],[15.683529,45.858041],[15.68315,45.858642],[15.682662,45.859317],[15.682234,45.859828],[15.681993,45.860111],[15.681588,45.860524],[15.681225,45.860875],[15.680931,45.861136],[15.680594,45.861431],[15.680009,45.861889],[15.67948,45.862276],[15.678965,45.862625],[15.678449,45.862943],[15.677906,45.863265],[15.677212,45.863643],[15.676028,45.864247],[15.674944,45.864783],[15.67392,45.865291],[15.672796,45.865867],[15.671696,45.866491],[15.670815,45.867028],[15.668172,45.868749],[15.666862,45.869492],[15.665977,45.869907],[15.665019,45.870291],[15.663625,45.870724],[15.662739,45.870946],[15.662143,45.871064],[15.660802,45.871288],[15.659297,45.871498],[15.658625,45.87163],[15.657861,45.871819],[15.657217,45.872045],[15.657217,45.872045],[15.656532,45.87232],[15.65516,45.872982],[15.65321,45.873876],[15.651028,45.874696],[15.649934,45.875058],[15.648774,45.875362],[15.646505,45.875855],[15.644156,45.87611],[15.642647,45.876281],[15.641163,45.87655],[15.63976,45.876939],[15.637608,45.877604],[15.636573,45.877835],[15.635809,45.877928],[15.635046,45.877988],[15.634641,45.878008],[15.634083,45.878036],[15.633545,45.878071],[15.632899,45.87813],[15.632034,45.878244],[15.631273,45.878387],[15.63044,45.878567],[15.628995,45.878943],[15.627405,45.879483],[15.626219,45.879959],[15.62522,45.880419],[15.624153,45.880977],[15.623233,45.881529],[15.622233,45.882211],[15.618645,45.884963],[15.616765,45.886259],[15.616236,45.886582],[15.614755,45.887474],[15.614105,45.887844],[15.612176,45.888833],[15.61054,45.889577],[15.609796,45.889891],[15.608768,45.890295],[15.607883,45.890627],[15.60703,45.890921],[15.606201,45.891194],[15.605149,45.891516],[15.603768,45.891897],[15.602679,45.892161],[15.602356,45.892228],[15.60142,45.892426],[15.600924,45.892515],[15.600499,45.89257],[15.600092,45.892617],[15.599154,45.892689],[15.598692,45.892707],[15.597758,45.892707],[15.597077,45.892685],[15.596297,45.892617],[15.59524,45.892492],[15.594545,45.892393],[15.593633,45.892264],[15.593105,45.892196],[15.592422,45.892143],[15.591866,45.892128],[15.591353,45.892131],[15.590855,45.892149],[15.590312,45.892189],[15.589694,45.892272],[15.589017,45.892398],[15.588367,45.892552],[15.587636,45.892792],[15.586985,45.892998],[15.586443,45.893212],[15.585865,45.89346],[15.585178,45.893777],[15.58461,45.894069],[15.583433,45.894749],[15.580508,45.896641],[15.579487,45.897308],[15.5776,45.89851],[15.575855,45.899529],[15.574703,45.90015],[15.572761,45.901123],[15.571814,45.901561],[15.570563,45.902114],[15.569005,45.902742],[15.567892,45.903172],[15.566094,45.903812],[15.564143,45.904442],[15.561384,45.905259],[15.559637,45.90574],[15.557875,45.906207],[15.557709,45.906249],[15.554224,45.907084],[15.551838,45.907599],[15.550412,45.907888],[15.548935,45.908171],[15.546905,45.908528],[15.544533,45.908927],[15.539886,45.909558],[15.537141,45.909858],[15.535221,45.910018],[15.533062,45.910188],[15.530495,45.910349],[15.525878,45.910526],[15.524716,45.910553],[15.524508,45.910554],[15.52117,45.910559],[15.518537,45.910511],[15.515904,45.910415],[15.515746,45.910408],[15.511552,45.910227],[15.506717,45.91007],[15.50531,45.910045],[15.505119,45.910044],[15.503499,45.910027],[15.501891,45.910026],[15.49944,45.910051],[15.496979,45.910103],[15.495757,45.910132],[15.494539,45.91018],[15.4921,45.910271],[15.487285,45.910553],[15.484999,45.910721],[15.482747,45.910913],[15.480761,45.911099],[15.480499,45.911124],[15.478864,45.911296],[15.477958,45.911401],[15.477045,45.911498],[15.474511,45.91181],[15.473341,45.911963],[15.471317,45.912236],[15.468296,45.912693],[15.46396,45.913371],[15.462305,45.913606],[15.460008,45.913886],[15.458811,45.914024],[15.457048,45.914182],[15.454743,45.914386],[15.452271,45.914562],[15.450192,45.91466],[15.448,45.914751],[15.443984,45.914811],[15.441662,45.914805],[15.438531,45.91474],[15.435776,45.914619],[15.433175,45.91446],[15.431426,45.914324],[15.428799,45.914091],[15.427552,45.913958],[15.42432,45.913572],[15.422594,45.913337],[15.419579,45.912883],[15.416944,45.912416],[15.414954,45.912037],[15.412919,45.91162],[15.410686,45.911107],[15.406937,45.910262],[15.406114,45.910095],[15.404434,45.909765],[15.403095,45.909512],[15.401292,45.909196],[15.398788,45.908802],[15.396771,45.90851],[15.396302,45.908448],[15.394084,45.908164],[15.392154,45.907951],[15.386917,45.90752],[15.381533,45.90725],[15.376721,45.907169],[15.375395,45.907176],[15.373864,45.907207],[15.372653,45.907243],[15.371335,45.907288],[15.370292,45.907333],[15.368411,45.907408],[15.366549,45.907472],[15.365634,45.907506],[15.364416,45.907538],[15.363485,45.907559],[15.362785,45.907562],[15.361641,45.907564],[15.360574,45.907545],[15.359342,45.907516],[15.358205,45.907459],[15.357051,45.907382],[15.355923,45.90729],[15.354565,45.907169],[15.353259,45.90705],[15.352136,45.906907],[15.350908,45.906737],[15.34966,45.906524],[15.348573,45.906334],[15.347584,45.906145],[15.346393,45.9059],[15.344085,45.905388],[15.341898,45.90483],[15.339438,45.904111],[15.335511,45.902766],[15.333862,45.902183],[15.332231,45.901567],[15.330659,45.900917],[15.328824,45.900118],[15.326575,45.899035],[15.325037,45.898308],[15.323527,45.897507],[15.322317,45.896867],[15.321186,45.896217],[15.32,45.895515],[15.319541,45.895227],[15.318854,45.894795],[15.316499,45.893205],[15.316164,45.892977],[15.315836,45.892753],[15.315309,45.892371],[15.31467,45.891906],[15.313118,45.890703],[15.311639,45.889374],[15.310617,45.888298],[15.310371,45.888005],[15.309922,45.887411],[15.309602,45.886989],[15.30958,45.886958],[15.309318,45.886582],[15.308755,45.885661],[15.308323,45.884839],[15.308177,45.884529],[15.307906,45.883927],[15.307688,45.883354],[15.307515,45.882806],[15.307464,45.882648],[15.307223,45.881745],[15.307013,45.880899],[15.306847,45.880272],[15.306677,45.879685],[15.306388,45.878911],[15.306032,45.878127],[15.305698,45.877414],[15.305249,45.876727],[15.304189,45.875405],[15.302927,45.874087],[15.301477,45.872963],[15.300698,45.872444],[15.299837,45.871988],[15.298967,45.871609],[15.297962,45.87124],[15.296356,45.870868],[15.295038,45.870658],[15.290964,45.870321],[15.289218,45.870181],[15.287871,45.870005],[15.287132,45.869891],[15.286027,45.869669],[15.284526,45.869297],[15.282675,45.868645],[15.280922,45.867916],[15.277822,45.866464],[15.275613,45.865517],[15.2744,45.865088],[15.273222,45.86469],[15.271357,45.864192],[15.269667,45.863799],[15.267152,45.863318],[15.264637,45.862898],[15.263582,45.862703],[15.262867,45.862551],[15.261897,45.862283],[15.261652,45.862212],[15.26067,45.861913],[15.259921,45.861624],[15.259176,45.861305],[15.258776,45.86111],[15.258261,45.860832],[15.257848,45.860574],[15.257435,45.860287],[15.256287,45.859322],[15.255149,45.858334],[15.253814,45.857227],[15.2532,45.856738],[15.252096,45.855878],[15.251526,45.855466],[15.250758,45.854905],[15.250079,45.854483],[15.249471,45.85412],[15.248823,45.853769],[15.248286,45.853488],[15.247372,45.853031],[15.246589,45.852682],[15.245439,45.852199],[15.244759,45.851899],[15.244048,45.851566],[15.243643,45.851374],[15.243247,45.851177],[15.242505,45.850784],[15.241191,45.850058],[15.240502,45.849709],[15.23982,45.849385],[15.239023,45.849044],[15.238434,45.84881],[15.237338,45.84839],[15.23569,45.847953],[15.233752,45.847549],[15.232631,45.847256],[15.231472,45.84686],[15.230497,45.846458],[15.229872,45.846152],[15.227365,45.844673],[15.226505,45.844232],[15.225252,45.843738],[15.224394,45.843496],[15.223561,45.843307],[15.222862,45.843184],[15.222306,45.843087],[15.221522,45.842948],[15.220425,45.842727],[15.219568,45.842528],[15.218798,45.842315],[15.217922,45.842024],[15.216864,45.841634],[15.215941,45.841231],[15.215226,45.840884],[15.214666,45.840588],[15.214181,45.840301],[15.213552,45.839911],[15.21291,45.839471],[15.212475,45.839162],[15.211986,45.838768],[15.211902,45.838702],[15.21172,45.838549],[15.211246,45.838116],[15.210318,45.837177],[15.209598,45.836452],[15.209123,45.836024],[15.208686,45.835695],[15.20809,45.835299],[15.20731,45.834896],[15.206441,45.834548],[15.205559,45.83423],[15.204563,45.83389],[15.203998,45.833649],[15.203462,45.833415],[15.202824,45.833088],[15.202155,45.832685],[15.20199,45.832556],[15.201478,45.832157],[15.201109,45.831875],[15.200938,45.831713],[15.200335,45.831039],[15.199805,45.83044],[15.199384,45.829995],[15.199333,45.829941],[15.198984,45.829637],[15.198662,45.829386],[15.198056,45.828953],[15.19738,45.828544],[15.196718,45.828225],[15.196238,45.828044],[15.196011,45.827959],[15.195605,45.827824],[15.1951,45.827678],[15.194281,45.827501],[15.194221,45.827488],[15.193728,45.827407],[15.193518,45.827383],[15.193129,45.82734],[15.192821,45.82731],[15.192053,45.827278],[15.191341,45.82728],[15.190985,45.8273],[15.190527,45.82733],[15.189925,45.827397],[15.189258,45.827486],[15.188675,45.827573],[15.187769,45.82772],[15.186425,45.827968],[15.186128,45.828026],[15.18564,45.828122],[15.185555,45.828138],[15.184648,45.828346],[15.183974,45.828504],[15.182689,45.828832],[15.18186,45.829069],[15.181213,45.829267],[15.180711,45.829441],[15.180462,45.829519],[15.179915,45.829714],[15.179188,45.829996],[15.17874,45.830173],[15.177967,45.830523],[15.177401,45.830786],[15.175913,45.831559],[15.175599,45.831738],[15.175102,45.832034],[15.174524,45.832391],[15.17355,45.833011],[15.17251,45.8337],[15.171522,45.834329],[15.170889,45.834709],[15.170366,45.835],[15.16998,45.835203],[15.169412,45.835463],[15.168601,45.835808],[15.167798,45.836097],[15.167166,45.836297],[15.166598,45.836463],[15.165244,45.836837],[15.164653,45.836996],[15.164171,45.83715],[15.163399,45.837417],[15.162931,45.837605],[15.162438,45.837821],[15.161984,45.838032],[15.161056,45.838561],[15.160376,45.839006],[15.159781,45.839454],[15.158897,45.840181],[15.158274,45.840705],[15.158096,45.840856],[15.157567,45.841291],[15.157098,45.841663],[15.156476,45.84212],[15.156097,45.842381],[15.155576,45.842714],[15.154888,45.843123],[15.153996,45.843593],[15.152423,45.844348],[15.151849,45.84463],[15.151168,45.844979],[15.150633,45.84529],[15.150275,45.845523],[15.149998,45.845715],[15.149677,45.845955],[15.149187,45.846361],[15.148809,45.846686],[15.148507,45.846988],[15.14825,45.847263],[15.147949,45.847623],[15.147732,45.847912],[15.1475,45.848241],[15.14704,45.848954],[15.146601,45.84964],[15.146276,45.850066],[15.146024,45.850391],[15.145685,45.850755],[15.145421,45.851037],[15.145142,45.851316],[15.144788,45.851649],[15.144019,45.852397],[15.143754,45.852675],[15.143477,45.852999],[15.143269,45.853267],[15.143033,45.8536],[15.142819,45.853968],[15.142647,45.854324],[15.142475,45.854747],[15.142348,45.855205],[15.142241,45.855728],[15.142197,45.856195],[15.142154,45.856836],[15.142111,45.85741],[15.142076,45.857877],[15.142016,45.858262],[15.141866,45.858857],[15.141755,45.859157],[15.141629,45.859482],[15.141392,45.859935],[15.141098,45.860394],[15.14069,45.860904],[15.14031,45.861316],[15.139902,45.861675],[15.139541,45.861951],[15.139124,45.862252],[15.138731,45.862499],[15.13835,45.862717],[15.138003,45.862888],[15.137434,45.863145],[15.136813,45.863373],[15.136468,45.863491],[15.136067,45.863606],[15.135422,45.86376],[15.134688,45.863896],[15.133859,45.864006],[15.133175,45.864058],[15.132497,45.864102],[15.131848,45.864136],[15.131283,45.864164],[15.130615,45.864225],[15.130182,45.864272],[15.129486,45.864377],[15.128712,45.864551],[15.128115,45.864721],[15.127318,45.865],[15.126832,45.865198],[15.126165,45.865524],[15.124726,45.866314],[15.123683,45.866801],[15.1225,45.86724],[15.121245,45.867538],[15.119682,45.867826],[15.118007,45.868215],[15.116335,45.868638],[15.115446,45.868965],[15.114915,45.869178],[15.114473,45.869387],[15.113512,45.869853],[15.11251,45.870448],[15.111955,45.870815],[15.111288,45.871272],[15.110449,45.871822],[15.109918,45.872135],[15.109342,45.872437],[15.108749,45.872699],[15.108148,45.872934],[15.107326,45.873205],[15.106448,45.87343],[15.105588,45.873598],[15.104902,45.873693],[15.104313,45.873749],[15.10373,45.873785],[15.103489,45.873796],[15.102645,45.873795],[15.101936,45.873765],[15.101194,45.873696],[15.099678,45.873505],[15.098219,45.873344],[15.097838,45.87333],[15.097123,45.87331],[15.096423,45.87331],[15.09587,45.873333],[15.095275,45.873377],[15.094725,45.873439],[15.094023,45.873544],[15.093131,45.873715],[15.092299,45.873909],[15.091866,45.874021],[15.091156,45.874238],[15.090231,45.874518],[15.089311,45.874818],[15.088482,45.875123],[15.08723,45.875623],[15.085959,45.876178],[15.085504,45.876392],[15.084533,45.876876],[15.083415,45.877481],[15.082306,45.878141],[15.081494,45.878667],[15.080821,45.879128],[15.079994,45.879731],[15.079183,45.880377],[15.077853,45.881452],[15.076747,45.882345],[15.075924,45.882945],[15.075073,45.883536],[15.073346,45.884633],[15.072486,45.885125],[15.071554,45.885641],[15.070405,45.886224],[15.069433,45.886698],[15.06762,45.887477],[15.065624,45.888274],[15.064618,45.888714],[15.063777,45.889099],[15.0623,45.889893],[15.061598,45.890332],[15.060957,45.890805],[15.060199,45.891453],[15.059598,45.892088],[15.059116,45.892686],[15.058802,45.893151],[15.058458,45.893756],[15.058166,45.894361],[15.057752,45.895173],[15.057673,45.895319],[15.057502,45.895637],[15.057123,45.89618],[15.056865,45.896505],[15.056383,45.89702],[15.055821,45.897545],[15.055356,45.897923],[15.055036,45.898154],[15.054548,45.898473],[15.053964,45.898815],[15.053434,45.899091],[15.052842,45.899355],[15.052045,45.899667],[15.051657,45.899792],[15.051277,45.899909],[15.050837,45.900027],[15.050318,45.90015],[15.049719,45.900275],[15.048587,45.900437],[15.047059,45.900511],[15.046051,45.900499],[15.045089,45.900441],[15.044321,45.900347],[15.043793,45.900259],[15.042245,45.899903],[15.039874,45.899291],[15.038502,45.898995],[15.037767,45.898855],[15.036775,45.898733],[15.035557,45.898635],[15.034705,45.898608],[15.034372,45.898597],[15.033302,45.898609],[15.031824,45.898681],[15.030824,45.898758],[15.029931,45.898878],[15.029171,45.899017],[15.028162,45.899232],[15.027118,45.899472],[15.026228,45.899722],[15.025252,45.900042],[15.022029,45.901181],[15.021252,45.901392],[15.020295,45.901607],[15.019512,45.901739],[15.018724,45.901856],[15.017879,45.901929],[15.016953,45.90198],[15.015958,45.90198],[15.014893,45.901945],[15.013427,45.901857],[15.012632,45.901836],[15.011617,45.901855],[15.01086,45.901901],[15.010037,45.901994],[15.007859,45.902332],[15.006969,45.902405],[15.006031,45.902429],[15.005098,45.902391],[15.004524,45.902356],[15.003951,45.902289],[15.002858,45.902093],[15.001681,45.901853],[15.000558,45.901667],[15.000023,45.901615],[14.999492,45.901572],[14.998921,45.901548],[14.998339,45.901555],[14.997843,45.901582],[14.997337,45.901612],[14.99669,45.901698],[14.996247,45.901767],[14.995789,45.901852],[14.995289,45.901968],[14.994717,45.902119],[14.994211,45.902282],[14.993737,45.902459],[14.992823,45.902847],[14.99171,45.903338],[14.990498,45.90378],[14.989863,45.903963],[14.989212,45.904119],[14.988597,45.904232],[14.988037,45.904315],[14.987433,45.904376],[14.986728,45.90442],[14.984487,45.904521],[14.984103,45.904552],[14.983644,45.904587],[14.982974,45.904664],[14.982319,45.904758],[14.980884,45.904992],[14.980013,45.905167],[14.979097,45.905391],[14.978225,45.905642],[14.97736,45.905936],[14.976548,45.906207],[14.975923,45.906446],[14.975567,45.906595],[14.975383,45.906674],[14.974935,45.906879],[14.974529,45.907064],[14.973953,45.907355],[14.973254,45.907716],[14.972437,45.908152],[14.971898,45.908441],[14.971362,45.908701],[14.970758,45.908964],[14.970315,45.90914],[14.969915,45.909284],[14.969692,45.909356],[14.968957,45.90958],[14.968252,45.909768],[14.967626,45.909905],[14.967124,45.910005],[14.966291,45.910151],[14.965351,45.910303],[14.964392,45.910461],[14.963436,45.910642],[14.962465,45.91087],[14.961769,45.911072],[14.961277,45.91123],[14.960863,45.911386],[14.960484,45.91154],[14.959857,45.911823],[14.959263,45.912136],[14.958685,45.912492],[14.958196,45.912828],[14.957714,45.913196],[14.957295,45.913561],[14.956918,45.913937],[14.956549,45.914338],[14.956236,45.914756],[14.955958,45.915148],[14.955178,45.9164],[14.954782,45.916983],[14.954274,45.917565],[14.953755,45.918078],[14.953126,45.918573],[14.95247,45.919003],[14.952001,45.919259],[14.951492,45.919511],[14.951017,45.919716],[14.95043,45.919934],[14.949606,45.920181],[14.948799,45.920371],[14.948144,45.920485],[14.947448,45.920574],[14.945982,45.920688],[14.9454,45.920727],[14.944811,45.920793],[14.944249,45.920888],[14.943687,45.920993],[14.942674,45.921261],[14.94183,45.921563],[14.94115,45.921869],[14.940427,45.922242],[14.939792,45.922599],[14.938441,45.923345],[14.937442,45.923786],[14.936034,45.92421],[14.934404,45.924685],[14.934316,45.924714],[14.933972,45.924827],[14.933716,45.92491],[14.933373,45.925048],[14.933018,45.925191],[14.932493,45.925461],[14.931724,45.925901],[14.931428,45.926101],[14.931125,45.926328],[14.93097,45.926446],[14.930519,45.926837],[14.929426,45.927883],[14.929217,45.928073],[14.929049,45.928222],[14.928812,45.928417],[14.928537,45.928617],[14.928278,45.928811],[14.927912,45.929045],[14.927622,45.929221],[14.927334,45.929377],[14.927017,45.92954],[14.926662,45.92971],[14.926325,45.92985],[14.92601,45.929973],[14.925657,45.930088],[14.925334,45.930187],[14.924942,45.930297],[14.924517,45.930409],[14.924157,45.930487],[14.923761,45.93056],[14.923363,45.930626],[14.923005,45.930669],[14.922694,45.930713],[14.922265,45.930749],[14.921667,45.930759],[14.921044,45.930753],[14.920344,45.930719],[14.919891,45.930679],[14.919497,45.930637],[14.919061,45.930582],[14.918642,45.930518],[14.918198,45.930431],[14.91779,45.930349],[14.917378,45.930253],[14.916952,45.930146],[14.916558,45.930047],[14.916144,45.929921],[14.915745,45.929797],[14.915373,45.929682],[14.915037,45.929555],[14.914689,45.929421],[14.914377,45.929293],[14.914004,45.929134],[14.913594,45.928958],[14.913271,45.928802],[14.91295,45.928641],[14.912672,45.928495],[14.912318,45.928281],[14.91197,45.928078],[14.910429,45.927126],[14.909926,45.926816],[14.909423,45.926523],[14.908977,45.926309],[14.908586,45.92612],[14.908244,45.925978],[14.908054,45.925904],[14.907723,45.925786],[14.907306,45.925651],[14.906969,45.925545],[14.906527,45.925433],[14.90618,45.92535],[14.905836,45.925278],[14.905467,45.925214],[14.904724,45.925105],[14.90392,45.925002],[14.903163,45.924895],[14.902411,45.924769],[14.901959,45.924666],[14.901323,45.924498],[14.90047,45.924228],[14.89946,45.92393],[14.8986,45.923709],[14.89791,45.923576],[14.89701,45.923452],[14.89609,45.923399],[14.895528,45.923397],[14.894923,45.923421],[14.893784,45.923507],[14.892571,45.92362],[14.891254,45.923705],[14.890311,45.923734],[14.889406,45.923747],[14.888449,45.923735],[14.887984,45.923721],[14.88633,45.923655],[14.885205,45.923633],[14.884211,45.923643],[14.883365,45.923683],[14.882446,45.923758],[14.88168,45.92384],[14.880858,45.92395],[14.880123,45.924073],[14.879361,45.924227],[14.876665,45.924857],[14.875829,45.925036],[14.874961,45.925199],[14.874147,45.925315],[14.873246,45.925432],[14.872055,45.925537],[14.87075,45.925618],[14.869421,45.925687],[14.8681,45.925746],[14.867019,45.925826],[14.86585,45.925946],[14.865186,45.926034],[14.864414,45.926148],[14.863459,45.92633],[14.862527,45.926542],[14.86089,45.926941],[14.859189,45.927348],[14.858236,45.927562],[14.857203,45.927779],[14.855771,45.92803],[14.855364,45.928096],[14.855,45.928157],[14.853947,45.928332],[14.852462,45.928584],[14.851644,45.92874],[14.850852,45.928904],[14.850064,45.929105],[14.849428,45.929295],[14.848467,45.929631],[14.848277,45.929708],[14.847813,45.929897],[14.847376,45.930089],[14.846429,45.930581],[14.845093,45.931403],[14.84366,45.932331],[14.843189,45.932628],[14.842696,45.932913],[14.841989,45.933281],[14.841202,45.933634],[14.840708,45.933828],[14.840054,45.934058],[14.839402,45.934255],[14.838676,45.934448],[14.837694,45.934646],[14.836668,45.934796],[14.836162,45.934841],[14.83569,45.934883],[14.835169,45.934906],[14.834666,45.934917],[14.833799,45.934904],[14.832929,45.934849],[14.83202,45.934749],[14.831119,45.934606],[14.829904,45.934361],[14.828011,45.933946],[14.826639,45.933679],[14.825784,45.933569],[14.824905,45.933487],[14.824211,45.933461],[14.823354,45.933466],[14.822726,45.933488],[14.822065,45.93354],[14.821592,45.933589],[14.820966,45.933668],[14.819739,45.93386],[14.81853,45.934079],[14.818264,45.934122],[14.817777,45.934207],[14.817553,45.934244],[14.816598,45.934406],[14.815745,45.934541],[14.814902,45.934645],[14.814123,45.934718],[14.813084,45.934784],[14.811927,45.934827],[14.811063,45.93484],[14.80964,45.934856],[14.807413,45.934848],[14.805789,45.934815],[14.804197,45.934767],[14.803893,45.934757],[14.803499,45.934741],[14.80292,45.934716],[14.801572,45.934626],[14.800663,45.934545],[14.798934,45.934364],[14.79824,45.934302],[14.797374,45.93423],[14.796258,45.934196],[14.795379,45.934226],[14.793981,45.934321],[14.792596,45.934479],[14.791736,45.934597],[14.790886,45.934737],[14.78952,45.934988],[14.788814,45.935146],[14.788108,45.93532],[14.787474,45.935479],[14.786812,45.935679],[14.785821,45.936067],[14.785235,45.936362],[14.784658,45.936677],[14.784282,45.936897],[14.783983,45.937075],[14.78376,45.93722],[14.783225,45.937657],[14.782749,45.938101],[14.782516,45.938348],[14.782195,45.938759],[14.781824,45.939381],[14.781427,45.940231],[14.781328,45.940491],[14.780729,45.941799],[14.780175,45.942709],[14.7798,45.943196],[14.779355,45.943689],[14.778816,45.944216],[14.778221,45.944704],[14.777698,45.945102],[14.777171,45.945444],[14.776606,45.945758],[14.776174,45.945989],[14.775544,45.946288],[14.774843,45.94658],[14.774149,45.946828],[14.773747,45.946951],[14.773311,45.947075],[14.772455,45.947286],[14.77125,45.947505],[14.770332,45.947608],[14.769442,45.947679],[14.767146,45.94786],[14.766427,45.947942],[14.765767,45.948046],[14.765346,45.948125],[14.764895,45.94822],[14.764083,45.948423],[14.764035,45.948435],[14.762754,45.948863],[14.761973,45.949182],[14.761213,45.949546],[14.760726,45.94981],[14.760182,45.95014],[14.75954,45.950577],[14.758839,45.95111],[14.757629,45.952038],[14.756491,45.95285],[14.755425,45.953552],[14.754068,45.954372],[14.752887,45.955025],[14.751911,45.95555],[14.751602,45.955713],[14.75052,45.956244],[14.74934,45.9567],[14.74848,45.95703],[14.747667,45.95731],[14.746561,45.957648],[14.7462,45.957746],[14.743094,45.958489],[14.741011,45.959059],[14.740244,45.959284],[14.73955,45.959512],[14.737997,45.960077],[14.73676,45.960555],[14.736438,45.960688],[14.735265,45.961202],[14.733938,45.96181],[14.732841,45.962361],[14.731833,45.962894],[14.73077,45.963489],[14.729772,45.964102],[14.728443,45.965001],[14.727306,45.96587],[14.726585,45.966458],[14.725964,45.967006],[14.725538,45.967401],[14.725041,45.967874],[14.724221,45.96871],[14.723708,45.969217],[14.723186,45.969734],[14.722734,45.970134],[14.72223,45.970533],[14.721784,45.970843],[14.721267,45.971165],[14.720516,45.971552],[14.72005,45.971769],[14.719504,45.971982],[14.718411,45.972341],[14.717507,45.972563],[14.716567,45.97277],[14.714853,45.973105],[14.713098,45.973436],[14.712206,45.973615],[14.711479,45.973777],[14.710816,45.973939],[14.710191,45.97412],[14.709435,45.974373],[14.708755,45.974652],[14.708139,45.974924],[14.707456,45.97528],[14.706496,45.975829],[14.705472,45.976452],[14.704456,45.977039],[14.703534,45.977521],[14.702493,45.977996],[14.701544,45.978356],[14.700899,45.978568],[14.70041,45.97871],[14.699594,45.978921],[14.699093,45.979044],[14.698034,45.979253],[14.697072,45.979393],[14.696377,45.979477],[14.695767,45.979519],[14.695078,45.979558],[14.694388,45.979571],[14.693436,45.97956],[14.692671,45.979515],[14.69199,45.979459],[14.691316,45.979377],[14.690084,45.979196],[14.689364,45.979049],[14.688716,45.97889],[14.687575,45.978563],[14.686947,45.978354],[14.686407,45.978161],[14.685124,45.977639],[14.684389,45.977354],[14.683871,45.977166],[14.682679,45.976777],[14.681809,45.976528],[14.680955,45.976339],[14.680091,45.976142],[14.679698,45.976057],[14.679429,45.975995],[14.678784,45.975854],[14.678026,45.97566],[14.677267,45.975427],[14.676536,45.975173],[14.675623,45.974818],[14.673563,45.973942],[14.673028,45.973711],[14.672586,45.973516],[14.672453,45.973457],[14.669885,45.972322],[14.668989,45.971916],[14.667225,45.971137],[14.666567,45.970842],[14.665928,45.970571],[14.665054,45.970257],[14.664191,45.969981],[14.663348,45.969744],[14.662523,45.969529],[14.66194,45.969409],[14.661189,45.969276],[14.660302,45.969149],[14.659617,45.969076],[14.659069,45.969023],[14.658214,45.968969],[14.656878,45.968954],[14.656676,45.968958],[14.656475,45.96896],[14.654213,45.969058],[14.652982,45.969101],[14.651635,45.969101],[14.650015,45.969066],[14.648639,45.969067],[14.647911,45.969092],[14.647044,45.969156],[14.646204,45.969256],[14.643745,45.969594],[14.642544,45.969705],[14.641707,45.969748],[14.640803,45.969756],[14.639261,45.969735],[14.637522,45.969741],[14.63682,45.969756],[14.636468,45.969776],[14.636179,45.969802],[14.635893,45.969834],[14.635482,45.969885],[14.635086,45.969941],[14.634717,45.97001],[14.634271,45.970105],[14.63385,45.970202],[14.633529,45.970278],[14.633162,45.970378],[14.632948,45.970445],[14.632726,45.970515],[14.632303,45.970655],[14.631831,45.970822],[14.631587,45.97092],[14.63125,45.971056],[14.630749,45.97129],[14.629993,45.971675],[14.628987,45.972204],[14.628099,45.972704],[14.62757,45.972961],[14.627173,45.973148],[14.626328,45.973492],[14.625794,45.973693],[14.625295,45.97386],[14.624954,45.973964],[14.62443,45.974099],[14.624088,45.974184],[14.621145,45.974833],[14.620913,45.974886],[14.620059,45.975089],[14.618789,45.975449],[14.615694,45.97641],[14.61487,45.976644],[14.613006,45.977083],[14.61207,45.977283],[14.610599,45.97761],[14.609579,45.97787],[14.609347,45.977932],[14.608359,45.97822],[14.607508,45.978508],[14.606725,45.978802],[14.606035,45.979061],[14.605021,45.979502],[14.604367,45.979806],[14.603633,45.98018],[14.60329,45.980375],[14.602865,45.98062],[14.602496,45.980851],[14.602019,45.981165],[14.601661,45.981414],[14.60101,45.981893],[14.600251,45.982512],[14.599508,45.983143],[14.598818,45.983765],[14.598319,45.984238],[14.59776,45.984758],[14.597395,45.985144],[14.596658,45.985947],[14.595962,45.986729],[14.595483,45.987336],[14.595005,45.987949],[14.594537,45.988577],[14.594233,45.989003],[14.593677,45.989803],[14.593367,45.990278],[14.593227,45.990499],[14.592319,45.991989],[14.59156,45.99319],[14.591216,45.993683],[14.590828,45.994176],[14.590303,45.994757],[14.589449,45.995491],[14.58841,45.996207],[14.587626,45.996661],[14.586642,45.99725],[14.585703,45.997919],[14.585025,45.998504],[14.584478,45.999078],[14.583192,46.000387],[14.582207,46.001141],[14.581298,46.001716],[14.580578,46.002067],[14.580465,46.002122],[14.579464,46.002532],[14.578219,46.002899],[14.574796,46.003735],[14.572659,46.004412],[14.571545,46.004838],[14.570432,46.005352],[14.569999,46.005587],[14.569691,46.005769],[14.569609,46.005821],[14.569279,46.006035],[14.568992,46.006227],[14.568617,46.00654],[14.568463,46.006668],[14.568198,46.006931],[14.568076,46.007051],[14.567401,46.007841],[14.56666,46.008886],[14.565827,46.009865],[14.564934,46.010702],[14.56464,46.010956],[14.564183,46.0113],[14.563627,46.01167],[14.563408,46.011804],[14.563115,46.011984],[14.56275,46.012182],[14.562379,46.012371],[14.561998,46.01255],[14.561657,46.0127],[14.561412,46.0128],[14.561011,46.012955],[14.560599,46.013099],[14.560404,46.013162],[14.56018,46.013234],[14.559753,46.013358],[14.559323,46.013473],[14.558884,46.013576],[14.55867,46.013623],[14.558441,46.013668],[14.558216,46.013709],[14.557998,46.013745],[14.557689,46.013789],[14.557467,46.013814],[14.557239,46.013837],[14.557013,46.013851],[14.55679,46.01386],[14.556564,46.013864],[14.556339,46.013863],[14.55611,46.013857],[14.555884,46.013845],[14.555734,46.013833],[14.555649,46.013825],[14.555431,46.013804],[14.555212,46.013777],[14.554768,46.013707],[14.554318,46.013631],[14.553904,46.013553],[14.553451,46.013476],[14.552999,46.013408],[14.552775,46.013381],[14.552544,46.013357],[14.552235,46.013331],[14.551921,46.013314],[14.551599,46.013308],[14.551289,46.013311],[14.550941,46.013322],[14.550446,46.013357],[14.549727,46.013444],[14.548926,46.013566],[14.548094,46.01369],[14.547649,46.013752],[14.547205,46.013811],[14.546755,46.013865],[14.546425,46.013902],[14.546282,46.013919],[14.545852,46.013964],[14.545402,46.014007],[14.544724,46.01407],[14.54378,46.014152],[14.543476,46.014176],[14.541832,46.014318],[14.541014,46.014388],[14.539778,46.014504],[14.538412,46.014631],[14.53671,46.014824],[14.535665,46.014965],[14.534907,46.015074],[14.533175,46.015359],[14.531609,46.015655],[14.530296,46.015938],[14.529102,46.016219],[14.528184,46.016442],[14.527332,46.016669],[14.527007,46.016758],[14.524653,46.017461],[14.524244,46.017593],[14.52383,46.017728],[14.523432,46.017861],[14.523029,46.018],[14.522631,46.018139],[14.522233,46.018281],[14.521632,46.018501],[14.521242,46.018649],[14.520852,46.0188],[14.519497,46.019338],[14.518762,46.01965],[14.517852,46.020067],[14.516485,46.020659],[14.514785,46.021389],[14.51419,46.021633],[14.5136,46.021864],[14.513003,46.022093],[14.512402,46.022315],[14.511749,46.02255],[14.511022,46.022797],[14.510066,46.023113],[14.509235,46.023371],[14.508455,46.023603],[14.507352,46.023919],[14.506392,46.024175],[14.505608,46.024374],[14.50484,46.024557],[14.5044,46.024657],[14.503966,46.024753],[14.50352,46.024849],[14.503076,46.024944],[14.502269,46.025104],[14.501482,46.02525],[14.500882,46.025357],[14.500358,46.025447],[14.499904,46.025521],[14.499451,46.025591],[14.498994,46.025658],[14.498776,46.025689],[14.49832,46.025753],[14.497863,46.025814],[14.497414,46.02587],[14.497257,46.02589],[14.496953,46.025926],[14.496495,46.025978],[14.496042,46.026028],[14.495586,46.026077],[14.492829,46.02637],[14.491488,46.026536],[14.489279,46.026874],[14.487259,46.02724],[14.486184,46.027459],[14.484466,46.027844],[14.482399,46.028381],[14.481329,46.028679],[14.480058,46.029066],[14.477715,46.029861],[14.475872,46.030546],[14.475696,46.030617],[14.474255,46.031216],[14.473056,46.031734],[14.471482,46.032418],[14.470559,46.03282],[14.468731,46.033598],[14.46773,46.033999],[14.4672,46.034199],[14.466695,46.03438],[14.466302,46.034518],[14.465828,46.03468],[14.464891,46.034978],[14.464147,46.035204],[14.463603,46.035362],[14.463385,46.035423],[14.46293,46.035545],[14.462688,46.035609],[14.461897,46.03581],[14.461193,46.035976],[14.460773,46.036071],[14.459517,46.036336],[14.458964,46.036461],[14.458708,46.036521],[14.458424,46.036593],[14.458022,46.036698],[14.457765,46.036765],[14.45695,46.036993],[14.456747,46.03709],[14.456548,46.037174],[14.45632,46.037256],[14.455661,46.037484],[14.455033,46.037705],[14.454623,46.037856],[14.454217,46.03801],[14.453813,46.038166],[14.453409,46.038327],[14.453007,46.038492],[14.452617,46.038656],[14.452219,46.038828],[14.451829,46.039001],[14.45144,46.039179],[14.451055,46.039357],[14.450678,46.039544],[14.450302,46.039737],[14.44994,46.039939],[14.449763,46.040046],[14.449423,46.040266],[14.449239,46.040401],[14.448983,46.040606],[14.448672,46.040873],[14.448347,46.041178],[14.448215,46.041284],[14.448054,46.041392],[14.447933,46.041529],[14.447815,46.041671],[14.447706,46.04181],[14.447603,46.041953],[14.447502,46.042099],[14.447404,46.042249],[14.447317,46.042395],[14.44723,46.04255],[14.447154,46.042701],[14.447078,46.042858],[14.447011,46.043011],[14.446951,46.043169],[14.446896,46.043325],[14.446848,46.043481],[14.446803,46.04364],[14.446766,46.0438],[14.446732,46.043973],[14.446712,46.044122],[14.446692,46.044287],[14.446682,46.044429],[14.446672,46.044606],[14.446671,46.044789],[14.446679,46.04497],[14.446691,46.045132],[14.446702,46.045235],[14.446716,46.045353],[14.446741,46.045511],[14.446782,46.045712],[14.446823,46.045874],[14.446867,46.046036],[14.44692,46.046197],[14.44698,46.04636],[14.447045,46.046517],[14.447115,46.046674],[14.447188,46.046826],[14.447268,46.046975],[14.447355,46.047127],[14.44745,46.047282],[14.447624,46.047544],[14.44768,46.047623],[14.447859,46.04786],[14.448089,46.048146],[14.448328,46.048426],[14.448549,46.048674],[14.448771,46.048915],[14.449024,46.049185],[14.449279,46.049457],[14.449531,46.049727],[14.449778,46.049997],[14.450017,46.050263],[14.450342,46.050642],[14.450718,46.05111],[14.450939,46.0514],[14.451046,46.051541],[14.451446,46.052119],[14.451645,46.05243],[14.45174,46.052582],[14.451921,46.052883],[14.452097,46.053195],[14.452237,46.053455],[14.452474,46.053922],[14.452694,46.054397],[14.452765,46.054558],[14.452879,46.054839],[14.453013,46.055178],[14.453323,46.056013],[14.453644,46.056908],[14.453801,46.057348],[14.454065,46.05807],[14.454502,46.059274],[14.454786,46.060022],[14.454955,46.060529],[14.455248,46.061314],[14.455355,46.061637],[14.455432,46.061849],[14.455718,46.062638],[14.455888,46.063108],[14.456021,46.063478],[14.456336,46.064351],[14.456785,46.065598],[14.457323,46.067081],[14.457884,46.068642],[14.458058,46.069123],[14.458174,46.069441],[14.458291,46.069764],[14.458515,46.070405],[14.458679,46.070889],[14.458886,46.071534],[14.459082,46.072185],[14.459323,46.073052],[14.45945,46.07354],[14.45953,46.073867],[14.459608,46.074194],[14.459757,46.074851],[14.459923,46.075668],[14.46004,46.076326],[14.460123,46.076819],[14.460171,46.077146],[14.460221,46.077475],[14.460265,46.077804],[14.460325,46.078301],[14.460364,46.078633],[14.460397,46.07896],[14.460466,46.079734],[14.460504,46.080284],[14.460537,46.080941],[14.460555,46.08144],[14.460568,46.081938],[14.460571,46.082433],[14.46057,46.082928],[14.460564,46.083261],[14.460552,46.083592],[14.460531,46.084251],[14.460476,46.08539],[14.460465,46.085589],[14.460449,46.086092],[14.460442,46.086399],[14.460438,46.086588],[14.460446,46.087084],[14.46046,46.087585],[14.46047,46.087782],[14.460496,46.08826],[14.460761,46.090624],[14.460841,46.091238],[14.460941,46.09185],[14.46101,46.092223],[14.461119,46.092753],[14.461287,46.093412],[14.461481,46.093958],[14.461791,46.094786],[14.46206,46.095326],[14.463456,46.097525],[14.466018,46.100512],[14.466627,46.101196],[14.46723,46.101893],[14.467467,46.102178],[14.467583,46.102318],[14.467814,46.102607],[14.468035,46.102891],[14.468255,46.103179],[14.46847,46.103472],[14.468676,46.103762],[14.468982,46.104205],[14.469164,46.10448],[14.469244,46.104601],[14.469523,46.105048],[14.469706,46.105349],[14.469882,46.105652],[14.470058,46.105967],[14.47023,46.10628],[14.470471,46.106753],[14.470705,46.10723],[14.470856,46.107556],[14.470994,46.107871],[14.471144,46.108217],[14.471381,46.10882],[14.471576,46.109366],[14.471958,46.110569],[14.472291,46.111735],[14.472452,46.112223],[14.472658,46.112797],[14.472772,46.113048],[14.472917,46.113367],[14.473051,46.113638],[14.473315,46.114124],[14.473498,46.114436],[14.473774,46.114874],[14.473943,46.115116],[14.474105,46.115335],[14.474326,46.115619],[14.474556,46.115903],[14.474795,46.116181],[14.475053,46.116464],[14.475192,46.116611],[14.475472,46.116893],[14.475754,46.117162],[14.476187,46.117552],[14.476489,46.117811],[14.476796,46.118064],[14.477258,46.118442],[14.47756,46.118686],[14.47802,46.119075],[14.478317,46.119334],[14.478601,46.119598],[14.478875,46.11986],[14.479115,46.120106],[14.479401,46.120415],[14.479659,46.120708],[14.479913,46.121012],[14.480165,46.121336],[14.480278,46.121487],[14.480408,46.121665],[14.480525,46.121833],[14.480744,46.122168],[14.480897,46.122417],[14.481075,46.122723],[14.481318,46.123184],[14.481467,46.123498],[14.481633,46.123868],[14.481704,46.124046],[14.481807,46.124316],[14.481915,46.124635],[14.48206,46.125121],[14.48218,46.125608],[14.482248,46.125956],[14.482295,46.126265],[14.482325,46.126484],[14.482355,46.126757],[14.48238,46.127091],[14.482395,46.12741],[14.482396,46.127748],[14.482377,46.128239],[14.482348,46.12857],[14.48233,46.128736],[14.482286,46.129065],[14.48223,46.1294],[14.482187,46.129613],[14.482126,46.129879],[14.482041,46.130207],[14.481946,46.13053],[14.481838,46.130852],[14.481722,46.131167],[14.481592,46.131485],[14.48145,46.131802],[14.481377,46.131954],[14.481298,46.132114],[14.481189,46.132329],[14.481021,46.132636],[14.480847,46.132941],[14.480468,46.133562],[14.479921,46.134398],[14.479475,46.135047],[14.479063,46.135647],[14.478657,46.136248],[14.478309,46.136788],[14.478006,46.13728],[14.477853,46.137545],[14.477768,46.137696],[14.477631,46.137949],[14.477452,46.138296],[14.477159,46.138991],[14.47692,46.139562],[14.476783,46.139969],[14.47662,46.140463],[14.476559,46.140723],[14.476444,46.141102],[14.476298,46.141708],[14.47622,46.142146],[14.476137,46.142695],[14.476099,46.143088],[14.476062,46.143589],[14.47605,46.144037],[14.476059,46.144555],[14.476083,46.145014],[14.476122,46.145456],[14.476165,46.145873],[14.476237,46.146347],[14.476299,46.146674],[14.476424,46.14719],[14.476563,46.147694],[14.476755,46.148304],[14.47687,46.148628],[14.47699,46.148949],[14.477254,46.149614],[14.477565,46.150335],[14.478165,46.151661],[14.478374,46.152121],[14.478676,46.152746],[14.479428,46.154368],[14.47977,46.155108],[14.480372,46.156375],[14.480872,46.157454],[14.481478,46.158722],[14.481633,46.159051],[14.482369,46.160615],[14.482968,46.161854],[14.48309,46.162127],[14.483328,46.162635],[14.483762,46.163565],[14.484122,46.164363],[14.484662,46.165625],[14.484976,46.166449],[14.485303,46.167391],[14.485545,46.168204],[14.485759,46.168993],[14.485938,46.169768],[14.48606,46.170399],[14.486182,46.171234],[14.48626,46.17191],[14.486289,46.172382],[14.486329,46.173201],[14.486305,46.17451],[14.486262,46.175187],[14.486192,46.175838],[14.486011,46.176987],[14.485802,46.177978],[14.485559,46.178925],[14.485361,46.179573],[14.485192,46.180058],[14.485094,46.180315],[14.484741,46.181148],[14.484556,46.181605],[14.484222,46.182316],[14.483917,46.182911],[14.483612,46.183469],[14.483149,46.184248],[14.482573,46.185132],[14.482083,46.185824],[14.481818,46.186179],[14.481369,46.186756],[14.480908,46.18731],[14.480321,46.187989],[14.479715,46.188663],[14.479075,46.189335],[14.477513,46.190869],[14.476885,46.191462],[14.475888,46.192324],[14.474211,46.193842],[14.472216,46.195616],[14.47027,46.197261],[14.468411,46.198796],[14.466912,46.200039],[14.464587,46.201868],[14.463567,46.202655],[14.462521,46.203463],[14.461335,46.204359],[14.460126,46.205244],[14.45813,46.206677],[14.456269,46.207983],[14.454892,46.208945],[14.453014,46.210208],[14.45152,46.211185],[14.448775,46.212949],[14.445885,46.214727],[14.443071,46.216415],[14.441876,46.217116],[14.439993,46.2182],[14.438261,46.219165],[14.437654,46.2195],[14.436826,46.219961],[14.435696,46.220581],[14.433408,46.221803],[14.429275,46.223912],[14.428769,46.224162],[14.426407,46.22534],[14.425455,46.225822],[14.423785,46.226655],[14.421167,46.227968],[14.418737,46.22918],[14.416408,46.23034],[14.414674,46.231205],[14.412161,46.232471],[14.410061,46.233571],[14.408478,46.234415],[14.406937,46.235329],[14.406077,46.235862],[14.404266,46.237043],[14.403406,46.237633],[14.4022,46.238503],[14.401651,46.238911],[14.40105,46.239381],[14.40008,46.240145],[14.399381,46.240726],[14.398991,46.241054],[14.398744,46.241276],[14.397957,46.241976],[14.396863,46.242994],[14.395825,46.244002],[14.393749,46.246048],[14.392386,46.247398],[14.390946,46.248775],[14.390054,46.249609],[14.389496,46.250108],[14.389031,46.250516],[14.388451,46.251007],[14.388032,46.251351],[14.387533,46.251748],[14.386713,46.252374],[14.385953,46.252915],[14.385194,46.253424],[14.38438,46.253944],[14.38341,46.25452],[14.382482,46.255044],[14.381753,46.255433],[14.380709,46.255942],[14.37946,46.256524],[14.3789,46.25677],[14.378074,46.257125],[14.37767,46.257287],[14.377052,46.257527],[14.376049,46.257889],[14.375432,46.258102],[14.374765,46.258323],[14.374126,46.258524],[14.373069,46.258833],[14.372504,46.258984],[14.371646,46.259205],[14.37034,46.25952],[14.369454,46.259705],[14.367363,46.260114],[14.365537,46.260439],[14.363802,46.260744],[14.361839,46.261097],[14.355439,46.262232],[14.352311,46.26279],[14.350714,46.263086],[14.349083,46.263411],[14.347937,46.263664],[14.346716,46.26396],[14.346074,46.26412],[14.345218,46.264342],[14.344325,46.264586],[14.343829,46.264731],[14.342839,46.265022],[14.341151,46.265561],[14.339446,46.266157],[14.33846,46.266522],[14.337864,46.26675],[14.337625,46.266838],[14.336038,46.267481],[14.334623,46.268091],[14.332867,46.268911],[14.331747,46.269466],[14.331151,46.269776],[14.330108,46.270328],[14.329341,46.270749],[14.327756,46.271629],[14.327195,46.271937],[14.325697,46.272763],[14.324154,46.273543],[14.323205,46.274018],[14.32225,46.274452],[14.321217,46.274895],[14.320045,46.275362],[14.318928,46.275769],[14.317701,46.27619],[14.316558,46.276537],[14.315389,46.276874],[14.314276,46.277152],[14.313184,46.277416],[14.311734,46.277712],[14.310883,46.277845],[14.309678,46.278067],[14.308461,46.278255],[14.304713,46.278792],[14.304067,46.278882],[14.302013,46.279181],[14.300932,46.279338],[14.299566,46.27953],[14.298856,46.279668],[14.298192,46.279794],[14.297747,46.279885],[14.297309,46.27998],[14.296863,46.280084],[14.296645,46.280136],[14.29579,46.280367],[14.295367,46.280492],[14.295088,46.280579],[14.294736,46.280692],[14.294533,46.280761],[14.294126,46.280914],[14.293918,46.280998],[14.293749,46.281069],[14.293524,46.281167],[14.293332,46.281261],[14.293149,46.281348],[14.29296,46.281446],[14.292777,46.281542],[14.292599,46.281643],[14.292419,46.281748],[14.292252,46.281851],[14.292027,46.281998],[14.291793,46.282158],[14.291547,46.282342],[14.291396,46.282459],[14.291146,46.282666],[14.290866,46.282919],[14.290596,46.283184],[14.290354,46.283453],[14.290126,46.283731],[14.289863,46.284026],[14.289666,46.284315],[14.289423,46.284767],[14.289156,46.285384],[14.288981,46.285861],[14.288918,46.286045],[14.288617,46.286974],[14.288499,46.287294],[14.288332,46.287673],[14.28816,46.288017],[14.287838,46.288543],[14.287555,46.288953],[14.287206,46.289386],[14.286752,46.289921],[14.286207,46.290589],[14.285926,46.290982],[14.285719,46.291237],[14.285347,46.291753],[14.285133,46.292104],[14.284953,46.292436],[14.284726,46.292893],[14.284547,46.293322],[14.284404,46.293713],[14.284258,46.294149],[14.284127,46.294741],[14.284092,46.29494],[14.284049,46.295352],[14.284014,46.295883],[14.284004,46.296233],[14.284025,46.296687],[14.284065,46.297204],[14.284104,46.297677],[14.284117,46.29817],[14.284126,46.298635],[14.284125,46.299044],[14.284104,46.299421],[14.284076,46.299794],[14.284026,46.300218],[14.283972,46.300705],[14.283881,46.301199],[14.28375,46.301845],[14.283679,46.302143],[14.283485,46.302811],[14.283365,46.303169],[14.283044,46.304036],[14.282767,46.304675],[14.282602,46.305018],[14.282457,46.30532],[14.282202,46.305793],[14.281953,46.306234],[14.281736,46.306566],[14.281402,46.30709],[14.281277,46.307287],[14.28097,46.307705],[14.280609,46.30817],[14.280182,46.308686],[14.279801,46.309106],[14.279278,46.309577],[14.278832,46.309957],[14.27837,46.310301],[14.277844,46.310664],[14.277608,46.310826],[14.277169,46.311079],[14.276609,46.311391],[14.276291,46.311559],[14.276017,46.311683],[14.275625,46.311854],[14.275109,46.312069],[14.274611,46.312272],[14.273882,46.312511],[14.273334,46.312671],[14.272648,46.312851],[14.2716,46.31307],[14.270932,46.313185],[14.269988,46.313322],[14.269534,46.31337],[14.268826,46.313433],[14.268061,46.313484],[14.267127,46.313541],[14.265335,46.313616],[14.264597,46.31364],[14.262032,46.31374],[14.26053,46.313794],[14.259101,46.313861],[14.258414,46.31392],[14.257416,46.314022],[14.256625,46.31412],[14.25568,46.314256],[14.254624,46.314454],[14.253742,46.314654],[14.2528,46.314896],[14.251891,46.315176],[14.251092,46.315445],[14.249429,46.316105],[14.247699,46.316928],[14.246249,46.317604],[14.243416,46.318914],[14.241038,46.320034],[14.239333,46.320802],[14.238627,46.321141],[14.237565,46.321594],[14.236553,46.322003],[14.235536,46.322362],[14.235049,46.322521],[14.234788,46.3226],[14.233798,46.322918],[14.232952,46.323198],[14.231947,46.323536],[14.230873,46.323884],[14.229605,46.324318],[14.228522,46.32465],[14.226847,46.325139],[14.225712,46.325437],[14.222856,46.326115],[14.222237,46.326252],[14.220843,46.32654],[14.220312,46.32664],[14.218901,46.326894],[14.217247,46.327172],[14.217159,46.32719],[14.216265,46.327365],[14.214429,46.32773],[14.2122,46.328242],[14.210016,46.328878],[14.208773,46.329292],[14.206708,46.330008],[14.205421,46.330528],[14.204832,46.330783],[14.204525,46.330935],[14.203293,46.331527],[14.202405,46.331991],[14.201449,46.332526],[14.199801,46.333516],[14.19767,46.334836],[14.196311,46.335718],[14.195573,46.336204],[14.194595,46.336864],[14.192664,46.338206],[14.191132,46.339314],[14.189591,46.340461],[14.188451,46.341341],[14.18758,46.342029],[14.186346,46.343032],[14.185722,46.343544],[14.184678,46.344424],[14.183629,46.345338],[14.182613,46.346242],[14.181471,46.347286],[14.180249,46.348452],[14.179937,46.348741],[14.178299,46.35035],[14.173757,46.354849],[14.171898,46.35669],[14.170054,46.358515],[14.166357,46.362172],[14.165909,46.362611],[14.164289,46.36422],[14.163796,46.364713],[14.162795,46.365769],[14.162579,46.366005],[14.162418,46.36618],[14.160695,46.368176],[14.160466,46.368454],[14.159357,46.369863],[14.158814,46.370594],[14.158285,46.371328],[14.157528,46.372366],[14.15666,46.373502],[14.156165,46.374115],[14.155589,46.374793],[14.155028,46.375411],[14.154437,46.376041],[14.153743,46.376746],[14.153038,46.37743],[14.152047,46.378328],[14.151144,46.379106],[14.15022,46.379869],[14.149955,46.380075],[14.149402,46.380501],[14.148895,46.38088],[14.147838,46.38162],[14.14639,46.382587],[14.145663,46.383056],[14.144926,46.383522],[14.143949,46.384163],[14.142976,46.384827],[14.142101,46.385482],[14.141249,46.386162],[14.140358,46.386946],[14.139455,46.387816],[14.139034,46.388241],[14.137875,46.389467],[14.137124,46.390323],[14.136415,46.3912],[14.136079,46.391635],[14.13511,46.392955],[14.133899,46.394899],[14.133511,46.395571],[14.133139,46.396264],[14.132893,46.396738],[14.132395,46.39779],[14.131908,46.398932],[14.131459,46.400118],[14.131066,46.401191],[14.130785,46.402001],[14.130487,46.402782],[14.130274,46.403264],[14.130019,46.403797],[14.12958,46.404556],[14.129153,46.40517],[14.128756,46.405658],[14.128409,46.406045],[14.128056,46.406388],[14.127716,46.406714],[14.127253,46.407124],[14.126825,46.407479],[14.126168,46.407942],[14.125842,46.408154],[14.125477,46.408386],[14.124933,46.408686],[14.124554,46.408888],[14.124163,46.409083],[14.123744,46.40928],[14.123423,46.409421],[14.122441,46.409813],[14.121657,46.410076],[14.121071,46.410247],[14.120507,46.410402],[14.119809,46.41055],[14.11913,46.41068],[14.118453,46.410785],[14.117435,46.410931],[14.116505,46.411031],[14.114831,46.411235],[14.113327,46.411428],[14.111887,46.41165],[14.111444,46.411741],[14.110863,46.411867],[14.109872,46.412087],[14.109111,46.412271],[14.10836,46.412455],[14.106703,46.412836],[14.104503,46.413283],[14.103667,46.41342],[14.102864,46.413528],[14.100942,46.413741],[14.099026,46.413972],[14.097828,46.414159],[14.097264,46.414272],[14.096764,46.41438],[14.095859,46.414614],[14.095284,46.414791],[14.094361,46.415122],[14.0934,46.415518],[14.092977,46.415713],[14.092726,46.415841],[14.09201,46.416205],[14.091078,46.416773],[14.090523,46.41713],[14.088955,46.418216],[14.087395,46.419268],[14.086503,46.419787],[14.08559,46.420232],[14.084992,46.420484],[14.084394,46.420707],[14.083406,46.421073],[14.082932,46.421239],[14.082195,46.421501],[14.081477,46.421774],[14.080292,46.422235],[14.079755,46.422463],[14.079205,46.422725],[14.077809,46.423457],[14.076977,46.423891],[14.075783,46.42446],[14.075146,46.424711],[14.074509,46.424941],[14.072576,46.42558],[14.07063,46.426197],[14.068435,46.426865],[14.067648,46.4271],[14.06684,46.427306],[14.065844,46.427527],[14.065229,46.427653],[14.064637,46.427745],[14.062793,46.428002],[14.061926,46.428121],[14.061023,46.428275],[14.060318,46.428433],[14.05904,46.428735],[14.058345,46.428937],[14.057646,46.42916],[14.05693,46.429423],[14.056239,46.429691],[14.055423,46.430041],[14.054652,46.430409],[14.053552,46.430944],[14.052461,46.431465],[14.051446,46.431931],[14.050345,46.432384],[14.049758,46.432602],[14.049187,46.432813],[14.048649,46.433001],[14.048051,46.433189],[14.045782,46.43386],[14.044701,46.434194],[14.043651,46.434565],[14.042628,46.434964],[14.042072,46.435209],[14.041527,46.435455],[14.040573,46.435927],[14.03952,46.436463],[14.038242,46.437151],[14.037639,46.43748],[14.03699,46.437848],[14.036252,46.438213],[14.035493,46.438578],[14.034877,46.438839],[14.034218,46.43909],[14.032967,46.439522],[14.032393,46.439703],[14.031755,46.439884],[14.030991,46.440072],[14.030458,46.44019],[14.027016,46.440874],[14.025924,46.441098],[14.024395,46.441462],[14.023907,46.441587],[14.022705,46.4419],[14.021633,46.442223],[14.020597,46.442545],[14.019748,46.442824],[14.01757,46.443548],[14.01617,46.444024],[14.01487,46.444461],[14.013686,46.444861],[14.012796,46.445151],[14.012122,46.445357],[14.009705,46.446082],[14.008203,46.446511],[14.007143,46.446806],[14.006173,46.447066],[14.00527,46.447292],[14.003905,46.447647],[14.003365,46.447787],[14.002811,46.447929],[14.002348,46.448067],[14.001687,46.448222],[14.001144,46.44836],[13.999199,46.448873],[13.998661,46.449015],[13.998513,46.449072],[13.998388,46.449131],[13.998138,46.44925],[13.997972,46.449318],[13.99779,46.449379],[13.997541,46.449445],[13.997433,46.44947],[13.997338,46.449491],[13.997017,46.449559],[13.996836,46.449593],[13.996623,46.449627],[13.996402,46.449654],[13.996185,46.44968],[13.996008,46.449704],[13.99586,46.449732],[13.995705,46.449766],[13.995539,46.449805],[13.995381,46.449848],[13.995222,46.449899],[13.994964,46.449997],[13.994725,46.4501],[13.994398,46.450247],[13.994085,46.450399],[13.993743,46.450575],[13.993445,46.450746],[13.993167,46.450921],[13.992874,46.451125],[13.992559,46.451365],[13.992249,46.45162],[13.991991,46.451856],[13.991749,46.452099],[13.991526,46.452341],[13.991352,46.452546],[13.991167,46.452787],[13.991006,46.453011],[13.990827,46.453274],[13.990616,46.453642],[13.990511,46.453842],[13.990375,46.454147],[13.990253,46.454492],[13.990158,46.454841],[13.990082,46.455204],[13.990034,46.455615],[13.990023,46.456009],[13.990036,46.456356],[13.990075,46.456679],[13.990128,46.456994],[13.990219,46.457354],[13.990333,46.457696],[13.99045,46.458002],[13.990602,46.458326],[13.990777,46.458641],[13.990989,46.458976],[13.991216,46.459286],[13.991459,46.4596],[14.008829,46.481554],[14.009675,46.482629],[14.01017,46.483277],[14.010592,46.483853],[14.010968,46.484381],[14.011504,46.485168],[14.012043,46.486004],[14.012537,46.486811],[14.013048,46.487689],[14.013528,46.488575],[14.017931,46.496856],[14.018452,46.49787],[14.018904,46.498812],[14.019225,46.499518],[14.019634,46.500509],[14.01994,46.501294],[14.020215,46.502066],[14.020542,46.503055],[14.020804,46.503931],[14.021033,46.504788],[14.021033,46.504789],[14.021193,46.505459],[14.021317,46.506018],[14.021412,46.506462],[14.02149,46.506873],[14.021574,46.507335],[14.021634,46.507714],[14.021693,46.508109],[14.021771,46.508677],[14.022822,46.517259],[14.02287,46.517566],[14.022919,46.517824],[14.022959,46.518018],[14.02301,46.518194],[14.023075,46.518404],[14.023178,46.518687],[14.023275,46.518904],[14.023395,46.519153],[14.023483,46.519315],[14.023565,46.519454],[14.02369,46.519653],[14.023814,46.519836],[14.023939,46.520007],[14.02409,46.520196],[14.02426,46.520395],[14.024401,46.52055],[14.02457,46.520722],[14.024749,46.520895],[14.024948,46.521071],[14.025172,46.521261],[14.025386,46.521428],[14.025597,46.521577],[14.025818,46.521731],[14.026023,46.521864],[14.02627,46.522012],[14.026618,46.522219],[14.027013,46.522444],[14.027426,46.52268],[14.027795,46.522904],[14.028125,46.523118],[14.028476,46.523356],[14.028722,46.523537],[14.02895,46.523726],[14.029287,46.524028],[14.02964,46.524393],[14.029918,46.52472],[14.030312,46.525308],[14.030453,46.525554],[14.030669,46.526029],[14.030799,46.526377],[14.030911,46.526746],[14.031005,46.527152],[14.031006,46.527472],[14.030983,46.527958],[14.03103,46.528433],[14.031147,46.529481],[14.03119,46.529952],[14.031207,46.530221],[14.031227,46.530529],[14.031259,46.531042],[14.031303,46.531274],[14.031294,46.531427],[14.031252,46.531657],[14.031149,46.532003],[14.030996,46.532404],[14.030862,46.532678],[14.030728,46.532926],[14.030715,46.532947],[14.030597,46.533131],[14.030445,46.533368],[14.03009,46.533807],[14.029066,46.5349],[14.028048,46.535971],[14.027704,46.536368],[14.027556,46.536539],[14.027099,46.537125],[14.026633,46.537792],[14.026237,46.538463],[14.026142,46.538638],[14.025583,46.53985],[14.025514,46.540026],[14.025095,46.541083],[14.024755,46.541944],[14.024363,46.542801],[14.024208,46.54309],[14.02392,46.543551],[14.023536,46.544101],[14.023509,46.544133],[14.023077,46.544647],[14.022578,46.545157],[14.022166,46.545517],[14.021793,46.545826],[14.021279,46.546199],[14.020726,46.546562],[14.02008,46.546925],[14.019818,46.547072],[14.019107,46.547407],[14.018628,46.547597],[14.018137,46.547762],[14.017287,46.548006],[14.016408,46.548247],[14.015748,46.548435],[14.015255,46.548584],[14.014452,46.548859],[14.013634,46.549171],[14.013036,46.549426],[14.012563,46.549641],[14.012054,46.549888],[14.011614,46.550119],[14.011255,46.550312],[14.01089,46.550523],[14.010414,46.550811],[14.010014,46.551064],[14.009556,46.551379],[14.00908,46.551731],[14.008724,46.552018],[14.008339,46.552367],[14.00794,46.552767],[14.007692,46.553042],[14.007456,46.553331],[14.007216,46.55366],[14.007028,46.553957],[14.006766,46.554421],[14.006638,46.554693],[14.006551,46.554894],[14.006388,46.555311],[14.006269,46.555692],[14.006181,46.556074],[14.006132,46.556325],[14.006078,46.556683],[14.006028,46.557415],[14.006022,46.557608],[14.006027,46.558198],[14.006072,46.55897],[14.006133,46.559745],[14.006157,46.559991],[14.006221,46.560731],[14.006298,46.561594],[14.006344,46.562114],[14.006385,46.562573],[14.006451,46.563313],[14.006468,46.563543],[14.006546,46.564511],[14.006606,46.565393],[14.006636,46.566238],[14.006617,46.567144],[14.006552,46.56796],[14.00642,46.568771],[14.006232,46.569571],[14.00601,46.570324],[14.00586,46.570731],[14.005699,46.571128],[14.005354,46.571858],[14.004944,46.572559],[14.004445,46.573288],[14.003913,46.573931],[14.003383,46.574514],[14.002829,46.575066],[14.002239,46.575607],[14.001842,46.575939],[14.001248,46.576411],[14.000764,46.576775],[14.000562,46.576915],[14.000166,46.577189],[13.999731,46.577478],[13.999694,46.577502],[13.998474,46.578221],[13.997433,46.578789],[13.996155,46.579479],[13.994753,46.580239],[13.994206,46.580542],[13.99389,46.580722],[13.993508,46.580941],[13.992634,46.58147],[13.992002,46.58188],[13.991604,46.58215],[13.991088,46.582515],[13.990098,46.583252],[13.989625,46.583635],[13.989267,46.583937],[13.988462,46.584655],[13.98786,46.585215],[13.987515,46.585537],[13.987061,46.585972],[13.986848,46.58619],[13.986441,46.586594],[13.986155,46.586898],[13.985952,46.587107],[13.985487,46.5876],[13.9851,46.588025],[13.984442,46.588765],[13.984102,46.589124],[13.983887,46.589345],[13.983681,46.589538],[13.983334,46.589835],[13.982953,46.590132],[13.982468,46.590464],[13.982153,46.590654],[13.981843,46.590833],[13.981361,46.591079],[13.980877,46.591302],[13.980471,46.591466],[13.980036,46.591629],[13.979718,46.591731],[13.979334,46.591851],[13.978908,46.591964],[13.978442,46.59207],[13.978001,46.592158],[13.977542,46.592233],[13.977088,46.592295],[13.976609,46.592345],[13.976093,46.59238],[13.975564,46.592397],[13.975047,46.5924],[13.974394,46.592372],[13.973702,46.592312],[13.972974,46.592215],[13.972058,46.592057],[13.970919,46.591839],[13.969745,46.591628],[13.96882,46.591501],[13.967892,46.591394],[13.966509,46.591304],[13.966022,46.591292],[13.965149,46.591271],[13.964371,46.591284],[13.96353,46.591312],[13.961885,46.591421],[13.960155,46.591573],[13.958431,46.591762],[13.957452,46.591895],[13.956945,46.591985],[13.956485,46.592067],[13.956389,46.592084],[13.955485,46.592301],[13.955034,46.592434],[13.95418,46.592707],[13.953572,46.592901],[13.953507,46.592923],[13.952764,46.593173],[13.952093,46.5934],[13.950866,46.593805],[13.948566,46.594571],[13.948482,46.594599],[13.947606,46.594895],[13.946036,46.595547],[13.944336,46.596218],[13.942935,46.5968],[13.941467,46.597331],[13.939844,46.598134],[13.939697,46.598216],[13.939381,46.598392],[13.938945,46.598653],[13.938499,46.598915],[13.93808,46.599195],[13.937452,46.59962],[13.936881,46.600093],[13.936489,46.600459],[13.936161,46.600825],[13.935942,46.601107],[13.935763,46.601375],[13.935723,46.601441],[13.93552,46.601779],[13.935211,46.602456],[13.934852,46.603326],[13.93464,46.603781],[13.934542,46.603965],[13.93429,46.604371],[13.933964,46.604817],[13.933749,46.605078],[13.93349,46.605352],[13.933285,46.605557],[13.932927,46.605882],[13.932442,46.606269],[13.931691,46.606778],[13.931083,46.607136],[13.930676,46.607356],[13.92964,46.607869],[13.929288,46.608029],[13.928998,46.608165],[13.925826,46.609567],[13.925595,46.609662],[13.923666,46.610467],[13.922458,46.610952],[13.921998,46.611135],[13.920799,46.611604],[13.919354,46.61213],[13.918532,46.612406],[13.917389,46.612774],[13.915858,46.613218],[13.914792,46.613487],[13.912824,46.613963],[13.911527,46.61426],[13.910858,46.614421],[13.910251,46.614574],[13.909739,46.614734],[13.909227,46.614907],[13.90862,46.615147],[13.908136,46.61537],[13.907612,46.615641],[13.907127,46.615932],[13.906631,46.616259],[13.906169,46.616619],[13.905851,46.616875],[13.905552,46.617146],[13.90482,46.617854],[13.904566,46.618072],[13.904394,46.618238],[13.904031,46.6186],[13.90374,46.61886],[13.903261,46.619373],[13.902679,46.619992],[13.902322,46.620388],[13.902018,46.620719],[13.900863,46.622056],[13.900409,46.622609],[13.900168,46.622913],[13.899801,46.623379],[13.898769,46.624825],[13.898499,46.625254],[13.898148,46.625812],[13.897719,46.626577],[13.897506,46.62697],[13.897265,46.627454],[13.897212,46.627563],[13.897021,46.627966],[13.896582,46.628978],[13.895792,46.631027],[13.895119,46.632797],[13.894735,46.633654],[13.894276,46.634516],[13.893807,46.635255],[13.893286,46.635985],[13.892844,46.636534],[13.89268,46.636738],[13.891992,46.637486],[13.891239,46.638206],[13.89059,46.638892],[13.887336,46.641512],[13.8868,46.641942],[13.886526,46.642175],[13.885163,46.643225],[13.883752,46.644287],[13.882471,46.645216],[13.881145,46.646146],[13.881008,46.646249],[13.880913,46.646312],[13.880076,46.646849],[13.878948,46.647545],[13.877836,46.648165],[13.877592,46.648291],[13.876943,46.648627],[13.875879,46.649136],[13.875751,46.649189],[13.87543,46.649339],[13.875032,46.649515],[13.874736,46.649635],[13.873844,46.649995],[13.873135,46.650262],[13.872355,46.650538],[13.871674,46.650767],[13.870558,46.651107],[13.869883,46.651298],[13.869033,46.651518],[13.868693,46.651595],[13.868153,46.651711],[13.867632,46.651813],[13.867251,46.651877],[13.866925,46.651931],[13.86656,46.651982],[13.866192,46.652024],[13.86607,46.652038],[13.865803,46.652063],[13.865392,46.652096],[13.864828,46.652128],[13.863399,46.652115],[13.861963,46.652029],[13.842278,46.649436],[13.83862,46.648864],[13.836782,46.648552],[13.832493,46.647577],[13.814832,46.643019],[13.811509,46.642211],[13.810674,46.642024],[13.81008,46.641909],[13.80993,46.64188],[13.809802,46.641856],[13.8094,46.641782],[13.808664,46.641671],[13.807879,46.641564],[13.807412,46.641512],[13.806688,46.641451],[13.805936,46.641413],[13.805533,46.641409],[13.805287,46.641406],[13.804597,46.641426],[13.803966,46.641469],[13.803357,46.641528],[13.802606,46.641637],[13.801918,46.641768],[13.801362,46.6419],[13.801056,46.641977],[13.800928,46.642013],[13.800665,46.642088],[13.800005,46.642305],[13.799356,46.642534],[13.799171,46.642605],[13.798391,46.642904],[13.797858,46.643109],[13.797251,46.643333],[13.796652,46.643539],[13.79599,46.643749],[13.795397,46.643912],[13.794754,46.644065],[13.794039,46.644206],[13.793115,46.644341],[13.792353,46.644417],[13.791621,46.644464],[13.79084,46.644481],[13.790081,46.644466],[13.789224,46.644423],[13.788288,46.644346],[13.787261,46.644256],[13.786579,46.644205],[13.785633,46.644154],[13.784986,46.644148],[13.784228,46.644166],[13.783458,46.644226],[13.782721,46.644312],[13.782265,46.644385],[13.781607,46.644509],[13.780986,46.644656],[13.780474,46.644797],[13.779938,46.64497],[13.779458,46.645134],[13.778973,46.645318],[13.778087,46.645675],[13.777312,46.64599],[13.776577,46.646271],[13.775801,46.646533],[13.775189,46.646719],[13.774483,46.646903],[13.773832,46.647047],[13.773202,46.647163],[13.772523,46.647267],[13.771934,46.64734],[13.770941,46.647434],[13.770091,46.647495],[13.768291,46.647621],[13.766946,46.647728],[13.765697,46.647846],[13.765592,46.647856],[13.764399,46.64798],[13.763317,46.648114],[13.763182,46.648131],[13.761847,46.648305],[13.760547,46.648497],[13.759335,46.648695],[13.757805,46.648968],[13.756121,46.649301],[13.754315,46.649688],[13.752302,46.650128],[13.752151,46.650161],[13.749587,46.650749],[13.749379,46.650799],[13.748227,46.651077],[13.747014,46.65139],[13.746166,46.651629],[13.744854,46.652034],[13.744021,46.65232],[13.743866,46.652378],[13.743225,46.652613],[13.74304,46.652681],[13.742579,46.652864],[13.742126,46.653044],[13.74124,46.653422],[13.740901,46.653574],[13.740535,46.653745],[13.740504,46.653759],[13.739935,46.654034],[13.739172,46.654419],[13.739049,46.654481],[13.738171,46.654944],[13.737692,46.655207],[13.736796,46.655692],[13.735937,46.656166],[13.734875,46.656738],[13.734367,46.657002],[13.733439,46.657474],[13.73328,46.657554],[13.732211,46.658081],[13.731068,46.658616],[13.729463,46.659346],[13.72736,46.660273],[13.726934,46.660459],[13.726547,46.660631],[13.725695,46.661014],[13.725184,46.66125],[13.724432,46.661603],[13.724324,46.661653],[13.72264,46.662438],[13.721809,46.662852],[13.721068,46.663284],[13.720355,46.663751],[13.719599,46.664329],[13.718049,46.665776],[13.717671,46.66611],[13.717247,46.666493],[13.716676,46.667016],[13.716607,46.667077],[13.715997,46.667598],[13.715316,46.66812],[13.714949,46.668379],[13.714585,46.668615],[13.713954,46.668993],[13.713147,46.66941],[13.712569,46.669672],[13.711743,46.670006],[13.711091,46.670261],[13.709767,46.670717],[13.708969,46.670987],[13.708114,46.671266],[13.70731,46.671537],[13.70603,46.671924],[13.704368,46.672437],[13.703808,46.672622],[13.703185,46.672865],[13.703069,46.672909],[13.702538,46.673118],[13.701807,46.67345],[13.700807,46.673923],[13.700013,46.674313],[13.699096,46.674745],[13.697903,46.675251],[13.697096,46.675602],[13.69624,46.675953],[13.695429,46.676272],[13.693928,46.676848],[13.691718,46.677661],[13.689887,46.678318],[13.688249,46.678879],[13.686964,46.679293],[13.685672,46.679681],[13.68483,46.679912],[13.68414,46.680086],[13.683416,46.680247],[13.682644,46.6804],[13.681899,46.680523],[13.680963,46.680651],[13.68046,46.680705],[13.680083,46.680748],[13.678384,46.680913],[13.677442,46.681018],[13.676728,46.681125],[13.675857,46.681301],[13.675238,46.681453],[13.674773,46.68159],[13.674239,46.681762],[13.67356,46.682015],[13.673132,46.682186],[13.672068,46.68261],[13.671286,46.682907],[13.671066,46.68298],[13.670632,46.683123],[13.670342,46.683208],[13.669686,46.68338],[13.669061,46.683516],[13.668327,46.683649],[13.66746,46.683782],[13.66654,46.683906],[13.666061,46.683976],[13.665605,46.684047],[13.664955,46.684167],[13.664053,46.68435],[13.663521,46.684469],[13.662427,46.684756],[13.661456,46.685063],[13.660574,46.685378],[13.659599,46.68577],[13.658401,46.686328],[13.657299,46.686898],[13.656404,46.687388],[13.655237,46.688046],[13.654081,46.68875],[13.653028,46.689416],[13.651987,46.690105],[13.651266,46.690597],[13.650857,46.690868],[13.65009,46.691468],[13.649501,46.691963],[13.649121,46.692314],[13.648824,46.692615],[13.648473,46.693],[13.648254,46.693266],[13.647918,46.693709],[13.647689,46.694046],[13.647362,46.694575],[13.647071,46.695083],[13.646659,46.695844],[13.646492,46.696164],[13.646027,46.697015],[13.645743,46.697492],[13.64543,46.697932],[13.645233,46.698177],[13.645064,46.69838],[13.644812,46.698674],[13.644535,46.698943],[13.644374,46.699098],[13.643839,46.699536],[13.643354,46.699894],[13.642838,46.700228],[13.642324,46.700537],[13.642134,46.700646],[13.641778,46.700854],[13.640482,46.701563],[13.639398,46.702195],[13.638873,46.702516],[13.638194,46.70299],[13.637708,46.703382],[13.637292,46.703743],[13.636709,46.704303],[13.636188,46.704834],[13.635791,46.705261],[13.633946,46.70727],[13.633104,46.708146],[13.632561,46.708654],[13.632108,46.709037],[13.631495,46.709507],[13.630836,46.709948],[13.630739,46.710011],[13.62962,46.710667],[13.628975,46.711008],[13.625791,46.71263],[13.624509,46.713293],[13.623743,46.713729],[13.623224,46.714063],[13.622755,46.714391],[13.622308,46.714727],[13.622233,46.714793],[13.621679,46.715298],[13.621304,46.715682],[13.620817,46.716199],[13.620429,46.716662],[13.619969,46.717216],[13.619371,46.717919],[13.618657,46.718751],[13.618197,46.719282],[13.617462,46.720064],[13.617331,46.720204],[13.616865,46.720697],[13.616415,46.721141],[13.615422,46.722073],[13.614488,46.722922],[13.613904,46.723446],[13.612367,46.724823],[13.611578,46.725516],[13.610949,46.726034],[13.610868,46.726104],[13.610311,46.726529],[13.609784,46.726909],[13.609158,46.727332],[13.608305,46.727875],[13.607268,46.728491],[13.605356,46.729595],[13.604538,46.730051],[13.603917,46.730388],[13.60301,46.730873],[13.602784,46.730994],[13.602608,46.731089],[13.602482,46.731148],[13.600318,46.73223],[13.599327,46.73272],[13.598299,46.733251],[13.597732,46.733576],[13.597362,46.733803],[13.596864,46.734137],[13.596381,46.734486],[13.595783,46.734971],[13.595282,46.735413],[13.59429,46.736315],[13.593716,46.736807],[13.593245,46.737183],[13.592842,46.737464],[13.592755,46.737524],[13.592567,46.737647],[13.592064,46.73795],[13.591542,46.738235],[13.591155,46.738428],[13.590194,46.738883],[13.58957,46.739167],[13.589094,46.739402],[13.588657,46.739633],[13.588075,46.739973],[13.58757,46.740306],[13.58693,46.740775],[13.586066,46.741434],[13.585532,46.741825],[13.584623,46.742448],[13.584089,46.742783],[13.583461,46.743155],[13.582565,46.743645],[13.581508,46.744197],[13.581406,46.744249],[13.580786,46.744562],[13.580126,46.744928],[13.579565,46.745267],[13.579051,46.745622],[13.578488,46.746047],[13.577954,46.746514],[13.577598,46.746862],[13.577222,46.747285],[13.576816,46.747815],[13.574951,46.750382],[13.574606,46.750815],[13.574129,46.751318],[13.573685,46.751726],[13.573288,46.752049],[13.572726,46.75246],[13.571943,46.752989],[13.571621,46.753209],[13.571526,46.753272],[13.570445,46.754],[13.570046,46.754282],[13.56951,46.754692],[13.569175,46.754981],[13.568924,46.755215],[13.568528,46.755606],[13.568176,46.756003],[13.567591,46.756752],[13.56707,46.75747],[13.566499,46.758254],[13.566195,46.75865],[13.565844,46.759106],[13.565404,46.759643],[13.565083,46.760016],[13.564462,46.760688],[13.564137,46.761025],[13.563823,46.761334],[13.563139,46.761979],[13.562552,46.762497],[13.561856,46.763089],[13.561067,46.763742],[13.560202,46.764437],[13.558462,46.76584],[13.557289,46.766782],[13.556253,46.767654],[13.555538,46.768292],[13.554954,46.768849],[13.554386,46.769421],[13.5539,46.769938],[13.553083,46.770848],[13.552962,46.771016],[13.552336,46.77179],[13.55188,46.772381],[13.551169,46.773349],[13.550845,46.773807],[13.550714,46.773997],[13.550385,46.774463],[13.549959,46.775058],[13.549529,46.775623],[13.549209,46.77601],[13.54885,46.776409],[13.548417,46.776852],[13.548108,46.777149],[13.547646,46.777561],[13.547432,46.777741],[13.546961,46.778122],[13.546671,46.778345],[13.546167,46.7787],[13.54606,46.778776],[13.545635,46.779065],[13.545293,46.779289],[13.544102,46.780032],[13.543568,46.780361],[13.542565,46.780961],[13.542205,46.781172],[13.54165,46.781511],[13.541558,46.781569],[13.541281,46.78174],[13.541198,46.78179],[13.539206,46.783023],[13.538208,46.783611],[13.537249,46.78416],[13.536494,46.784566],[13.53586,46.784903],[13.534846,46.785397],[13.533901,46.785819],[13.532999,46.786196],[13.532056,46.786558],[13.530018,46.787289],[13.52893,46.787673],[13.527868,46.788061],[13.526852,46.788459],[13.52588,46.788865],[13.524969,46.789271],[13.524002,46.789727],[13.522957,46.790258],[13.522575,46.79046],[13.522357,46.790578],[13.522202,46.790665],[13.521877,46.790853],[13.5214,46.791136],[13.521073,46.791346],[13.520694,46.791591],[13.520241,46.791899],[13.519698,46.792287],[13.519502,46.792437],[13.519363,46.792556],[13.519338,46.792578],[13.518944,46.792945],[13.518723,46.793172],[13.518555,46.793369],[13.518296,46.793737],[13.518097,46.794085],[13.518031,46.794221],[13.517931,46.794484],[13.517823,46.79485],[13.517762,46.795231],[13.517747,46.795623],[13.51776,46.795849],[13.517779,46.79601],[13.51783,46.796284],[13.517905,46.796552],[13.517991,46.79679],[13.518072,46.797001],[13.518115,46.797105],[13.518304,46.79755],[13.519159,46.799506],[13.519919,46.801126],[13.520411,46.802272],[13.520788,46.803246],[13.520893,46.803797],[13.520915,46.804344],[13.5208,46.804902],[13.520669,46.805404],[13.520554,46.805685],[13.520443,46.805887],[13.520297,46.806113],[13.520052,46.806432],[13.519846,46.806658],[13.519585,46.80691],[13.519224,46.807198],[13.518904,46.807425],[13.518614,46.807605],[13.518261,46.807805],[13.517635,46.808126],[13.517033,46.808404],[13.516474,46.808634],[13.515787,46.808881],[13.515382,46.809021],[13.513632,46.809564],[13.5118,46.810117],[13.510905,46.810385],[13.509947,46.810671],[13.508928,46.810987],[13.507606,46.811401],[13.505725,46.812034],[13.504064,46.812636],[13.503061,46.813016],[13.502269,46.813333],[13.501742,46.813544],[13.5011,46.813807],[13.500799,46.813938],[13.500662,46.813997],[13.499806,46.814368],[13.498673,46.814883],[13.498073,46.815164],[13.497499,46.815435],[13.496513,46.815924],[13.496043,46.816165],[13.495419,46.8165],[13.494734,46.816877],[13.494194,46.817184],[13.494063,46.817263],[13.493636,46.817522],[13.493359,46.817698],[13.492711,46.818111],[13.492179,46.818476],[13.491357,46.819073],[13.490894,46.819426],[13.490449,46.819792],[13.490009,46.820176],[13.489611,46.820545],[13.489308,46.820836],[13.488918,46.821245],[13.48865,46.821547],[13.488247,46.822027],[13.488031,46.8223],[13.487694,46.822778],[13.48752,46.823046],[13.487258,46.823479],[13.487048,46.823861],[13.487007,46.82393],[13.486827,46.824315],[13.486633,46.824802],[13.486514,46.825154],[13.486366,46.825616],[13.48625,46.826191],[13.48623,46.826351],[13.486168,46.82686],[13.486148,46.827503],[13.486167,46.827834],[13.486195,46.828135],[13.486247,46.828494],[13.48631,46.828822],[13.486386,46.829144],[13.486486,46.829471],[13.48658,46.82975],[13.486737,46.830158],[13.487122,46.830923],[13.4873,46.831225],[13.487473,46.831499],[13.487635,46.831722],[13.48769,46.831796],[13.48787,46.832042],[13.488152,46.832387],[13.488453,46.832722],[13.489195,46.833452],[13.489567,46.833791],[13.489691,46.833902],[13.490741,46.834748],[13.491972,46.835688],[13.492718,46.836255],[13.493695,46.837022],[13.494409,46.837639],[13.495,46.838201],[13.495744,46.839091],[13.496087,46.839545],[13.496262,46.83979],[13.496442,46.840045],[13.496775,46.840547],[13.497094,46.841048],[13.497578,46.841857],[13.497997,46.842678],[13.498216,46.843266],[13.498363,46.843769],[13.498433,46.844245],[13.498472,46.844784],[13.49845,46.845357],[13.498359,46.846375],[13.498263,46.847437],[13.498217,46.848132],[13.498219,46.848417],[13.498224,46.848786],[13.498272,46.849653],[13.498391,46.850524],[13.498645,46.852059],[13.498726,46.852417],[13.498825,46.852856],[13.499113,46.853874],[13.499403,46.854624],[13.499759,46.855353],[13.499849,46.855501],[13.50032,46.856277],[13.500482,46.856517],[13.50063,46.856735],[13.500879,46.857105],[13.502052,46.858888],[13.50235,46.859386],[13.502633,46.859885],[13.502823,46.860253],[13.503167,46.860944],[13.503482,46.861643],[13.504051,46.863055],[13.504338,46.863754],[13.504529,46.864242],[13.504812,46.865062],[13.505053,46.865821],[13.505298,46.866809],[13.505469,46.867684],[13.505498,46.867921],[13.505611,46.868961],[13.505679,46.869959],[13.505721,46.870955],[13.50575,46.871456],[13.505801,46.871957],[13.505887,46.872451],[13.506023,46.872941],[13.506159,46.873314],[13.506304,46.873627],[13.506396,46.873806],[13.506578,46.874115],[13.506852,46.874533],[13.507329,46.875112],[13.508092,46.875865],[13.508753,46.876455],[13.509229,46.876884],[13.509524,46.877163],[13.509968,46.877645],[13.510186,46.87794],[13.510552,46.878514],[13.510833,46.8791],[13.510983,46.879555],[13.511062,46.87988],[13.511096,46.880017],[13.511485,46.881825],[13.511741,46.882581],[13.512261,46.883458],[13.512661,46.883962],[13.513099,46.884394],[13.513742,46.884934],[13.514498,46.885464],[13.516042,46.886514],[13.516071,46.886534],[13.516662,46.887009],[13.517219,46.887532],[13.517757,46.888166],[13.518193,46.888785],[13.518369,46.889043],[13.518463,46.889191],[13.519055,46.890103],[13.519342,46.890509],[13.519691,46.890948],[13.520091,46.891391],[13.52041,46.891707],[13.520769,46.892012],[13.521662,46.892665],[13.522851,46.893434],[13.524013,46.894218],[13.52493,46.895037],[13.525693,46.895899],[13.526384,46.896725],[13.526691,46.897072],[13.527209,46.897586],[13.527671,46.89797],[13.528199,46.898329],[13.528454,46.898479],[13.528772,46.89865],[13.529392,46.898935],[13.529648,46.899033],[13.52995,46.899145],[13.530391,46.899279],[13.530724,46.899374],[13.530989,46.899435],[13.531352,46.899501],[13.531682,46.899556],[13.532042,46.899603],[13.532731,46.899681],[13.534121,46.899714],[13.535953,46.899721],[13.536531,46.899744],[13.536829,46.899761],[13.537109,46.899788],[13.537503,46.899837],[13.537859,46.899899],[13.538456,46.900038],[13.539289,46.900309],[13.539964,46.900608],[13.540591,46.900965],[13.541023,46.901269],[13.541407,46.901599],[13.541627,46.901818],[13.541699,46.901901],[13.541771,46.901975],[13.542079,46.902383],[13.542306,46.902743],[13.542869,46.903892],[13.54314,46.904432],[13.543547,46.905127],[13.543683,46.905336],[13.543994,46.905744],[13.544292,46.906116],[13.544624,46.906448],[13.545015,46.90682],[13.545446,46.907172],[13.545938,46.907525],[13.54633,46.907789],[13.547236,46.908304],[13.548354,46.908809],[13.549209,46.909116],[13.5499,46.909344],[13.552007,46.909961],[13.553053,46.910292],[13.554075,46.910665],[13.554949,46.911031],[13.555817,46.911453],[13.556831,46.912014],[13.557524,46.91245],[13.558189,46.912914],[13.559044,46.913555],[13.559918,46.914203],[13.560859,46.91487],[13.561808,46.915481],[13.562668,46.915969],[13.563605,46.916441],[13.564701,46.916929],[13.566153,46.917464],[13.567283,46.917813],[13.568449,46.918124],[13.570701,46.918666],[13.57232,46.91906],[13.573695,46.919372],[13.576426,46.920022],[13.577927,46.920389],[13.578874,46.920658],[13.579776,46.920955],[13.580396,46.921201],[13.581023,46.921458],[13.581506,46.921692],[13.581998,46.921937],[13.582426,46.922169],[13.583094,46.922564],[13.583444,46.922788],[13.584152,46.923294],[13.584866,46.923826],[13.585958,46.924654],[13.586676,46.925176],[13.587414,46.925684],[13.588399,46.9263],[13.589453,46.926884],[13.590429,46.927394],[13.59149,46.927885],[13.594619,46.929257],[13.597491,46.930524],[13.59873,46.931115],[13.599433,46.931477],[13.600113,46.931858],[13.600652,46.932162],[13.601758,46.932858],[13.602825,46.933588],[13.603656,46.934222],[13.60446,46.934878],[13.605237,46.935568],[13.605898,46.936215],[13.606529,46.936888],[13.607143,46.9376],[13.607718,46.93834],[13.608448,46.93942],[13.608784,46.939971],[13.609098,46.940531],[13.609576,46.941501],[13.609901,46.942255],[13.610742,46.944494],[13.611171,46.945616],[13.611397,46.946182],[13.611626,46.94674],[13.612557,46.948961],[13.612664,46.949237],[13.613,46.950089],[13.613406,46.951185],[13.613785,46.952256],[13.613957,46.952751],[13.614143,46.953316],[13.614497,46.954342],[13.614798,46.955235],[13.615035,46.955875],[13.615194,46.95623],[13.615533,46.95687],[13.615888,46.957366],[13.616271,46.95778],[13.616767,46.958222],[13.617138,46.958506],[13.61777,46.95896],[13.618538,46.959495],[13.619046,46.959879],[13.619579,46.960301],[13.620004,46.960696],[13.620408,46.961175],[13.620673,46.961572],[13.620908,46.962009],[13.621082,46.962443],[13.621196,46.962869],[13.62129,46.963468],[13.621337,46.963955],[13.62139,46.965144],[13.621417,46.965363],[13.621534,46.966068],[13.621619,46.966382],[13.621725,46.96671],[13.621835,46.967],[13.622118,46.967678],[13.622507,46.96854],[13.622904,46.969544],[13.623124,46.970256],[13.623219,46.97072],[13.623255,46.971096],[13.623307,46.971733],[13.623307,46.97365],[13.623313,46.975455],[13.623316,46.977],[13.623312,46.978858],[13.62334,46.979832],[13.623402,46.980508],[13.623524,46.981365],[13.623695,46.98217],[13.623729,46.982365],[13.623974,46.983578],[13.624041,46.984159],[13.624058,46.984744],[13.624014,46.985554],[13.623886,46.986348],[13.623626,46.987317],[13.623314,46.988394],[13.623042,46.989383],[13.6228,46.990375],[13.622651,46.991058],[13.622366,46.992374],[13.622268,46.99278],[13.622109,46.993257],[13.62189,46.993745],[13.621651,46.994167],[13.621299,46.994723],[13.621102,46.994994],[13.620538,46.995829],[13.620342,46.996195],[13.620174,46.99661],[13.620076,46.996872],[13.62,46.997187],[13.61997,46.997336],[13.619921,46.997992],[13.619957,46.99842],[13.620043,46.998853],[13.620239,46.99955],[13.620439,47.000166],[13.620605,47.000795],[13.620696,47.001316],[13.620753,47.002054],[13.620751,47.002595],[13.620727,47.003208],[13.620663,47.004144],[13.620566,47.005079],[13.620269,47.006857],[13.619938,47.008243],[13.619848,47.008582],[13.619585,47.009472],[13.619086,47.010942],[13.618302,47.012968],[13.617866,47.014029],[13.617432,47.014977],[13.617193,47.015448],[13.616948,47.015893],[13.616389,47.0168],[13.615627,47.017849],[13.614753,47.018888],[13.613642,47.019994],[13.613334,47.02027],[13.612863,47.020681],[13.611769,47.021546],[13.610979,47.022108],[13.609827,47.022847],[13.607281,47.024401],[13.607021,47.024572],[13.606462,47.024933],[13.60546,47.025634],[13.604934,47.026027],[13.603768,47.02695],[13.603508,47.027162],[13.603274,47.02737],[13.602623,47.027933],[13.601745,47.028777],[13.601645,47.028875],[13.601383,47.029135],[13.601048,47.029479],[13.600621,47.029936],[13.600217,47.030409],[13.599941,47.030751],[13.599719,47.03105],[13.599521,47.031333],[13.599161,47.031869],[13.598851,47.032366],[13.598373,47.03316],[13.597316,47.034918],[13.59675,47.035859],[13.596399,47.036493],[13.596076,47.037115],[13.595807,47.037683],[13.595578,47.038217],[13.595323,47.038858],[13.59507,47.03953],[13.594858,47.040164],[13.594674,47.040785],[13.59454,47.041279],[13.594444,47.041719],[13.594348,47.042208],[13.594075,47.043667],[13.593798,47.045148],[13.593506,47.046708],[13.593073,47.049025],[13.592658,47.051242],[13.592177,47.053813],[13.591718,47.056271],[13.591619,47.056839],[13.591522,47.057482],[13.591449,47.058065],[13.591378,47.058755],[13.591349,47.059164],[13.591324,47.059679],[13.591305,47.060202],[13.591298,47.060816],[13.591297,47.061345],[13.591307,47.061871],[13.59133,47.062354],[13.591356,47.062765],[13.591419,47.063363],[13.591491,47.063951],[13.591586,47.064581],[13.591744,47.065499],[13.591895,47.066252],[13.59244,47.068815],[13.592963,47.071275],[13.593499,47.073796],[13.593865,47.075519],[13.594045,47.076365],[13.594089,47.076537],[13.594144,47.076718],[13.594202,47.076888],[13.59427,47.077047],[13.594334,47.077186],[13.594427,47.07736],[13.594528,47.077529],[13.594655,47.077716],[13.594798,47.077903],[13.594961,47.078097],[13.595149,47.078295],[13.59536,47.0785],[13.595575,47.078678],[13.59577,47.07883],[13.595964,47.078966],[13.596225,47.079133],[13.596492,47.079287],[13.596763,47.079429],[13.597044,47.079556],[13.597337,47.079674],[13.597652,47.079788],[13.597951,47.079884],[13.598255,47.079973],[13.598567,47.080058],[13.59911,47.080201],[13.599545,47.080322],[13.600021,47.080468],[13.600685,47.080726],[13.601365,47.081085],[13.601694,47.081286],[13.601993,47.0815],[13.602325,47.08176],[13.602655,47.082038],[13.603713,47.082918],[13.605254,47.084002],[13.605738,47.084442],[13.60611,47.084872],[13.606499,47.08549],[13.606711,47.086057],[13.606824,47.086654],[13.606873,47.087147],[13.606963,47.087648],[13.607079,47.088096],[13.607284,47.08854],[13.607581,47.089005],[13.607962,47.089442],[13.608363,47.089856],[13.608753,47.09026],[13.608894,47.090414],[13.609122,47.090671],[13.609293,47.090913],[13.609409,47.091082],[13.609517,47.091269],[13.609604,47.091426],[13.609655,47.091545],[13.609816,47.091962],[13.609927,47.092323],[13.609944,47.092629],[13.60998,47.092866],[13.609998,47.093098],[13.610001,47.093414],[13.609985,47.093668],[13.609972,47.093748],[13.609957,47.093855],[13.609936,47.093964],[13.609916,47.09407],[13.609759,47.094547],[13.609707,47.09471],[13.609634,47.094893],[13.609466,47.095217],[13.609366,47.095396],[13.609234,47.095583],[13.609053,47.095825],[13.608777,47.096144],[13.608607,47.096317],[13.608396,47.096512],[13.608088,47.096779],[13.607999,47.096843],[13.607605,47.097118],[13.607231,47.09735],[13.606818,47.097576],[13.606319,47.097813],[13.605817,47.09803],[13.604243,47.098646],[13.603554,47.098935],[13.602772,47.099312],[13.602048,47.099724],[13.601564,47.100036],[13.601088,47.100367],[13.600613,47.100741],[13.600274,47.10104],[13.599903,47.101398],[13.599548,47.101783],[13.599167,47.102228],[13.59889,47.102595],[13.598491,47.103141],[13.597758,47.104132],[13.59707,47.104912],[13.5963,47.105655],[13.594483,47.107186],[13.593025,47.108347],[13.592075,47.1091],[13.591547,47.109505],[13.591336,47.109666],[13.591138,47.109818],[13.591054,47.109883],[13.590691,47.110156],[13.590114,47.110583],[13.589547,47.111002],[13.588347,47.111866],[13.587175,47.1127],[13.585864,47.113597],[13.584707,47.114365],[13.583994,47.114797],[13.583579,47.115034],[13.583005,47.115338],[13.582389,47.115652],[13.581378,47.116093],[13.580385,47.116482],[13.579472,47.116792],[13.578728,47.117038],[13.577038,47.117612],[13.575344,47.118241],[13.574502,47.118581],[13.573502,47.118993],[13.57255,47.119409],[13.571893,47.119711],[13.571138,47.120061],[13.570175,47.120533],[13.56899,47.121153],[13.567825,47.121794],[13.566871,47.122346],[13.565982,47.122885],[13.564941,47.123547],[13.564065,47.124118],[13.563401,47.124546],[13.562955,47.124826],[13.56212,47.125351],[13.561181,47.125881],[13.560189,47.12637],[13.559496,47.12668],[13.558746,47.126988],[13.557873,47.127316],[13.557208,47.127536],[13.55655,47.127738],[13.55547,47.128064],[13.554828,47.128273],[13.554142,47.128525],[13.553776,47.128691],[13.553223,47.128945],[13.552781,47.129184],[13.552421,47.129403],[13.551756,47.129842],[13.550536,47.130644],[13.549261,47.131506],[13.548498,47.132026],[13.547573,47.132654],[13.545695,47.133886],[13.544959,47.134336],[13.544272,47.134739],[13.543571,47.135139],[13.543327,47.135274],[13.542335,47.13578],[13.542249,47.135823],[13.54212,47.135883],[13.541244,47.136298],[13.540036,47.136818],[13.539407,47.13707],[13.538772,47.137312],[13.537966,47.137593],[13.536984,47.1379],[13.535682,47.138299],[13.534608,47.138635],[13.534098,47.138822],[13.533235,47.139184],[13.532366,47.139581],[13.530462,47.140474],[13.529741,47.140796],[13.52893,47.141117],[13.528085,47.141382],[13.526996,47.141716],[13.525947,47.142054],[13.525415,47.142267],[13.524903,47.142505],[13.524411,47.142761],[13.523941,47.143049],[13.523363,47.143457],[13.521466,47.144967],[13.520852,47.145383],[13.520791,47.145425],[13.519992,47.145925],[13.51977,47.146052],[13.519453,47.146224],[13.519135,47.146381],[13.5188,47.146539],[13.518273,47.146762],[13.517744,47.146979],[13.517243,47.147171],[13.516728,47.14735],[13.515807,47.147645],[13.515611,47.147709],[13.51238,47.148704],[13.511849,47.148891],[13.511325,47.149106],[13.510757,47.149369],[13.510206,47.149647],[13.509048,47.150256],[13.50803,47.150827],[13.507683,47.151056],[13.507392,47.151289],[13.50717,47.151492],[13.506988,47.151705],[13.506794,47.151914],[13.506509,47.152235],[13.505869,47.153099],[13.50565,47.153334],[13.505402,47.153571],[13.505112,47.153798],[13.504834,47.154016],[13.504555,47.15421],[13.504243,47.15439],[13.504052,47.154483],[13.503825,47.154596],[13.503429,47.154779],[13.503039,47.154931],[13.502753,47.155013],[13.502517,47.155084],[13.502102,47.155197],[13.501797,47.155254],[13.501546,47.155303],[13.501071,47.155368],[13.500379,47.155462],[13.499566,47.15552],[13.496966,47.155666],[13.495355,47.155772],[13.494902,47.155817],[13.494228,47.155912],[13.493568,47.156055],[13.492956,47.156233],[13.492373,47.156439],[13.491801,47.156688],[13.49131,47.156941],[13.490084,47.157668],[13.489635,47.157887],[13.489231,47.158065],[13.488924,47.158185],[13.488453,47.15835],[13.487926,47.158497],[13.486905,47.158706],[13.48631,47.158842],[13.485938,47.158933],[13.485606,47.159029],[13.485254,47.159151],[13.484961,47.159255],[13.484496,47.159448],[13.484026,47.159681],[13.483801,47.159811],[13.483588,47.159936],[13.483165,47.160218],[13.482833,47.160468],[13.482529,47.16073],[13.482063,47.161123],[13.481847,47.161298],[13.480958,47.161903],[13.480679,47.162057],[13.480558,47.162115],[13.479919,47.162428],[13.479433,47.162623],[13.478946,47.1628],[13.478591,47.162912],[13.478062,47.163054],[13.477529,47.163172],[13.477149,47.163243],[13.476725,47.163311],[13.476414,47.163348],[13.476095,47.163383],[13.475045,47.163449],[13.473982,47.163501],[13.472895,47.163557],[13.472137,47.163605],[13.471459,47.163679],[13.471081,47.16374],[13.470646,47.163826],[13.4702,47.163934],[13.469998,47.163995],[13.469559,47.164128],[13.46903,47.164322],[13.468574,47.164524],[13.468149,47.164743],[13.467741,47.16498],[13.467346,47.16525],[13.466979,47.165524],[13.466642,47.16583],[13.46635,47.166144],[13.466172,47.166358],[13.466009,47.166566],[13.465703,47.167009],[13.465401,47.167439],[13.465077,47.167853],[13.464636,47.168307],[13.464125,47.168703],[13.463809,47.168921],[13.463621,47.169049],[13.462891,47.169432],[13.462182,47.16974],[13.461357,47.170056],[13.460363,47.17041],[13.459222,47.170825],[13.45847,47.171099],[13.458118,47.17122],[13.457479,47.171453],[13.456982,47.171624],[13.456563,47.171764],[13.456132,47.171896],[13.455542,47.172058],[13.454886,47.17222],[13.454204,47.172368],[13.453001,47.172607],[13.452261,47.172772],[13.45197,47.172845],[13.451597,47.172957],[13.451253,47.173072],[13.450871,47.173213],[13.450499,47.173366],[13.450124,47.173536],[13.449767,47.173724],[13.449402,47.173931],[13.44897,47.174215],[13.448723,47.174391],[13.448398,47.174646],[13.448026,47.174938],[13.447518,47.175364],[13.447033,47.175764],[13.446135,47.176505],[13.445691,47.176869],[13.445556,47.176976],[13.445227,47.177228],[13.444889,47.177471],[13.444539,47.177693],[13.444158,47.177912],[13.443775,47.17812],[13.443081,47.178487],[13.442321,47.178898],[13.441771,47.179203],[13.441456,47.179406],[13.441134,47.179646],[13.441007,47.17977],[13.440447,47.180283],[13.439948,47.180836],[13.439588,47.181241],[13.439517,47.181317],[13.438927,47.181955],[13.438794,47.182099],[13.438693,47.182208],[13.43859,47.18232],[13.438454,47.182465],[13.436757,47.184279],[13.436201,47.184894],[13.435713,47.185444],[13.435265,47.185962],[13.43493,47.186361],[13.434617,47.186742],[13.434325,47.187112],[13.434057,47.187468],[13.433794,47.187828],[13.433526,47.188219],[13.433287,47.18859],[13.433084,47.188904],[13.432879,47.189226],[13.432676,47.18957],[13.432457,47.189953],[13.432237,47.190362],[13.432017,47.190788],[13.431816,47.191204],[13.431606,47.191649],[13.431422,47.192075],[13.431234,47.192535],[13.430999,47.193165],[13.430852,47.193589],[13.43067,47.194195],[13.430502,47.194792],[13.430236,47.195836],[13.430026,47.196809],[13.429621,47.198693],[13.429194,47.200675],[13.428694,47.202996],[13.428198,47.205301],[13.427682,47.207695],[13.427583,47.208155],[13.427244,47.209728],[13.42681,47.211744],[13.426358,47.213845],[13.425932,47.215824],[13.425512,47.217772],[13.425079,47.219783],[13.42466,47.221726],[13.424316,47.223324],[13.423817,47.225641],[13.423289,47.228092],[13.422792,47.2304],[13.422253,47.232901],[13.421706,47.235438],[13.421556,47.236136],[13.421521,47.236362],[13.421491,47.236591],[13.421481,47.236808],[13.421484,47.237089],[13.421505,47.23737],[13.421537,47.237574],[13.421577,47.237755],[13.421636,47.237945],[13.421747,47.238247],[13.421859,47.238529],[13.422213,47.239421],[13.42222,47.239437],[13.422375,47.239826],[13.42249,47.240108],[13.422742,47.24069],[13.422914,47.241042],[13.423042,47.241255],[13.423303,47.241641],[13.423591,47.241993],[13.423851,47.242268],[13.424042,47.242454],[13.424129,47.242539],[13.424404,47.242781],[13.425011,47.243292],[13.4252,47.243463],[13.42547,47.243729],[13.425713,47.244004],[13.42593,47.244285],[13.426124,47.244574],[13.426302,47.24488],[13.426445,47.245195],[13.426512,47.245358],[13.426559,47.245509],[13.426646,47.245826],[13.426701,47.246143],[13.426737,47.246417],[13.426743,47.246739],[13.426733,47.247021],[13.426701,47.247268],[13.426643,47.247542],[13.426596,47.247746],[13.426507,47.248009],[13.426368,47.248329],[13.426216,47.248643],[13.426009,47.248969],[13.425824,47.249224],[13.425596,47.249504],[13.425208,47.2499],[13.424876,47.250191],[13.424555,47.250439],[13.424054,47.250823],[13.423778,47.251049],[13.423351,47.251424],[13.423004,47.251781],[13.422757,47.252056],[13.422623,47.252223],[13.422424,47.252482],[13.422227,47.252771],[13.422044,47.253084],[13.421888,47.253383],[13.421714,47.253747],[13.421463,47.254309],[13.421296,47.254679],[13.421024,47.255294],[13.420744,47.255914],[13.420519,47.256367],[13.42034,47.256671],[13.420142,47.256978],[13.419928,47.25726],[13.419697,47.25754],[13.419364,47.257903],[13.419054,47.258211],[13.418756,47.258468],[13.418368,47.258808],[13.417929,47.259202],[13.417509,47.2596],[13.417126,47.260014],[13.416778,47.260428],[13.416474,47.260857],[13.416257,47.261206],[13.416023,47.26161],[13.415878,47.261919],[13.415834,47.262023],[13.415677,47.262393],[13.415526,47.26285],[13.415436,47.263184],[13.415364,47.263545],[13.415304,47.263997],[13.415278,47.264305],[13.41526,47.264628],[13.415241,47.265167],[13.415217,47.265646],[13.415185,47.26609],[13.415095,47.266614],[13.415017,47.266933],[13.414937,47.267208],[13.414827,47.267524],[13.414706,47.267833],[13.414547,47.268186],[13.414396,47.268492],[13.414072,47.269121],[13.413748,47.269743],[13.413487,47.270281],[13.413259,47.270796],[13.41308,47.271213],[13.412904,47.27169],[13.412729,47.272215],[13.412603,47.272635],[13.412482,47.273123],[13.41237,47.27365],[13.412295,47.274108],[13.412186,47.274942],[13.412045,47.27657],[13.411985,47.276966],[13.411894,47.27736],[13.411744,47.277815],[13.411532,47.278276],[13.411268,47.278735],[13.410934,47.279183],[13.410384,47.279802],[13.409733,47.280361],[13.409174,47.280757],[13.408538,47.281144],[13.407666,47.281664],[13.406864,47.28219],[13.405899,47.282932],[13.40528,47.283514],[13.403901,47.284944],[13.400452,47.28849],[13.399672,47.289268],[13.399457,47.289486],[13.3989,47.290032],[13.398428,47.290501],[13.39747,47.291483],[13.397164,47.291818],[13.397022,47.291977],[13.396905,47.292114],[13.396279,47.29284],[13.39589,47.293318],[13.395341,47.294024],[13.394847,47.294708],[13.394398,47.295386],[13.394025,47.295994],[13.393907,47.296201],[13.393568,47.296822],[13.393221,47.297556],[13.393008,47.298044],[13.392802,47.29857],[13.392618,47.299098],[13.392508,47.299515],[13.392394,47.300074],[13.392318,47.300745],[13.392306,47.30087],[13.392289,47.301041],[13.392316,47.30176],[13.392531,47.303523],[13.392958,47.306697],[13.393135,47.307704],[13.393271,47.308147],[13.393452,47.308582],[13.393594,47.308849],[13.393718,47.30906],[13.393841,47.309247],[13.393997,47.309474],[13.394115,47.309625],[13.394238,47.309783],[13.394455,47.31005],[13.394858,47.310553],[13.395506,47.311358],[13.396063,47.312097],[13.396399,47.312744],[13.396588,47.313233],[13.396711,47.31372],[13.396753,47.314006],[13.396788,47.314319],[13.396801,47.314566],[13.396798,47.314848],[13.396764,47.315148],[13.396664,47.315687],[13.396576,47.315987],[13.396361,47.31652],[13.396216,47.316803],[13.396093,47.317018],[13.395373,47.318252],[13.39517,47.318679],[13.394996,47.319084],[13.394743,47.319745],[13.394557,47.320564],[13.394477,47.321364],[13.394458,47.321726],[13.394475,47.322122],[13.394509,47.32253],[13.394578,47.32294],[13.394794,47.324085],[13.394947,47.32504],[13.395029,47.325864],[13.39504,47.326597],[13.395006,47.327012],[13.394979,47.327321],[13.39496,47.327532],[13.394947,47.327668],[13.394744,47.328753],[13.394336,47.330454],[13.39413,47.331325],[13.393983,47.332135],[13.393929,47.332954],[13.393952,47.333449],[13.394035,47.334175],[13.394117,47.334744],[13.394224,47.335229],[13.394407,47.335845],[13.394623,47.336467],[13.394729,47.336726],[13.394777,47.336843],[13.395184,47.337817],[13.395357,47.338225],[13.395484,47.338538],[13.395622,47.338875],[13.395742,47.339254],[13.395872,47.339725],[13.395906,47.339885],[13.395996,47.340282],[13.396673,47.344672],[13.396738,47.345148],[13.396928,47.346533],[13.397067,47.347664],[13.397133,47.348392],[13.397163,47.349257],[13.397176,47.350021],[13.397157,47.351317],[13.397168,47.35196],[13.397186,47.352705],[13.397249,47.353452],[13.397415,47.354698],[13.397619,47.355974],[13.397641,47.356118],[13.397663,47.356245],[13.397679,47.35634],[13.397744,47.356805],[13.39779,47.357181],[13.397844,47.357685],[13.397862,47.358155],[13.397868,47.358602],[13.397852,47.359179],[13.397837,47.359387],[13.397774,47.360027],[13.397694,47.360577],[13.39763,47.360919],[13.397536,47.36133],[13.397489,47.361528],[13.397364,47.361971],[13.397203,47.362483],[13.397093,47.362823],[13.396847,47.363469],[13.396738,47.363756],[13.396493,47.36435],[13.396179,47.365111],[13.395826,47.365945],[13.39546,47.366847],[13.395287,47.367328],[13.395161,47.36772],[13.395075,47.368012],[13.394995,47.368267],[13.394844,47.368944],[13.394764,47.369382],[13.394726,47.369738],[13.394718,47.369896],[13.394716,47.36994],[13.394704,47.370184],[13.394706,47.370662],[13.394762,47.371155],[13.394857,47.371631],[13.395021,47.372166],[13.395212,47.372639],[13.395431,47.373042],[13.39554,47.373235],[13.395886,47.373756],[13.396124,47.374077],[13.39645,47.374485],[13.396934,47.375041],[13.397454,47.375594],[13.39805,47.376231],[13.3988,47.376997],[13.399404,47.377648],[13.399841,47.378151],[13.400114,47.378495],[13.400373,47.378838],[13.400595,47.379156],[13.400748,47.379392],[13.400988,47.379824],[13.401278,47.380445],[13.401475,47.380987],[13.401547,47.381227],[13.401686,47.381849],[13.401777,47.382534],[13.401793,47.383292],[13.401727,47.384129],[13.401591,47.384946],[13.401378,47.385783],[13.401109,47.386603],[13.400914,47.387106],[13.400507,47.388029],[13.400336,47.388385],[13.399935,47.389179],[13.399747,47.389526],[13.399705,47.389604],[13.399025,47.390804],[13.398456,47.391779],[13.398186,47.392285],[13.397666,47.393159],[13.397579,47.393322],[13.397419,47.393604],[13.397052,47.394249],[13.396801,47.39471],[13.396493,47.395293],[13.396324,47.395623],[13.395991,47.396318],[13.395553,47.397347],[13.39529,47.39809],[13.395026,47.399075],[13.394968,47.399353],[13.394914,47.39967],[13.394838,47.400253],[13.394402,47.403077],[13.394136,47.404507],[13.393847,47.405916],[13.393532,47.407241],[13.393353,47.407775],[13.393161,47.408266],[13.392918,47.408733],[13.392455,47.409368],[13.392097,47.409767],[13.391641,47.410179],[13.390685,47.410944],[13.390301,47.411252],[13.389952,47.411546],[13.389439,47.412053],[13.389122,47.412425],[13.388891,47.412763],[13.38872,47.413036],[13.388561,47.41334],[13.388411,47.413689],[13.388276,47.414087],[13.388182,47.414467],[13.388111,47.414857],[13.388008,47.415514],[13.387945,47.415881],[13.387874,47.416243],[13.38782,47.416457],[13.387746,47.416675],[13.387591,47.417067],[13.387385,47.417481],[13.387237,47.417731],[13.386963,47.418121],[13.386723,47.418423],[13.386518,47.41865],[13.386386,47.418784],[13.386122,47.419035],[13.385825,47.419291],[13.385435,47.419591],[13.38528,47.419697],[13.384911,47.419929],[13.38448,47.420178],[13.383889,47.420481],[13.383322,47.420726],[13.382639,47.420986],[13.382105,47.421168],[13.381526,47.421353],[13.380721,47.421595],[13.380179,47.421741],[13.379532,47.421907],[13.379195,47.421988],[13.378776,47.422088],[13.378275,47.422192],[13.377698,47.422311],[13.377073,47.422427],[13.376298,47.422549],[13.37586,47.422615],[13.375551,47.422658],[13.375043,47.422721],[13.373597,47.42287],[13.371028,47.423086],[13.368701,47.423345],[13.366386,47.423683],[13.36428,47.423956],[13.362796,47.424074],[13.361161,47.424118],[13.359639,47.42409],[13.358113,47.424057],[13.357261,47.42406],[13.356436,47.424119],[13.355526,47.424232],[13.354857,47.424355],[13.35422,47.42452],[13.353268,47.42482],[13.351159,47.425649],[13.350176,47.425958],[13.349481,47.426141],[13.348777,47.426293],[13.348349,47.426362],[13.347866,47.426431],[13.347367,47.426484],[13.346816,47.426519],[13.346295,47.426537],[13.345861,47.42654],[13.345474,47.426529],[13.345021,47.426507],[13.34491,47.426498],[13.344649,47.42648],[13.343926,47.426398],[13.343245,47.426289],[13.342544,47.426145],[13.341074,47.425818],[13.340597,47.425717],[13.339932,47.425593],[13.339244,47.425492],[13.33685,47.425199],[13.336097,47.425089],[13.335486,47.424988],[13.334746,47.424838],[13.333729,47.424595],[13.332751,47.424311],[13.332027,47.424066],[13.33075,47.423562],[13.328655,47.422673],[13.32682,47.421893],[13.325374,47.421309],[13.323566,47.420648],[13.322696,47.420366],[13.32175,47.420071],[13.320498,47.419718],[13.319791,47.419531],[13.318892,47.419318],[13.318759,47.419292],[13.318372,47.419218],[13.318017,47.419155],[13.317836,47.419125],[13.317417,47.419067],[13.317154,47.419033],[13.316843,47.419005],[13.316535,47.418983],[13.316221,47.418967],[13.315906,47.418961],[13.315571,47.418959],[13.315214,47.418968],[13.31487,47.418988],[13.314567,47.419006],[13.314117,47.419045],[13.313371,47.419132],[13.312644,47.419265],[13.311948,47.419421],[13.311251,47.419621],[13.310585,47.419837],[13.309337,47.420323],[13.30884,47.420525],[13.30628,47.421634],[13.304129,47.422586],[13.303081,47.423049],[13.301941,47.423592],[13.300868,47.424157],[13.300266,47.424506],[13.299695,47.42487],[13.298672,47.425608],[13.296912,47.427044],[13.296359,47.427475],[13.29578,47.427892],[13.295292,47.428191],[13.294785,47.428476],[13.293902,47.428899],[13.293376,47.429107],[13.292838,47.429299],[13.292071,47.42953],[13.290864,47.429805],[13.289617,47.429993],[13.288517,47.43011],[13.285712,47.430372],[13.284568,47.430507],[13.28313,47.430737],[13.282343,47.430899],[13.281576,47.431077],[13.280206,47.431464],[13.278759,47.431953],[13.277825,47.432294],[13.276754,47.432676],[13.2758,47.432997],[13.274967,47.433241],[13.274105,47.433452],[13.273459,47.433601],[13.272812,47.433726],[13.27197,47.433857],[13.27112,47.433958],[13.27097,47.433971],[13.270159,47.434042],[13.269184,47.434087],[13.268689,47.434098],[13.267366,47.434081],[13.265786,47.434025],[13.264751,47.434002],[13.263585,47.434021],[13.262435,47.43406],[13.259998,47.43414],[13.257765,47.434213],[13.256937,47.434241],[13.256132,47.434292],[13.254984,47.434406],[13.254084,47.434551],[13.253179,47.434729],[13.251698,47.435031],[13.250435,47.435258],[13.249925,47.435337],[13.24945,47.435401],[13.249019,47.435451],[13.248416,47.435515],[13.247441,47.435608],[13.24715,47.435633],[13.246653,47.435684],[13.246324,47.435723],[13.245888,47.435785],[13.245596,47.435835],[13.245267,47.435899],[13.244849,47.435996],[13.244449,47.436103],[13.244202,47.436181],[13.243871,47.436282],[13.243215,47.436525],[13.242467,47.436866],[13.24217,47.437002],[13.241939,47.43711],[13.241711,47.437213],[13.241202,47.437443],[13.241034,47.437503],[13.240649,47.437646],[13.240239,47.437774],[13.239565,47.437959],[13.239187,47.438048],[13.238636,47.438148],[13.23795,47.438243],[13.237466,47.438288],[13.236969,47.438317],[13.236641,47.438325],[13.236278,47.438326],[13.236006,47.438318],[13.235678,47.438306],[13.235462,47.438292],[13.234717,47.438224],[13.234124,47.43816],[13.233423,47.438085],[13.232681,47.43803],[13.232191,47.438006],[13.231676,47.437994],[13.23124,47.437994],[13.230952,47.437999],[13.230589,47.438012],[13.230182,47.438035],[13.229855,47.43806],[13.229188,47.438126],[13.22816,47.438275],[13.227008,47.43852],[13.225764,47.43887],[13.224666,47.439268],[13.223927,47.439589],[13.223277,47.439911],[13.222547,47.440331],[13.221697,47.440906],[13.220734,47.44168],[13.220125,47.442343],[13.219952,47.442543],[13.219717,47.442842],[13.219406,47.44328],[13.219122,47.443726],[13.21892,47.444103],[13.218808,47.444337],[13.218735,47.444498],[13.218566,47.444947],[13.2184,47.445489],[13.218273,47.446153],[13.218223,47.446723],[13.218226,47.447365],[13.218248,47.447858],[13.218265,47.448227],[13.218281,47.448734],[13.218278,47.449098],[13.218241,47.449507],[13.218089,47.450274],[13.217762,47.451189],[13.217497,47.451722],[13.217178,47.452238],[13.216613,47.452972],[13.216002,47.453689],[13.215234,47.454522],[13.214588,47.455194],[13.213599,47.456184],[13.213225,47.456541],[13.212372,47.457283],[13.211988,47.457581],[13.211814,47.457699],[13.211573,47.457875],[13.210533,47.458543],[13.209289,47.459315],[13.208949,47.459531],[13.208103,47.460131],[13.207541,47.460588],[13.207027,47.461063],[13.20656,47.461579],[13.20625,47.461952],[13.205889,47.462437],[13.205539,47.462964],[13.205273,47.463382],[13.204686,47.464364],[13.204336,47.464958],[13.204158,47.465247],[13.203954,47.465549],[13.203572,47.466067],[13.203142,47.466572],[13.202806,47.466926],[13.202542,47.46718],[13.202199,47.467487],[13.201864,47.467789],[13.201844,47.467804],[13.201071,47.468494],[13.200434,47.469082],[13.199757,47.469813],[13.199551,47.470065],[13.19931,47.470378],[13.199118,47.470658],[13.198865,47.471082],[13.198764,47.471273],[13.198687,47.47142],[13.198651,47.471487],[13.198515,47.471794],[13.19842,47.472033],[13.198276,47.472477],[13.198203,47.472735],[13.1977,47.475057],[13.197429,47.476322],[13.197178,47.477264],[13.196892,47.478108],[13.19653,47.478967],[13.196119,47.479829],[13.196079,47.479902],[13.195379,47.481186],[13.194657,47.482512],[13.194411,47.482972],[13.194095,47.4835],[13.193856,47.483886],[13.193644,47.484186],[13.19333,47.484609],[13.193051,47.48493],[13.192707,47.485304],[13.192382,47.485624],[13.192089,47.485882],[13.191516,47.486346],[13.191065,47.486671],[13.190168,47.487234],[13.189467,47.487631],[13.188556,47.488127],[13.188014,47.488423],[13.187889,47.48849],[13.187738,47.48857],[13.187068,47.488935],[13.185705,47.489721],[13.184862,47.490317],[13.1841,47.490949],[13.183449,47.491569],[13.182475,47.492641],[13.182448,47.492673],[13.182013,47.493207],[13.181736,47.493619],[13.181605,47.493829],[13.181437,47.49412],[13.1812,47.494611],[13.181164,47.494705],[13.181023,47.495098],[13.180857,47.495688],[13.180732,47.49629],[13.18055,47.497226],[13.180467,47.49765],[13.180356,47.498082],[13.180226,47.498565],[13.18015,47.498834],[13.179943,47.499484],[13.179651,47.50027],[13.179526,47.500599],[13.179303,47.501125],[13.179029,47.501693],[13.178765,47.502226],[13.178463,47.502757],[13.17819,47.503177],[13.177871,47.503604],[13.177577,47.503959],[13.177264,47.504305],[13.176963,47.504603],[13.176635,47.504901],[13.175982,47.505436],[13.175282,47.505988],[13.17474,47.506452],[13.174299,47.506894],[13.173977,47.507265],[13.173668,47.507674],[13.173388,47.508096],[13.173174,47.508478],[13.172989,47.508868],[13.172699,47.509625],[13.172532,47.510097],[13.172386,47.510518],[13.172115,47.511211],[13.171585,47.512392],[13.171434,47.512696],[13.171347,47.512877],[13.1706,47.514325],[13.170272,47.514992],[13.170073,47.515434],[13.169871,47.515989],[13.16974,47.516465],[13.169651,47.516959],[13.169642,47.517015],[13.169584,47.51759],[13.169423,47.52238],[13.169404,47.52291],[13.169323,47.524192],[13.169204,47.525778],[13.16914,47.526928],[13.169142,47.527844],[13.169182,47.528801],[13.169192,47.529059],[13.169322,47.530462],[13.169442,47.531239],[13.169634,47.532013],[13.169778,47.532476],[13.169974,47.532942],[13.170347,47.533695],[13.170721,47.534295],[13.170968,47.53468],[13.171716,47.535781],[13.172005,47.536203],[13.172267,47.536593],[13.172546,47.537021],[13.172711,47.537306],[13.172828,47.537511],[13.173042,47.537894],[13.173206,47.538215],[13.173489,47.538824],[13.173665,47.53924],[13.173995,47.540162],[13.174091,47.540443],[13.174172,47.540733],[13.174285,47.541203],[13.174397,47.541732],[13.174449,47.542038],[13.174508,47.542422],[13.174521,47.542519],[13.174571,47.54308],[13.174608,47.543817],[13.174613,47.54447],[13.174612,47.544663],[13.174612,47.545096],[13.174581,47.54609],[13.17458,47.54618],[13.174579,47.546262],[13.174574,47.546463],[13.174558,47.54702],[13.174258,47.557702],[13.174139,47.55944],[13.173863,47.560989],[13.173708,47.561651],[13.173369,47.562818],[13.172644,47.564902],[13.172613,47.564989],[13.172594,47.565043],[13.17224,47.566062],[13.172135,47.566349],[13.172064,47.566581],[13.170892,47.569916],[13.170565,47.570736],[13.170179,47.571561],[13.169721,47.572342],[13.169181,47.573143],[13.168293,47.574185],[13.167271,47.575181],[13.165942,47.576233],[13.16494,47.576901],[13.164053,47.577415],[13.163832,47.577545],[13.163617,47.577671],[13.163349,47.577817],[13.162155,47.578513],[13.162132,47.578527],[13.161772,47.578746],[13.161486,47.578939],[13.161106,47.579206],[13.160756,47.579481],[13.160408,47.579773],[13.160084,47.58007],[13.159528,47.580649],[13.159404,47.580794],[13.159276,47.580944],[13.158742,47.581586],[13.15843,47.581973],[13.158324,47.582112],[13.15755,47.583154],[13.15678,47.584252],[13.156003,47.585446],[13.155625,47.586056],[13.155439,47.586383],[13.155084,47.587],[13.154841,47.587453],[13.154458,47.588156],[13.154068,47.588944],[13.154025,47.58903],[13.153671,47.589794],[13.153419,47.590353],[13.152927,47.591545],[13.152558,47.592539],[13.152222,47.593549],[13.152163,47.593731],[13.152068,47.594053],[13.151942,47.59448],[13.151688,47.595421],[13.151459,47.596364],[13.151394,47.596647],[13.151276,47.597101],[13.151006,47.598101],[13.150746,47.598972],[13.150721,47.599056],[13.150097,47.60085],[13.149229,47.602928],[13.149022,47.603356],[13.148309,47.604701],[13.14808,47.605097],[13.148028,47.60519],[13.147062,47.606674],[13.146366,47.607605],[13.145598,47.608535],[13.144882,47.609309],[13.144136,47.610059],[13.14306,47.611025],[13.14191,47.611962],[13.141615,47.612196],[13.141051,47.612661],[13.140712,47.612957],[13.140443,47.613221],[13.140094,47.613585],[13.139824,47.613912],[13.139547,47.61431],[13.139367,47.614608],[13.139207,47.614908],[13.139201,47.614927],[13.139168,47.615001],[13.139054,47.615269],[13.138857,47.615856],[13.138787,47.616184],[13.138744,47.61651],[13.138724,47.617126],[13.138771,47.617626],[13.138913,47.618662],[13.13893,47.619307],[13.138875,47.619964],[13.138779,47.620378],[13.138651,47.620784],[13.138514,47.621169],[13.138286,47.621634],[13.13809,47.621989],[13.137928,47.62223],[13.137712,47.62253],[13.137473,47.62281],[13.137099,47.623221],[13.136636,47.62366],[13.136099,47.624137],[13.135492,47.624653],[13.135015,47.625065],[13.134923,47.625148],[13.134235,47.625783],[13.133626,47.626391],[13.133159,47.626925],[13.13274,47.627465],[13.132503,47.627828],[13.132336,47.628129],[13.132297,47.628206],[13.131932,47.629097],[13.131813,47.629566],[13.13174,47.630039],[13.131712,47.6305],[13.13173,47.630937],[13.131807,47.63147],[13.131971,47.632082],[13.13208,47.632401],[13.132235,47.632745],[13.132585,47.633425],[13.133099,47.634382],[13.133382,47.634915],[13.133659,47.635451],[13.133982,47.63616],[13.134332,47.636931],[13.134949,47.638404],[13.135236,47.639142],[13.135429,47.63972],[13.135781,47.640781],[13.135897,47.641158],[13.136132,47.642048],[13.136303,47.642717],[13.136438,47.643333],[13.136537,47.643814],[13.136674,47.644612],[13.136776,47.645378],[13.136797,47.645577],[13.136824,47.645892],[13.13686,47.646253],[13.136872,47.646462],[13.136891,47.646838],[13.136915,47.647581],[13.136915,47.648364],[13.136872,47.649239],[13.136868,47.649314],[13.136775,47.650281],[13.136642,47.651261],[13.136537,47.651832],[13.136432,47.652365],[13.136294,47.65295],[13.136147,47.653454],[13.135911,47.654064],[13.135769,47.654377],[13.135607,47.654678],[13.135436,47.654977],[13.135254,47.655267],[13.134784,47.655896],[13.134537,47.656192],[13.134103,47.656645],[13.134023,47.65672],[13.132585,47.658135],[13.132288,47.658448],[13.131682,47.659197],[13.131302,47.659785],[13.131261,47.659858],[13.130989,47.660373],[13.130701,47.66104],[13.130438,47.661784],[13.129953,47.663472],[13.129923,47.663576],[13.129568,47.664739],[13.129262,47.665619],[13.128932,47.666499],[13.128494,47.667551],[13.128463,47.667624],[13.128434,47.667702],[13.127855,47.668999],[13.127198,47.670401],[13.12657,47.671714],[13.125953,47.672972],[13.125906,47.673064],[13.125599,47.673689],[13.125366,47.67415],[13.124687,47.67547],[13.124411,47.676001],[13.124203,47.676386],[13.124167,47.676455],[13.124071,47.676642],[13.123412,47.677869],[13.122472,47.679555],[13.122283,47.679872],[13.122104,47.680161],[13.121546,47.681052],[13.121154,47.681632],[13.120834,47.68209],[13.120205,47.682929],[13.119684,47.6836],[13.119415,47.683929],[13.118865,47.684582],[13.118431,47.685056],[13.117663,47.685818],[13.117172,47.686244],[13.116537,47.686759],[13.115781,47.687293],[13.115465,47.687504],[13.114977,47.687809],[13.114909,47.68793],[13.114435,47.688342],[13.114324,47.688463],[13.11421,47.688617],[13.11414,47.688715],[13.11412,47.688748],[13.114063,47.688843],[13.113994,47.688981],[13.113946,47.689095],[13.113852,47.689349],[13.113762,47.68953],[13.113706,47.68961],[13.113629,47.689707],[13.113559,47.689774],[13.113445,47.68985],[13.11336,47.689896],[13.113264,47.689932],[13.113167,47.689955],[13.113086,47.689969],[13.112988,47.689979],[13.112897,47.68998],[13.11279,47.689972],[13.112713,47.689958],[13.112586,47.689925],[13.112484,47.68988],[13.11239,47.689825],[13.112252,47.689718],[13.112075,47.689543],[13.111646,47.689122],[13.111378,47.688859],[13.111096,47.688607],[13.110906,47.688455],[13.110537,47.688199],[13.11037,47.688091],[13.110204,47.687985],[13.109896,47.68784],[13.109589,47.68768],[13.10877,47.687276],[13.108616,47.687204],[13.108474,47.687142],[13.108303,47.687087],[13.108264,47.687097],[13.108223,47.687102],[13.10816,47.687101],[13.108099,47.687091],[13.108032,47.687066],[13.107987,47.687023],[13.107965,47.686986],[13.10796,47.686963],[13.107955,47.686938],[13.107967,47.686888],[13.108001,47.686844],[13.108086,47.686793],[13.108172,47.686777],[13.108263,47.686782],[13.108346,47.686809],[13.10841,47.686852],[13.10843,47.686889],[13.108435,47.686928],[13.10843,47.686983],[13.10857,47.687069],[13.109751,47.687652],[13.10995,47.687711],[13.11054,47.687933],[13.110819,47.688031],[13.111043,47.688106],[13.111429,47.688226],[13.111732,47.688307],[13.111898,47.688346],[13.112045,47.688376],[13.112221,47.688403],[13.11234,47.688416],[13.112496,47.688428],[13.112646,47.688435],[13.112772,47.688434],[13.112949,47.688421],[13.113098,47.688403],[13.113253,47.688376],[13.113451,47.688328],[13.113638,47.688273],[13.113852,47.688194],[13.114151,47.688137],[13.114693,47.687823],[13.115816,47.687103],[13.116431,47.686652],[13.117019,47.686178],[13.117494,47.685768],[13.118109,47.685181],[13.118343,47.684935],[13.118705,47.684533],[13.11925,47.683888],[13.119556,47.683512],[13.120063,47.682861],[13.120675,47.682041],[13.120987,47.681592],[13.121399,47.680988],[13.121954,47.680109],[13.122305,47.679518],[13.123247,47.677832],[13.123899,47.676624],[13.124005,47.676423],[13.12404,47.676355],[13.124543,47.675397],[13.125201,47.674113],[13.125742,47.67303],[13.125788,47.672936],[13.126409,47.671684],[13.127039,47.670355],[13.127683,47.668972],[13.128263,47.667679],[13.128305,47.66759],[13.128334,47.667516],[13.128758,47.666481],[13.129094,47.665596],[13.129399,47.664709],[13.129744,47.66359],[13.129772,47.663486],[13.13027,47.661752],[13.130535,47.661003],[13.130825,47.66034],[13.131104,47.659814],[13.131147,47.65974],[13.13153,47.659144],[13.131853,47.65873],[13.132144,47.658386],[13.132435,47.658074],[13.133883,47.656658],[13.133959,47.65658],[13.134373,47.656135],[13.134675,47.655787],[13.135142,47.655155],[13.135582,47.654383],[13.135767,47.654002],[13.135982,47.653423],[13.136122,47.652924],[13.136256,47.652349],[13.136288,47.652224],[13.136366,47.651811],[13.136471,47.651256],[13.136516,47.650926],[13.136605,47.650289],[13.136688,47.649331],[13.136738,47.648329],[13.136745,47.647802],[13.136743,47.64737],[13.136722,47.646882],[13.136713,47.64665],[13.136699,47.646453],[13.136676,47.646124],[13.136656,47.645899],[13.136607,47.645401],[13.136535,47.644877],[13.136448,47.644737],[13.136431,47.644658],[13.136387,47.644524],[13.136319,47.64436],[13.136236,47.644211],[13.136115,47.644031],[13.135903,47.643801],[13.135696,47.643641],[13.135502,47.643518],[13.13523,47.643374],[13.134925,47.643256],[13.134847,47.643209],[13.13478,47.643173],[13.134768,47.643166],[13.134695,47.643105],[13.134656,47.643034],[13.13469,47.642859],[13.134769,47.642469],[13.134834,47.642239],[13.134916,47.642024],[13.135028,47.641802],[13.13517,47.641595],[13.135284,47.641456],[13.135366,47.641356],[13.135605,47.641139],[13.135954,47.640864],[13.136031,47.640812],[13.13633,47.640607],[13.136633,47.640395],[13.136778,47.640381],[13.136821,47.640383],[13.136854,47.640385],[13.136964,47.640403],[13.137055,47.640435],[13.137136,47.640506],[13.137132,47.640616],[13.137128,47.640707],[13.137084,47.640855],[13.137028,47.640965],[13.136914,47.641183],[13.136818,47.641389],[13.136702,47.641654],[13.136607,47.641919],[13.136548,47.642125],[13.136513,47.642331],[13.136487,47.642672],[13.136485,47.642872],[13.136492,47.643166],[13.136438,47.643333],[13.136537,47.643814],[13.136674,47.644612],[13.136776,47.645378],[13.136797,47.645577],[13.136824,47.645892],[13.13686,47.646253],[13.136872,47.646462],[13.136891,47.646838],[13.136915,47.647581],[13.136915,47.648364],[13.136872,47.649239],[13.136868,47.649314],[13.136775,47.650281],[13.136642,47.651261],[13.136537,47.651832],[13.136432,47.652365],[13.136294,47.65295],[13.136147,47.653454],[13.135911,47.654064],[13.135769,47.654377],[13.135607,47.654678],[13.135436,47.654977],[13.135254,47.655267],[13.134784,47.655896],[13.134537,47.656192],[13.134103,47.656645],[13.134023,47.65672],[13.132585,47.658135],[13.132288,47.658448],[13.131682,47.659197],[13.131302,47.659785],[13.131261,47.659858],[13.130989,47.660373],[13.130701,47.66104],[13.130438,47.661784],[13.129953,47.663472],[13.129923,47.663576],[13.129568,47.664739],[13.129262,47.665619],[13.128932,47.666499],[13.128494,47.667551],[13.128463,47.667624],[13.128434,47.667702],[13.127855,47.668999],[13.127198,47.670401],[13.12657,47.671714],[13.125953,47.672972],[13.125906,47.673064],[13.125599,47.673689],[13.125366,47.67415],[13.124687,47.67547],[13.124411,47.676001],[13.124203,47.676386],[13.124167,47.676455],[13.124071,47.676642],[13.123412,47.677869],[13.122472,47.679555],[13.122283,47.679872],[13.122104,47.680161],[13.121546,47.681052],[13.121154,47.681632],[13.120834,47.68209],[13.120205,47.682929],[13.119684,47.6836],[13.119415,47.683929],[13.118865,47.684582],[13.118431,47.685056],[13.117663,47.685818],[13.117172,47.686244],[13.116537,47.686759],[13.115781,47.687293],[13.115465,47.687504],[13.114977,47.687809],[13.114694,47.687984],[13.113771,47.688489],[13.11321,47.688769],[13.113034,47.688858],[13.11241,47.689147],[13.111761,47.689443],[13.111295,47.689658],[13.110718,47.689955],[13.110125,47.690282],[13.109463,47.690707],[13.109031,47.691016],[13.108815,47.691178],[13.108504,47.691432],[13.108275,47.691628],[13.107923,47.691967],[13.107559,47.692353],[13.107313,47.692633],[13.107081,47.69292],[13.106869,47.693214],[13.106665,47.693518],[13.106466,47.693858],[13.106323,47.694124],[13.106221,47.694338],[13.106178,47.69444],[13.105886,47.69513],[13.105857,47.695219],[13.105652,47.695841],[13.10549,47.696405],[13.10523,47.697455],[13.104907,47.698883],[13.104892,47.69896],[13.104691,47.699849],[13.104532,47.700458],[13.1043,47.701214],[13.10411,47.701764],[13.103906,47.702282],[13.103687,47.702751],[13.103344,47.703373],[13.103118,47.703746],[13.102528,47.704695],[13.102256,47.705118],[13.102177,47.705238],[13.101888,47.7057],[13.101434,47.706441],[13.101013,47.70718],[13.100604,47.707936],[13.100195,47.708737],[13.09995,47.709261],[13.099422,47.710449],[13.098984,47.711562],[13.09867,47.712453],[13.098515,47.712932],[13.098487,47.713027],[13.098188,47.714006],[13.098,47.71474],[13.097784,47.715648],[13.09773,47.715946],[13.097656,47.716264],[13.097515,47.716945],[13.097309,47.718024],[13.097178,47.71875],[13.096998,47.719737],[13.09688,47.720331],[13.096756,47.720907],[13.096568,47.721635],[13.096399,47.722197],[13.096221,47.722691],[13.095933,47.72336],[13.09589,47.723452],[13.095731,47.723769],[13.095487,47.724207],[13.095103,47.724799],[13.09489,47.725094],[13.094753,47.725269],[13.094276,47.725839],[13.093593,47.72655],[13.092888,47.727181],[13.09226,47.727677],[13.091609,47.728147],[13.091015,47.728526],[13.090444,47.728854],[13.089849,47.729167],[13.089606,47.72929],[13.089099,47.729528],[13.088412,47.729825],[13.087914,47.730034],[13.087407,47.730213],[13.086777,47.730429],[13.085832,47.730719],[13.085394,47.730846],[13.084708,47.731036],[13.083656,47.731315],[13.081543,47.731882],[13.080222,47.73223],[13.078373,47.732727],[13.075842,47.733404],[13.074139,47.733856],[13.074041,47.733882],[13.072341,47.734335],[13.069702,47.735052],[13.066974,47.735793],[13.066583,47.735903],[13.064789,47.736407],[13.064186,47.736576],[13.062552,47.737037],[13.061656,47.737299],[13.061287,47.737407],[13.060148,47.737741],[13.059062,47.738059],[13.057565,47.738498],[13.056452,47.738825],[13.047168,47.741547],[13.044179,47.742421],[13.042819,47.742824],[13.041907,47.743088],[13.040324,47.743555],[13.04001,47.743648],[13.038599,47.744059],[13.037356,47.744424],[13.037238,47.744461],[13.034044,47.745397],[13.033597,47.745529],[13.022718,47.748713],[13.022447,47.748794],[13.021592,47.749044],[13.019658,47.749613],[13.018757,47.749885],[13.017866,47.75018],[13.017676,47.750245],[13.016568,47.750659],[13.015616,47.751056],[13.014694,47.751474],[13.013806,47.751915],[13.012751,47.752489],[13.012016,47.752928],[13.011468,47.753278],[13.010446,47.753987],[13.009863,47.754429],[13.00869,47.755381],[13.006765,47.756972],[13.006387,47.757284],[13.00522,47.758246],[13.003542,47.759633],[13.002511,47.760486],[13.001517,47.761308],[13.001066,47.761832],[13.000927,47.761955],[13.000565,47.762274],[13.000059,47.762699],[12.99986,47.762857],[12.999521,47.763117],[12.999366,47.763238],[12.998691,47.763722],[12.997976,47.764197],[12.997403,47.764557],[12.996813,47.764909],[12.996054,47.765321],[12.995287,47.765717],[12.994496,47.766093],[12.993692,47.766445],[12.992635,47.766873],[12.991549,47.767296],[12.990013,47.767897],[12.989394,47.76814],[12.988255,47.768585],[12.987734,47.768789],[12.986834,47.769141],[12.985643,47.769608],[12.98504,47.769872],[12.984792,47.769991],[12.984553,47.770123],[12.984394,47.7702],[12.984086,47.77037],[12.983798,47.77055],[12.983332,47.770864],[12.983039,47.771082],[12.982573,47.771468],[12.98236,47.77167],[12.982155,47.771875],[12.981982,47.772057],[12.981819,47.772249],[12.981516,47.772637],[12.981309,47.772935],[12.981121,47.773251],[12.980945,47.77359],[12.980797,47.773926],[12.980654,47.774335],[12.980525,47.774761],[12.980443,47.775131],[12.980387,47.775517],[12.980355,47.775882],[12.980342,47.776259],[12.980368,47.777047],[12.980394,47.77783],[12.980427,47.778554],[12.980488,47.779265],[12.980588,47.780063],[12.980576,47.78026],[12.980765,47.781479],[12.980802,47.781712],[12.981086,47.783431],[12.981096,47.783507],[12.981352,47.785051],[12.981446,47.785598],[12.98151,47.785974],[12.981634,47.786705],[12.981661,47.786887],[12.981845,47.787948],[12.982052,47.789193],[12.982161,47.789685],[12.982281,47.790138],[12.982435,47.790651],[12.982607,47.791115],[12.982828,47.791649],[12.983171,47.792365],[12.983332,47.792657],[12.983605,47.793118],[12.983894,47.793579],[12.984306,47.794155],[12.984631,47.79459],[12.984949,47.795008],[12.985313,47.795481],[12.985411,47.795609],[12.985475,47.795693],[12.985575,47.795826],[12.985744,47.796047],[12.985959,47.796319],[12.986386,47.796884],[12.986827,47.797442],[12.986887,47.797521],[12.987498,47.798323],[12.98847,47.799598],[12.988648,47.799828],[12.98915,47.80048],[12.990741,47.802546],[12.990909,47.802777],[12.992128,47.804364],[12.992311,47.804603],[12.992949,47.805439],[12.993025,47.805538],[12.993394,47.806015],[12.993697,47.806413],[12.995451,47.808693],[12.995999,47.80941],[12.996667,47.810266],[12.997628,47.811435],[12.998228,47.812093],[12.998732,47.812612],[13.000038,47.81395],[13.000885,47.814815],[13.00153,47.815483],[13.002199,47.81616],[13.00232,47.816286],[13.002385,47.816355],[13.002491,47.816464],[13.002549,47.816525],[13.00283,47.816816],[13.003835,47.817842],[13.004654,47.818679],[13.005372,47.819422],[13.005567,47.819617],[13.005816,47.819864],[13.006477,47.820544],[13.00665,47.820722],[13.006909,47.820972],[13.007212,47.821262],[13.0074,47.821418],[13.007563,47.821552],[13.007847,47.821743],[13.008118,47.821928],[13.008491,47.822163],[13.008872,47.822413],[13.009591,47.822809],[13.010116,47.823081],[13.010855,47.823385],[13.011565,47.823626],[13.012141,47.823804],[13.013066,47.824037],[13.013245,47.824078],[13.014549,47.824375],[13.014834,47.82444],[13.016228,47.824754],[13.016464,47.824812],[13.0167,47.824871],[13.018991,47.825395],[13.021264,47.825915],[13.024719,47.826709],[13.025953,47.826986],[13.025999,47.826996],[13.026216,47.827045],[13.02644,47.827097],[13.027234,47.827283],[13.028933,47.827673],[13.029603,47.827826],[13.031153,47.828176],[13.032508,47.828492],[13.034568,47.828968],[13.034793,47.829019],[13.035513,47.829173],[13.036059,47.8293],[13.036367,47.829369],[13.036804,47.829459],[13.037289,47.829537],[13.037784,47.829615],[13.038226,47.829668],[13.038699,47.829715],[13.039637,47.829806],[13.039987,47.829839],[13.042256,47.830056],[13.043806,47.830206],[13.045683,47.830378],[13.047887,47.830586],[13.049261,47.830701],[13.049652,47.830746],[13.050128,47.830782],[13.0504,47.830799],[13.050621,47.830812],[13.050871,47.830827],[13.051114,47.830842],[13.051354,47.830858],[13.051593,47.830869],[13.051855,47.830885],[13.052302,47.83091],[13.053023,47.83095],[13.055932,47.831112],[13.056642,47.831137],[13.056882,47.831142],[13.057118,47.831145],[13.057355,47.831139],[13.057603,47.831134],[13.057843,47.831124],[13.058076,47.831112],[13.058317,47.831098],[13.058547,47.831076],[13.058771,47.831056],[13.059015,47.83103],[13.059258,47.830999],[13.059471,47.83097],[13.061828,47.830652],[13.063215,47.830458],[13.06438,47.830309],[13.064898,47.830273],[13.065493,47.83026],[13.066133,47.830282],[13.066669,47.830331],[13.067235,47.830415],[13.067845,47.830538],[13.068539,47.830731],[13.069081,47.830924],[13.069683,47.831187],[13.07023,47.831479],[13.070753,47.831817],[13.071262,47.832218],[13.071682,47.832628],[13.07209,47.83313],[13.072564,47.833881],[13.073057,47.834721],[13.07463,47.837354],[13.074791,47.837614],[13.074929,47.837846],[13.075029,47.83799],[13.075135,47.838134],[13.075275,47.838299],[13.075395,47.838432],[13.075526,47.838564],[13.075663,47.838689],[13.075815,47.838826],[13.075968,47.838955],[13.076127,47.839078],[13.076259,47.839182],[13.076593,47.839433],[13.077076,47.839798],[13.077406,47.840059],[13.077784,47.840395],[13.077861,47.840467],[13.078109,47.840727],[13.078236,47.84089],[13.078428,47.841143],[13.078566,47.841365],[13.078652,47.841523],[13.07874,47.841717],[13.078831,47.841951],[13.078891,47.842138],[13.078964,47.842422],[13.079015,47.842742],[13.079039,47.843047],[13.079046,47.843339],[13.079036,47.843826],[13.079026,47.844819],[13.07903,47.845315],[13.079054,47.845622],[13.079105,47.845932],[13.079179,47.846257],[13.079306,47.846586],[13.079443,47.846876],[13.079535,47.847039],[13.079623,47.847185],[13.079713,47.847321],[13.079816,47.847466],[13.079929,47.847614],[13.080044,47.847752],[13.080176,47.847894],[13.08032,47.848035],[13.080534,47.848224],[13.08074,47.848395],[13.080925,47.848536],[13.081102,47.848672],[13.081472,47.848913],[13.081651,47.849005],[13.082021,47.849214],[13.082216,47.849304],[13.082405,47.849389],[13.08263,47.849483],[13.082846,47.849564],[13.08305,47.849634],[13.083245,47.849699],[13.083428,47.849753],[13.083693,47.849827],[13.08415,47.849936],[13.084622,47.850033],[13.085091,47.850122],[13.085822,47.85025],[13.08832,47.85069],[13.088995,47.850809],[13.08953,47.850893],[13.089994,47.850957],[13.090483,47.851017],[13.090819,47.851052],[13.091378,47.851102],[13.091912,47.851138],[13.092368,47.851164],[13.093258,47.851195],[13.094076,47.851206],[13.096247,47.851245],[13.096356,47.851246],[13.097443,47.851264],[13.098505,47.8513],[13.099288,47.851353],[13.1002,47.85144],[13.100985,47.851543],[13.101929,47.851688],[13.103644,47.851964],[13.104099,47.852037],[13.105846,47.852329],[13.107841,47.852639],[13.10976,47.852961],[13.110497,47.853079],[13.111906,47.853304],[13.114634,47.853804],[13.11611,47.854102],[13.116923,47.854271],[13.120605,47.855056],[13.122352,47.855423],[13.123354,47.855615],[13.124351,47.855786],[13.125352,47.855928],[13.125774,47.855985],[13.126615,47.856082],[13.127625,47.856177],[13.12901,47.856263],[13.129918,47.856296],[13.130824,47.856308],[13.1312,47.856311],[13.131801,47.856307],[13.132728,47.856281],[13.133667,47.856241],[13.134629,47.856186],[13.135719,47.856104],[13.136405,47.856048],[13.136644,47.85603],[13.136833,47.856013],[13.138024,47.855907],[13.14033,47.85569],[13.140706,47.855655],[13.143138,47.855426],[13.143948,47.85535],[13.144372,47.855312],[13.149599,47.854823],[13.153241,47.854483],[13.153367,47.854472],[13.156228,47.854203],[13.158128,47.854017],[13.159909,47.853817],[13.161226,47.853641],[13.162786,47.853406],[13.164793,47.853063],[13.169389,47.852259],[13.174962,47.85128],[13.175608,47.851165],[13.175987,47.851095],[13.178028,47.850738],[13.17876,47.850617],[13.179822,47.850461],[13.180973,47.850343],[13.181961,47.850284],[13.183033,47.85028],[13.183887,47.850324],[13.184677,47.850397],[13.185483,47.850506],[13.186269,47.85065],[13.186875,47.850785],[13.187625,47.850983],[13.188404,47.851236],[13.18943,47.851617],[13.190584,47.852108],[13.191893,47.852716],[13.192153,47.852837],[13.192436,47.852969],[13.194281,47.853836],[13.194667,47.854017],[13.195764,47.854514],[13.196443,47.854788],[13.197064,47.855015],[13.197687,47.855217],[13.198437,47.855425],[13.198788,47.85551],[13.199493,47.855651],[13.199856,47.855715],[13.200087,47.855753],[13.200573,47.855819],[13.200926,47.855859],[13.201286,47.855891],[13.201666,47.855919],[13.20208,47.855941],[13.202517,47.855954],[13.203518,47.855958],[13.204506,47.855913],[13.204739,47.855902],[13.205377,47.855873],[13.207177,47.855766],[13.209038,47.855673],[13.213642,47.85542],[13.216083,47.855275],[13.216663,47.855237],[13.217384,47.855166],[13.217627,47.855136],[13.218088,47.855078],[13.218758,47.854977],[13.219707,47.8548],[13.220358,47.854654],[13.22104,47.854484],[13.221664,47.854303],[13.222423,47.854062],[13.223219,47.853776],[13.223894,47.853514],[13.224707,47.853184],[13.226172,47.85257],[13.226456,47.852446],[13.226835,47.85229],[13.228249,47.851698],[13.229532,47.851162],[13.229795,47.851052],[13.230477,47.850766],[13.231858,47.850217],[13.233087,47.849764],[13.23364,47.849582],[13.234212,47.849404],[13.235015,47.84918],[13.235834,47.848971],[13.237069,47.848704],[13.237988,47.848525],[13.238416,47.848442],[13.239334,47.848264],[13.239593,47.848217],[13.24224,47.847712],[13.243214,47.847539],[13.244422,47.847338],[13.24576,47.847161],[13.246662,47.847072],[13.249332,47.846897],[13.250058,47.84683],[13.251106,47.846717],[13.252028,47.846582],[13.253063,47.846411],[13.254263,47.846201],[13.254528,47.846153],[13.25709,47.84569],[13.25835,47.845462],[13.259222,47.845309],[13.26093,47.844989],[13.263235,47.844528],[13.26386,47.844392],[13.264591,47.844229],[13.266195,47.843843],[13.2668,47.843695],[13.267607,47.843509],[13.268563,47.843318],[13.269444,47.843179],[13.270323,47.843094],[13.271253,47.843058],[13.272414,47.843064],[13.273511,47.843102],[13.27499,47.84316],[13.275975,47.843171],[13.276825,47.843155],[13.277812,47.843101],[13.279665,47.842963],[13.280674,47.842905],[13.28169,47.842885],[13.282809,47.842912],[13.283706,47.842979],[13.284825,47.843101],[13.286399,47.843314],[13.287663,47.843479],[13.288404,47.843563],[13.289609,47.843666],[13.290281,47.843707],[13.290824,47.84374],[13.293192,47.843854],[13.294484,47.843917],[13.296893,47.844026],[13.30096,47.844212],[13.301316,47.844228],[13.304184,47.844365],[13.305624,47.84444],[13.306901,47.844537],[13.308084,47.844638],[13.308996,47.84474],[13.309879,47.844857],[13.31081,47.845009],[13.311798,47.845197],[13.312961,47.845455],[13.314305,47.845813],[13.315011,47.846034],[13.316507,47.846546],[13.317359,47.846879],[13.318706,47.847457],[13.319212,47.847687],[13.320334,47.848214],[13.322158,47.849129],[13.323104,47.8496],[13.325877,47.850999],[13.327295,47.851777],[13.328004,47.852208],[13.328757,47.852723],[13.329424,47.853212],[13.329938,47.853651],[13.33065,47.854345],[13.331137,47.854904],[13.331523,47.855408],[13.331846,47.855867],[13.332087,47.856241],[13.332369,47.856703],[13.332939,47.857657],[13.333301,47.858268],[13.333549,47.858663],[13.334083,47.859423],[13.334158,47.859526],[13.334305,47.85973],[13.334644,47.860147],[13.334984,47.860503],[13.335237,47.860751],[13.335503,47.860994],[13.335801,47.86124],[13.336098,47.861466],[13.336443,47.861695],[13.33675,47.861901],[13.337345,47.862215],[13.337434,47.862256],[13.337639,47.86236],[13.337933,47.862486],[13.338295,47.862635],[13.338556,47.862732],[13.338914,47.862852],[13.339638,47.863055],[13.340387,47.86322],[13.340569,47.863252],[13.341126,47.863339],[13.341725,47.863404],[13.342367,47.86344],[13.342945,47.863447],[13.343284,47.863445],[13.343689,47.863427],[13.344049,47.863397],[13.344444,47.863352],[13.344774,47.863312],[13.345079,47.863265],[13.345544,47.863182],[13.345997,47.863082],[13.346461,47.862962],[13.346879,47.862832],[13.347263,47.862703],[13.347736,47.862517],[13.34827,47.862286],[13.348689,47.862077],[13.349212,47.861788],[13.349823,47.861405],[13.350405,47.861006],[13.350978,47.860577],[13.351437,47.860218],[13.351917,47.859812],[13.352751,47.859122],[13.352779,47.859099],[13.353766,47.858276],[13.354155,47.857956],[13.355438,47.856878],[13.356355,47.856115],[13.35682,47.855743],[13.357363,47.855331],[13.358138,47.854812],[13.358745,47.854453],[13.35943,47.854069],[13.360347,47.853564],[13.360783,47.853317],[13.361318,47.852998],[13.362039,47.852548],[13.363918,47.851325],[13.364788,47.85077],[13.36558,47.850296],[13.366338,47.849906],[13.36704,47.849592],[13.368145,47.849176],[13.369203,47.848834],[13.370501,47.848411],[13.37129,47.848119],[13.371471,47.848047],[13.371567,47.848009],[13.37213,47.847764],[13.372677,47.847491],[13.373112,47.847259],[13.373619,47.846982],[13.374339,47.846558],[13.375151,47.846083],[13.375791,47.845727],[13.3764,47.845407],[13.377142,47.84504],[13.377805,47.844739],[13.378931,47.84426],[13.380706,47.843606],[13.382346,47.843007],[13.38299,47.842747],[13.383608,47.842472],[13.383728,47.842417],[13.38431,47.842125],[13.38499,47.841738],[13.385168,47.841625],[13.385799,47.841203],[13.387684,47.839802],[13.388424,47.839288],[13.388992,47.83893],[13.389658,47.838574],[13.38992,47.838443],[13.390255,47.838295],[13.390731,47.838104],[13.390908,47.838044],[13.391272,47.837923],[13.391748,47.837784],[13.392258,47.837649],[13.39272,47.837561],[13.393123,47.837493],[13.393521,47.837437],[13.393928,47.837392],[13.394275,47.837363],[13.39465,47.837341],[13.395126,47.837329],[13.395506,47.83733],[13.395933,47.837344],[13.396344,47.837368],[13.396761,47.837404],[13.397149,47.837446],[13.397627,47.837503],[13.398168,47.83758],[13.3986,47.837643],[13.399263,47.837742],[13.399611,47.837793],[13.399839,47.837825],[13.400272,47.837878],[13.400479,47.837905],[13.400925,47.83795],[13.401483,47.837993],[13.402231,47.838021],[13.402985,47.838012],[13.403441,47.837993],[13.403924,47.837954],[13.404958,47.837822],[13.405983,47.837644],[13.40737,47.83737],[13.410209,47.836809],[13.411203,47.836621],[13.412047,47.836467],[13.412317,47.836425],[13.413013,47.836314],[13.413084,47.836305],[13.413989,47.836189],[13.414946,47.83611],[13.415841,47.836083],[13.416662,47.836088],[13.417987,47.836163],[13.419109,47.836291],[13.420179,47.836454],[13.420922,47.83659],[13.422852,47.836976],[13.42388,47.837257],[13.426295,47.837899],[13.4287,47.838551],[13.430603,47.839082],[13.431261,47.839273],[13.432221,47.839561],[13.434262,47.840271],[13.434715,47.840455],[13.435553,47.840809],[13.436189,47.841111],[13.436862,47.841467],[13.437526,47.841853],[13.438035,47.842194],[13.438668,47.842668],[13.439206,47.843129],[13.439631,47.843537],[13.43999,47.84393],[13.440382,47.844404],[13.440779,47.844987],[13.441,47.845382],[13.441208,47.845791],[13.441397,47.846269],[13.441576,47.846773],[13.441685,47.847235],[13.441735,47.847498],[13.441783,47.847816],[13.441809,47.848287],[13.44181,47.848882],[13.441715,47.8496],[13.441594,47.850168],[13.441402,47.850852],[13.441174,47.851498],[13.440874,47.852273],[13.440698,47.852689],[13.44039,47.853393],[13.440328,47.853538],[13.44025,47.853719],[13.440189,47.85386],[13.439864,47.854676],[13.4397,47.855121],[13.439645,47.855265],[13.439573,47.855485],[13.439501,47.855705],[13.439424,47.855941],[13.439255,47.856522],[13.439094,47.85715],[13.43888,47.858084],[13.438718,47.858887],[13.438523,47.860047],[13.437848,47.864595],[13.437646,47.865673],[13.437404,47.866757],[13.437064,47.868051],[13.436917,47.86854],[13.436887,47.868639],[13.436831,47.868824],[13.436719,47.869166],[13.43647,47.869929],[13.435031,47.873985],[13.434119,47.87655],[13.434062,47.876717],[13.433626,47.878105],[13.433377,47.87906],[13.433215,47.879812],[13.433153,47.88017],[13.433107,47.880449],[13.433036,47.880997],[13.432986,47.881574],[13.432967,47.882156],[13.432977,47.882741],[13.432992,47.882978],[13.43302,47.883256],[13.433068,47.883733],[13.433089,47.883909],[13.43324,47.884688],[13.433345,47.885167],[13.433666,47.886241],[13.434035,47.88717],[13.434472,47.888084],[13.434959,47.888949],[13.435501,47.889776],[13.436003,47.89045],[13.436473,47.89103],[13.437015,47.891644],[13.43766,47.892293],[13.437925,47.89256],[13.43882,47.89337],[13.441341,47.895625],[13.441989,47.896249],[13.44226,47.896511],[13.442505,47.89677],[13.443631,47.898012],[13.444544,47.899154],[13.444919,47.899652],[13.445294,47.900187],[13.445731,47.900854],[13.446319,47.901837],[13.447816,47.904588],[13.448382,47.905634],[13.449083,47.906833],[13.449665,47.907698],[13.450377,47.908613],[13.450832,47.90912],[13.451433,47.909744],[13.452235,47.910481],[13.453187,47.911242],[13.454006,47.911825],[13.454814,47.912347],[13.455731,47.912876],[13.458439,47.914344],[13.460036,47.915203],[13.461523,47.915988],[13.462311,47.916389],[13.463276,47.91682],[13.464301,47.917208],[13.46488,47.917381],[13.465472,47.917546],[13.466361,47.917748],[13.467404,47.917939],[13.468435,47.918075],[13.469541,47.918182],[13.471235,47.918265],[13.472521,47.918277],[13.473347,47.918265],[13.474359,47.918229],[13.476459,47.918124],[13.47791,47.918034],[13.479122,47.917957],[13.479249,47.917948],[13.482657,47.917718],[13.484156,47.917635],[13.485347,47.917577],[13.487369,47.917553],[13.488774,47.917586],[13.490172,47.917675],[13.491459,47.917812],[13.492794,47.918029],[13.493311,47.918136],[13.493758,47.918238],[13.494299,47.918371],[13.494772,47.918505],[13.495213,47.918641],[13.495701,47.918798],[13.496155,47.918962],[13.496903,47.919256],[13.497204,47.919383],[13.497624,47.91958],[13.49791,47.919717],[13.498301,47.919916],[13.498646,47.9201],[13.499012,47.920312],[13.499276,47.920473],[13.499609,47.920681],[13.500041,47.920968],[13.50053,47.921313],[13.50099,47.921645],[13.50148,47.922036],[13.501999,47.922457],[13.502455,47.92284],[13.502588,47.922953],[13.503992,47.924163],[13.505664,47.92561],[13.506476,47.926317],[13.506852,47.926643],[13.507313,47.927038],[13.508268,47.927866],[13.509277,47.928754],[13.50958,47.929027],[13.510309,47.929695],[13.510818,47.930185],[13.511309,47.930668],[13.511827,47.931207],[13.512096,47.931495],[13.512701,47.932183],[13.513311,47.93297],[13.513366,47.933045],[13.513611,47.933386],[13.513793,47.933652],[13.51421,47.934324],[13.514571,47.934949],[13.514852,47.935516],[13.515117,47.936118],[13.515361,47.936702],[13.515553,47.937244],[13.515779,47.937924],[13.515917,47.938371],[13.516621,47.940725],[13.516649,47.94081],[13.51706,47.941975],[13.517531,47.943076],[13.517813,47.943631],[13.51808,47.944098],[13.518329,47.944519],[13.51868,47.945037],[13.519117,47.945639],[13.519546,47.946177],[13.520104,47.946817],[13.520739,47.947475],[13.520793,47.947526],[13.52125,47.947955],[13.521657,47.94831],[13.522262,47.948809],[13.522771,47.949212],[13.523379,47.94965],[13.524102,47.950134],[13.524864,47.95061],[13.525355,47.950889],[13.525937,47.951211],[13.526826,47.951659],[13.527614,47.952026],[13.528232,47.952296],[13.528736,47.952503],[13.529536,47.952807],[13.530329,47.953088],[13.531348,47.953408],[13.532011,47.953596],[13.532136,47.953631],[13.532409,47.953708],[13.533222,47.95391],[13.533897,47.954064],[13.534645,47.954217],[13.535428,47.954358],[13.53622,47.954487],[13.536936,47.954586],[13.538014,47.954721],[13.539548,47.954887],[13.540979,47.955026],[13.542645,47.955193],[13.544073,47.955333],[13.545574,47.955491],[13.547211,47.955677],[13.548593,47.955843],[13.549765,47.955993],[13.551211,47.956191],[13.552147,47.956324],[13.553321,47.956492],[13.555261,47.956789],[13.556376,47.956963],[13.55755,47.957149],[13.557832,47.957191],[13.55792,47.957205],[13.559719,47.957492],[13.562044,47.95784],[13.563926,47.958086],[13.565348,47.958237],[13.566026,47.95829],[13.566807,47.95835],[13.568352,47.958428],[13.568718,47.958434],[13.569932,47.958456],[13.571635,47.95843],[13.572838,47.958374],[13.57405,47.958293],[13.575039,47.958211],[13.576141,47.958094],[13.577346,47.957948],[13.578562,47.957788],[13.580012,47.957562],[13.581408,47.957326],[13.583076,47.957021],[13.585164,47.956604],[13.587317,47.956148],[13.588255,47.955939],[13.589423,47.955687],[13.589873,47.955589],[13.590461,47.955462],[13.595907,47.954268],[13.596364,47.954166],[13.598818,47.953627],[13.599691,47.953442],[13.604878,47.952295],[13.607758,47.951668],[13.608556,47.951496],[13.609895,47.951228],[13.610772,47.951085],[13.612245,47.950918],[13.612758,47.950871],[13.613369,47.950835],[13.614202,47.950808],[13.61508,47.950809],[13.61581,47.950823],[13.616714,47.950871],[13.617309,47.950921],[13.618034,47.950999],[13.618689,47.951082],[13.619222,47.951164],[13.620184,47.951316],[13.621456,47.951572],[13.62253,47.951797],[13.623583,47.95203],[13.624597,47.952253],[13.625106,47.952365],[13.634406,47.954412],[13.635593,47.954672],[13.638223,47.955268],[13.639071,47.955451],[13.640799,47.955832],[13.641719,47.95603],[13.643102,47.956313],[13.643863,47.956456],[13.644402,47.956549],[13.645214,47.956668],[13.646035,47.956774],[13.646452,47.956818],[13.646865,47.95685],[13.64718,47.956871],[13.647469,47.956884],[13.647998,47.956906],[13.648472,47.95691],[13.649256,47.956895],[13.649671,47.956877],[13.650124,47.956845],[13.650708,47.956798],[13.651263,47.956729],[13.652019,47.95661],[13.652643,47.956492],[13.653046,47.956407],[13.653465,47.956314],[13.653821,47.956214],[13.654267,47.956101],[13.654634,47.955985],[13.65493,47.955894],[13.655293,47.955766],[13.655704,47.955618],[13.656342,47.955363],[13.657102,47.955047],[13.659363,47.954002],[13.662901,47.952355],[13.66545,47.951168],[13.666805,47.950589],[13.667892,47.950159],[13.66913,47.949741],[13.670397,47.949362],[13.671472,47.949089],[13.672338,47.948887],[13.673379,47.948696],[13.674169,47.948571],[13.675155,47.948431],[13.676174,47.948324],[13.677244,47.948235],[13.678145,47.948195],[13.679369,47.948171],[13.680441,47.948176],[13.68139,47.948211],[13.682135,47.948262],[13.682521,47.948294],[13.682978,47.948334],[13.683586,47.948398],[13.684671,47.948533],[13.687056,47.948931],[13.6883,47.949176],[13.688867,47.949297],[13.690007,47.94955],[13.69105,47.949789],[13.692524,47.950139],[13.693742,47.950426],[13.694362,47.950562],[13.694902,47.950679],[13.695569,47.950805],[13.696096,47.950892],[13.696553,47.950958],[13.697065,47.951019],[13.69763,47.951068],[13.698152,47.951102],[13.698699,47.95112],[13.699267,47.951124],[13.699842,47.95111],[13.700462,47.951078],[13.700997,47.951033],[13.701618,47.950964],[13.702201,47.950882],[13.702856,47.950776],[13.704004,47.950571],[13.704711,47.950446],[13.705412,47.950329],[13.705895,47.950256],[13.706456,47.950183],[13.707039,47.950125],[13.707586,47.950087],[13.708144,47.950063],[13.708772,47.950055],[13.709399,47.950066],[13.709964,47.950091],[13.710463,47.95013],[13.710954,47.950179],[13.711404,47.950236],[13.711892,47.950309],[13.712276,47.950374],[13.71265,47.950446],[13.712917,47.950503],[13.713529,47.950638],[13.714851,47.950959],[13.715526,47.951123],[13.716162,47.95127],[13.716872,47.951414],[13.717391,47.951505],[13.717901,47.951583],[13.718389,47.951645],[13.719065,47.951716],[13.719724,47.951775],[13.721128,47.951897],[13.721705,47.951955],[13.722342,47.95203],[13.722833,47.952098],[13.723326,47.952178],[13.723608,47.952227],[13.724197,47.952346],[13.724699,47.952459],[13.725319,47.952617],[13.725836,47.952763],[13.726332,47.952919],[13.726815,47.953082],[13.727304,47.953261],[13.727693,47.953419],[13.727845,47.953485],[13.728033,47.953561],[13.728777,47.953899],[13.729221,47.954122],[13.729779,47.954436],[13.7302,47.954675],[13.730383,47.954787],[13.73076,47.955017],[13.731991,47.955803],[13.732463,47.956097],[13.733242,47.956572],[13.733759,47.956866],[13.734265,47.957134],[13.73473,47.957364],[13.73526,47.957609],[13.735457,47.957693],[13.735871,47.957866],[13.737147,47.958351],[13.73809,47.95867],[13.739105,47.958985],[13.741011,47.959561],[13.743689,47.960373],[13.746265,47.961152],[13.748859,47.961935],[13.75032,47.96237],[13.750626,47.962466],[13.755726,47.964003],[13.757979,47.964717],[13.75867,47.964969],[13.758917,47.96506],[13.760031,47.965534],[13.760966,47.96599],[13.761863,47.966481],[13.762663,47.966974],[13.763435,47.96751],[13.764322,47.968205],[13.764526,47.96839],[13.765335,47.969145],[13.765954,47.969812],[13.766903,47.971007],[13.76836,47.973073],[13.770961,47.976793],[13.773574,47.980534],[13.774609,47.982018],[13.775622,47.983471],[13.776977,47.985369],[13.777688,47.98626],[13.77842,47.987096],[13.779339,47.988032],[13.780089,47.988729],[13.781197,47.989669],[13.781531,47.989932],[13.782022,47.9903],[13.782637,47.990741],[13.783369,47.99124],[13.784578,47.992003],[13.785632,47.992603],[13.786311,47.992969],[13.787039,47.993337],[13.787986,47.993787],[13.788672,47.994102],[13.789357,47.994405],[13.790008,47.994688],[13.790375,47.994849],[13.793836,47.996357],[13.7959,47.997241],[13.796305,47.997418],[13.796529,47.997515],[13.797417,47.997904],[13.799348,47.99874],[13.800293,47.999144],[13.80094,47.999409],[13.801613,47.999673],[13.802362,47.99995],[13.803018,48.000175],[13.803404,48.000289],[13.803925,48.000455],[13.804476,48.000616],[13.80499,48.00076],[13.805708,48.000947],[13.806224,48.001067],[13.806741,48.001183],[13.806885,48.001211],[13.807408,48.001314],[13.807878,48.001409],[13.808601,48.001532],[13.809242,48.001628],[13.809934,48.001726],[13.810485,48.001794],[13.811555,48.001916],[13.812032,48.00197],[13.815326,48.002334],[13.818311,48.002667],[13.82136,48.003005],[13.828019,48.003742],[13.828379,48.003783],[13.831585,48.004139],[13.832733,48.00426],[13.834064,48.004388],[13.835021,48.004468],[13.836233,48.004554],[13.837442,48.004628],[13.838531,48.004677],[13.839405,48.004711],[13.840226,48.004733],[13.841089,48.004755],[13.842115,48.004768],[13.842913,48.004769],[13.843675,48.004764],[13.844292,48.004757],[13.845423,48.004733],[13.846484,48.004699],[13.847591,48.004655],[13.848048,48.00463],[13.849528,48.004556],[13.850695,48.004498],[13.854666,48.004297],[13.855725,48.004242],[13.857097,48.004173],[13.857513,48.004151],[13.859232,48.004066],[13.860092,48.004023],[13.863665,48.003841],[13.866801,48.003682],[13.867236,48.00366],[13.867717,48.003635],[13.869735,48.003531],[13.87229,48.003399],[13.875119,48.003266],[13.876949,48.003164],[13.88189,48.002932],[13.882986,48.002899],[13.883425,48.002885],[13.885842,48.002863],[13.885921,48.002863],[13.886765,48.002869],[13.887945,48.00289],[13.889604,48.002943],[13.890583,48.002988],[13.89237,48.003094],[13.893583,48.003181],[13.894851,48.003295],[13.896265,48.003437],[13.898277,48.003681],[13.899667,48.003874],[13.901226,48.004105],[13.903136,48.004436],[13.905217,48.004831],[13.906785,48.005179],[13.908215,48.005506],[13.9113,48.00631],[13.914239,48.007183],[13.9143,48.007201],[13.915181,48.007463],[13.915766,48.007642],[13.918422,48.008444],[13.91893,48.008597],[13.919666,48.008817],[13.9209,48.009187],[13.922474,48.009662],[13.926534,48.010883],[13.928959,48.011617],[13.93145,48.012386],[13.933077,48.012916],[13.934598,48.013431],[13.93488,48.013527],[13.93582,48.013852],[13.939005,48.014937],[13.940704,48.015521],[13.942022,48.01597],[13.943171,48.016362],[13.947042,48.017688],[13.958143,48.021487],[13.960561,48.022337],[13.961947,48.022881],[13.962986,48.02333],[13.963409,48.023513],[13.964912,48.024229],[13.966251,48.024924],[13.967465,48.02561],[13.971837,48.028352],[13.972973,48.029074],[13.975112,48.030428],[13.978374,48.032487],[13.979851,48.03342],[13.981439,48.034424],[13.98209,48.034835],[13.98259,48.035151],[13.983307,48.035613],[13.985052,48.036715],[13.985635,48.037086],[13.985902,48.037252],[13.986451,48.037599],[13.987334,48.038157],[13.990482,48.04015],[13.992077,48.041158],[13.992704,48.041554],[13.993282,48.041923],[13.993831,48.042268],[13.994463,48.042654],[13.994799,48.04285],[13.995213,48.043083],[13.995681,48.043337],[13.996094,48.043549],[13.996508,48.043754],[13.996972,48.043975],[13.997484,48.044207],[13.997991,48.044428],[13.998575,48.044664],[13.99916,48.044888],[13.999619,48.045057],[14.000045,48.045205],[14.000407,48.045332],[14.001145,48.045564],[14.001826,48.045764],[14.003368,48.04617],[14.006434,48.046967],[14.009489,48.047782],[14.010843,48.048193],[14.012325,48.048681],[14.016425,48.050172],[14.021487,48.052028],[14.023907,48.052911],[14.025507,48.053495],[14.026051,48.053691],[14.026504,48.053868],[14.026934,48.054043],[14.027591,48.054337],[14.028372,48.054718],[14.028857,48.054969],[14.029286,48.055211],[14.029686,48.055438],[14.030012,48.055647],[14.030172,48.055751],[14.030774,48.056152],[14.031389,48.056606],[14.031993,48.05709],[14.032187,48.05726],[14.032825,48.057839],[14.033759,48.058726],[14.034781,48.059691],[14.036787,48.061593],[14.036994,48.061786],[14.037891,48.062628],[14.038373,48.063079],[14.039258,48.063923],[14.039515,48.064167],[14.041164,48.065723],[14.043699,48.068117],[14.045927,48.070223],[14.046844,48.071091],[14.047864,48.072019],[14.049067,48.073088],[14.049802,48.073699],[14.050213,48.074053],[14.052002,48.075587],[14.052229,48.075789],[14.052435,48.075966],[14.053687,48.077045],[14.057013,48.079896],[14.060302,48.082711],[14.06447,48.086276],[14.066057,48.087633],[14.06864,48.089817],[14.069924,48.090847],[14.071058,48.091699],[14.072394,48.092642],[14.073804,48.093591],[14.074772,48.094219],[14.076274,48.095212],[14.077351,48.095881],[14.08134,48.098457],[14.085918,48.101413],[14.08774,48.10262],[14.08953,48.103855],[14.093748,48.106948],[14.097222,48.109742],[14.098916,48.111191],[14.099264,48.111496],[14.106023,48.11735],[14.115004,48.125121],[14.118589,48.128232],[14.120995,48.130172],[14.123202,48.131658],[14.124474,48.132464],[14.125775,48.13318],[14.12699,48.133792],[14.127336,48.133964],[14.128454,48.134496],[14.132329,48.136263],[14.132565,48.13637],[14.134621,48.137294],[14.137776,48.138784],[14.13917,48.139515],[14.140309,48.140176],[14.140576,48.14033],[14.140842,48.140508],[14.141947,48.141231],[14.143099,48.142017],[14.144162,48.14287],[14.145356,48.14382],[14.150829,48.148591],[14.153154,48.150629],[14.154149,48.151497],[14.154758,48.152029],[14.155251,48.152444],[14.156295,48.153362],[14.156599,48.15362],[14.157009,48.15399],[14.157286,48.15425],[14.15814,48.155045],[14.158854,48.155739],[14.159607,48.156512],[14.160212,48.157144],[14.16093,48.157946],[14.161629,48.158754],[14.162802,48.160161],[14.165225,48.163067],[14.17038,48.169235],[14.171438,48.17038],[14.172636,48.171548],[14.173398,48.172212],[14.173542,48.172338],[14.173817,48.172573],[14.175286,48.173726],[14.176348,48.174485],[14.177666,48.175344],[14.17863,48.175934],[14.179642,48.176502],[14.180831,48.177125],[14.185333,48.179263],[14.185727,48.179446],[14.187171,48.180124],[14.191362,48.182087],[14.193286,48.182988],[14.19542,48.183988],[14.19682,48.184629],[14.19776,48.185059],[14.198357,48.185316],[14.199914,48.185938],[14.200964,48.186321],[14.201838,48.18662],[14.20271,48.186898],[14.203776,48.187221],[14.205107,48.187587],[14.20647,48.187925],[14.207637,48.188183],[14.208909,48.188436],[14.209776,48.18859],[14.211282,48.188831],[14.212723,48.189017],[14.214132,48.189172],[14.217545,48.189526],[14.219406,48.189718],[14.221325,48.189917],[14.224143,48.190209],[14.225303,48.190335],[14.226456,48.190484],[14.22733,48.190608],[14.228091,48.19073],[14.229993,48.191074],[14.230626,48.191203],[14.231371,48.191364],[14.232556,48.19164],[14.23388,48.191992],[14.234871,48.192277],[14.235843,48.192578],[14.236599,48.192826],[14.237426,48.193108],[14.238303,48.193434],[14.239045,48.19372],[14.239957,48.194092],[14.240828,48.194468],[14.24163,48.194833],[14.242573,48.195289],[14.243236,48.195611],[14.244146,48.196057],[14.244406,48.196184],[14.245104,48.196527],[14.245614,48.196775],[14.247067,48.19749],[14.248008,48.197952],[14.248935,48.198402],[14.250217,48.199035],[14.250664,48.199254],[14.252125,48.199965],[14.252418,48.200107],[14.253382,48.200583],[14.254403,48.201062],[14.255586,48.201612],[14.256758,48.202126],[14.259951,48.203532],[14.260316,48.203689],[14.26241,48.204623],[14.264268,48.20544],[14.265293,48.205892],[14.269981,48.207962],[14.274263,48.209856],[14.275945,48.210594],[14.276605,48.210885],[14.277606,48.211329],[14.279083,48.211984],[14.279609,48.212215],[14.2837,48.214022],[14.28522,48.21469],[14.286067,48.215066],[14.287849,48.215855],[14.289242,48.216489],[14.290954,48.217308],[14.291805,48.217717],[14.293052,48.218311],[14.293237,48.218401],[14.294425,48.218973],[14.295723,48.219598],[14.296866,48.220146],[14.297217,48.220246],[14.297585,48.220361],[14.297959,48.220484],[14.298276,48.220581],[14.298763,48.220716],[14.299141,48.220802],[14.299567,48.220892],[14.300072,48.220978],[14.301662,48.221172],[14.302091,48.221238],[14.302456,48.221314],[14.302818,48.221403],[14.303043,48.221474],[14.303312,48.22159],[14.303587,48.221735],[14.303804,48.221885],[14.304,48.22208],[14.304131,48.222244],[14.304225,48.222438],[14.304273,48.222593],[14.304299,48.22277],[14.304299,48.222919],[14.304255,48.22314],[14.304187,48.22333],[14.304095,48.223519],[14.303998,48.223672],[14.303865,48.223825],[14.303694,48.223986],[14.30354,48.224105],[14.303381,48.224208],[14.303208,48.224298],[14.302999,48.224395],[14.302766,48.224484],[14.302536,48.224562],[14.301998,48.224722],[14.301834,48.224771],[14.301465,48.224896],[14.301222,48.224996],[14.300907,48.225143],[14.300652,48.225283],[14.300376,48.225459],[14.300155,48.225622],[14.299956,48.225792],[14.299823,48.225918],[14.299692,48.226056],[14.29959,48.226177],[14.299478,48.226327],[14.299246,48.226683],[14.299056,48.22706],[14.298859,48.227522],[14.298666,48.228034],[14.298495,48.228545],[14.298346,48.229075],[14.29818,48.22976],[14.298122,48.23011],[14.298071,48.23042],[14.298063,48.230465],[14.297983,48.231135],[14.297921,48.232146],[14.297873,48.233555],[14.297864,48.233706],[14.297864,48.233816],[14.297768,48.237061],[14.297744,48.237919],[14.297719,48.238695],[14.297714,48.238931],[14.297699,48.239439],[14.297663,48.240425],[14.297657,48.240616],[14.297651,48.240847],[14.297595,48.242392],[14.297592,48.242605],[14.297589,48.242879],[14.297588,48.243167],[14.297583,48.243284],[14.297558,48.243856],[14.297524,48.244916],[14.297511,48.24539],[14.297482,48.246361],[14.29745,48.247359],[14.297389,48.249282],[14.297366,48.250221],[14.297272,48.253154],[14.297226,48.254527],[14.297154,48.256914],[14.297141,48.257606],[14.297139,48.258288],[14.297149,48.258841],[14.29716,48.259297],[14.297196,48.259963],[14.297206,48.260193],[14.29724,48.260521],[14.297282,48.260873],[14.297333,48.261172],[14.297395,48.26145],[14.297511,48.261879],[14.29776,48.262727],[14.297873,48.26314],[14.297948,48.263471],[14.298,48.263779],[14.298033,48.264081],[14.298045,48.264472],[14.298031,48.264804],[14.297997,48.265066],[14.297945,48.265353],[14.297854,48.265713],[14.297779,48.265947],[14.297704,48.266156],[14.297616,48.266359],[14.29752,48.266553],[14.297472,48.266651],[14.297398,48.266794],[14.297361,48.266863],[14.297121,48.267301],[14.296517,48.268315],[14.29628,48.268723],[14.29626,48.268758],[14.296087,48.269033],[14.296008,48.269184],[14.295988,48.269225],[14.295942,48.269348],[14.295869,48.269544],[14.295794,48.269794],[14.295765,48.269891],[14.295645,48.270456],[14.29557,48.271102],[14.295485,48.273367],[14.295452,48.273814],[14.295407,48.274187],[14.2952,48.275131],[14.295099,48.275719],[14.295066,48.275979],[14.295048,48.276217],[14.295046,48.276402],[14.295096,48.276667],[14.29513,48.276838],[14.295166,48.276993],[14.295217,48.277143],[14.295292,48.277317],[14.295372,48.27747],[14.295471,48.277629],[14.295587,48.277779],[14.295716,48.277916],[14.295872,48.278067],[14.296039,48.278212],[14.29623,48.278348],[14.296538,48.278533],[14.296658,48.278598],[14.296763,48.278647],[14.29694,48.278725],[14.297149,48.278808],[14.297351,48.278876],[14.297642,48.27896],[14.297989,48.279045],[14.29857,48.279179],[14.298907,48.279268],[14.299229,48.279365],[14.299523,48.279464],[14.299823,48.279578],[14.300074,48.279683],[14.300308,48.279789],[14.300488,48.279881],[14.300742,48.280022],[14.301194,48.280298],[14.301841,48.28072],[14.302075,48.280876],[14.302373,48.28107],[14.302509,48.28115],[14.302791,48.281309],[14.303038,48.281441],[14.303338,48.281585],[14.303708,48.281751],[14.303997,48.281866],[14.304487,48.282046],[14.304974,48.282209],[14.305909,48.282513],[14.306551,48.282718],[14.30687,48.282824],[14.307608,48.283059],[14.30804,48.283199],[14.308266,48.28327],[14.309048,48.283512],[14.309658,48.28369],[14.310148,48.283825],[14.310641,48.283953],[14.311067,48.284058],[14.311455,48.284146],[14.311781,48.284218],[14.31189,48.284242],[14.312018,48.28427],[14.312914,48.284459],[14.313329,48.284547],[14.313926,48.284675],[14.314409,48.284794],[14.314668,48.284868],[14.314816,48.284916],[14.314916,48.284948],[14.315388,48.285128],[14.315552,48.285203],[14.315851,48.285346],[14.316242,48.285571],[14.316603,48.285808],[14.316812,48.28597],[14.317022,48.286147],[14.317086,48.286203],[14.317338,48.28645],[14.317552,48.28669],[14.317694,48.286879],[14.318043,48.2874],[14.318297,48.287865],[14.318437,48.288147],[14.318506,48.288311],[14.318648,48.288667],[14.318751,48.288985],[14.31878,48.289081],[14.318831,48.289289],[14.318896,48.289576],[14.318974,48.290011],[14.31901,48.290324],[14.319035,48.290544],[14.319051,48.290791],[14.319059,48.291024],[14.319064,48.291268],[14.319059,48.291591],[14.319044,48.291964],[14.319013,48.292354],[14.318974,48.292673],[14.318929,48.292991],[14.318875,48.293308],[14.318814,48.293625],[14.31877,48.29382],[14.318713,48.294057],[14.31865,48.294294],[14.318584,48.294536],[14.318485,48.294873],[14.31837,48.295219],[14.318171,48.295752],[14.318017,48.296134],[14.317837,48.296538],[14.317732,48.296759],[14.317578,48.29706],[14.317439,48.297313],[14.317226,48.297679],[14.316945,48.298149],[14.316652,48.298628],[14.316468,48.29893],[14.316278,48.299228],[14.316049,48.299603],[14.315699,48.300187],[14.315506,48.300516],[14.315268,48.300956],[14.315,48.301462],[14.314765,48.301949],[14.314547,48.302417],[14.314325,48.302932],[14.314178,48.303317],[14.314086,48.303561],[14.313975,48.303869],[14.313888,48.30413],[14.313759,48.304527],[14.313607,48.305005],[14.31352,48.305276],[14.31335,48.30579],[14.313216,48.306168],[14.313014,48.306652],[14.31282,48.307079],[14.312678,48.307376],[14.312449,48.307826],[14.312211,48.30827],[14.312085,48.308496],[14.311453,48.309623],[14.310922,48.310556],[14.310715,48.310901],[14.310547,48.311169],[14.310361,48.311432],[14.310206,48.31163],[14.310007,48.311872],[14.309878,48.312011],[14.309741,48.312155],[14.309544,48.312342],[14.309373,48.312497],[14.309174,48.312666],[14.308897,48.312882],[14.308595,48.313106],[14.307756,48.313729],[14.307502,48.313928],[14.307153,48.314226],[14.306672,48.314666],[14.306228,48.315069],[14.30605,48.315221],[14.305857,48.315383],[14.305667,48.315531],[14.305478,48.315676],[14.305296,48.31581],[14.305027,48.315999],[14.304719,48.316202],[14.30438,48.316412],[14.304091,48.316584],[14.303822,48.316741],[14.303524,48.316914],[14.303227,48.317088],[14.302915,48.317269],[14.30278,48.317349],[14.302489,48.31752],[14.302049,48.31778],[14.301304,48.318218],[14.300684,48.318584],[14.300402,48.318749],[14.297518,48.320436],[14.297097,48.320678],[14.296813,48.320846],[14.296763,48.320875],[14.296639,48.320948],[14.296493,48.321042],[14.296382,48.321122],[14.296295,48.321193],[14.296222,48.321264],[14.296095,48.321403],[14.296037,48.321478],[14.295979,48.321571],[14.295932,48.321652],[14.295898,48.321734],[14.295861,48.321833],[14.295844,48.321906],[14.29583,48.321978],[14.295824,48.322038],[14.295822,48.322124],[14.295826,48.322217],[14.295837,48.322316],[14.29586,48.322412],[14.295892,48.322506],[14.295931,48.322596],[14.295998,48.322715],[14.296072,48.322824],[14.296135,48.322899],[14.296229,48.322996],[14.296298,48.323062],[14.296384,48.323133],[14.296476,48.323195],[14.296552,48.323242],[14.296661,48.323308],[14.296785,48.323368],[14.2969,48.323421],[14.297054,48.323472],[14.297197,48.323511],[14.297268,48.323534],[14.297612,48.323604],[14.297779,48.323623],[14.298009,48.323638],[14.298154,48.323642],[14.298547,48.32364],[14.298781,48.323641],[14.298942,48.323645],[14.29904,48.32365],[14.299145,48.323657],[14.299298,48.323672],[14.299502,48.323699],[14.299708,48.323741],[14.299864,48.323779],[14.299985,48.323816],[14.300146,48.323869],[14.300218,48.323896],[14.300467,48.323999],[14.300777,48.324145],[14.301627,48.324547],[14.302022,48.324726],[14.302374,48.324876],[14.302666,48.324993],[14.303018,48.32513],[14.303426,48.325277],[14.303634,48.325348],[14.304062,48.325492],[14.30436,48.325579],[14.304588,48.325646],[14.304934,48.325744],[14.305192,48.325814],[14.305426,48.325871],[14.30574,48.325945],[14.306176,48.326047],[14.306642,48.326142],[14.307113,48.32623],[14.307585,48.326305],[14.308057,48.326379],[14.308542,48.326444],[14.30902,48.326504],[14.309504,48.326551],[14.309986,48.326592],[14.310439,48.326624],[14.311157,48.32666],[14.311402,48.326669],[14.31167,48.326677],[14.312147,48.326685],[14.312501,48.326686],[14.312721,48.326684],[14.313025,48.326681],[14.31478,48.326653],[14.314986,48.326652],[14.315278,48.326651],[14.315667,48.326653],[14.315966,48.326659],[14.316447,48.32668],[14.316936,48.326712],[14.317409,48.326761],[14.317893,48.326822],[14.318372,48.326906],[14.318632,48.326954],[14.318813,48.326987],[14.319025,48.327027],[14.319322,48.327079],[14.319554,48.327128],[14.319949,48.327227],[14.32023,48.327306],[14.32052,48.327392],[14.320755,48.327465],[14.321024,48.327558],[14.321293,48.327657],[14.321699,48.327813],[14.322113,48.327987],[14.322633,48.328237],[14.322899,48.328371],[14.323249,48.328562],[14.323591,48.328764],[14.323984,48.329012],[14.324323,48.329247],[14.324668,48.329504],[14.324969,48.329752],[14.325054,48.329815],[14.325542,48.33027],[14.325795,48.330536],[14.326042,48.330815],[14.326273,48.331105],[14.326532,48.331433],[14.32674,48.331699],[14.326937,48.33196],[14.327161,48.33225],[14.327377,48.332537],[14.327808,48.333091],[14.328194,48.333587],[14.328488,48.333935],[14.328684,48.334146],[14.328843,48.334315],[14.328971,48.334439],[14.329117,48.334572],[14.329416,48.334829],[14.329675,48.335042],[14.329934,48.33524],[14.330205,48.335432],[14.33047,48.335611],[14.330931,48.335896],[14.331401,48.336151],[14.331809,48.336363],[14.332162,48.336529],[14.332518,48.33668],[14.332958,48.336853],[14.333378,48.337004],[14.333901,48.337172],[14.334459,48.337329],[14.334948,48.337445],[14.33546,48.337555],[14.335872,48.33763],[14.336175,48.337681],[14.336579,48.337736],[14.337007,48.337786],[14.337384,48.337818],[14.337419,48.337821],[14.337809,48.337851],[14.33835,48.337874],[14.338789,48.337882],[14.339343,48.337875],[14.339822,48.337857],[14.340731,48.337781],[14.340868,48.337769],[14.341214,48.337726],[14.341659,48.337661],[14.342151,48.337575],[14.342604,48.337481],[14.343013,48.337387],[14.343451,48.337274],[14.343955,48.337129],[14.3448,48.336863],[14.345816,48.336535],[14.346549,48.336308],[14.347272,48.336086],[14.347988,48.335882],[14.348787,48.335674],[14.349484,48.335505],[14.350254,48.33534],[14.350991,48.335194],[14.351762,48.33506],[14.352428,48.334956],[14.352924,48.334886],[14.353507,48.334812],[14.35409,48.334746],[14.355115,48.334651],[14.355977,48.334584],[14.356849,48.334523],[14.357686,48.33447],[14.358775,48.334409],[14.359573,48.33437],[14.360256,48.334339],[14.36108,48.334309],[14.36216,48.334271],[14.362984,48.334235],[14.363751,48.334218],[14.364691,48.334215],[14.36717,48.334226],[14.367788,48.334233],[14.368717,48.334246],[14.370462,48.33429],[14.371419,48.334323],[14.372255,48.334362],[14.372894,48.3344],[14.373603,48.334449],[14.37418,48.334498],[14.374936,48.334567],[14.376021,48.334682],[14.377157,48.334826],[14.377761,48.33491],[14.37883,48.335076],[14.379556,48.335203],[14.380376,48.335354],[14.380862,48.335448],[14.381878,48.335651],[14.384063,48.336097],[14.384634,48.336213],[14.385649,48.336413],[14.386661,48.336602],[14.387915,48.336823],[14.38964,48.337101],[14.391277,48.337341],[14.393191,48.337584],[14.394658,48.337748],[14.39546,48.337826],[14.396583,48.33793],[14.397416,48.338001],[14.398535,48.338083],[14.399395,48.338139],[14.400025,48.338175],[14.401202,48.338233],[14.402311,48.338277],[14.40311,48.338305],[14.404012,48.338325],[14.404994,48.338336],[14.405563,48.338343],[14.406116,48.338344],[14.407258,48.33834],[14.408432,48.338319],[14.409434,48.338297],[14.410396,48.338263],[14.411053,48.338237],[14.411883,48.338193],[14.412582,48.338143],[14.413285,48.338078],[14.413822,48.33802],[14.414358,48.337949],[14.415096,48.337835],[14.415565,48.337754],[14.416201,48.337626],[14.416908,48.337474],[14.417952,48.337228],[14.418995,48.33698],[14.419974,48.336766],[14.420594,48.336645],[14.421369,48.336515],[14.421903,48.336436],[14.422503,48.336361],[14.42328,48.336282],[14.423802,48.336241],[14.424371,48.336207],[14.42503,48.33618],[14.425767,48.336167],[14.426391,48.336169],[14.427001,48.336185],[14.427664,48.336215],[14.428379,48.336262],[14.429021,48.336321],[14.429638,48.336386],[14.430482,48.336493],[14.431389,48.336628],[14.432235,48.336769],[14.432873,48.336881],[14.433886,48.337082],[14.434634,48.337243],[14.435303,48.337396],[14.435934,48.33755],[14.436816,48.337778],[14.437761,48.338043],[14.438383,48.338227],[14.43923,48.338493],[14.439991,48.338748],[14.440728,48.339007],[14.441477,48.339285],[14.442378,48.33964],[14.443052,48.339922],[14.443811,48.340252],[14.444691,48.34066],[14.445383,48.340998],[14.446063,48.341347],[14.4465,48.341577],[14.446825,48.341755],[14.44715,48.341938],[14.447626,48.342211],[14.448148,48.34252],[14.44882,48.34294],[14.449553,48.343419],[14.450209,48.34387],[14.450858,48.344341],[14.451526,48.344854],[14.452101,48.345319],[14.452664,48.345789],[14.453179,48.346247],[14.453677,48.34671],[14.454293,48.347318],[14.454776,48.347817],[14.455295,48.34839],[14.45574,48.348907],[14.456189,48.349458],[14.456552,48.349935],[14.456905,48.350417],[14.457289,48.350976],[14.457699,48.351613],[14.458096,48.352253],[14.459083,48.353906],[14.459527,48.354632],[14.460037,48.355418],[14.460316,48.355819],[14.460606,48.356216],[14.460846,48.356528],[14.461039,48.356763],[14.461263,48.357001],[14.461503,48.357218],[14.461795,48.357452],[14.462059,48.357637],[14.462396,48.357849],[14.462779,48.358055],[14.463117,48.358211],[14.463576,48.358398],[14.464025,48.358548],[14.464511,48.358678],[14.46489,48.358761],[14.465366,48.358843],[14.465844,48.3589],[14.466345,48.358935],[14.466771,48.358944],[14.467225,48.358934],[14.467764,48.3589],[14.468654,48.358824],[14.469649,48.358736],[14.470262,48.358687],[14.471329,48.3586],[14.471835,48.358573],[14.472213,48.358564],[14.472649,48.358564],[14.473113,48.358576],[14.473505,48.358599],[14.473917,48.35863],[14.474399,48.358681],[14.474952,48.358757],[14.475342,48.358824],[14.475719,48.358901],[14.476113,48.358987],[14.47655,48.359098],[14.47701,48.359233],[14.47748,48.359387],[14.47786,48.359527],[14.478234,48.359677],[14.478749,48.359916],[14.479072,48.360088],[14.47937,48.360259],[14.479656,48.360447],[14.479944,48.36065],[14.48022,48.360866],[14.48049,48.361102],[14.480743,48.361351],[14.480978,48.361621],[14.481204,48.361919],[14.481398,48.362213],[14.481587,48.362553],[14.481665,48.362718],[14.481743,48.362904],[14.481826,48.363136],[14.481916,48.363463],[14.481976,48.363812],[14.482,48.364071],[14.482003,48.364325],[14.481993,48.364556],[14.481967,48.364789],[14.481928,48.365],[14.481865,48.365264],[14.481813,48.36545],[14.481717,48.365699],[14.481635,48.365887],[14.481535,48.366087],[14.481438,48.366259],[14.481309,48.366464],[14.481186,48.366647],[14.481024,48.366864],[14.480931,48.366986],[14.480868,48.367069],[14.480526,48.367514],[14.480351,48.367772],[14.480188,48.368042],[14.480007,48.368346],[14.479821,48.368694],[14.479715,48.368942],[14.479607,48.369222],[14.47953,48.369449],[14.479478,48.369641],[14.479425,48.369838],[14.479371,48.370117],[14.479342,48.370284],[14.479315,48.37049],[14.479299,48.370706],[14.479289,48.371125],[14.479318,48.371669],[14.479405,48.372207],[14.479526,48.372664],[14.4797,48.373151],[14.479921,48.373651],[14.480256,48.374219],[14.4806,48.374706],[14.480982,48.375173],[14.481717,48.375987],[14.482127,48.376471],[14.482469,48.376896],[14.482902,48.377471],[14.483311,48.378072],[14.483621,48.378552],[14.483908,48.379045],[14.484316,48.379805],[14.484662,48.380545],[14.484956,48.381272],[14.485128,48.381774],[14.485305,48.382347],[14.485471,48.382994],[14.485597,48.383612],[14.485698,48.384231],[14.485764,48.384768],[14.485806,48.385235],[14.485825,48.385896],[14.485821,48.386479],[14.485772,48.387242],[14.485702,48.387864],[14.485582,48.388577],[14.485446,48.389215],[14.485304,48.389753],[14.485102,48.390406],[14.484866,48.391043],[14.48455,48.391797],[14.484303,48.392315],[14.483957,48.392962],[14.483668,48.393462],[14.482689,48.395],[14.482428,48.395491],[14.482252,48.395899],[14.482078,48.396369],[14.48193,48.396936],[14.481843,48.397434],[14.481796,48.397995],[14.481794,48.39851],[14.481845,48.399042],[14.481943,48.399567],[14.482118,48.400202],[14.482495,48.401207],[14.482732,48.401895],[14.482924,48.402607],[14.483063,48.403205],[14.483188,48.404009],[14.483262,48.404817],[14.483286,48.405572],[14.483246,48.406765],[14.483262,48.407548],[14.483321,48.40811],[14.483335,48.408242],[14.483425,48.408772],[14.483553,48.409276],[14.483667,48.40967],[14.483785,48.410032],[14.483934,48.410415],[14.484277,48.411245],[14.484402,48.411575],[14.484497,48.411887],[14.484568,48.412174],[14.484638,48.412564],[14.484674,48.412926],[14.484735,48.413536],[14.484778,48.413805],[14.484851,48.414104],[14.484914,48.414304],[14.485003,48.414537],[14.485097,48.414749],[14.485189,48.414925],[14.485308,48.415129],[14.485464,48.415367],[14.485667,48.415639],[14.485871,48.415879],[14.486059,48.416073],[14.486318,48.416316],[14.486547,48.416507],[14.486803,48.416705],[14.487027,48.416861],[14.487293,48.417031],[14.487557,48.417186],[14.4878,48.417323],[14.488214,48.417552],[14.488818,48.417905],[14.489021,48.418031],[14.489191,48.418156],[14.489395,48.418322],[14.489627,48.418531],[14.489829,48.418739],[14.489985,48.418926],[14.490122,48.419113],[14.490249,48.419309],[14.490364,48.419524],[14.490464,48.419725],[14.490789,48.420497],[14.491188,48.421508],[14.491521,48.422383],[14.491623,48.422701],[14.49169,48.422995],[14.491737,48.423253],[14.491769,48.4236],[14.491771,48.42391],[14.491734,48.424312],[14.491686,48.424595],[14.491612,48.424882],[14.491519,48.425164],[14.491404,48.42545],[14.49128,48.425711],[14.4911,48.42602],[14.49093,48.426275],[14.490725,48.426545],[14.490515,48.426785],[14.49028,48.427035],[14.489999,48.427299],[14.489756,48.427502],[14.489482,48.427711],[14.489168,48.427933],[14.488788,48.428182],[14.488381,48.428428],[14.487939,48.428674],[14.487527,48.428886],[14.486918,48.429168],[14.485924,48.429589],[14.485566,48.429751],[14.485256,48.429906],[14.484942,48.430079],[14.484657,48.430247],[14.484316,48.430472],[14.484038,48.430679],[14.483739,48.430918],[14.48351,48.431124],[14.483304,48.431326],[14.483094,48.431552],[14.482882,48.431808],[14.482671,48.432094],[14.48246,48.43243],[14.482297,48.432744],[14.482155,48.433068],[14.482064,48.43333],[14.481939,48.433805],[14.481855,48.434103],[14.481761,48.43439],[14.481676,48.434613],[14.481544,48.434894],[14.481385,48.435205],[14.481007,48.435915],[14.480845,48.436354],[14.480765,48.436618],[14.480693,48.436948],[14.480655,48.437292],[14.480642,48.437665],[14.480679,48.438063],[14.480745,48.43842],[14.480818,48.438686],[14.480938,48.438999],[14.481062,48.439287],[14.481218,48.439576],[14.481416,48.43988],[14.481623,48.440154],[14.481838,48.440416],[14.482035,48.440624],[14.482378,48.440971],[14.482645,48.44122],[14.482961,48.441507],[14.483346,48.441831],[14.483706,48.442119],[14.484066,48.442388],[14.484541,48.442724],[14.484947,48.442994],[14.485373,48.443266],[14.485842,48.443545],[14.486356,48.443833],[14.486997,48.444162],[14.487584,48.444442],[14.488711,48.444948],[14.489234,48.445189],[14.489817,48.445468],[14.49036,48.445748],[14.490705,48.445933],[14.491077,48.446146],[14.491599,48.446468],[14.49221,48.446867],[14.49257,48.447122],[14.492958,48.447413],[14.493399,48.447762],[14.493952,48.448243],[14.494307,48.448571],[14.494579,48.448844],[14.494863,48.44914],[14.495173,48.449481],[14.495493,48.449862],[14.495844,48.450318],[14.496101,48.450681],[14.496487,48.451246],[14.496637,48.451472],[14.496698,48.451569],[14.496853,48.451812],[14.497474,48.452724],[14.498696,48.454552],[14.499199,48.45535],[14.499798,48.456365],[14.499986,48.456692],[14.500083,48.456861],[14.500556,48.457727],[14.500986,48.458572],[14.501479,48.459621],[14.501647,48.45999],[14.502084,48.461055],[14.502346,48.46174],[14.502569,48.462366],[14.502745,48.462877],[14.502942,48.463546],[14.502958,48.463599],[14.503047,48.46389],[14.503118,48.464266],[14.503165,48.464671],[14.503182,48.465059],[14.503163,48.465517],[14.503131,48.465772],[14.503086,48.466008],[14.503004,48.466371],[14.502932,48.466625],[14.502757,48.467236],[14.502459,48.468262],[14.502285,48.468914],[14.502159,48.469426],[14.502012,48.470082],[14.501882,48.470711],[14.501791,48.471195],[14.50164,48.47215],[14.501553,48.472817],[14.50146,48.473679],[14.501407,48.474349],[14.501369,48.474977],[14.501347,48.475582],[14.501317,48.476255],[14.501293,48.47667],[14.50125,48.477045],[14.501172,48.477461],[14.501064,48.47787],[14.500972,48.478157],[14.500691,48.478852],[14.50053,48.47931],[14.500435,48.47961],[14.500369,48.479886],[14.500327,48.480185],[14.500305,48.480613],[14.500328,48.480912],[14.500363,48.481175],[14.50042,48.481466],[14.500488,48.481692],[14.500599,48.481994],[14.500728,48.482284],[14.500905,48.482587],[14.501137,48.482929],[14.501427,48.483281],[14.501653,48.483527],[14.501897,48.48375],[14.502059,48.483896],[14.502106,48.483933],[14.50226,48.484072],[14.50242,48.484212],[14.502618,48.484369],[14.502916,48.484609],[14.503143,48.484786],[14.503389,48.484977],[14.503674,48.485196],[14.504055,48.485474],[14.504581,48.485854],[14.504644,48.485898],[14.504735,48.485962],[14.504847,48.48604],[14.505286,48.486336],[14.505362,48.486387],[14.50567,48.486594],[14.506113,48.48689],[14.506539,48.48718],[14.506964,48.487461],[14.507546,48.487831],[14.508096,48.488178],[14.508778,48.48862],[14.509504,48.489097],[14.509948,48.489384],[14.510118,48.489494],[14.51104,48.490094],[14.512094,48.490768],[14.512816,48.491234],[14.513169,48.491449],[14.513466,48.491649],[14.514084,48.492066],[14.514572,48.492437],[14.514957,48.492777],[14.51526,48.493087],[14.515525,48.493427],[14.515738,48.49373],[14.51578,48.493789],[14.515935,48.494031],[14.516047,48.494206],[14.516229,48.494542],[14.516279,48.494663],[14.516539,48.495352],[14.516657,48.495799],[14.516709,48.496234],[14.516737,48.496649],[14.516743,48.497113],[14.516751,48.497279],[14.516761,48.497471],[14.516776,48.497637],[14.516801,48.497812],[14.516837,48.498],[14.51688,48.498181],[14.516937,48.49837],[14.517027,48.498628],[14.517157,48.498975],[14.5174,48.499517],[14.517604,48.499943],[14.517665,48.500071],[14.51788,48.500463],[14.517886,48.500474],[14.518112,48.500869],[14.51815,48.50093],[14.518283,48.501137],[14.518355,48.501251],[14.518456,48.501394],[14.518531,48.501501],[14.518639,48.501659],[14.518992,48.502164],[14.519257,48.502561],[14.519343,48.502707],[14.519667,48.503294],[14.519904,48.503907],[14.520024,48.504283],[14.520132,48.50468],[14.520198,48.50514],[14.520233,48.505654],[14.520228,48.50608],[14.520215,48.50637],[14.520187,48.506797],[14.520138,48.507102],[14.520046,48.50743],[14.519889,48.507869],[14.519692,48.508301],[14.519482,48.5087],[14.519187,48.509158],[14.518757,48.509728],[14.518418,48.510113],[14.518041,48.510525],[14.517746,48.510896],[14.517469,48.511292],[14.517281,48.511596],[14.516936,48.512227],[14.516739,48.512583],[14.516626,48.512831],[14.516559,48.513011],[14.516486,48.513258],[14.516417,48.513551],[14.516354,48.513897],[14.516313,48.51427],[14.516297,48.51466],[14.516309,48.515222],[14.516318,48.515423],[14.51633,48.515848],[14.516303,48.516333],[14.516265,48.516594],[14.516205,48.516902],[14.516167,48.517044],[14.516119,48.517223],[14.516029,48.5175],[14.51592,48.517777],[14.515763,48.518119],[14.51564,48.518356],[14.51555,48.518521],[14.515487,48.518616],[14.515217,48.519001],[14.515026,48.519254],[14.51478,48.519541],[14.51458,48.519753],[14.514337,48.51999],[14.514074,48.520229],[14.513796,48.520464],[14.51362,48.5206],[14.513438,48.520732],[14.513374,48.52078],[14.513117,48.520954],[14.512888,48.521102],[14.512549,48.521302],[14.512174,48.521508],[14.511809,48.521696],[14.511319,48.521927],[14.510403,48.52236],[14.510129,48.522491],[14.509594,48.522742],[14.509236,48.522912],[14.508615,48.523206],[14.508019,48.52351],[14.507504,48.523757],[14.507165,48.524021],[14.507046,48.524138],[14.506969,48.524228],[14.506908,48.524313],[14.506861,48.524391],[14.506817,48.524485],[14.506782,48.524577],[14.506754,48.524666],[14.506732,48.524768],[14.506693,48.524954],[14.506665,48.525032],[14.506629,48.525102],[14.50658,48.525167],[14.506517,48.52522],[14.506449,48.525262],[14.506376,48.525296],[14.506304,48.525322],[14.506218,48.525343],[14.506133,48.525353],[14.50604,48.525356],[14.505939,48.525348],[14.505835,48.52533],[14.505731,48.525305],[14.505548,48.525243],[14.505422,48.525201],[14.505337,48.52518],[14.505258,48.525169],[14.505173,48.525162],[14.50511,48.525196],[14.505019,48.525218],[14.5049,48.525523],[14.504887,48.525814],[14.504896,48.526023],[14.504926,48.526204],[14.50495,48.526297],[14.504986,48.526416],[14.505056,48.526593],[14.50515,48.526789],[14.50533,48.527152],[14.505444,48.527392],[14.505532,48.527598],[14.505611,48.527846],[14.505644,48.527985],[14.505662,48.528127],[14.505665,48.528286],[14.505638,48.528488],[14.505618,48.528562],[14.505587,48.528658],[14.505554,48.528745],[14.505493,48.528872],[14.505403,48.529031],[14.505007,48.529654],[14.504555,48.530361],[14.504047,48.531159],[14.503966,48.531308],[14.503888,48.531491],[14.503431,48.532747],[14.503399,48.532836],[14.503346,48.53298],[14.503311,48.533065],[14.503269,48.533148],[14.503222,48.533225],[14.503164,48.533291],[14.503099,48.533345],[14.503026,48.533397],[14.502795,48.533533],[14.502552,48.533668],[14.502401,48.533745],[14.502227,48.533824],[14.502081,48.533884],[14.501903,48.533954],[14.501686,48.534036],[14.501516,48.534097],[14.501281,48.534171],[14.50115,48.534207],[14.500954,48.534251],[14.500798,48.53428],[14.500614,48.534308],[14.500449,48.534325],[14.500267,48.534332],[14.49986,48.534336],[14.499444,48.534336],[14.498982,48.534338],[14.498679,48.534351],[14.498457,48.534372],[14.498179,48.534406],[14.497786,48.534464],[14.497422,48.534536],[14.497094,48.534623],[14.496729,48.534731],[14.496304,48.534863],[14.495364,48.535156],[14.492635,48.535989],[14.492349,48.536077],[14.491991,48.536193],[14.491771,48.536278],[14.491595,48.536355],[14.491434,48.536441],[14.491245,48.536554],[14.491079,48.536668],[14.490912,48.536788],[14.490858,48.536836],[14.490739,48.536958],[14.490619,48.537097],[14.490508,48.537256],[14.490451,48.537357],[14.490356,48.53756],[14.490308,48.537666],[14.489853,48.538733],[14.489695,48.53911],[14.489523,48.539512],[14.489457,48.539665],[14.48936,48.539861],[14.489269,48.540024],[14.489166,48.540179],[14.489026,48.540363],[14.4889,48.540511],[14.488761,48.540658],[14.488659,48.540754],[14.488525,48.540868],[14.488173,48.541159],[14.487988,48.541322],[14.487855,48.541461],[14.487753,48.541588],[14.48763,48.541772],[14.487536,48.541945],[14.487456,48.542135],[14.487411,48.542295],[14.487384,48.542462],[14.487379,48.542642],[14.487395,48.54287],[14.487441,48.543292],[14.487451,48.543485],[14.487438,48.543633],[14.487411,48.543778],[14.487379,48.543896],[14.487324,48.544056],[14.487231,48.544244],[14.487141,48.544402],[14.487041,48.544554],[14.486979,48.544646],[14.486919,48.544736],[14.486887,48.544783],[14.486095,48.545971],[14.486035,48.546064],[14.485959,48.54619],[14.485842,48.546428],[14.485777,48.546574],[14.485723,48.546753],[14.485688,48.546942],[14.485672,48.547125],[14.48568,48.547313],[14.485724,48.548326],[14.485747,48.548832],[14.485743,48.549017],[14.485722,48.549242],[14.485703,48.549366],[14.485694,48.549426],[14.485645,48.549621],[14.485594,48.549774],[14.485524,48.549982],[14.485455,48.550145],[14.485354,48.550336],[14.485242,48.55053],[14.484867,48.551143],[14.484649,48.551497],[14.484421,48.551866],[14.484277,48.552075],[14.484145,48.552247],[14.484006,48.552411],[14.483878,48.552555],[14.483669,48.552779],[14.483482,48.552963],[14.483301,48.553134],[14.483067,48.553339],[14.482971,48.553417],[14.48273,48.553597],[14.4825,48.553763],[14.482287,48.55391],[14.482113,48.554023],[14.481884,48.554158],[14.481615,48.554312],[14.481348,48.554456],[14.481099,48.554576],[14.48087,48.554682],[14.480584,48.554806],[14.480252,48.554939],[14.479642,48.555157],[14.479166,48.555318],[14.478963,48.555395],[14.478859,48.555439],[14.478774,48.555483],[14.4787,48.555532],[14.478621,48.555601],[14.478585,48.55565],[14.478554,48.5557],[14.478526,48.555762],[14.478511,48.555827],[14.478509,48.555899],[14.478512,48.556024],[14.478533,48.556329],[14.478546,48.55653],[14.478552,48.556614],[14.478574,48.556946],[14.478573,48.557077],[14.478557,48.55716],[14.478529,48.557235],[14.478492,48.5573],[14.478439,48.557384],[14.478352,48.55747],[14.47825,48.557544],[14.478131,48.557609],[14.477735,48.557819],[14.47769,48.557843],[14.477275,48.558057],[14.477137,48.558128],[14.477035,48.558185],[14.476941,48.558252],[14.47688,48.558318],[14.47685,48.558366],[14.476828,48.558417],[14.4768,48.558505],[14.476783,48.558564],[14.476765,48.558623],[14.476691,48.558878],[14.47663,48.55908],[14.476577,48.559251],[14.476542,48.559351],[14.476501,48.55943],[14.476406,48.559533],[14.476264,48.559665],[14.476102,48.559813],[14.475904,48.559975],[14.475836,48.560031],[14.475775,48.560088],[14.47569,48.560178],[14.475524,48.560351],[14.475447,48.560441],[14.475393,48.560511],[14.475313,48.560635],[14.475124,48.560977],[14.475065,48.561083],[14.474035,48.562923],[14.473652,48.563626],[14.473371,48.564175],[14.473242,48.564451],[14.473129,48.564735],[14.473054,48.56495],[14.47298,48.565211],[14.472909,48.565521],[14.472873,48.565726],[14.472834,48.566022],[14.472814,48.566323],[14.472786,48.567102],[14.472769,48.567489],[14.472748,48.567763],[14.472707,48.568051],[14.472655,48.568316],[14.472576,48.568618],[14.472464,48.568965],[14.472393,48.569188],[14.472307,48.569455],[14.472298,48.569485],[14.472195,48.569849],[14.472039,48.570195],[14.471979,48.570301],[14.471888,48.570415],[14.471829,48.570479],[14.471757,48.570542],[14.471679,48.570599],[14.471609,48.570644],[14.47152,48.570691],[14.471378,48.570754],[14.471215,48.570824],[14.471094,48.570883],[14.470996,48.570936],[14.470886,48.570997],[14.470791,48.571056],[14.470693,48.571127],[14.470608,48.571194],[14.470521,48.571277],[14.470451,48.571351],[14.470352,48.57147],[14.470277,48.571576],[14.47022,48.571678],[14.47018,48.571771],[14.470157,48.571856],[14.470145,48.571939],[14.470147,48.572021],[14.470161,48.572119],[14.470186,48.572205],[14.47022,48.572283],[14.47026,48.572352],[14.470317,48.572423],[14.470405,48.572507],[14.47049,48.572572],[14.470588,48.572642],[14.470717,48.572723],[14.470857,48.572801],[14.471068,48.572906],[14.471515,48.573111],[14.471922,48.573318],[14.472243,48.573509],[14.47249,48.573675],[14.472725,48.573848],[14.472931,48.574007],[14.473119,48.574168],[14.473198,48.574241],[14.473272,48.574315],[14.473319,48.574359],[14.473378,48.574421],[14.473427,48.574487],[14.473536,48.574813],[14.473607,48.575151],[14.473651,48.575509],[14.473657,48.575754],[14.473649,48.576049],[14.47362,48.576305],[14.473582,48.576514],[14.473542,48.576699],[14.473493,48.576881],[14.473412,48.577131],[14.473288,48.577456],[14.472858,48.57845],[14.472748,48.578737],[14.472661,48.579021],[14.472576,48.579316],[14.472509,48.579632],[14.472452,48.579994],[14.472416,48.580329],[14.472403,48.580657],[14.472406,48.581051],[14.472438,48.581416],[14.47248,48.581734],[14.472534,48.582018],[14.472611,48.582341],[14.472718,48.582699],[14.472851,48.583059],[14.472972,48.583351],[14.473117,48.583652],[14.473264,48.583922],[14.473366,48.584096],[14.473553,48.584398],[14.473697,48.58463],[14.474008,48.585136],[14.4745,48.585927],[14.474675,48.586226],[14.47482,48.5865],[14.474876,48.586613],[14.474895,48.586656],[14.475004,48.5869],[14.475141,48.587251],[14.475243,48.58755],[14.47539,48.588086],[14.475396,48.588126],[14.475453,48.588482],[14.47549,48.588854],[14.475547,48.589457],[14.475596,48.589934],[14.475646,48.590353],[14.475676,48.590544],[14.475734,48.59083],[14.475808,48.591122],[14.475902,48.591433],[14.476033,48.591786],[14.476136,48.592031],[14.476347,48.592465],[14.476547,48.592819],[14.476718,48.593088],[14.476917,48.593375],[14.477143,48.593671],[14.477371,48.593953],[14.477693,48.594363],[14.478059,48.594827],[14.47825,48.595089],[14.478395,48.595301],[14.478513,48.595481],[14.478723,48.595813],[14.47888,48.596089],[14.479013,48.596359],[14.479113,48.596592],[14.479189,48.596781],[14.479291,48.597047],[14.479389,48.597348],[14.47948,48.597652],[14.47953,48.597861],[14.479581,48.598128],[14.479632,48.598465],[14.479676,48.598855],[14.479708,48.599281],[14.479708,48.599566],[14.479702,48.599874],[14.479683,48.600135],[14.479651,48.600377],[14.47961,48.600618],[14.479538,48.600948],[14.479453,48.601286],[14.479354,48.601623],[14.479225,48.602005],[14.479022,48.602567],[14.478885,48.602919],[14.478779,48.603184],[14.478608,48.603588],[14.478378,48.604093],[14.4781,48.604658],[14.477933,48.604978],[14.477692,48.605416],[14.47734,48.606019],[14.477033,48.606516],[14.476658,48.607098],[14.476136,48.607889],[14.475788,48.608408],[14.475636,48.608635],[14.475537,48.608784],[14.47516,48.609346],[14.474848,48.609816],[14.474255,48.610675],[14.473856,48.611287],[14.47362,48.611666],[14.473478,48.611914],[14.473297,48.612239],[14.473051,48.612715],[14.472838,48.613157],[14.472704,48.613453],[14.472435,48.614101],[14.472246,48.614602],[14.472054,48.615178],[14.471902,48.615677],[14.471811,48.616012],[14.471737,48.616323],[14.471627,48.616808],[14.471558,48.617206],[14.471512,48.617543],[14.47149,48.617894],[14.471481,48.618201],[14.471483,48.618508],[14.4715,48.618843],[14.471521,48.619033],[14.471524,48.619062],[14.471569,48.619347],[14.471627,48.619618],[14.471686,48.619857],[14.471777,48.620173],[14.471839,48.620385],[14.471965,48.620828],[14.472035,48.621119],[14.472099,48.621435],[14.472132,48.621626],[14.472166,48.621892],[14.472192,48.622251],[14.472195,48.622553],[14.472185,48.622869],[14.472168,48.623051],[14.472142,48.623294],[14.472109,48.623508],[14.472062,48.623762],[14.471993,48.624046],[14.471936,48.624249],[14.471866,48.624458],[14.471814,48.624609],[14.471733,48.624821],[14.471624,48.625079],[14.471501,48.625338],[14.471326,48.625663],[14.471175,48.625915],[14.47097,48.626228],[14.470797,48.626465],[14.470586,48.626739],[14.47041,48.626952],[14.470247,48.627134],[14.470025,48.627369],[14.469878,48.627518],[14.469743,48.627648],[14.469461,48.627905],[14.469035,48.628258],[14.468751,48.628477],[14.468519,48.628641],[14.468334,48.628772],[14.468155,48.628891],[14.467748,48.629148],[14.467423,48.629337],[14.467054,48.629538],[14.466722,48.629708],[14.466305,48.629905],[14.465865,48.630102],[14.465412,48.630292],[14.464785,48.63056],[14.464336,48.630759],[14.463803,48.631029],[14.463386,48.631257],[14.463128,48.631408],[14.462785,48.631618],[14.462513,48.631795],[14.462172,48.632037],[14.461872,48.632262],[14.461524,48.632543],[14.461286,48.632754],[14.461005,48.633017],[14.460792,48.63323],[14.46051,48.633537],[14.460296,48.633792],[14.460117,48.634009],[14.460009,48.634152],[14.459871,48.634342],[14.459676,48.634646],[14.459651,48.63469],[14.459362,48.635181],[14.459244,48.635388],[14.459101,48.635618],[14.458952,48.635813],[14.458824,48.635963],[14.458669,48.63612],[14.458478,48.636291],[14.458352,48.63639],[14.458222,48.636481],[14.458206,48.636493],[14.458016,48.63662],[14.457826,48.636737],[14.457748,48.636785],[14.457022,48.637229],[14.45689,48.637313],[14.456508,48.637559],[14.45618,48.637791],[14.455933,48.63798],[14.455638,48.638214],[14.45535,48.638459],[14.455019,48.638764],[14.45474,48.639047],[14.454406,48.639417],[14.454167,48.639708],[14.454032,48.639897],[14.453972,48.639981],[14.453774,48.6403],[14.453662,48.640533],[14.453578,48.640759],[14.453524,48.640992],[14.453508,48.641176],[14.453507,48.641328],[14.453527,48.641502],[14.453577,48.641688],[14.453669,48.641866],[14.453717,48.641938],[14.453806,48.642043],[14.453908,48.642152],[14.453985,48.642239],[14.454176,48.642444],[14.454415,48.642689],[14.454515,48.642807],[14.454605,48.642958],[14.454679,48.643113],[14.454723,48.643238],[14.454736,48.643322],[14.454736,48.643425],[14.454719,48.643539],[14.454631,48.643952],[14.454614,48.644013],[14.454589,48.644061],[14.454556,48.644117],[14.454511,48.644172],[14.454458,48.644233],[14.454191,48.644491],[14.454127,48.644552],[14.454041,48.644636],[14.453968,48.644706],[14.453894,48.644778],[14.453631,48.644936],[14.453324,48.645105],[14.453049,48.645241],[14.45276,48.645415],[14.452476,48.645587],[14.452296,48.645696],[14.451691,48.646049],[14.450628,48.646669],[14.449946,48.647064],[14.449398,48.647549],[14.448833,48.648059],[14.448055,48.648524],[14.446989,48.649182],[14.446183,48.649671],[14.445555,48.650071],[14.444826,48.650597],[14.444117,48.651207],[14.443691,48.651646],[14.443494,48.651876],[14.443309,48.652118],[14.443154,48.652342],[14.443005,48.652574],[14.442863,48.652824],[14.442739,48.653067],[14.442626,48.653313],[14.442552,48.653503],[14.442463,48.65376],[14.442408,48.653946],[14.442347,48.654196],[14.442307,48.654394],[14.442269,48.654653],[14.442247,48.654851],[14.442239,48.655038],[14.442232,48.655235],[14.442235,48.655389],[14.442252,48.655654],[14.442285,48.655914],[14.442328,48.656163],[14.4424,48.656478],[14.44248,48.65674],[14.442551,48.656936],[14.442621,48.657116],[14.442692,48.657288],[14.442787,48.657486],[14.44288,48.657681],[14.44304,48.657991],[14.443173,48.658232],[14.443278,48.658421],[14.443449,48.658726],[14.443575,48.658958],[14.443719,48.659216],[14.443846,48.659451],[14.444042,48.659817],[14.444234,48.660184],[14.444451,48.660614],[14.444612,48.660946],[14.444749,48.661234],[14.444891,48.661542],[14.445001,48.661789],[14.445118,48.662053],[14.445293,48.662466],[14.445399,48.662725],[14.445572,48.663155],[14.445708,48.663512],[14.445811,48.663793],[14.445946,48.66417],[14.446112,48.66467],[14.446228,48.665019],[14.446318,48.665313],[14.446471,48.665829],[14.446563,48.666163],[14.446654,48.666519],[14.446773,48.666988],[14.446867,48.667402],[14.446968,48.66787],[14.447043,48.668249],[14.447128,48.668722],[14.447187,48.66907],[14.447265,48.669604],[14.447347,48.670207],[14.447449,48.671025],[14.447471,48.671206],[14.447526,48.671652],[14.447577,48.672069],[14.447629,48.672457],[14.447695,48.672972],[14.447766,48.673452],[14.448088,48.674329],[14.448232,48.674599],[14.44858,48.675121],[14.449342,48.67609],[14.449883,48.676793],[14.450092,48.677065],[14.450635,48.677855],[14.451195,48.678619],[14.451325,48.678813],[14.451522,48.679096],[14.452037,48.679815],[14.452325,48.68021],[14.4524,48.680305],[14.452499,48.680426],[14.452593,48.680535],[14.452651,48.680593],[14.452721,48.680664],[14.452909,48.680842],[14.453458,48.68133],[14.45517,48.682829],[14.455569,48.683183],[14.456426,48.683943],[14.456672,48.684171],[14.456799,48.684296],[14.456928,48.684436],[14.457135,48.684669],[14.457301,48.684874],[14.457397,48.684997],[14.457543,48.685197],[14.457691,48.685404],[14.457857,48.685645],[14.458006,48.685884],[14.458096,48.686046],[14.458229,48.686287],[14.458564,48.68689],[14.458863,48.687429],[14.459235,48.688097],[14.459342,48.688299],[14.459464,48.688537],[14.459576,48.688782],[14.459929,48.689603],[14.460424,48.690751],[14.460706,48.691367],[14.460845,48.691671],[14.460911,48.691798],[14.460994,48.691938],[14.461085,48.692077],[14.461185,48.692214],[14.46129,48.692346],[14.461406,48.692477],[14.461479,48.692552],[14.461681,48.692758],[14.461931,48.692979],[14.462209,48.69319],[14.462269,48.693234],[14.462516,48.693414],[14.462937,48.693721],[14.463594,48.694185],[14.464382,48.694761],[14.464807,48.695094],[14.465092,48.695336],[14.465402,48.695617],[14.465672,48.695869],[14.465863,48.696061],[14.466071,48.696283],[14.466241,48.696474],[14.466404,48.696661],[14.46659,48.696888],[14.466858,48.697243],[14.467111,48.697617],[14.467324,48.697936],[14.467711,48.698513],[14.467873,48.698768],[14.467964,48.698907],[14.468091,48.699118],[14.468178,48.699272],[14.468249,48.699414],[14.468323,48.699574],[14.468404,48.699767],[14.468471,48.699949],[14.468542,48.700162],[14.468591,48.700341],[14.468641,48.700547],[14.468711,48.700948],[14.468886,48.702058],[14.468936,48.702401],[14.468987,48.702734],[14.469074,48.703326],[14.469151,48.703835],[14.469179,48.703968],[14.469216,48.704125],[14.469258,48.704261],[14.469296,48.704374],[14.469368,48.704579],[14.469431,48.704732],[14.469527,48.704924],[14.469636,48.705123],[14.469734,48.705271],[14.469869,48.705453],[14.470013,48.705626],[14.47023,48.705862],[14.470404,48.706025],[14.470598,48.706197],[14.470805,48.706364],[14.471461,48.706877],[14.471993,48.707302],[14.47512,48.709769],[14.475452,48.710037],[14.476085,48.710556],[14.476221,48.710677],[14.476338,48.710784],[14.476481,48.710926],[14.476525,48.710977],[14.476566,48.711028],[14.476605,48.711088],[14.47665,48.711166],[14.476685,48.711234],[14.476742,48.711351],[14.476839,48.711582],[14.476885,48.711703],[14.476918,48.711812],[14.477007,48.712154],[14.477052,48.712396],[14.477289,48.713638],[14.477794,48.716107],[14.477983,48.716995],[14.478156,48.717723],[14.478261,48.718222],[14.478328,48.718538],[14.478419,48.71899],[14.478508,48.719453],[14.478643,48.720204],[14.478681,48.720392],[14.478711,48.720538],[14.478734,48.720647],[14.47875,48.720726],[14.478851,48.721219],[14.479254,48.723154],[14.479276,48.723278],[14.479407,48.723929],[14.479589,48.724831],[14.479782,48.725802],[14.479899,48.726416],[14.479995,48.726876],[14.480072,48.727253],[14.48017,48.727825],[14.48033,48.727974],[14.480464,48.728037],[14.480546,48.728031],[14.480627,48.728038],[14.480721,48.728061],[14.480802,48.7281],[14.480865,48.728151],[14.480897,48.728195],[14.480915,48.728241],[14.480915,48.728318],[14.480879,48.72839],[14.480837,48.728434],[14.480782,48.728471],[14.480716,48.7285],[14.480643,48.728519],[14.480514,48.728631],[14.480382,48.728818],[14.48039,48.728871],[14.480438,48.729217],[14.480634,48.730573],[14.480651,48.730709],[14.480669,48.73083],[14.480901,48.732644],[14.480944,48.732987],[14.481138,48.734545],[14.481242,48.735378],[14.481378,48.736501],[14.481466,48.737202],[14.481544,48.737661],[14.481599,48.737873],[14.481645,48.738019],[14.48177,48.738351],[14.481991,48.738733],[14.482194,48.739029],[14.482418,48.739287],[14.482799,48.739669],[14.483609,48.740308],[14.48398,48.740605],[14.484591,48.741094],[14.485086,48.741625],[14.485329,48.741911],[14.485603,48.742346],[14.485798,48.742754],[14.485943,48.743172],[14.486028,48.743752],[14.486015,48.744036],[14.485968,48.744398],[14.485821,48.744978],[14.485603,48.74571],[14.485501,48.746058],[14.485384,48.746484],[14.485233,48.747109],[14.485028,48.748027],[14.484901,48.748475],[14.484586,48.749311],[14.484387,48.7497],[14.484269,48.749904],[14.484042,48.750253],[14.48392,48.750437],[14.483805,48.750594],[14.483645,48.750802],[14.483404,48.751073],[14.482901,48.751633],[14.482454,48.752163],[14.482259,48.752431],[14.48209,48.752703],[14.481848,48.753161],[14.481329,48.754143],[14.481043,48.754578],[14.480578,48.755226],[14.479791,48.756305],[14.479419,48.756819],[14.477899,48.758916],[14.475986,48.761524],[14.475613,48.762029],[14.475516,48.762161],[14.475249,48.762522],[14.474973,48.762904],[14.473456,48.764976],[14.472134,48.766762],[14.47199,48.766961],[14.468748,48.77138],[14.468431,48.771816],[14.467881,48.772566],[14.467638,48.772895],[14.467608,48.772935],[14.467456,48.773146],[14.467238,48.773449],[14.467202,48.7735],[14.466979,48.773805],[14.466925,48.773879],[14.466803,48.774048],[14.466685,48.774207],[14.466439,48.774557],[14.466366,48.774653],[14.466297,48.774718],[14.466234,48.774768],[14.466149,48.774817],[14.466069,48.774841],[14.465962,48.774867],[14.4658,48.77488],[14.465564,48.77488],[14.465376,48.774882],[14.465163,48.774884],[14.464918,48.774886],[14.464283,48.774893],[14.464207,48.7749],[14.464165,48.774904],[14.464058,48.774926],[14.46398,48.774956],[14.463906,48.774995],[14.463849,48.775048],[14.463808,48.775106],[14.463775,48.775197],[14.46377,48.775257],[14.463761,48.775377],[14.463758,48.775413],[14.463762,48.775449],[14.463772,48.775484],[14.463788,48.775518],[14.46381,48.775549],[14.463838,48.77558],[14.463774,48.775599],[14.463708,48.775613],[14.463635,48.775621],[14.463555,48.775621],[14.46349,48.775615],[14.463139,48.775586],[14.462854,48.775561],[14.462098,48.775488],[14.461871,48.775472],[14.461679,48.775461],[14.461267,48.775449],[14.459935,48.775479],[14.458937,48.775514],[14.458149,48.775557],[14.457707,48.77559],[14.457674,48.775593],[14.455953,48.775735],[14.454521,48.775838],[14.454317,48.775889],[14.454312,48.77589],[14.454221,48.775918],[14.454155,48.775945],[14.454119,48.775964],[14.454088,48.775987],[14.454062,48.776017],[14.454046,48.77605],[14.454011,48.77611],[14.453964,48.776167],[14.453904,48.776218],[14.453858,48.776264],[14.453818,48.776312],[14.453788,48.776361],[14.453718,48.776503],[14.453652,48.776637],[14.453601,48.776728],[14.453546,48.776818],[14.453466,48.776935],[14.453378,48.777049],[14.453208,48.777264],[14.453086,48.777428],[14.452964,48.777588],[14.452871,48.777725],[14.45279,48.77785],[14.45272,48.777961],[14.452653,48.778079],[14.45258,48.778216],[14.452527,48.77831],[14.452166,48.778924],[14.451343,48.780768],[14.451108,48.781291],[14.450261,48.783171],[14.44992,48.78389],[14.44968,48.784381],[14.449437,48.784864],[14.449241,48.785249],[14.449038,48.785637],[14.448832,48.786017],[14.448503,48.786601],[14.448182,48.787169],[14.447739,48.787911],[14.447509,48.788283],[14.447274,48.788657],[14.447038,48.789029],[14.446795,48.7894],[14.446568,48.789746],[14.446301,48.790147],[14.446103,48.790442],[14.4459,48.790741],[14.445432,48.791424],[14.444969,48.792096],[14.444481,48.7928],[14.444188,48.793215],[14.441478,48.797129],[14.43839,48.80159],[14.437801,48.802439],[14.437288,48.803189],[14.436856,48.80381],[14.43641,48.804454],[14.435757,48.805397],[14.435196,48.806208],[14.434597,48.80707],[14.434005,48.807942],[14.433417,48.808825],[14.43285,48.809721],[14.432485,48.810323],[14.432134,48.810926],[14.431772,48.811583],[14.431399,48.812297],[14.431126,48.812855],[14.430864,48.81342],[14.43073,48.81372],[14.430575,48.814066],[14.430304,48.814711],[14.430194,48.814988],[14.430087,48.815266],[14.429982,48.815544],[14.42988,48.815824],[14.429681,48.816388],[14.429571,48.816716],[14.429468,48.817042],[14.429284,48.817653],[14.429115,48.818264],[14.428901,48.819115],[14.428818,48.819491],[14.428735,48.819874],[14.428595,48.820594],[14.428468,48.821315],[14.428361,48.82198],[14.42826,48.822645],[14.428062,48.824027],[14.427958,48.82478],[14.427821,48.825754],[14.427698,48.826629],[14.427618,48.827198],[14.427503,48.828012],[14.427369,48.828966],[14.427117,48.830753],[14.42703,48.831396],[14.426944,48.832036],[14.426875,48.832613],[14.426812,48.833209],[14.426769,48.833683],[14.426733,48.834157],[14.426715,48.8345],[14.426704,48.834849],[14.426694,48.835381],[14.426695,48.835785],[14.426703,48.836187],[14.426722,48.836599],[14.426745,48.837004],[14.426806,48.837688],[14.426851,48.838077],[14.426902,48.838459],[14.427008,48.839117],[14.427123,48.839725],[14.427232,48.840222],[14.427388,48.840866],[14.427561,48.841489],[14.427758,48.842119],[14.427949,48.842678],[14.428148,48.843217],[14.428306,48.843613],[14.428564,48.844218],[14.428666,48.844455],[14.428901,48.844952],[14.429409,48.845968],[14.429949,48.846921],[14.430134,48.847218],[14.431104,48.848695],[14.4319,48.849772],[14.432422,48.850421],[14.432902,48.850979],[14.433954,48.852154],[14.435095,48.85329],[14.436043,48.854234],[14.437983,48.856101],[14.438322,48.856416],[14.440799,48.858872],[14.441632,48.859808],[14.441973,48.860213],[14.443899,48.862492],[14.445383,48.864401],[14.446703,48.866014],[14.447601,48.867095],[14.448508,48.86811],[14.449312,48.868967],[14.450113,48.869793],[14.450487,48.870147],[14.450987,48.870599],[14.451918,48.871456],[14.45259,48.87203],[14.453586,48.872846],[14.454606,48.873666],[14.455175,48.874132],[14.45555,48.874438],[14.457205,48.875757],[14.457656,48.876127],[14.457892,48.87633],[14.458399,48.876754],[14.459317,48.877552],[14.459687,48.87788],[14.460885,48.878975],[14.461557,48.87965],[14.462223,48.880355],[14.462985,48.881183],[14.463544,48.881818],[14.464509,48.882984],[14.46499,48.883603],[14.465422,48.884227],[14.465772,48.884714],[14.466312,48.885512],[14.466821,48.886304],[14.46775,48.887935],[14.468189,48.888797],[14.468629,48.889722],[14.46908,48.89082],[14.46935,48.891501],[14.469525,48.891975],[14.469693,48.892462],[14.469848,48.892953],[14.469992,48.893434],[14.47013,48.893921],[14.47026,48.89442],[14.470375,48.894905],[14.470485,48.895391],[14.47067,48.896355],[14.470834,48.897421],[14.470962,48.898683],[14.471059,48.900115],[14.471056,48.901014],[14.471051,48.901489],[14.471006,48.902405],[14.470912,48.903587],[14.470821,48.904594],[14.470454,48.907598],[14.470262,48.909484],[14.470271,48.910245],[14.470326,48.910902],[14.470711,48.913063],[14.471107,48.914302],[14.471558,48.915475],[14.471825,48.916021],[14.47211,48.916531],[14.472672,48.917474],[14.473147,48.918193],[14.473823,48.919094],[14.474053,48.919362],[14.474954,48.920381],[14.475544,48.920948],[14.476159,48.921534],[14.476958,48.922224],[14.477823,48.922873],[14.478643,48.923454],[14.479515,48.924035],[14.479941,48.924297],[14.48088,48.924837],[14.481855,48.925377],[14.482327,48.92563],[14.483666,48.926329],[14.484698,48.926863],[14.486861,48.927984],[14.487926,48.928576],[14.488993,48.929225],[14.489769,48.929706],[14.490582,48.930248],[14.490971,48.930527],[14.491355,48.93081],[14.491733,48.931097],[14.492105,48.931387],[14.492471,48.931681],[14.49272,48.931889],[14.493265,48.932357],[14.493654,48.932705],[14.494126,48.933143],[14.494559,48.933557],[14.494969,48.933975],[14.495317,48.93434],[14.495638,48.93468],[14.497205,48.936426],[14.498116,48.937485],[14.498185,48.937565],[14.498999,48.938489],[14.500049,48.939602],[14.501278,48.94082],[14.502444,48.941907],[14.502689,48.942146],[14.503576,48.942951],[14.504985,48.944216],[14.505663,48.944837],[14.50606,48.945228],[14.506489,48.945673],[14.507028,48.946354],[14.507513,48.947036],[14.507964,48.947842],[14.508254,48.948531],[14.508479,48.949199],[14.508663,48.950043],[14.508728,48.950641],[14.508761,48.951123],[14.508734,48.951895],[14.508613,48.952849],[14.508562,48.953519],[14.508551,48.954222],[14.508561,48.954438],[14.508587,48.954732],[14.508616,48.954946],[14.508677,48.95531],[14.50875,48.955595],[14.508815,48.955848],[14.508936,48.956174],[14.509179,48.956708],[14.509361,48.957077],[14.509696,48.957598],[14.510069,48.958066],[14.510509,48.95854],[14.510886,48.958904],[14.511003,48.959017],[14.511708,48.959616],[14.512038,48.959896],[14.512804,48.960527],[14.513162,48.960844],[14.513625,48.961283],[14.513959,48.961627],[14.514228,48.961926],[14.514477,48.962227],[14.514764,48.962602],[14.515211,48.963271],[14.515425,48.963645],[14.515694,48.96418],[14.515921,48.964732],[14.516108,48.965284],[14.516252,48.965838],[14.51637,48.966417],[14.516462,48.966955],[14.516647,48.968068],[14.516739,48.968564],[14.516862,48.969125],[14.516965,48.969514],[14.517201,48.970248],[14.517237,48.970354],[14.51728,48.970478],[14.517444,48.970883],[14.517643,48.971334],[14.517965,48.972016],[14.518449,48.972786],[14.518955,48.973534],[14.519533,48.97427],[14.520012,48.974833],[14.521027,48.976024],[14.521737,48.976953],[14.522231,48.977786],[14.522622,48.97859],[14.522853,48.979178],[14.52303,48.979809],[14.52313,48.980275],[14.5232,48.980746],[14.523219,48.980908],[14.523245,48.981465],[14.523239,48.981844],[14.52322,48.9822],[14.523183,48.982537],[14.523073,48.983172],[14.522915,48.983852],[14.522866,48.983995],[14.52233,48.985586],[14.522104,48.986282],[14.521802,48.987191],[14.521075,48.989328],[14.520228,48.991892],[14.519729,48.993326],[14.519336,48.994363],[14.519132,48.994861],[14.518929,48.995359],[14.518647,48.995993],[14.518567,48.99619],[14.518126,48.997257],[14.518076,48.997377],[14.51766,48.99835],[14.517327,48.999305],[14.517081,49.000037],[14.516783,49.001041],[14.516695,49.001464],[14.516617,49.001903],[14.516518,49.00248],[14.516447,49.003018],[14.516388,49.003619],[14.516378,49.004281],[14.516386,49.004864],[14.516529,49.007015],[14.516541,49.00722],[14.516662,49.008443],[14.516702,49.008951],[14.516788,49.009962],[14.516872,49.010977],[14.516904,49.01153],[14.516905,49.012084],[14.516906,49.012252],[14.516884,49.012702],[14.516849,49.013109],[14.51677,49.013651],[14.516634,49.014306],[14.516497,49.014818],[14.516354,49.015288],[14.516075,49.016032],[14.515723,49.016781],[14.515524,49.017161],[14.515219,49.017674],[14.514897,49.018171],[14.514494,49.018725],[14.514056,49.019269],[14.513556,49.01984],[14.513034,49.020411],[14.512489,49.020986],[14.511978,49.021528],[14.511467,49.0221],[14.511035,49.022627],[14.510636,49.023168],[14.510523,49.023332],[14.510261,49.023739],[14.510027,49.024143],[14.509778,49.024621],[14.509549,49.025129],[14.509367,49.025589],[14.50922,49.026024],[14.509086,49.026521],[14.509004,49.026872],[14.508928,49.027261],[14.508866,49.027623],[14.508825,49.027958],[14.508806,49.028152],[14.508786,49.028796],[14.508804,49.029281],[14.508856,49.029776],[14.508891,49.030105],[14.508953,49.030456],[14.509037,49.030858],[14.50913,49.031192],[14.509318,49.031785],[14.509536,49.032368],[14.509786,49.032957],[14.510051,49.033563],[14.510672,49.034935],[14.511298,49.036299],[14.512321,49.038407],[14.512565,49.038878],[14.512879,49.039499],[14.51341,49.040499],[14.513569,49.04079],[14.514538,49.04261],[14.515507,49.044488],[14.516425,49.046483],[14.517264,49.048563],[14.517778,49.050038],[14.518091,49.051064],[14.518425,49.052211],[14.518677,49.053038],[14.518856,49.053681],[14.518927,49.053914],[14.519127,49.054513],[14.519405,49.055238],[14.519657,49.055812],[14.519978,49.056445],[14.520272,49.056967],[14.520567,49.05747],[14.520903,49.057954],[14.521368,49.058601],[14.521897,49.059215],[14.5229,49.060343],[14.523503,49.060923],[14.524159,49.061497],[14.524832,49.062055],[14.52551,49.06256],[14.526043,49.06294],[14.526565,49.063294],[14.527638,49.064008],[14.528286,49.064438],[14.53023,49.065764],[14.531645,49.06679],[14.533012,49.067824],[14.534696,49.069105],[14.535876,49.070002],[14.536727,49.070649],[14.537901,49.071541],[14.539915,49.073081],[14.541391,49.074187],[14.542382,49.074875],[14.543093,49.07534],[14.543824,49.075784],[14.544767,49.076319],[14.545153,49.076535],[14.546222,49.077111],[14.547431,49.077761],[14.548698,49.078458],[14.549332,49.078842],[14.549966,49.07924],[14.550493,49.079592],[14.550992,49.079937],[14.551429,49.080263],[14.551825,49.080582],[14.552493,49.081136],[14.552903,49.0815],[14.5533,49.081875],[14.553815,49.082381],[14.554205,49.0828],[14.554604,49.083247],[14.554849,49.083542],[14.555095,49.08385],[14.555405,49.084259],[14.555679,49.084667],[14.556186,49.085444],[14.556407,49.08583],[14.556608,49.08621],[14.556906,49.086779],[14.557163,49.087351],[14.55751,49.088402],[14.557772,49.08933],[14.558134,49.090975],[14.558302,49.092005],[14.558607,49.093596],[14.55904,49.095942],[14.559316,49.097413],[14.559613,49.098805],[14.559893,49.099791],[14.559968,49.100004],[14.560189,49.100617],[14.560399,49.101135],[14.560677,49.10169],[14.561024,49.102329],[14.561339,49.102836],[14.561739,49.103443],[14.562502,49.104422],[14.562978,49.104966],[14.563486,49.105514],[14.564373,49.106357],[14.564948,49.106853],[14.565519,49.107307],[14.566085,49.107737],[14.566633,49.108118],[14.56734,49.108574],[14.567948,49.108941],[14.568718,49.109367],[14.569528,49.109781],[14.570431,49.110228],[14.5716,49.110737],[14.572497,49.111079],[14.57329,49.111364],[14.574134,49.111638],[14.574721,49.111813],[14.575337,49.111989],[14.576022,49.112161],[14.576704,49.112322],[14.577401,49.112476],[14.578141,49.11262],[14.578709,49.112721],[14.579305,49.112819],[14.580384,49.112987],[14.583026,49.113359],[14.583852,49.113493],[14.584713,49.113645],[14.585519,49.113814],[14.586252,49.113985],[14.587211,49.114244],[14.588049,49.1145],[14.588943,49.114819],[14.58979,49.115132],[14.59038,49.115389],[14.591134,49.115737],[14.591871,49.116104],[14.592526,49.116478],[14.593151,49.116854],[14.593838,49.117292],[14.594506,49.117735],[14.595314,49.118295],[14.596331,49.119013],[14.597898,49.12016],[14.600023,49.121785],[14.601247,49.122766],[14.602464,49.123765],[14.603987,49.125057],[14.60529,49.126218],[14.605931,49.12681],[14.607657,49.128438],[14.608276,49.129054],[14.609606,49.130408],[14.611304,49.132149],[14.613165,49.134112],[14.614809,49.13582],[14.618077,49.139242],[14.620607,49.141886],[14.620996,49.14229],[14.622949,49.144309],[14.624364,49.145782],[14.625561,49.147039],[14.626777,49.148273],[14.627582,49.149063],[14.628448,49.149849],[14.629581,49.150832],[14.630793,49.151805],[14.631594,49.15241],[14.632432,49.15302],[14.633296,49.153609],[14.634187,49.154201],[14.635513,49.155051],[14.636994,49.155966],[14.638624,49.156948],[14.63955,49.157481],[14.640468,49.157992],[14.641323,49.158453],[14.642229,49.158903],[14.643149,49.159361],[14.644114,49.159812],[14.645049,49.160232],[14.646122,49.160695],[14.647264,49.161157],[14.648434,49.161616],[14.649645,49.162048],[14.652012,49.162853],[14.653372,49.163306],[14.654771,49.16377],[14.657371,49.164637],[14.659975,49.165499],[14.6649,49.167132],[14.668444,49.168315],[14.669103,49.168542],[14.66969,49.168761],[14.670624,49.169145],[14.671463,49.169526],[14.672324,49.169962],[14.673371,49.170566],[14.674212,49.171108],[14.674979,49.171663],[14.675394,49.172006],[14.67583,49.172374],[14.676946,49.173458],[14.67769,49.174341],[14.678019,49.174793],[14.678395,49.175352],[14.678607,49.175731],[14.678832,49.176127],[14.679145,49.176805],[14.679449,49.177556],[14.679742,49.178305],[14.680155,49.179395],[14.681052,49.181788],[14.681919,49.184046],[14.682413,49.185267],[14.682611,49.185756],[14.682833,49.186218],[14.683179,49.18687],[14.683574,49.187488],[14.683944,49.187982],[14.684325,49.188475],[14.684979,49.189208],[14.685407,49.189638],[14.68587,49.190049],[14.686161,49.190297],[14.686541,49.190609],[14.687024,49.19098],[14.687626,49.191406],[14.688391,49.191889],[14.689275,49.192402],[14.690216,49.192874],[14.691232,49.193355],[14.69279,49.194054],[14.69411,49.194653],[14.694603,49.194897],[14.695079,49.195139],[14.696111,49.195705],[14.696844,49.196139],[14.697416,49.196489],[14.697734,49.196701],[14.698244,49.197052],[14.698574,49.197291],[14.698975,49.197588],[14.699521,49.198018],[14.700006,49.198423],[14.700433,49.1988],[14.700769,49.199108],[14.701563,49.199857],[14.702669,49.20092],[14.703387,49.201633],[14.704233,49.202425],[14.704373,49.202549],[14.705,49.203101],[14.705634,49.203625],[14.706488,49.204279],[14.706752,49.204471],[14.70702,49.204662],[14.708323,49.205553],[14.709391,49.206252],[14.710623,49.207042],[14.711525,49.207608],[14.713284,49.208751],[14.714856,49.209786],[14.716042,49.210541],[14.718493,49.212132],[14.719247,49.212618],[14.719746,49.212949],[14.720172,49.213262],[14.720914,49.213796],[14.721312,49.214108],[14.721603,49.214343],[14.721887,49.21458],[14.722318,49.214957],[14.722735,49.215339],[14.723257,49.21584],[14.723691,49.216287],[14.724074,49.216709],[14.724639,49.21737],[14.724977,49.217799],[14.725306,49.218247],[14.725552,49.218595],[14.725798,49.218963],[14.72617,49.219593],[14.726532,49.220206],[14.726772,49.220686],[14.726989,49.221146],[14.727216,49.221684],[14.727339,49.222002],[14.727441,49.222308],[14.727578,49.2227],[14.72772,49.223188],[14.727866,49.223779],[14.727944,49.22415],[14.728008,49.224485],[14.728104,49.225118],[14.728162,49.22572],[14.72819,49.226101],[14.7282,49.226715],[14.728188,49.227362],[14.728157,49.227851],[14.728061,49.228988],[14.728019,49.229445],[14.728011,49.229532],[14.727941,49.230317],[14.727819,49.231666],[14.727636,49.233667],[14.727578,49.234438],[14.727539,49.235095],[14.727518,49.235503],[14.727515,49.235746],[14.727504,49.236353],[14.72752,49.237022],[14.727556,49.237704],[14.727609,49.238349],[14.727656,49.238767],[14.727717,49.239185],[14.727794,49.239675],[14.727848,49.239961],[14.72798,49.240669],[14.728205,49.241589],[14.728354,49.242167],[14.728516,49.242685],[14.728748,49.243379],[14.728996,49.244038],[14.72929,49.244764],[14.729632,49.245527],[14.730028,49.246323],[14.73009,49.246445],[14.730179,49.246614],[14.73033,49.246892],[14.730646,49.247458],[14.731066,49.248155],[14.731527,49.248891],[14.732007,49.249622],[14.732441,49.250284],[14.732877,49.250921],[14.734179,49.252873],[14.734584,49.253487],[14.73495,49.254084],[14.735314,49.254727],[14.735586,49.255245],[14.735845,49.255811],[14.736067,49.256354],[14.736337,49.257124],[14.736455,49.257528],[14.736554,49.257907],[14.736651,49.258341],[14.73675,49.258865],[14.736822,49.259375],[14.736876,49.259942],[14.736898,49.260354],[14.736903,49.260774],[14.73689,49.261483],[14.7368,49.262522],[14.736729,49.263327],[14.736716,49.263467],[14.736617,49.264539],[14.736586,49.264889],[14.736573,49.265029],[14.736546,49.265375],[14.736512,49.266094],[14.736492,49.266835],[14.736512,49.267574],[14.736551,49.26852],[14.736642,49.270076],[14.736673,49.270585],[14.736722,49.271302],[14.736817,49.272658],[14.736888,49.2738],[14.736997,49.275501],[14.737087,49.276915],[14.737116,49.27786],[14.737111,49.278453],[14.737085,49.278893],[14.736942,49.280103],[14.736853,49.280586],[14.736754,49.281148],[14.73662,49.281708],[14.736485,49.282213],[14.736357,49.282683],[14.735893,49.284117],[14.735464,49.285452],[14.73519,49.286397],[14.734999,49.287148],[14.73491,49.287687],[14.734833,49.28815],[14.734774,49.2886],[14.734706,49.28942],[14.734687,49.289941],[14.734681,49.290457],[14.734712,49.291196],[14.734766,49.291865],[14.734858,49.292566],[14.734978,49.293229],[14.735128,49.293911],[14.735362,49.294769],[14.735693,49.295922],[14.735788,49.296311],[14.735999,49.296988],[14.736319,49.298085],[14.736962,49.300311],[14.737286,49.301423],[14.737663,49.302725],[14.737968,49.303791],[14.738143,49.304437],[14.738468,49.305696],[14.738611,49.30634],[14.738743,49.307012],[14.738787,49.307271],[14.738877,49.307817],[14.738954,49.308453],[14.739007,49.309013],[14.73905,49.309582],[14.739074,49.31023],[14.73908,49.310749],[14.73907,49.311346],[14.739044,49.312042],[14.739013,49.312468],[14.738999,49.312624],[14.738935,49.313297],[14.738853,49.313952],[14.738792,49.31439],[14.738685,49.315148],[14.73861,49.315635],[14.738511,49.316272],[14.738404,49.316927],[14.738312,49.317525],[14.738221,49.318107],[14.738116,49.318772],[14.738003,49.319501],[14.737904,49.320168],[14.737789,49.320913],[14.737703,49.321472],[14.737575,49.322339],[14.737482,49.323047],[14.73737,49.32403],[14.737321,49.324648],[14.737294,49.325133],[14.737274,49.326137],[14.737295,49.326891],[14.737329,49.327551],[14.737354,49.327877],[14.737403,49.328358],[14.737454,49.32883],[14.73753,49.329417],[14.737706,49.330655],[14.737882,49.331924],[14.737958,49.332701],[14.737986,49.333167],[14.737988,49.333699],[14.737975,49.334072],[14.737947,49.334452],[14.737896,49.334842],[14.737836,49.335266],[14.737732,49.335782],[14.737658,49.33609],[14.737582,49.336376],[14.737482,49.336715],[14.73737,49.337047],[14.73725,49.33737],[14.737119,49.337691],[14.736989,49.337992],[14.736859,49.338271],[14.736684,49.338638],[14.736517,49.338933],[14.736296,49.33932],[14.736079,49.339656],[14.735782,49.340099],[14.735459,49.34054],[14.735155,49.340924],[14.734882,49.341252],[14.734423,49.341768],[14.733912,49.342312],[14.733499,49.342738],[14.73306,49.34318],[14.732661,49.343589],[14.732307,49.343953],[14.731912,49.344366],[14.731447,49.344859],[14.731049,49.345294],[14.730727,49.345657],[14.730436,49.346002],[14.73014,49.346355],[14.729762,49.346829],[14.72949,49.34718],[14.729229,49.347531],[14.72893,49.347943],[14.728573,49.348457],[14.728057,49.349252],[14.727581,49.350042],[14.727243,49.350634],[14.726902,49.351303],[14.726567,49.351986],[14.726287,49.352606],[14.726088,49.353078],[14.725903,49.353534],[14.725776,49.353889],[14.725613,49.354363],[14.725438,49.354879],[14.725293,49.355365],[14.725147,49.355891],[14.725025,49.356419],[14.724972,49.356655],[14.724824,49.357367],[14.724725,49.357951],[14.724679,49.358243],[14.724593,49.358841],[14.72444,49.360026],[14.724374,49.360553],[14.724276,49.361273],[14.724198,49.36182],[14.7241,49.362347],[14.723952,49.362989],[14.723853,49.363346],[14.723721,49.363763],[14.72362,49.364059],[14.723457,49.364467],[14.723214,49.365014],[14.722956,49.365525],[14.722766,49.365875],[14.722558,49.366231],[14.722254,49.366736],[14.721905,49.367259],[14.721576,49.367756],[14.72132,49.368149],[14.721073,49.368541],[14.72088,49.368865],[14.720706,49.369187],[14.720524,49.369569],[14.720404,49.369869],[14.7203,49.370168],[14.720203,49.370495],[14.720141,49.370742],[14.720092,49.370997],[14.720046,49.371326],[14.720018,49.371568],[14.720007,49.37181],[14.720004,49.372096],[14.720012,49.372375],[14.720046,49.37274],[14.720095,49.373054],[14.720193,49.373512],[14.720241,49.373685],[14.720271,49.373778],[14.720394,49.374145],[14.72053,49.374481],[14.72066,49.374766],[14.720838,49.375095],[14.721081,49.375499],[14.721378,49.375934],[14.72168,49.376322],[14.722083,49.376791],[14.72225,49.376986],[14.722838,49.37763],[14.723343,49.378199],[14.723829,49.378779],[14.724053,49.379058],[14.724259,49.379335],[14.724525,49.379711],[14.724767,49.380087],[14.724981,49.380444],[14.725176,49.3808],[14.725288,49.381028],[14.725402,49.381265],[14.72551,49.381504],[14.725611,49.381744],[14.725705,49.381985],[14.725792,49.382227],[14.725907,49.382568],[14.726013,49.382908],[14.726172,49.383527],[14.726262,49.383924],[14.726339,49.384317],[14.72642,49.384823],[14.726485,49.38532],[14.726543,49.385813],[14.726573,49.386218],[14.726603,49.386753],[14.726614,49.387394],[14.726611,49.387902],[14.726589,49.388483],[14.726557,49.388896],[14.726527,49.389326],[14.726488,49.389659],[14.726453,49.389988],[14.726372,49.39053],[14.726289,49.391011],[14.726207,49.39144],[14.72608,49.391996],[14.72598,49.392427],[14.72588,49.392802],[14.725789,49.393129],[14.725688,49.39346],[14.725545,49.393904],[14.725384,49.394357],[14.725173,49.394883],[14.724939,49.395402],[14.724607,49.396064],[14.724381,49.396461],[14.724116,49.396917],[14.723695,49.397563],[14.72322,49.398267],[14.72284,49.398811],[14.722415,49.399402],[14.722022,49.399954],[14.721595,49.400557],[14.721451,49.400764],[14.721195,49.401128],[14.720805,49.401671],[14.72043,49.402199],[14.719946,49.402882],[14.719248,49.403862],[14.718708,49.40463],[14.717752,49.405968],[14.717474,49.406351],[14.7173,49.406581],[14.716751,49.407338],[14.716323,49.40786],[14.715897,49.408358],[14.715482,49.408832],[14.715128,49.409232],[14.71459,49.409779],[14.71398,49.410392],[14.712817,49.41152],[14.711621,49.412649],[14.711239,49.413013],[14.710492,49.413739],[14.709185,49.415038],[14.708399,49.415855],[14.707672,49.416649],[14.706938,49.417484],[14.706235,49.418319],[14.705554,49.419181],[14.704901,49.420041],[14.703986,49.421292],[14.703411,49.422108],[14.701585,49.424677],[14.700678,49.42596],[14.699728,49.427321],[14.699406,49.427773],[14.698359,49.429261],[14.697908,49.429942],[14.697685,49.430247],[14.697103,49.43104],[14.695662,49.433062],[14.6953,49.43356],[14.695088,49.433827],[14.694851,49.434094],[14.694536,49.434427],[14.694203,49.434745],[14.693469,49.435364],[14.693091,49.435662],[14.692732,49.435924],[14.692311,49.436211],[14.6919,49.436467],[14.691423,49.436751],[14.690977,49.436997],[14.690455,49.437257],[14.689953,49.437494],[14.689711,49.437598],[14.689247,49.437794],[14.688541,49.438074],[14.687647,49.438395],[14.686048,49.438975],[14.684188,49.439648],[14.680705,49.4409],[14.679383,49.441378],[14.678091,49.441857],[14.676939,49.442333],[14.676336,49.442619],[14.675759,49.44291],[14.675167,49.44324],[14.674611,49.443585],[14.673844,49.444106],[14.673179,49.444639],[14.672713,49.445054],[14.672223,49.445536],[14.67157,49.446272],[14.6712,49.446769],[14.670935,49.447192],[14.67061,49.447737],[14.670355,49.448239],[14.670108,49.448756],[14.669758,49.449626],[14.669227,49.451116],[14.667666,49.455587],[14.666829,49.458023],[14.666085,49.460053],[14.665878,49.460574],[14.665647,49.461115],[14.665426,49.461607],[14.665189,49.462107],[14.664338,49.463741],[14.66342,49.465347],[14.663059,49.465958],[14.662431,49.467021],[14.661575,49.468557],[14.661316,49.469071],[14.661008,49.469767],[14.660832,49.470187],[14.660645,49.47075],[14.660485,49.471286],[14.660318,49.471985],[14.660167,49.472843],[14.660075,49.473704],[14.660042,49.474506],[14.660076,49.47538],[14.660111,49.475826],[14.660158,49.476312],[14.660285,49.477424],[14.660386,49.478289],[14.660502,49.479472],[14.660558,49.480306],[14.660575,49.481152],[14.660566,49.481983],[14.660538,49.482633],[14.660481,49.483353],[14.660421,49.483917],[14.660319,49.484711],[14.660194,49.485457],[14.660115,49.485875],[14.659973,49.486494],[14.65993,49.486686],[14.659271,49.489243],[14.65895,49.490499],[14.658804,49.491194],[14.658703,49.491845],[14.658634,49.492581],[14.658607,49.493296],[14.658637,49.494124],[14.658677,49.494567],[14.65873,49.494978],[14.658855,49.495668],[14.658942,49.496055],[14.659041,49.49645],[14.659231,49.497077],[14.659475,49.497756],[14.659731,49.498364],[14.660017,49.498948],[14.660256,49.499405],[14.660497,49.499887],[14.661067,49.500752],[14.664035,49.504489],[14.664284,49.504802],[14.665204,49.505997],[14.665645,49.506587],[14.665956,49.507024],[14.66728,49.508953],[14.667897,49.50994],[14.668224,49.510471],[14.668533,49.511011],[14.669205,49.512223],[14.669552,49.512911],[14.66986,49.513573],[14.670057,49.514048],[14.670242,49.514516],[14.670533,49.515456],[14.670638,49.515942],[14.670718,49.516404],[14.670786,49.516946],[14.67081,49.517412],[14.670811,49.518065],[14.670765,49.518657],[14.670702,49.5191],[14.670607,49.519581],[14.670529,49.519948],[14.670356,49.52055],[14.670183,49.521018],[14.669967,49.521545],[14.669706,49.522069],[14.66935,49.522706],[14.668922,49.523364],[14.668475,49.523998],[14.668029,49.524607],[14.667882,49.524803],[14.666964,49.52606],[14.666488,49.52678],[14.66629,49.527097],[14.666102,49.527413],[14.665721,49.528112],[14.665415,49.528778],[14.665105,49.529544],[14.664939,49.530038],[14.664796,49.530555],[14.664693,49.530936],[14.664569,49.531519],[14.664467,49.532152],[14.664414,49.532661],[14.664378,49.533172],[14.664375,49.53396],[14.664394,49.534389],[14.664422,49.534803],[14.664462,49.535143],[14.664615,49.536051],[14.66471,49.536527],[14.664812,49.536952],[14.664985,49.537597],[14.665239,49.538527],[14.66536,49.539002],[14.665473,49.539472],[14.665539,49.539806],[14.665608,49.540213],[14.665637,49.540433],[14.665655,49.540623],[14.665679,49.54093],[14.665682,49.54108],[14.665687,49.541265],[14.665691,49.541436],[14.665687,49.541595],[14.665683,49.541751],[14.665676,49.541886],[14.665623,49.542169],[14.665492,49.542628],[14.665415,49.54291],[14.665286,49.54341],[14.665145,49.543958],[14.665031,49.544303],[14.66493,49.544594],[14.664865,49.544776],[14.664808,49.544945],[14.664702,49.545273],[14.664645,49.545466],[14.664601,49.545619],[14.664569,49.545747],[14.664549,49.545846],[14.664528,49.545956],[14.664507,49.546071],[14.664487,49.546215],[14.664463,49.546431],[14.664449,49.546827],[14.664449,49.54696],[14.664456,49.547081],[14.664473,49.547251],[14.664511,49.547529],[14.664684,49.548134],[14.665137,49.549738],[14.665337,49.550443],[14.665601,49.551356],[14.665691,49.551666],[14.665751,49.551878],[14.665923,49.552471],[14.666174,49.553339],[14.666238,49.553559],[14.666275,49.55371],[14.666295,49.553816],[14.666309,49.553926],[14.666319,49.554042],[14.666323,49.554133],[14.666324,49.554312],[14.666321,49.554409],[14.666314,49.554568],[14.6663,49.554704],[14.666281,49.554812],[14.66626,49.554892],[14.666225,49.555006],[14.66619,49.555088],[14.666123,49.555229],[14.666059,49.555347],[14.665983,49.555465],[14.665931,49.555548],[14.665837,49.555677],[14.66569,49.555856],[14.665566,49.556003],[14.665426,49.556163],[14.665199,49.556414],[14.664014,49.557708],[14.663421,49.558356],[14.66311,49.558714],[14.66298,49.558874],[14.662878,49.559009],[14.662775,49.559162],[14.662679,49.559322],[14.662598,49.559478],[14.66253,49.559624],[14.66247,49.559779],[14.662426,49.559933],[14.662385,49.560091],[14.66234,49.560311],[14.662289,49.56062],[14.662126,49.561613],[14.661862,49.563205],[14.661728,49.563854],[14.661654,49.564245],[14.661612,49.564466],[14.661588,49.56457],[14.661558,49.564667],[14.661525,49.564758],[14.661485,49.564851],[14.661432,49.564962],[14.661131,49.565552],[14.660592,49.566603],[14.660531,49.566723],[14.660471,49.566839],[14.660308,49.567155],[14.660183,49.567421],[14.660027,49.567779],[14.659813,49.568294],[14.65978,49.568379],[14.65965,49.568757],[14.659614,49.568845],[14.65946,49.569226],[14.659312,49.569572],[14.659271,49.569656],[14.65924,49.569729],[14.659193,49.569814],[14.659162,49.569866],[14.659116,49.569935],[14.659057,49.570018],[14.658907,49.570216],[14.658851,49.57029],[14.658785,49.570386],[14.658748,49.570448],[14.65871,49.570521],[14.658682,49.570587],[14.658632,49.570709],[14.658579,49.57086],[14.658543,49.570978],[14.65853,49.571038],[14.658517,49.571107],[14.658512,49.571182],[14.658515,49.571245],[14.658517,49.571319],[14.658526,49.57142],[14.658536,49.571494],[14.658552,49.571569],[14.65858,49.571672],[14.658595,49.571715],[14.658617,49.571781],[14.658641,49.571842],[14.658682,49.571886],[14.658781,49.571993],[14.658839,49.571963],[14.658909,49.571947],[14.658984,49.571946],[14.659055,49.571959],[14.659116,49.571987],[14.659144,49.572012],[14.65916,49.572026],[14.659184,49.572075],[14.659181,49.572126],[14.659153,49.572173],[14.659101,49.572212],[14.659033,49.572237],[14.658985,49.572243],[14.659037,49.57244],[14.659081,49.572482],[14.65912,49.572517],[14.659203,49.572589],[14.659267,49.572641],[14.659341,49.572695],[14.659451,49.572764],[14.659537,49.572818],[14.659614,49.572863],[14.660176,49.573177],[14.660312,49.573254],[14.660527,49.573377],[14.660685,49.573472],[14.660814,49.573559],[14.660884,49.57361],[14.660939,49.573653],[14.660997,49.573703],[14.661075,49.57378],[14.661141,49.573853],[14.661189,49.573907],[14.661258,49.573988],[14.66133,49.574084],[14.66138,49.574159],[14.661425,49.574234],[14.661468,49.574321],[14.661506,49.574416],[14.661536,49.574509],[14.661567,49.574622],[14.661584,49.574727],[14.661596,49.574822],[14.661599,49.57494],[14.661599,49.575081],[14.661597,49.575149],[14.661591,49.575267],[14.66158,49.575413],[14.661567,49.575598],[14.661562,49.575724],[14.661562,49.575797],[14.661564,49.575925],[14.661567,49.575978],[14.661572,49.576024],[14.661577,49.576059],[14.661585,49.576103],[14.661595,49.576165],[14.661608,49.576226],[14.661631,49.576312],[14.661671,49.576434],[14.661703,49.576525],[14.661734,49.576604],[14.661778,49.57671],[14.661874,49.576918],[14.661972,49.577123],[14.662064,49.577317],[14.662127,49.577464],[14.662182,49.577607],[14.662218,49.577705],[14.662249,49.57781],[14.662272,49.577911],[14.66229,49.578006],[14.662305,49.578102],[14.662316,49.578211],[14.66232,49.578287],[14.662319,49.578361],[14.662314,49.578433],[14.662302,49.578519],[14.66229,49.57858],[14.662268,49.578673],[14.662236,49.578766],[14.662194,49.57887],[14.662138,49.578987],[14.662066,49.579115],[14.661999,49.579218],[14.661903,49.579354],[14.661802,49.579477],[14.661698,49.579594],[14.661567,49.579735],[14.661051,49.580277],[14.66091,49.580439],[14.66079,49.580579],[14.660722,49.580671],[14.660657,49.580774],[14.660591,49.580896],[14.660544,49.58101],[14.660506,49.581138],[14.660481,49.581254],[14.660465,49.581369],[14.660457,49.581491],[14.66046,49.581593],[14.66047,49.581701],[14.660485,49.581798],[14.660512,49.581901],[14.660553,49.582024],[14.660598,49.582129],[14.660642,49.582212],[14.660704,49.58231],[14.660776,49.582414],[14.660855,49.582515],[14.660931,49.582602],[14.661015,49.582686],[14.661139,49.58279],[14.661248,49.582874],[14.661375,49.582965],[14.661515,49.583054],[14.661685,49.583156],[14.662037,49.583351],[14.662255,49.583474],[14.662376,49.583545],[14.662473,49.583601],[14.662582,49.58367],[14.66269,49.583744],[14.662802,49.583823],[14.662905,49.583905],[14.662979,49.58397],[14.663051,49.584034],[14.66312,49.584103],[14.663216,49.584217],[14.663296,49.58433],[14.663352,49.584422],[14.663388,49.584489],[14.663416,49.584548],[14.663459,49.584656],[14.6635,49.584772],[14.663526,49.584876],[14.663538,49.58496],[14.663545,49.585034],[14.663548,49.585132],[14.663543,49.585237],[14.663528,49.585353],[14.663501,49.585475],[14.663468,49.585581],[14.663426,49.585691],[14.663375,49.585805],[14.663336,49.585876],[14.663273,49.585977],[14.663212,49.58606],[14.663141,49.586143],[14.663004,49.586289],[14.662657,49.586639],[14.662055,49.587223],[14.661961,49.587323],[14.661871,49.587426],[14.661807,49.587504],[14.661739,49.587604],[14.661653,49.587735],[14.661597,49.587833],[14.66155,49.587927],[14.661507,49.588021],[14.661473,49.588102],[14.661432,49.588224],[14.661405,49.588317],[14.661389,49.588393],[14.661372,49.588516],[14.661362,49.588664],[14.661356,49.588799],[14.661358,49.588945],[14.661372,49.589212],[14.661417,49.590006],[14.661427,49.590231],[14.661442,49.590462],[14.661478,49.59111],[14.661482,49.591191],[14.661544,49.592289],[14.661602,49.593462],[14.661742,49.595995],[14.661771,49.596528],[14.661786,49.596809],[14.661789,49.596976],[14.661788,49.59707],[14.661781,49.597165],[14.661772,49.597277],[14.66176,49.597368],[14.661748,49.597439],[14.66173,49.597522],[14.661709,49.597607],[14.661681,49.597703],[14.661651,49.597786],[14.661621,49.597866],[14.661588,49.597951],[14.661546,49.598048],[14.66149,49.598162],[14.661365,49.598371],[14.661298,49.598471],[14.66119,49.59862],[14.661077,49.598754],[14.660977,49.59886],[14.660858,49.598984],[14.660609,49.599223],[14.660486,49.599344],[14.660406,49.599431],[14.660323,49.599522],[14.660256,49.59961],[14.660196,49.599687],[14.660136,49.599772],[14.66008,49.599861],[14.66005,49.599911],[14.660025,49.599957],[14.659982,49.600041],[14.659946,49.600122],[14.659899,49.600227],[14.659868,49.60032],[14.659844,49.600391],[14.659833,49.600442],[14.659821,49.600498],[14.659807,49.600592],[14.659799,49.600674],[14.659796,49.600793],[14.6598,49.600968],[14.659811,49.601108],[14.659831,49.601264],[14.659869,49.601524],[14.659918,49.601868],[14.659934,49.602108],[14.659954,49.602321],[14.659985,49.602785],[14.659988,49.602914],[14.659988,49.60301],[14.659983,49.603171],[14.65995,49.604222],[14.659931,49.604971],[14.659902,49.606058],[14.659856,49.607426],[14.659835,49.608063],[14.659832,49.608291],[14.659837,49.608486],[14.659844,49.608616],[14.659857,49.608749],[14.659882,49.608934],[14.659924,49.609156],[14.659978,49.609388],[14.660053,49.609624],[14.660134,49.609861],[14.660192,49.610021],[14.660207,49.610064],[14.660841,49.611596],[14.660902,49.611767],[14.66093,49.611855],[14.660947,49.61192],[14.660971,49.612024],[14.660989,49.612123],[14.661001,49.612212],[14.66101,49.612326],[14.661014,49.61248],[14.661007,49.61259],[14.660996,49.612682],[14.660986,49.612768],[14.660961,49.612924],[14.660939,49.613023],[14.660907,49.613131],[14.660874,49.613229],[14.660839,49.613329],[14.660787,49.613467],[14.660723,49.613614],[14.660674,49.613721],[14.660602,49.613862],[14.660514,49.614024],[14.660376,49.614255],[14.660059,49.614798],[14.659722,49.615407],[14.659481,49.615833],[14.65929,49.616186],[14.659094,49.616581],[14.65894,49.616911],[14.65888,49.617056],[14.658818,49.617221],[14.658718,49.617513],[14.658598,49.617889],[14.658417,49.618445],[14.658329,49.618701],[14.658161,49.6192],[14.657956,49.619792],[14.657891,49.619946],[14.657816,49.620101],[14.657722,49.620281],[14.657629,49.620431],[14.657531,49.620573],[14.657414,49.620731],[14.657236,49.620949],[14.65709,49.621117],[14.656973,49.621237],[14.656864,49.621336],[14.656637,49.621533],[14.656415,49.621709],[14.656166,49.621884],[14.655935,49.622031],[14.655639,49.622207],[14.655291,49.622403],[14.654654,49.622735],[14.653588,49.623276],[14.653143,49.623522],[14.652803,49.623728],[14.652537,49.623899],[14.652359,49.624026],[14.652225,49.624131],[14.652117,49.624222],[14.65193,49.62439],[14.65178,49.624541],[14.65165,49.624689],[14.651553,49.624808],[14.651454,49.62494],[14.651372,49.625065],[14.651298,49.625185],[14.651222,49.625315],[14.651153,49.625452],[14.651069,49.625655],[14.651022,49.62579],[14.65098,49.625939],[14.650946,49.62608],[14.650916,49.62626],[14.650896,49.626451],[14.650889,49.626566],[14.65089,49.62666],[14.650895,49.626812],[14.650903,49.626941],[14.650918,49.627093],[14.650955,49.62735],[14.651075,49.628067],[14.65114,49.628551],[14.651175,49.628852],[14.651185,49.62903],[14.651181,49.629224],[14.65117,49.629506],[14.651148,49.629844],[14.651109,49.630184],[14.65106,49.630534],[14.650987,49.631139],[14.65096,49.631498],[14.650957,49.631738],[14.650963,49.631926],[14.650981,49.632144],[14.651001,49.632325],[14.651037,49.632544],[14.651091,49.632828],[14.651183,49.633229],[14.651446,49.634357],[14.651499,49.634639],[14.651527,49.634848],[14.651552,49.635103],[14.651571,49.635357],[14.651568,49.635648],[14.651553,49.635871],[14.651535,49.636097],[14.65151,49.63628],[14.651485,49.636453],[14.651453,49.636632],[14.651395,49.63686],[14.651317,49.637074],[14.651231,49.637283],[14.65114,49.637492],[14.651043,49.637699],[14.650861,49.638022],[14.65072,49.638252],[14.650629,49.63839],[14.650533,49.638525],[14.650419,49.638682],[14.650228,49.638924],[14.650043,49.639135],[14.649834,49.639359],[14.64952,49.63966],[14.649349,49.63981],[14.649195,49.639944],[14.648965,49.640128],[14.648727,49.640303],[14.648656,49.640352],[14.648416,49.640516],[14.647988,49.640795],[14.647544,49.641073],[14.647331,49.641201],[14.645852,49.642083],[14.645209,49.642469],[14.641787,49.644522],[14.641174,49.644892],[14.640745,49.645158],[14.640243,49.645481],[14.63981,49.645765],[14.639219,49.646169],[14.63861,49.646605],[14.638341,49.646811],[14.638064,49.647033],[14.637479,49.64751],[14.637182,49.647759],[14.636407,49.648469],[14.63618,49.648689],[14.635775,49.649087],[14.635541,49.649334],[14.635241,49.649669],[14.634741,49.650253],[14.634488,49.650568],[14.634213,49.650939],[14.634023,49.651222],[14.633786,49.651624],[14.633584,49.651992],[14.633382,49.652423],[14.63327,49.652698],[14.633218,49.652839],[14.633166,49.653024],[14.633093,49.653308],[14.633067,49.653415],[14.633041,49.653533],[14.632975,49.653921],[14.632944,49.654159],[14.632917,49.654443],[14.63291,49.65459],[14.632904,49.654901],[14.632916,49.655104],[14.632945,49.655393],[14.632994,49.655761],[14.63307,49.656136],[14.6331,49.656244],[14.633196,49.65661],[14.633727,49.658262],[14.633928,49.65888],[14.633972,49.659003],[14.634425,49.660351],[14.635159,49.662611],[14.635439,49.663474],[14.635577,49.663966],[14.635763,49.664474],[14.635799,49.664551],[14.635904,49.664745],[14.635937,49.664815],[14.635976,49.664894],[14.636062,49.665064],[14.636146,49.665226],[14.636235,49.665388],[14.636371,49.665617],[14.636486,49.665795],[14.636596,49.665961],[14.636668,49.666065],[14.636796,49.666234],[14.637026,49.666527],[14.637103,49.666618],[14.637336,49.666883],[14.637517,49.667073],[14.637669,49.667224],[14.637854,49.667402],[14.63804,49.667569],[14.638323,49.66781],[14.638372,49.667851],[14.638633,49.668059],[14.638854,49.668226],[14.63912,49.668418],[14.639412,49.668614],[14.639733,49.66882],[14.640083,49.669038],[14.640497,49.669286],[14.641322,49.669783],[14.641506,49.669898],[14.641722,49.67003],[14.642257,49.670392],[14.642334,49.670451],[14.642771,49.670804],[14.642907,49.670901],[14.643065,49.671028],[14.643354,49.671288],[14.643515,49.671446],[14.643731,49.671668],[14.643948,49.671913],[14.644212,49.672238],[14.644358,49.672435],[14.644578,49.672758],[14.644637,49.672851],[14.644736,49.673022],[14.644827,49.673184],[14.644999,49.673529],[14.645125,49.673827],[14.645181,49.673977],[14.645221,49.674083],[14.645306,49.67435],[14.645376,49.674614],[14.645428,49.674862],[14.645474,49.675147],[14.645495,49.675328],[14.64551,49.675505],[14.645513,49.675608],[14.645518,49.675722],[14.645519,49.675868],[14.645512,49.676132],[14.645498,49.67632],[14.645475,49.676514],[14.645449,49.676692],[14.645403,49.67694],[14.645359,49.677128],[14.645321,49.677293],[14.645221,49.677649],[14.645112,49.678],[14.644887,49.678756],[14.644849,49.678885],[14.644757,49.679242],[14.64468,49.679595],[14.64462,49.679953],[14.64458,49.680313],[14.644562,49.680674],[14.644566,49.681032],[14.644593,49.68139],[14.644637,49.681749],[14.6447,49.682108],[14.644775,49.682459],[14.644857,49.682816],[14.644946,49.683171],[14.645042,49.68353],[14.645112,49.683783],[14.645139,49.683883],[14.645298,49.684411],[14.645408,49.684763],[14.645525,49.685119],[14.645649,49.685469],[14.645843,49.686012],[14.646008,49.686412],[14.646111,49.68669],[14.646239,49.686994],[14.646405,49.687386],[14.646555,49.687728],[14.646713,49.688068],[14.64688,49.688418],[14.64705,49.688762],[14.647306,49.68927],[14.647588,49.68979],[14.647676,49.689951],[14.647963,49.690457],[14.64816,49.690792],[14.648461,49.691297],[14.648847,49.691923],[14.64923,49.692528],[14.649345,49.692707],[14.649498,49.692944],[14.651188,49.695567],[14.652064,49.696927],[14.652699,49.697969],[14.652986,49.698481],[14.653279,49.699047],[14.653767,49.700087],[14.654099,49.700897],[14.654401,49.701744],[14.654575,49.702286],[14.654731,49.70284],[14.654858,49.70342],[14.654982,49.703995],[14.655109,49.704778],[14.655165,49.705186],[14.65522,49.705609],[14.655264,49.706359],[14.655296,49.707251],[14.655263,49.708091],[14.655208,49.708925],[14.655083,49.709791],[14.654952,49.710596],[14.654549,49.712891],[14.654455,49.713688],[14.654427,49.714135],[14.654417,49.714653],[14.654438,49.715143],[14.654508,49.715671],[14.654599,49.716147],[14.654768,49.716685],[14.654905,49.717076],[14.655092,49.717495],[14.655202,49.717719],[14.655286,49.717884],[14.655637,49.718534],[14.655693,49.718644],[14.655978,49.719139],[14.656868,49.720596],[14.657843,49.722257],[14.658169,49.722831],[14.65838,49.723208],[14.658397,49.723238],[14.658493,49.723411],[14.658811,49.724065],[14.65912,49.724788],[14.65925,49.725118],[14.659411,49.725537],[14.659641,49.726201],[14.659833,49.726817],[14.660069,49.727651],[14.660262,49.72851],[14.660361,49.728989],[14.660563,49.73012],[14.660796,49.731578],[14.660873,49.732035],[14.661016,49.732909],[14.661387,49.735201],[14.66164,49.73683],[14.661806,49.737761],[14.661851,49.738013],[14.661901,49.738234],[14.661971,49.738468],[14.662037,49.73868],[14.662136,49.73892],[14.662247,49.739152],[14.662301,49.739262],[14.662429,49.739468],[14.662496,49.739566],[14.662641,49.739765],[14.662729,49.739875],[14.662862,49.740017],[14.663026,49.740187],[14.663277,49.74042],[14.663512,49.740612],[14.66369,49.740741],[14.663903,49.740887],[14.664062,49.740985],[14.66428,49.741113],[14.664522,49.741247],[14.664739,49.741364],[14.664943,49.741467],[14.665232,49.741606],[14.665916,49.741919],[14.666221,49.742047],[14.666826,49.742317],[14.670112,49.74378],[14.670405,49.743934],[14.670621,49.744064],[14.67089,49.744238],[14.671232,49.744475],[14.671504,49.744693],[14.671819,49.744975],[14.672033,49.745185],[14.672239,49.745423],[14.672369,49.745589],[14.672583,49.7459],[14.672777,49.746234],[14.672919,49.746535],[14.672994,49.746723],[14.673084,49.74698],[14.673152,49.747257],[14.673196,49.747511],[14.673217,49.747737],[14.67322,49.748031],[14.673206,49.748265],[14.673188,49.748453],[14.673141,49.748696],[14.673076,49.74896],[14.673003,49.749197],[14.67275,49.74991],[14.672636,49.750259],[14.672561,49.750537],[14.672489,49.750846],[14.672443,49.751086],[14.672413,49.751288],[14.67239,49.751503],[14.672372,49.751767],[14.672367,49.751973],[14.672367,49.752242],[14.672382,49.75247],[14.672395,49.752659],[14.672419,49.752855],[14.672468,49.753152],[14.672505,49.753317],[14.672525,49.753417],[14.672573,49.753597],[14.67263,49.753775],[14.672682,49.753946],[14.673102,49.755144],[14.673158,49.755299],[14.673198,49.755439],[14.673233,49.755573],[14.673264,49.75571],[14.673281,49.755818],[14.673307,49.756],[14.673333,49.756229],[14.673377,49.756623],[14.673431,49.757094],[14.673469,49.757444],[14.673495,49.757797],[14.67353,49.758153],[14.673552,49.75834],[14.673584,49.758522],[14.673624,49.758699],[14.673677,49.758932],[14.673735,49.759146],[14.673785,49.759316],[14.673921,49.759751],[14.674615,49.76192],[14.674997,49.763191],[14.675352,49.764434],[14.67576,49.765975],[14.675787,49.766096],[14.675848,49.766099],[14.675879,49.766104],[14.675927,49.766131],[14.67603,49.766208],[14.676064,49.766241],[14.676091,49.766274],[14.676102,49.766312],[14.676103,49.766348],[14.676099,49.766377],[14.676085,49.766412],[14.676061,49.766443],[14.676035,49.766468],[14.676008,49.766487],[14.675977,49.766504],[14.675933,49.766521],[14.6759,49.766529],[14.675854,49.766536],[14.675872,49.766661],[14.675893,49.766888],[14.675928,49.767259],[14.676003,49.768015],[14.676241,49.770329],[14.676295,49.770944],[14.676305,49.771144],[14.676308,49.771321],[14.676307,49.771574],[14.676295,49.771816],[14.676253,49.772197],[14.676196,49.772565],[14.67569,49.775261],[14.675611,49.775666],[14.675489,49.776304],[14.675437,49.77658],[14.675331,49.777154],[14.675233,49.777672],[14.675208,49.7778],[14.675124,49.778258],[14.675092,49.778452],[14.675047,49.778777],[14.675026,49.778964],[14.675006,49.779245],[14.675006,49.779394],[14.675005,49.779586],[14.675018,49.779757],[14.675054,49.780066],[14.675084,49.780324],[14.675115,49.780522],[14.675256,49.781098],[14.675441,49.781654],[14.675849,49.782787],[14.676131,49.783631],[14.676164,49.783728],[14.676224,49.78391],[14.676418,49.784491],[14.676736,49.785431],[14.676942,49.786041],[14.677123,49.786586],[14.677145,49.786672],[14.67722,49.786892],[14.677253,49.786986],[14.677388,49.787363],[14.677462,49.787598],[14.677628,49.788079],[14.678229,49.789857],[14.678322,49.790132],[14.679084,49.792435],[14.679153,49.792706],[14.679208,49.792959],[14.679273,49.793184],[14.679372,49.793356],[14.679387,49.793442],[14.679413,49.793521],[14.67944,49.793557],[14.679465,49.793589],[14.679502,49.793618],[14.67953,49.793633],[14.679562,49.793646],[14.67961,49.793669],[14.679652,49.793698],[14.679686,49.79373],[14.679714,49.793772],[14.67973,49.793817],[14.679733,49.793864],[14.679723,49.793898],[14.679705,49.793932],[14.67968,49.793963],[14.679647,49.793992],[14.679606,49.794063],[14.679581,49.794125],[14.679566,49.794206],[14.679567,49.794246],[14.679579,49.794333],[14.679572,49.794413],[14.679573,49.794486],[14.679605,49.794736],[14.679639,49.795342],[14.679665,49.795851],[14.679748,49.797146],[14.679779,49.797743],[14.679975,49.801534],[14.679981,49.80164],[14.680013,49.80201],[14.680118,49.803205],[14.680159,49.803585],[14.680317,49.80512],[14.680383,49.805632],[14.680619,49.806676],[14.680855,49.807657],[14.681826,49.811685],[14.681866,49.811855],[14.68196,49.812226],[14.682048,49.812571],[14.682108,49.812805],[14.683485,49.818262],[14.68484,49.823786],[14.685427,49.825898],[14.685591,49.826454],[14.685804,49.827177],[14.685913,49.827505],[14.686044,49.827941],[14.686156,49.828295],[14.686331,49.828848],[14.686413,49.829101],[14.686714,49.830055],[14.687103,49.831253],[14.687307,49.831924],[14.687365,49.832127],[14.687392,49.832258],[14.687421,49.832418],[14.687443,49.832598],[14.687456,49.832776],[14.68746,49.832944],[14.687453,49.833148],[14.687423,49.833386],[14.687361,49.833687],[14.687309,49.83388],[14.687231,49.834097],[14.687166,49.834256],[14.687083,49.834419],[14.686983,49.834612],[14.686823,49.834877],[14.686688,49.835055],[14.68655,49.835225],[14.68636,49.835436],[14.686195,49.835603],[14.685993,49.835795],[14.685317,49.836348],[14.684962,49.836589],[14.684594,49.836838],[14.684264,49.837073],[14.683918,49.837336],[14.683645,49.837573],[14.683377,49.837841],[14.683119,49.838142],[14.682894,49.838447],[14.682742,49.838698],[14.682558,49.839056],[14.682386,49.839469],[14.682232,49.839873],[14.68215,49.840091],[14.681596,49.841536],[14.681315,49.842274],[14.681053,49.843001],[14.680927,49.843415],[14.680826,49.84382],[14.680779,49.844022],[14.680721,49.844368],[14.680694,49.844688],[14.680689,49.844891],[14.680686,49.845424],[14.680698,49.84575],[14.68072,49.846045],[14.680795,49.846526],[14.680898,49.846991],[14.681011,49.847376],[14.681137,49.847753],[14.681265,49.848087],[14.681458,49.848507],[14.681794,49.849111],[14.681947,49.849372],[14.682085,49.849575],[14.682368,49.849999],[14.682713,49.850451],[14.683065,49.850827],[14.683488,49.851269],[14.683925,49.851672],[14.684447,49.852082],[14.685032,49.852516],[14.687701,49.854491],[14.690349,49.85644],[14.693667,49.858919],[14.695749,49.860459],[14.696667,49.861105],[14.697501,49.861668],[14.698065,49.86204],[14.698917,49.86257],[14.699633,49.863024],[14.700705,49.863693],[14.701155,49.863985],[14.702191,49.864621],[14.703036,49.86515],[14.70384,49.865723],[14.704404,49.866154],[14.70484,49.866533],[14.705226,49.866897],[14.705691,49.867384],[14.706021,49.867763],[14.706434,49.868326],[14.706833,49.86892],[14.707013,49.869257],[14.707158,49.869558],[14.707307,49.869858],[14.707421,49.870149],[14.707511,49.870385],[14.707684,49.870919],[14.707734,49.871096],[14.707872,49.871727],[14.70791,49.871945],[14.707949,49.872235],[14.707969,49.87255],[14.707972,49.872893],[14.707957,49.873173],[14.707934,49.873507],[14.707898,49.873812],[14.707846,49.874126],[14.707775,49.874445],[14.707702,49.874739],[14.70759,49.87511],[14.707443,49.875499],[14.70721,49.876135],[14.707044,49.876573],[14.706881,49.877097],[14.706763,49.877617],[14.706708,49.878119],[14.706706,49.878596],[14.706728,49.878893],[14.706763,49.879166],[14.706818,49.879457],[14.706875,49.879724],[14.707021,49.880189],[14.707195,49.880632],[14.707414,49.88109],[14.707641,49.881533],[14.708264,49.882664],[14.7087,49.883503],[14.708815,49.883721],[14.709053,49.884198],[14.710026,49.886016],[14.710479,49.886941],[14.710775,49.887545],[14.710956,49.88789],[14.711125,49.888206],[14.711295,49.888503],[14.711716,49.889298],[14.711949,49.88975],[14.712253,49.890323],[14.712446,49.890668],[14.712563,49.890903],[14.712769,49.891252],[14.712899,49.89149],[14.713024,49.89175],[14.713306,49.892308],[14.713465,49.892638],[14.713638,49.893008],[14.713755,49.893336],[14.713811,49.893534],[14.713883,49.893872],[14.713927,49.894203],[14.713939,49.894356],[14.713943,49.894597],[14.713925,49.894851],[14.713906,49.89509],[14.713894,49.895185],[14.713878,49.895303],[14.713844,49.895477],[14.713701,49.896149],[14.713627,49.896502],[14.713522,49.897001],[14.713474,49.897258],[14.713436,49.897495],[14.713419,49.897685],[14.71341,49.897829],[14.713411,49.898],[14.713432,49.898277],[14.713451,49.89845],[14.713486,49.898629],[14.713524,49.898784],[14.713565,49.89892],[14.713626,49.899067],[14.713671,49.899173],[14.71384,49.899507],[14.714148,49.900102],[14.714343,49.900477],[14.714577,49.900887],[14.714961,49.901582],[14.715151,49.901953],[14.715231,49.902126],[14.715282,49.902281],[14.715344,49.902538],[14.715367,49.902675],[14.715375,49.902744],[14.715388,49.902891],[14.715387,49.903045],[14.715379,49.903214],[14.71536,49.903321],[14.715359,49.90333],[14.715333,49.903472],[14.715297,49.90361],[14.715232,49.903796],[14.715181,49.903923],[14.715091,49.904104],[14.715,49.904253],[14.714894,49.904413],[14.714796,49.904544],[14.714682,49.904675],[14.714566,49.904797],[14.714422,49.904941],[14.714256,49.905081],[14.714102,49.905205],[14.713973,49.905298],[14.713822,49.905398],[14.713678,49.905487],[14.713542,49.905563],[14.713398,49.905643],[14.713189,49.905746],[14.713013,49.905825],[14.71277,49.905923],[14.712392,49.906076],[14.711882,49.906271],[14.711589,49.90639],[14.711355,49.906497],[14.711097,49.906624],[14.710891,49.906746],[14.710696,49.90687],[14.710601,49.906936],[14.710482,49.907023],[14.710366,49.907118],[14.710279,49.907231],[14.710177,49.907324],[14.71,49.907504],[14.709808,49.90773],[14.709672,49.907905],[14.70958,49.90804],[14.709457,49.908262],[14.7094,49.9084],[14.709353,49.908544],[14.709327,49.908653],[14.709308,49.908771],[14.709294,49.908951],[14.709291,49.909145],[14.709294,49.909304],[14.709311,49.90946],[14.709344,49.909635],[14.709402,49.90982],[14.709458,49.909961],[14.709499,49.910049],[14.709543,49.910135],[14.709606,49.910242],[14.709675,49.910348],[14.709789,49.910509],[14.709908,49.910668],[14.710032,49.910826],[14.710073,49.910876],[14.71016,49.910981],[14.710839,49.911819],[14.710964,49.911981],[14.711238,49.912313],[14.711562,49.912712],[14.711737,49.912927],[14.711968,49.913219],[14.712071,49.913374],[14.712152,49.91352],[14.712217,49.913662],[14.712271,49.913813],[14.712323,49.914095],[14.71232,49.914264],[14.712306,49.914425],[14.712273,49.914599],[14.712229,49.914742],[14.712137,49.914925],[14.712072,49.915047],[14.711994,49.915167],[14.711905,49.915284],[14.711804,49.915396],[14.711691,49.915506],[14.711567,49.915611],[14.711432,49.915711],[14.711288,49.915805],[14.711103,49.915915],[14.710822,49.916059],[14.710495,49.916204],[14.709546,49.916587],[14.709138,49.916774],[14.708867,49.916914],[14.70872,49.917005],[14.70858,49.9171],[14.708449,49.9172],[14.708321,49.917308],[14.708203,49.917421],[14.708095,49.917538],[14.707741,49.917895],[14.706517,49.919338],[14.705554,49.920437],[14.703373,49.922938],[14.702447,49.924015],[14.702,49.924504],[14.701523,49.925003],[14.70129,49.925246],[14.70103,49.925495],[14.700475,49.926024],[14.700085,49.926378],[14.69921,49.927138],[14.698406,49.927818],[14.697073,49.928912],[14.696099,49.92968],[14.69543,49.930186],[14.694864,49.930618],[14.694075,49.931188],[14.693524,49.931566],[14.692473,49.932251],[14.691424,49.932894],[14.689674,49.933954],[14.68829,49.934777],[14.687483,49.935257],[14.686714,49.935704],[14.686119,49.936021],[14.685578,49.936292],[14.685079,49.936525],[14.684518,49.936769],[14.683914,49.937018],[14.683356,49.937233],[14.682727,49.937452],[14.682182,49.937632],[14.681565,49.937819],[14.680949,49.937991],[14.678149,49.938748],[14.675236,49.939545],[14.673341,49.940059],[14.669452,49.941104],[14.668988,49.941226],[14.658963,49.943951],[14.657068,49.944459],[14.655886,49.944776],[14.655598,49.944856],[14.653943,49.945304],[14.653472,49.945431],[14.652187,49.945779],[14.651482,49.945973],[14.650865,49.946144],[14.650407,49.946271],[14.649986,49.946397],[14.649346,49.946605],[14.648716,49.946835],[14.64816,49.947064],[14.647681,49.947284],[14.647099,49.947581],[14.646597,49.947866],[14.646119,49.948161],[14.645683,49.948458],[14.644985,49.94896],[14.644421,49.949442],[14.643242,49.950423],[14.642863,49.950741],[14.638744,49.954123],[14.638362,49.954443],[14.630643,49.960809],[14.629556,49.961705],[14.623406,49.966777],[14.622903,49.967191],[14.622369,49.96763],[14.622042,49.967898],[14.621145,49.968607],[14.620511,49.969145],[14.620218,49.969393],[14.619556,49.969935],[14.618922,49.970453],[14.617654,49.971498],[14.616045,49.97284],[14.614609,49.97402],[14.613891,49.974607],[14.612659,49.975625],[14.611981,49.976184],[14.610936,49.977041],[14.609211,49.978464],[14.607847,49.979594],[14.606507,49.980695],[14.605894,49.981195],[14.602992,49.983591],[14.602569,49.983925],[14.602226,49.984196],[14.601867,49.984483],[14.601058,49.985092],[14.600584,49.985453],[14.600154,49.98577],[14.599684,49.986096],[14.599249,49.986407],[14.598739,49.986752],[14.598268,49.98707],[14.598136,49.987155],[14.597487,49.987584],[14.596663,49.988098],[14.596185,49.988391],[14.595318,49.988909],[14.594426,49.989426],[14.593817,49.989778],[14.592374,49.990605],[14.591797,49.990935],[14.591163,49.991301],[14.590985,49.991402],[14.590395,49.991739],[14.589496,49.99226],[14.588075,49.993072],[14.586962,49.993718],[14.585972,49.994287],[14.585153,49.994755],[14.584522,49.995114],[14.582584,49.996228],[14.579311,49.998114],[14.575992,50.000016],[14.575358,50.000382],[14.573946,50.001195],[14.573348,50.001535],[14.572957,50.001821],[14.572501,50.00211],[14.572129,50.00233],[14.571896,50.002473],[14.571562,50.00268],[14.571375,50.002791],[14.571162,50.00291],[14.570685,50.003156],[14.570026,50.003477],[14.569698,50.003632],[14.569382,50.003776],[14.56906,50.003921],[14.568599,50.004122],[14.568118,50.004324],[14.567841,50.004438],[14.567519,50.004568],[14.566849,50.004826],[14.566093,50.005102],[14.565743,50.005226],[14.565468,50.005319],[14.565278,50.005382],[14.565088,50.005445],[14.564508,50.005631],[14.564042,50.005822],[14.563939,50.00588],[14.563866,50.005931],[14.563816,50.005978],[14.56377,50.006044],[14.563748,50.006089],[14.563728,50.006139],[14.56372,50.006186],[14.563719,50.00623],[14.563724,50.006274],[14.563733,50.006312],[14.563744,50.006344],[14.563762,50.006379],[14.563785,50.006417],[14.563818,50.006457],[14.56386,50.006501],[14.563903,50.006538],[14.563969,50.006585],[14.564045,50.006622],[14.564106,50.006646],[14.56423,50.006684],[14.564333,50.006703],[14.564427,50.006714],[14.564696,50.006743],[14.565622,50.006834],[14.566067,50.006879],[14.566591,50.006907],[14.56664,50.006904],[14.566684,50.006892],[14.566721,50.006875],[14.566754,50.00685],[14.566785,50.00682],[14.566808,50.006791],[14.566829,50.006737],[14.566829,50.006709],[14.566818,50.006637],[14.566801,50.006585],[14.566779,50.006541],[14.566746,50.006501],[14.566719,50.006476],[14.566656,50.006436],[14.566633,50.006414],[14.566544,50.006322],[14.566165,50.006073],[14.565959,50.005935],[14.56583,50.005849],[14.565285,50.005484],[14.56465,50.005066],[14.564557,50.00503],[14.564301,50.004846],[14.564215,50.004784],[14.564157,50.004738],[14.564107,50.004694],[14.564059,50.004644],[14.563997,50.004569],[14.563949,50.004507],[14.56393,50.004487],[14.563909,50.004475],[14.563875,50.004463],[14.56384,50.004454],[14.563794,50.004447],[14.563762,50.004436],[14.563735,50.00442],[14.563715,50.004401],[14.5637,50.004374],[14.563685,50.004344],[14.563666,50.004326],[14.563634,50.004299],[14.56339,50.004153],[14.563362,50.004141],[14.5633,50.004106],[14.562881,50.003872],[14.562854,50.003857],[14.562712,50.003775],[14.562504,50.003656],[14.562482,50.003639],[14.56245,50.003604],[14.562426,50.003585],[14.562346,50.00349],[14.56223,50.003333],[14.562096,50.003141],[14.561969,50.002944],[14.561745,50.00262],[14.561617,50.002498],[14.561503,50.002409],[14.561454,50.002385],[14.56144,50.002379],[14.5613,50.002315],[14.561236,50.002282],[14.5612,50.002249],[14.561189,50.002219],[14.561205,50.002168],[14.561333,50.001896],[14.561335,50.001764],[14.561297,50.001762],[14.561257,50.001749],[14.561233,50.001731],[14.561219,50.001706],[14.561219,50.001682],[14.561228,50.001665],[14.561156,50.001659],[14.560825,50.001636],[14.560548,50.00162],[14.560413,50.001612]]}}