{"type":"Feature","properties":{"id":"home-b","distanceKm":960.531,"drivingMinutes":591.0906166666666},"geometry":{"type":"LineString","coordinates":[[15.277065,44.078334],[15.277343,44.078082],[15.277393,44.078077],[15.27757,44.07815],[15.277726,44.078197],[15.277839,44.077834],[15.278062,44.077347],[15.278644,44.076306],[15.278791,44.076061],[15.279012,44.075807],[15.279041,44.075774],[15.279191,44.075623],[15.279277,44.075537],[15.279462,44.075366],[15.279615,44.075165],[15.279813,44.074747],[15.279904,44.074541],[15.280044,44.074394],[15.280554,44.074599],[15.280595,44.074617],[15.280725,44.074676],[15.280808,44.074747],[15.280996,44.075009],[15.281063,44.075094],[15.281184,44.075185],[15.281724,44.075465],[15.282011,44.075204],[15.282364,44.074853],[15.282479,44.074727],[15.282927,44.07423],[15.282991,44.074129],[15.283076,44.07393],[15.283093,44.073891],[15.283227,44.073644],[15.283476,44.073354],[15.283521,44.073307],[15.283574,44.073252],[15.283739,44.073071],[15.284755,44.072173],[15.284851,44.072275],[15.285331,44.072697],[15.285757,44.073126],[15.28578,44.073145],[15.286499,44.073764],[15.286702,44.073942],[15.286937,44.074052],[15.28714,44.074124],[15.287521,44.074211],[15.28791,44.074357],[15.288053,44.074485],[15.288159,44.074644],[15.288213,44.074805],[15.288224,44.074976],[15.288174,44.07554],[15.288148,44.075931],[15.288163,44.076213],[15.288209,44.076428],[15.288274,44.076602],[15.288348,44.0768],[15.288404,44.07689],[15.288461,44.076964],[15.288515,44.077022],[15.288565,44.077039],[15.288606,44.077065],[15.288635,44.0771],[15.288647,44.077139],[15.288808,44.07726],[15.288891,44.077346],[15.289152,44.077614],[15.290755,44.07916],[15.290896,44.079299],[15.290997,44.079364],[15.291228,44.079472],[15.291314,44.079502],[15.291657,44.079623],[15.292521,44.079823],[15.292801,44.079877],[15.293798,44.08007],[15.294286,44.080143],[15.294531,44.080117],[15.294715,44.080097],[15.294849,44.080093],[15.294911,44.080107],[15.29496,44.08014],[15.295003,44.080185],[15.295021,44.080239],[15.295048,44.080428],[15.295063,44.080518],[15.29508,44.080613],[15.295169,44.080755],[15.295203,44.08081],[15.295826,44.081496],[15.296067,44.081754],[15.296225,44.081973],[15.296346,44.082185],[15.296668,44.082852],[15.296899,44.08358],[15.297,44.083792],[15.297151,44.084027],[15.297443,44.084445],[15.297607,44.084779],[15.297722,44.085028],[15.29787,44.085252],[15.297917,44.085318],[15.297928,44.085343],[15.297934,44.085376],[15.297919,44.085428],[15.297895,44.085474],[15.297866,44.085499],[15.297826,44.085517],[15.297601,44.085607],[15.297408,44.08568],[15.297384,44.085708],[15.297375,44.085722],[15.297371,44.085742],[15.297374,44.085757],[15.297386,44.085775],[15.297403,44.085788],[15.297431,44.085797],[15.297486,44.085807],[15.29761,44.085811],[15.297747,44.085821],[15.297804,44.085831],[15.297872,44.085854],[15.297934,44.085896],[15.298342,44.086197],[15.298747,44.086446],[15.298817,44.086488],[15.29894,44.086534],[15.299059,44.086577],[15.299166,44.086604],[15.299302,44.086637],[15.299409,44.086637],[15.299509,44.086633],[15.299632,44.086607],[15.299752,44.086554],[15.299897,44.08645],[15.300294,44.086093],[15.300664,44.085738],[15.300748,44.085669],[15.300884,44.085584],[15.300983,44.085542],[15.301126,44.085499],[15.301255,44.085474],[15.301475,44.085442],[15.301651,44.085445],[15.301761,44.085471],[15.301867,44.085514],[15.302333,44.085707],[15.302406,44.085731],[15.302482,44.085748],[15.302556,44.085759],[15.302617,44.085754],[15.302688,44.08573],[15.302751,44.085692],[15.302879,44.085579],[15.303186,44.08531],[15.303247,44.085269],[15.303525,44.085026],[15.303676,44.084926],[15.303763,44.084893],[15.303852,44.084847],[15.303959,44.084779],[15.304031,44.084765],[15.304095,44.084758],[15.304194,44.084768],[15.304356,44.084837],[15.304461,44.084881],[15.30458,44.08492],[15.304736,44.084968],[15.30494,44.085039],[15.30512,44.085105],[15.305739,44.085334],[15.305786,44.085365],[15.305814,44.085418],[15.305826,44.085462],[15.305814,44.085515],[15.305767,44.085591],[15.305634,44.085804],[15.305589,44.085877],[15.305442,44.086114],[15.30516,44.086567],[15.305165,44.086648],[15.30524,44.086721],[15.305332,44.086781],[15.305479,44.086876],[15.305613,44.086964],[15.305788,44.087077],[15.305927,44.087168],[15.306149,44.087284],[15.306801,44.087626],[15.306915,44.087676],[15.307213,44.087808],[15.307414,44.087896],[15.307787,44.08806],[15.307965,44.088139],[15.308706,44.088486],[15.30986,44.089105],[15.310393,44.089339],[15.310626,44.089449],[15.311144,44.089693],[15.311388,44.089821],[15.311586,44.089925],[15.311725,44.089998],[15.312036,44.090173],[15.312448,44.090393],[15.312643,44.090432],[15.31272,44.09044],[15.312799,44.090439],[15.312871,44.090429],[15.312944,44.090412],[15.313041,44.090329],[15.313098,44.090292],[15.313166,44.090255],[15.313339,44.090092],[15.313425,44.090014],[15.313529,44.089952],[15.313661,44.089865],[15.313775,44.089821],[15.313851,44.089804],[15.313942,44.089787],[15.314057,44.089769],[15.31418,44.089767],[15.314395,44.089782],[15.31471,44.089801],[15.314853,44.08981],[15.315005,44.089796],[15.315119,44.089771],[15.315231,44.089738],[15.315363,44.089681],[15.315459,44.089627],[15.315669,44.089465],[15.315792,44.089435],[15.316479,44.088883],[15.316905,44.088543],[15.317823,44.08782],[15.318437,44.087332],[15.318897,44.086959],[15.319925,44.086148],[15.320878,44.085388],[15.322101,44.08441],[15.323316,44.08344],[15.32422,44.082693],[15.324644,44.082317],[15.32504,44.081912],[15.325306,44.081635],[15.325494,44.081409],[15.326065,44.080691],[15.326729,44.079835],[15.327277,44.079124],[15.327944,44.078265],[15.329281,44.076524],[15.330069,44.075496],[15.330971,44.074345],[15.331305,44.073928],[15.331688,44.073508],[15.332077,44.073109],[15.332333,44.072893],[15.3327,44.072614],[15.333184,44.072298],[15.333739,44.072],[15.33424,44.071778],[15.334724,44.071587],[15.335325,44.071399],[15.335994,44.071246],[15.336439,44.071168],[15.336874,44.071111],[15.337469,44.071061],[15.337915,44.071051],[15.338346,44.071058],[15.338721,44.071074],[15.339194,44.071116],[15.339499,44.071154],[15.339955,44.07123],[15.340385,44.07133],[15.34087,44.071456],[15.341287,44.07159],[15.341889,44.071832],[15.342448,44.072092],[15.34282,44.0723],[15.343071,44.07245],[15.343711,44.072928],[15.343996,44.073165],[15.344463,44.073601],[15.344938,44.074076],[15.345344,44.074491],[15.346277,44.075454],[15.347577,44.076786],[15.348874,44.078126],[15.349969,44.079245],[15.351109,44.080418],[15.351545,44.080866],[15.352408,44.081751],[15.353324,44.082677],[15.353775,44.083128],[15.354138,44.083469],[15.354481,44.083775],[15.355165,44.084368],[15.355659,44.084742],[15.357054,44.085781],[15.358039,44.086506],[15.359631,44.087678],[15.360525,44.088337],[15.361498,44.08904],[15.362655,44.089902],[15.363917,44.090833],[15.364524,44.091265],[15.365029,44.091606],[15.365535,44.091918],[15.366066,44.092228],[15.366426,44.092429],[15.367166,44.092793],[15.367543,44.092977],[15.368138,44.093236],[15.369123,44.093625],[15.371382,44.094507],[15.37381,44.09544],[15.37831,44.097179],[15.382313,44.098734],[15.384794,44.099696],[15.386387,44.100318],[15.387437,44.100758],[15.387646,44.10085],[15.388494,44.101303],[15.389323,44.101846],[15.390717,44.102945],[15.392207,44.104204],[15.394736,44.106329],[15.397087,44.108307],[15.397826,44.108931],[15.399535,44.110365],[15.400227,44.110945],[15.401083,44.111672],[15.401882,44.11234],[15.402269,44.112658],[15.402882,44.11311],[15.403121,44.113265],[15.403457,44.113456],[15.403912,44.11369],[15.404293,44.113862],[15.404675,44.114009],[15.404965,44.114114],[15.405863,44.114401],[15.407062,44.114777],[15.407858,44.115032],[15.408639,44.11528],[15.40983,44.115659],[15.411195,44.116092],[15.412726,44.116573],[15.414785,44.117227],[15.416641,44.117815],[15.418496,44.118399],[15.418812,44.118499],[15.419461,44.118699],[15.420154,44.118885],[15.420531,44.118948],[15.420964,44.118998],[15.421415,44.119023],[15.421869,44.11901],[15.422328,44.118981],[15.424871,44.118765],[15.427339,44.118559],[15.428225,44.118477],[15.428821,44.118396],[15.429251,44.118301],[15.429363,44.118269],[15.42968,44.118179],[15.43008,44.118036],[15.430533,44.117836],[15.431087,44.117572],[15.432756,44.116782],[15.433219,44.116559],[15.4352,44.115609],[15.43663,44.114947],[15.437009,44.114767],[15.437401,44.11458],[15.438339,44.114106],[15.438853,44.113876],[15.439231,44.113713],[15.439594,44.113581],[15.440023,44.113478],[15.440382,44.113419],[15.440668,44.113392],[15.441055,44.113374],[15.44135,44.113385],[15.441608,44.113406],[15.441843,44.113433],[15.442065,44.113489],[15.4423,44.113547],[15.4424,44.113591],[15.442783,44.113711],[15.443878,44.114182],[15.445014,44.114694],[15.445339,44.114827],[15.445518,44.114889],[15.445698,44.114928],[15.4459,44.114949],[15.446096,44.114944],[15.446299,44.114925],[15.446472,44.114873],[15.446606,44.114827],[15.44677,44.114744],[15.446881,44.114671],[15.446966,44.114595],[15.447075,44.114481],[15.447156,44.114338],[15.447168,44.11414],[15.447134,44.113976],[15.447016,44.113837],[15.446887,44.113745],[15.446663,44.113675],[15.446405,44.113644],[15.44606,44.113698],[15.44544,44.114096],[15.445322,44.114113],[15.444865,44.114451],[15.444556,44.114665],[15.4437,44.115296],[15.440806,44.117555],[15.440556,44.117746],[15.439841,44.118258],[15.438789,44.119],[15.437366,44.119892],[15.435919,44.120722],[15.432938,44.122336],[15.431129,44.123385],[15.429416,44.124512],[15.429243,44.124648],[15.427376,44.126107],[15.425044,44.128419],[15.423743,44.130037],[15.422646,44.131741],[15.421926,44.133104],[15.421331,44.134497],[15.420539,44.137342],[15.4204,44.138241],[15.420325,44.13894],[15.420263,44.139412],[15.420263,44.141501],[15.420679,44.145111],[15.420819,44.146916],[15.420878,44.148718],[15.42085,44.150193],[15.420731,44.151913],[15.420523,44.153702],[15.420248,44.155154],[15.419952,44.156495],[15.419653,44.157835],[15.419512,44.158485],[15.419374,44.159205],[15.41929,44.159875],[15.419233,44.160565],[15.419228,44.1615],[15.419289,44.16246],[15.419356,44.162992],[15.41951,44.163942],[15.419716,44.1648],[15.419994,44.165601],[15.420346,44.166496],[15.42074,44.167322],[15.421435,44.16856],[15.422341,44.169837],[15.423366,44.171076],[15.425193,44.173142],[15.426305,44.174397],[15.427235,44.17558],[15.428578,44.177557],[15.429721,44.179698],[15.431184,44.183148],[15.431814,44.184621],[15.432079,44.18519],[15.432407,44.185876],[15.432605,44.186256],[15.432663,44.186368],[15.432992,44.186972],[15.433102,44.187158],[15.433164,44.187264],[15.433555,44.18791],[15.434464,44.189272],[15.434902,44.189862],[15.435329,44.190408],[15.435774,44.190946],[15.436604,44.191933],[15.438424,44.194016],[15.440535,44.196579],[15.441414,44.197983],[15.441849,44.198684],[15.442221,44.199324],[15.442694,44.200233],[15.443213,44.201304],[15.443466,44.201873],[15.443668,44.202388],[15.444076,44.203488],[15.444331,44.204236],[15.444521,44.204921],[15.444897,44.206351],[15.445111,44.207129],[15.445313,44.207776],[15.445647,44.208662],[15.446022,44.209478],[15.446399,44.210176],[15.446796,44.210821],[15.447171,44.211358],[15.447521,44.211829],[15.447956,44.212357],[15.448353,44.212798],[15.448828,44.213301],[15.449211,44.213663],[15.449928,44.214312],[15.45054,44.214808],[15.451121,44.215238],[15.451785,44.215698],[15.452445,44.216115],[15.453054,44.216475],[15.453521,44.216724],[15.453682,44.216809],[15.454084,44.217017],[15.454324,44.217137],[15.454857,44.217387],[15.455288,44.217575],[15.45572,44.217755],[15.456331,44.218002],[15.457,44.218246],[15.457466,44.218406],[15.458082,44.2186],[15.458268,44.218655],[15.458662,44.218765],[15.458872,44.218824],[15.45947,44.218977],[15.459892,44.219082],[15.460703,44.219256],[15.462052,44.219489],[15.46272,44.219585],[15.463398,44.219656],[15.464079,44.219724],[15.464743,44.219767],[15.465355,44.219801],[15.46611,44.219818],[15.467179,44.219821],[15.468149,44.219783],[15.469437,44.219682],[15.470407,44.219576],[15.471075,44.219481],[15.471723,44.219371],[15.472534,44.219222],[15.473242,44.219065],[15.474251,44.218814],[15.475304,44.218519],[15.477542,44.217878],[15.478052,44.21775],[15.47919,44.217486],[15.480717,44.217205],[15.48197,44.217013],[15.483154,44.216881],[15.484783,44.21676],[15.485977,44.216735],[15.48689,44.216734],[15.488187,44.21676],[15.491994,44.217158],[15.495134,44.217826],[15.497065,44.218433],[15.498288,44.219021],[15.50155,44.221097],[15.50193,44.221329],[15.502277,44.221532],[15.502823,44.221838],[15.503339,44.222117],[15.504957,44.222994],[15.505454,44.223295],[15.505837,44.223543],[15.506328,44.223884],[15.506791,44.224238],[15.507164,44.224546],[15.507516,44.224864],[15.507952,44.225288],[15.508309,44.225676],[15.508715,44.226158],[15.509048,44.226614],[15.509368,44.227093],[15.509561,44.227423],[15.509704,44.227687],[15.509834,44.227953],[15.510053,44.228423],[15.510253,44.228896],[15.510571,44.229694],[15.510768,44.230149],[15.511071,44.2307],[15.511574,44.231537],[15.512437,44.232553],[15.513161,44.233208],[15.513984,44.233829],[15.51486,44.234418],[15.515362,44.234688],[15.515939,44.234965],[15.516904,44.235362],[15.517809,44.235682],[15.51858,44.235886],[15.519018,44.235997],[15.520439,44.236296],[15.524672,44.237208],[15.527916,44.237896],[15.529386,44.238206],[15.529707,44.238273],[15.533193,44.239034],[15.534547,44.239324],[15.535025,44.239424],[15.535442,44.239511],[15.536992,44.23985],[15.537839,44.240035],[15.541183,44.240768],[15.542855,44.241114],[15.543975,44.241356],[15.545006,44.241572],[15.545672,44.241724],[15.546521,44.241893],[15.547246,44.242013],[15.54786,44.242085],[15.54854,44.242137],[15.549319,44.242153],[15.549804,44.242144],[15.55026,44.242109],[15.55075,44.242057],[15.551433,44.24196],[15.552227,44.241836],[15.553174,44.241661],[15.555247,44.241295],[15.557181,44.241017],[15.558286,44.240872],[15.559314,44.240756],[15.560784,44.240622],[15.560959,44.240607],[15.562068,44.240516],[15.563659,44.240417],[15.565066,44.240364],[15.565705,44.240351],[15.566925,44.240322],[15.569755,44.240349],[15.571762,44.240433],[15.572786,44.240498],[15.574205,44.240601],[15.575826,44.240757],[15.577384,44.240935],[15.578436,44.24105],[15.578746,44.241075],[15.579386,44.241132],[15.580109,44.241166],[15.580864,44.241169],[15.581249,44.241151],[15.581611,44.241129],[15.581916,44.241105],[15.582362,44.241057],[15.582999,44.240964],[15.583601,44.240856],[15.584106,44.240755],[15.585574,44.240459],[15.586312,44.240311],[15.587199,44.240134],[15.588711,44.239847],[15.590248,44.239586],[15.592428,44.239252],[15.593481,44.239104],[15.594593,44.23896],[15.596646,44.238728],[15.59771,44.238616],[15.598645,44.238533],[15.599763,44.238439],[15.600977,44.238371],[15.601618,44.238359],[15.602271,44.238361],[15.602948,44.238396],[15.603468,44.238451],[15.604064,44.23854],[15.604558,44.238638],[15.60534,44.238859],[15.605802,44.239014],[15.60618,44.239171],[15.60655,44.23935],[15.606922,44.239543],[15.607447,44.239863],[15.607994,44.240273],[15.608419,44.240661],[15.608679,44.240941],[15.608904,44.241206],[15.609108,44.241501],[15.609289,44.241802],[15.60944,44.242103],[15.609561,44.242409],[15.609688,44.242773],[15.60976,44.243089],[15.609808,44.243412],[15.609828,44.243681],[15.609833,44.243897],[15.609814,44.244212],[15.609742,44.244643],[15.609704,44.244858],[15.609602,44.245172],[15.609479,44.245472],[15.609238,44.245931],[15.60906,44.246224],[15.608795,44.24658],[15.608543,44.246873],[15.608278,44.247127],[15.607791,44.247547],[15.607296,44.2479],[15.606684,44.248297],[15.606184,44.248607],[15.60579,44.248843],[15.605444,44.24907],[15.605023,44.249361],[15.604709,44.249597],[15.604366,44.249877],[15.604092,44.250137],[15.603825,44.250395],[15.60351,44.250769],[15.603114,44.251285],[15.602872,44.251632],[15.602607,44.252017],[15.602148,44.2527],[15.601849,44.253095],[15.601602,44.253381],[15.601249,44.253739],[15.600919,44.254033],[15.600505,44.254355],[15.600147,44.254616],[15.599434,44.255041],[15.599075,44.255223],[15.598496,44.255479],[15.59788,44.255712],[15.597109,44.25595],[15.59605,44.256228],[15.594917,44.256516],[15.593658,44.256866],[15.593085,44.257045],[15.593019,44.257065],[15.592454,44.257258],[15.591223,44.257737],[15.590268,44.258181],[15.590053,44.258286],[15.589697,44.258482],[15.5892,44.258806],[15.588865,44.259066],[15.58865,44.259271],[15.58848,44.259467],[15.588272,44.259752],[15.588135,44.260017],[15.588046,44.260231],[15.587958,44.260551],[15.587917,44.260832],[15.587903,44.261041],[15.587937,44.261408],[15.588011,44.2617],[15.588137,44.262007],[15.588264,44.262252],[15.588409,44.262454],[15.588586,44.262684],[15.588769,44.262875],[15.589121,44.26318],[15.58938,44.26335],[15.589688,44.263514],[15.589943,44.263642],[15.590478,44.263854],[15.590905,44.263968],[15.591212,44.264022],[15.591663,44.264076],[15.592094,44.264097],[15.592492,44.264096],[15.592854,44.264065],[15.593127,44.264029],[15.593405,44.263977],[15.593726,44.263901],[15.59455,44.263658],[15.5952,44.263366],[15.595626,44.263116],[15.596053,44.262774],[15.596523,44.262282],[15.597375,44.261405],[15.597944,44.260939],[15.598675,44.260415],[15.599761,44.259734],[15.600241,44.259508],[15.600668,44.259328],[15.601101,44.259176],[15.601532,44.259031],[15.602311,44.258777],[15.603117,44.258491],[15.603422,44.258365],[15.603747,44.258209],[15.604072,44.258031],[15.604308,44.257883],[15.604555,44.257689],[15.604849,44.257439],[15.605162,44.257128],[15.605382,44.256873],[15.605565,44.256608],[15.605667,44.256398],[15.605798,44.256133],[15.605962,44.25565],[15.606094,44.255161],[15.606232,44.254629],[15.606336,44.254314],[15.60643,44.254044],[15.606613,44.253643],[15.606886,44.253187],[15.607067,44.252925],[15.607357,44.252563],[15.607628,44.252259],[15.60792,44.251977],[15.608519,44.251497],[15.609152,44.251041],[15.609739,44.250701],[15.610303,44.25041],[15.611105,44.250085],[15.611965,44.249858],[15.613005,44.249647],[15.61403,44.249537],[15.615477,44.249498],[15.616282,44.249531],[15.616633,44.249564],[15.616855,44.249592],[15.617379,44.249673],[15.617946,44.249761],[15.619041,44.249905],[15.619637,44.249949],[15.620212,44.249972],[15.620798,44.249968],[15.621844,44.249916],[15.622591,44.249865],[15.62331,44.249773],[15.623952,44.249679],[15.624601,44.249558],[15.625529,44.249373],[15.626323,44.249228],[15.627128,44.249103],[15.628195,44.248973],[15.629068,44.248912],[15.629779,44.24887],[15.630303,44.248863],[15.630888,44.248864],[15.631354,44.248889],[15.631656,44.248912],[15.632086,44.248964],[15.632458,44.249015],[15.632895,44.249092],[15.633744,44.24928],[15.634231,44.249413],[15.634571,44.249511],[15.635181,44.249694],[15.635621,44.249839],[15.636504,44.250161],[15.637461,44.250549],[15.638382,44.250951],[15.639084,44.251227],[15.639912,44.251531],[15.640767,44.2518],[15.641664,44.252037],[15.643282,44.252484],[15.644274,44.252799],[15.645079,44.253093],[15.645664,44.253336],[15.646052,44.253508],[15.64665,44.253798],[15.647135,44.254057],[15.647418,44.254204],[15.647893,44.25449],[15.648384,44.254813],[15.648953,44.255215],[15.649133,44.255349],[15.649279,44.255462],[15.649466,44.255613],[15.650661,44.256735],[15.651819,44.257919],[15.655058,44.262824],[15.656544,44.265166],[15.675253,44.294571],[15.675974,44.295783],[15.676425,44.296752],[15.676708,44.29752],[15.677011,44.298433],[15.677253,44.299488],[15.677584,44.301143],[15.677725,44.301992],[15.677782,44.302473],[15.677811,44.303008],[15.67782,44.303284],[15.677839,44.303814],[15.677872,44.304446],[15.677979,44.305551],[15.678051,44.306387],[15.678085,44.306904],[15.678096,44.307163],[15.678118,44.307691],[15.678129,44.308842],[15.678127,44.309008],[15.67812,44.309422],[15.678098,44.310075],[15.678,44.311557],[15.677943,44.31221],[15.677871,44.312773],[15.677774,44.313581],[15.677434,44.315382],[15.677228,44.316302],[15.677005,44.31723],[15.676468,44.318989],[15.676113,44.320042],[15.675809,44.320832],[15.675365,44.321904],[15.674903,44.322973],[15.673993,44.32478],[15.673472,44.325731],[15.672964,44.326566],[15.672423,44.327322],[15.671642,44.328204],[15.671014,44.328768],[15.670607,44.329088],[15.670147,44.329436],[15.669418,44.329895],[15.668914,44.330195],[15.668346,44.330471],[15.667442,44.330863],[15.666659,44.331148],[15.665766,44.331406],[15.665101,44.331576],[15.664269,44.331764],[15.663365,44.331942],[15.66189,44.332222],[15.661088,44.332391],[15.660241,44.332582],[15.659156,44.33287],[15.658179,44.333183],[15.657535,44.333429],[15.656853,44.333726],[15.655877,44.334202],[15.654998,44.334715],[15.654573,44.334997],[15.65425,44.335236],[15.653484,44.335819],[15.653027,44.336214],[15.652607,44.336607],[15.652136,44.337086],[15.65165,44.33762],[15.6508,44.338564],[15.650002,44.339515],[15.649088,44.340636],[15.648444,44.341457],[15.647203,44.343174],[15.646152,44.34474],[15.645821,44.345268],[15.644881,44.346902],[15.643991,44.348508],[15.642708,44.351253],[15.642319,44.35218],[15.641843,44.353426],[15.641409,44.354647],[15.640996,44.355965],[15.640638,44.357267],[15.63966,44.361498],[15.639477,44.362171],[15.639335,44.362694],[15.638888,44.364038],[15.638334,44.365485],[15.637704,44.366943],[15.637208,44.367927],[15.636686,44.368905],[15.636126,44.369836],[15.63528,44.371187],[15.634439,44.372517],[15.633842,44.373487],[15.633328,44.374362],[15.632747,44.375501],[15.632358,44.376319],[15.632047,44.37707],[15.631763,44.377843],[15.63149,44.378651],[15.631243,44.379514],[15.631054,44.380283],[15.63091,44.381074],[15.630836,44.381514],[15.630775,44.381912],[15.630661,44.383079],[15.630613,44.384203],[15.630615,44.384536],[15.630625,44.38485],[15.630648,44.385607],[15.6307,44.386348],[15.630749,44.386847],[15.630884,44.387796],[15.630929,44.388131],[15.631202,44.389435],[15.631465,44.390487],[15.631831,44.391733],[15.632061,44.392395],[15.632879,44.394402],[15.633146,44.394961],[15.633384,44.39545],[15.63365,44.395963],[15.633842,44.396323],[15.633953,44.396536],[15.635005,44.398329],[15.635828,44.399759],[15.635974,44.400039],[15.636271,44.400612],[15.636696,44.401506],[15.637112,44.402468],[15.637406,44.403287],[15.637793,44.404388],[15.63824,44.406039],[15.638395,44.40673],[15.63851,44.407378],[15.638646,44.408186],[15.638743,44.408965],[15.638821,44.409772],[15.638877,44.41085],[15.638882,44.412013],[15.638853,44.412714],[15.638802,44.413455],[15.638723,44.414213],[15.638458,44.416001],[15.637879,44.418366],[15.637402,44.419768],[15.636715,44.421458],[15.63648,44.421974],[15.636055,44.422824],[15.634831,44.424937],[15.634428,44.425583],[15.634039,44.426127],[15.632775,44.427787],[15.631953,44.428765],[15.631656,44.429098],[15.631271,44.429524],[15.630512,44.430319],[15.628229,44.432442],[15.627811,44.432816],[15.626412,44.434082],[15.625822,44.434626],[15.624773,44.435637],[15.624031,44.436433],[15.622907,44.437594],[15.622559,44.437947],[15.622093,44.438444],[15.620671,44.440102],[15.619779,44.44118],[15.619049,44.442151],[15.618175,44.443268],[15.617435,44.444314],[15.616431,44.445821],[15.615472,44.447338],[15.614493,44.448901],[15.613504,44.450399],[15.612144,44.452248],[15.611432,44.453166],[15.610715,44.454052],[15.609855,44.45507],[15.608957,44.456085],[15.608003,44.457115],[15.607531,44.457598],[15.60693,44.458203],[15.605959,44.459142],[15.604546,44.460464],[15.604269,44.46072],[15.602711,44.462056],[15.601679,44.462898],[15.600036,44.464187],[15.599791,44.464358],[15.598723,44.465156],[15.597878,44.465749],[15.597661,44.465901],[15.596274,44.466823],[15.594596,44.46791],[15.592836,44.468991],[15.590892,44.470084],[15.588922,44.471142],[15.587609,44.47179],[15.586241,44.472453],[15.584959,44.473051],[15.583557,44.47367],[15.582,44.474329],[15.580403,44.474969],[15.578201,44.4758],[15.575939,44.476585],[15.573744,44.477281],[15.572624,44.47762],[15.571416,44.477966],[15.569097,44.478587],[15.567963,44.478872],[15.566657,44.479178],[15.564057,44.47978],[15.562997,44.480047],[15.561777,44.480367],[15.559616,44.481015],[15.558459,44.481392],[15.55717,44.48185],[15.555961,44.482304],[15.554792,44.482786],[15.553671,44.483261],[15.55265,44.483722],[15.55158,44.48423],[15.5506,44.484727],[15.549681,44.485212],[15.548834,44.48568],[15.547251,44.486625],[15.546533,44.487071],[15.545746,44.487585],[15.544429,44.488486],[15.543174,44.489428],[15.541963,44.490396],[15.541184,44.491064],[15.540475,44.4917],[15.539774,44.492349],[15.539029,44.493081],[15.538263,44.493891],[15.537531,44.494705],[15.536099,44.496365],[15.535634,44.496917],[15.535143,44.497472],[15.534275,44.498434],[15.533327,44.499399],[15.532379,44.50031],[15.531316,44.501283],[15.530302,44.502162],[15.529243,44.50301],[15.528167,44.503837],[15.527317,44.504461],[15.52639,44.50511],[15.524659,44.506249],[15.524406,44.506405],[15.523327,44.507051],[15.522274,44.507655],[15.520992,44.508353],[15.519654,44.509046],[15.518509,44.509592],[15.517375,44.510113],[15.516079,44.510686],[15.514831,44.511195],[15.512169,44.51219],[15.510726,44.512677],[15.509266,44.513124],[15.507384,44.513676],[15.505035,44.514259],[15.504522,44.51437],[15.502321,44.514849],[15.500502,44.51518],[15.499608,44.51533],[15.498177,44.515538],[15.497002,44.5157],[15.495709,44.515846],[15.494601,44.515958],[15.493982,44.516014],[15.492518,44.516118],[15.490625,44.51623],[15.487333,44.516398],[15.4856,44.516545],[15.483867,44.516711],[15.482853,44.516822],[15.480553,44.517145],[15.478988,44.517392],[15.476454,44.517865],[15.47532,44.518107],[15.474543,44.518283],[15.473473,44.518537],[15.472679,44.518734],[15.470976,44.519186],[15.468877,44.519814],[15.466956,44.520434],[15.46533,44.521016],[15.463779,44.521601],[15.462612,44.522083],[15.461428,44.522585],[15.460468,44.523014],[15.459519,44.523465],[15.458575,44.52392],[15.457658,44.524383],[15.456137,44.525204],[15.454546,44.5261],[15.452706,44.527235],[15.451194,44.528237],[15.44968,44.529314],[15.448296,44.530376],[15.446945,44.531471],[15.446258,44.53206],[15.445561,44.532683],[15.444325,44.53385],[15.443485,44.534689],[15.442675,44.535534],[15.442496,44.535726],[15.441305,44.5371],[15.440725,44.53779],[15.440053,44.538647],[15.439732,44.539074],[15.439419,44.53951],[15.438799,44.540368],[15.437897,44.541751],[15.43784,44.541839],[15.437526,44.542368],[15.43687,44.543493],[15.436301,44.54455],[15.435164,44.546681],[15.432096,44.552445],[15.431121,44.554271],[15.430317,44.55579],[15.429565,44.557219],[15.428879,44.558713],[15.428264,44.560265],[15.427933,44.561218],[15.427645,44.562157],[15.427518,44.562639],[15.427386,44.563166],[15.427183,44.564056],[15.427021,44.564928],[15.426926,44.565525],[15.426866,44.565901],[15.426682,44.567826],[15.426655,44.568682],[15.426646,44.569749],[15.426734,44.571481],[15.426821,44.572276],[15.426977,44.573417],[15.427125,44.574284],[15.427444,44.575683],[15.427552,44.576097],[15.427864,44.577167],[15.428057,44.577754],[15.428694,44.579463],[15.428894,44.579942],[15.429099,44.580413],[15.429556,44.581345],[15.430565,44.58315],[15.431846,44.585228],[15.433254,44.587289],[15.434863,44.589916],[15.436301,44.592647],[15.436829,44.593798],[15.437319,44.594936],[15.437755,44.596088],[15.438173,44.597258],[15.438564,44.59849],[15.438802,44.59933],[15.439173,44.600775],[15.439487,44.602236],[15.439858,44.604551],[15.440091,44.606871],[15.440148,44.60818],[15.440159,44.609326],[15.440092,44.610542],[15.439987,44.611604],[15.439773,44.61311],[15.439468,44.614615],[15.439017,44.616286],[15.438531,44.617961],[15.438182,44.619399],[15.438005,44.620535],[15.437963,44.620982],[15.437939,44.621334],[15.437923,44.622263],[15.437935,44.62267],[15.43798,44.623487],[15.438041,44.624119],[15.438157,44.624778],[15.438277,44.62543],[15.438417,44.625936],[15.438521,44.626293],[15.438699,44.626941],[15.438899,44.627581],[15.439232,44.628557],[15.439393,44.629121],[15.439579,44.630018],[15.439746,44.631221],[15.439783,44.632304],[15.439783,44.632919],[15.439718,44.633699],[15.439616,44.634564],[15.439461,44.635356],[15.439257,44.636159],[15.438759,44.637543],[15.438475,44.638208],[15.438188,44.63877],[15.437666,44.639679],[15.437095,44.640565],[15.436477,44.641452],[15.435963,44.642224],[15.435697,44.642643],[15.435457,44.64309],[15.435242,44.643568],[15.435062,44.644023],[15.434833,44.644829],[15.434726,44.645471],[15.434674,44.646016],[15.434585,44.647009],[15.434528,44.647609],[15.434451,44.648099],[15.434258,44.648903],[15.433991,44.649693],[15.433641,44.650486],[15.433215,44.651246],[15.432812,44.651835],[15.432377,44.652401],[15.431974,44.652856],[15.431584,44.653256],[15.431177,44.653648],[15.430646,44.654126],[15.429662,44.65503],[15.428739,44.655932],[15.427833,44.656956],[15.426994,44.658049],[15.426229,44.659243],[15.425677,44.660328],[15.424815,44.662118],[15.42401,44.663738],[15.423591,44.664506],[15.423215,44.665136],[15.422763,44.665856],[15.422378,44.666433],[15.421597,44.667496],[15.420988,44.668246],[15.420291,44.669059],[15.419716,44.669694],[15.418817,44.670631],[15.417783,44.67161],[15.416323,44.672913],[15.415518,44.67364],[15.414674,44.674416],[15.413626,44.675439],[15.412678,44.676437],[15.412094,44.677091],[15.411655,44.677612],[15.410891,44.678534],[15.40956,44.680355],[15.408963,44.681257],[15.408424,44.682148],[15.407887,44.683066],[15.407424,44.683978],[15.406939,44.684952],[15.406483,44.685886],[15.405966,44.686944],[15.405453,44.687905],[15.404945,44.688815],[15.404614,44.689384],[15.404351,44.689804],[15.403591,44.691032],[15.402877,44.692093],[15.402073,44.693205],[15.401194,44.694348],[15.400254,44.695509],[15.399314,44.69661],[15.398547,44.697476],[15.397692,44.698378],[15.397047,44.699031],[15.396127,44.699933],[15.395397,44.700685],[15.394665,44.701482],[15.393267,44.703046],[15.391262,44.70564],[15.38988,44.707882],[15.388767,44.710048],[15.387811,44.712402],[15.387361,44.713846],[15.386975,44.715441],[15.386625,44.717622],[15.386416,44.719638],[15.386237,44.721573],[15.386092,44.722726],[15.385995,44.723382],[15.38583,44.724183],[15.385631,44.725102],[15.385317,44.726236],[15.385145,44.726789],[15.384958,44.72734],[15.384593,44.728332],[15.384213,44.729246],[15.383861,44.730011],[15.383474,44.730804],[15.382817,44.732013],[15.382606,44.732356],[15.381895,44.7335],[15.380892,44.735015],[15.38023,44.736041],[15.379907,44.736627],[15.379609,44.737219],[15.3794,44.737698],[15.379218,44.738149],[15.379078,44.738564],[15.378803,44.739423],[15.378668,44.740044],[15.3785,44.74097],[15.378298,44.742424],[15.378164,44.743236],[15.378012,44.744012],[15.377804,44.744851],[15.37755,44.745672],[15.377257,44.746466],[15.376907,44.747291],[15.376457,44.748161],[15.376035,44.748894],[15.375473,44.749771],[15.374854,44.750592],[15.374439,44.751105],[15.374034,44.75159],[15.373154,44.752516],[15.372315,44.75331],[15.371954,44.753623],[15.371545,44.753978],[15.371376,44.754124],[15.370575,44.754725],[15.369779,44.755292],[15.369107,44.755736],[15.368436,44.756159],[15.367177,44.756868],[15.366602,44.75717],[15.365627,44.757637],[15.363956,44.758368],[15.362392,44.759023],[15.361627,44.75937],[15.361003,44.7597],[15.360546,44.759955],[15.360141,44.760211],[15.359767,44.760442],[15.359332,44.760758],[15.358706,44.761247],[15.35806,44.761826],[15.357606,44.76228],[15.357268,44.762668],[15.356834,44.763215],[15.355983,44.76435],[15.355166,44.76542],[15.354718,44.765936],[15.354205,44.766471],[15.353781,44.766871],[15.353207,44.767363],[15.352637,44.767809],[15.352138,44.768194],[15.351308,44.768762],[15.350493,44.76931],[15.349701,44.769841],[15.348913,44.770411],[15.348409,44.770795],[15.34797,44.771167],[15.347356,44.77172],[15.346657,44.772431],[15.346142,44.773041],[15.345922,44.77333],[15.34572,44.773594],[15.345245,44.774316],[15.344181,44.776268],[15.34324,44.778163],[15.341972,44.781457],[15.341621,44.782482],[15.341053,44.78342],[15.340486,44.784004],[15.339804,44.78454],[15.3394,44.784844],[15.339035,44.785099],[15.33899,44.785128],[15.338611,44.785372],[15.338237,44.785603],[15.337595,44.785956],[15.337049,44.786212],[15.336575,44.786418],[15.336179,44.786583],[15.335556,44.78683],[15.334873,44.787078],[15.333645,44.787474],[15.332179,44.787882],[15.33064,44.788267],[15.329924,44.788459],[15.32953,44.788574],[15.329093,44.788712],[15.328255,44.789033],[15.327929,44.789174],[15.327601,44.789326],[15.327181,44.789546],[15.326845,44.789739],[15.326483,44.789956],[15.326217,44.790133],[15.325983,44.7903],[15.325622,44.790571],[15.325219,44.790908],[15.324807,44.791285],[15.324438,44.791663],[15.324074,44.792079],[15.323843,44.792357],[15.32331,44.792998],[15.323006,44.79335],[15.322298,44.794052],[15.321953,44.794343],[15.320808,44.795209],[15.32,44.79572],[15.319476,44.796012],[15.318556,44.796474],[15.317705,44.796849],[15.316917,44.79714],[15.316064,44.797408],[15.315306,44.797614],[15.313707,44.798016],[15.312767,44.798268],[15.312152,44.798462],[15.311841,44.798577],[15.311265,44.798805],[15.310757,44.799024],[15.310341,44.799235],[15.309774,44.799539],[15.309303,44.79982],[15.308829,44.80014],[15.308369,44.800482],[15.307921,44.800839],[15.307398,44.801337],[15.306864,44.801905],[15.305983,44.803031],[15.305037,44.804301],[15.304045,44.805499],[15.303399,44.806197],[15.302647,44.806974],[15.301799,44.807761],[15.301095,44.808409],[15.300174,44.809164],[15.299522,44.809685],[15.299233,44.8099],[15.298786,44.810232],[15.298517,44.810422],[15.298228,44.810621],[15.298005,44.810772],[15.297708,44.81098],[15.297394,44.81117],[15.297021,44.811385],[15.296315,44.811778],[15.295015,44.812419],[15.293554,44.813074],[15.292108,44.813626],[15.291373,44.813862],[15.290638,44.814101],[15.289434,44.814424],[15.287926,44.814792],[15.284917,44.815378],[15.282626,44.815922],[15.280405,44.816501],[15.278356,44.817072],[15.27628,44.817716],[15.273413,44.8187],[15.272612,44.819009],[15.27161,44.81941],[15.270701,44.81978],[15.269037,44.820498],[15.268292,44.820839],[15.267721,44.821118],[15.267248,44.821361],[15.266687,44.821678],[15.266196,44.821996],[15.265732,44.822325],[15.265287,44.822692],[15.264881,44.823082],[15.26458,44.823395],[15.264265,44.823752],[15.26395,44.824161],[15.263723,44.824499],[15.26338,44.825089],[15.262756,44.8264],[15.262281,44.827313],[15.261824,44.828026],[15.261448,44.82849],[15.261083,44.828902],[15.260573,44.829417],[15.259893,44.829988],[15.259237,44.830454],[15.2585,44.830914],[15.257553,44.831418],[15.256534,44.831919],[15.255426,44.832487],[15.25434,44.833064],[15.253589,44.833507],[15.252809,44.833976],[15.251914,44.834571],[15.250981,44.835207],[15.250055,44.835914],[15.249248,44.83657],[15.248591,44.837131],[15.247988,44.837693],[15.247316,44.838339],[15.246694,44.838987],[15.245892,44.839886],[15.245135,44.84074],[15.24457,44.841371],[15.244007,44.841932],[15.243374,44.842529],[15.242668,44.843146],[15.241608,44.843977],[15.240499,44.844761],[15.24,44.845088],[15.239502,44.845404],[15.238575,44.845943],[15.237733,44.846389],[15.236034,44.847268],[15.234254,44.848222],[15.232209,44.84939],[15.231189,44.850018],[15.230295,44.850583],[15.229435,44.85115],[15.228572,44.851745],[15.227752,44.852326],[15.226915,44.852927],[15.225409,44.85398],[15.225104,44.854185],[15.224374,44.854665],[15.224026,44.854885],[15.223542,44.855178],[15.223025,44.855487],[15.222636,44.855707],[15.22211,44.856002],[15.221789,44.856174],[15.221605,44.856273],[15.221399,44.856381],[15.221167,44.856497],[15.220871,44.856649],[15.220671,44.85675],[15.22049,44.856839],[15.220217,44.85697],[15.219905,44.857119],[15.219712,44.857209],[15.219514,44.857298],[15.219262,44.857408],[15.219001,44.857529],[15.218774,44.857628],[15.21853,44.85773],[15.218316,44.857823],[15.218081,44.857926],[15.217824,44.858039],[15.217538,44.858157],[15.217226,44.858287],[15.21685,44.858452],[15.216556,44.858578],[15.216292,44.858691],[15.216107,44.858772],[15.215916,44.85886],[15.215703,44.858957],[15.215369,44.859114],[15.215224,44.859183],[15.215032,44.859278],[15.214803,44.859398],[15.214607,44.8595],[15.214252,44.859698],[15.213902,44.859901],[15.213746,44.859995],[15.21339,44.860221],[15.213223,44.860327],[15.213023,44.860464],[15.212764,44.86065],[15.212519,44.860827],[15.21174,44.861445],[15.211063,44.862065],[15.21039,44.862784],[15.209783,44.863491],[15.209236,44.864267],[15.208788,44.865056],[15.208521,44.865557],[15.20828,44.866127],[15.20809,44.866669],[15.207918,44.867252],[15.207851,44.867539],[15.207804,44.867736],[15.207719,44.868224],[15.207664,44.868749],[15.207639,44.869251],[15.207668,44.870264],[15.207614,44.871757],[15.207508,44.872667],[15.207342,44.873491],[15.207143,44.874077],[15.206774,44.874854],[15.206476,44.875438],[15.206118,44.876068],[15.205712,44.876726],[15.205069,44.877686],[15.204356,44.878642],[15.203688,44.879433],[15.203561,44.879574],[15.203162,44.880005],[15.202843,44.880341],[15.202615,44.880562],[15.202393,44.880776],[15.201901,44.881235],[15.200904,44.882069],[15.200511,44.882375],[15.199313,44.883244],[15.198519,44.883829],[15.197854,44.884347],[15.197258,44.884831],[15.196623,44.885435],[15.196312,44.885754],[15.195952,44.886181],[15.195703,44.886474],[15.195416,44.88688],[15.195056,44.887431],[15.194787,44.88794],[15.194159,44.889196],[15.193821,44.889874],[15.193403,44.890519],[15.192871,44.891186],[15.192793,44.891274],[15.192663,44.891422],[15.191996,44.892095],[15.191382,44.892596],[15.190867,44.892969],[15.190149,44.893442],[15.189621,44.893736],[15.188944,44.894071],[15.18836,44.894372],[15.187939,44.894582],[15.187069,44.8951],[15.186342,44.895635],[15.185788,44.896145],[15.185483,44.896487],[15.185182,44.896854],[15.18497,44.897148],[15.184755,44.897502],[15.184453,44.898111],[15.184185,44.898841],[15.183943,44.899547],[15.183795,44.899848],[15.183597,44.900248],[15.183225,44.900841],[15.182839,44.901314],[15.182388,44.901796],[15.181926,44.902182],[15.181561,44.902477],[15.180646,44.903099],[15.180148,44.903433],[15.179676,44.903781],[15.179299,44.904083],[15.178921,44.904423],[15.17834,44.905028],[15.178114,44.905302],[15.177907,44.905585],[15.177709,44.90587],[15.177519,44.906182],[15.177443,44.906321],[15.17724,44.906709],[15.176885,44.907486],[15.176574,44.908208],[15.17616,44.908907],[15.176008,44.909114],[15.175643,44.909593],[15.175385,44.909869],[15.174833,44.910388],[15.174228,44.910869],[15.173695,44.91125],[15.173116,44.911678],[15.172893,44.911861],[15.172613,44.912097],[15.172234,44.912434],[15.171975,44.912714],[15.171693,44.913018],[15.171412,44.913376],[15.171012,44.913989],[15.170835,44.914295],[15.170666,44.914607],[15.170415,44.915237],[15.170197,44.915891],[15.169952,44.916706],[15.169685,44.91744],[15.169264,44.918289],[15.168882,44.918955],[15.168532,44.919488],[15.16764,44.920867],[15.167391,44.92132],[15.167079,44.922109],[15.166932,44.922647],[15.16679,44.923529],[15.166766,44.923793],[15.16678,44.924357],[15.166842,44.924934],[15.166925,44.925304],[15.167131,44.926027],[15.167287,44.926419],[15.167437,44.92675],[15.167738,44.927254],[15.168021,44.927702],[15.168515,44.928305],[15.168959,44.928792],[15.169809,44.929685],[15.170331,44.930216],[15.170839,44.930884],[15.171246,44.931532],[15.171494,44.931992],[15.171673,44.932417],[15.171766,44.9327],[15.1719,44.933181],[15.171974,44.933508],[15.172042,44.933984],[15.172069,44.934482],[15.17205,44.934961],[15.172006,44.935443],[15.171939,44.935814],[15.171767,44.936425],[15.171588,44.936895],[15.171367,44.937357],[15.171091,44.937847],[15.170612,44.938526],[15.170244,44.93896],[15.169819,44.939401],[15.169297,44.939861],[15.168671,44.940342],[15.168523,44.940443],[15.167479,44.941097],[15.166554,44.941657],[15.165583,44.942271],[15.165083,44.942611],[15.164634,44.942973],[15.16429,44.943255],[15.163921,44.943596],[15.163218,44.944255],[15.162576,44.94492],[15.161986,44.945508],[15.161278,44.946107],[15.160642,44.946576],[15.159937,44.947013],[15.159402,44.947301],[15.158901,44.947531],[15.158193,44.947823],[15.157393,44.948096],[15.156559,44.948337],[15.155469,44.948562],[15.154861,44.948659],[15.15434,44.948711],[15.153056,44.948796],[15.151907,44.948819],[15.15076,44.948847],[15.149758,44.948881],[15.148629,44.948967],[15.14794,44.949037],[15.147255,44.94914],[15.146608,44.949243],[15.145943,44.949371],[15.144926,44.949602],[15.143857,44.949895],[15.143025,44.950152],[15.142342,44.950416],[15.14151,44.950727],[15.140811,44.951013],[15.138867,44.951848],[15.137012,44.952647],[15.135647,44.953227],[15.134329,44.95379],[15.133069,44.954309],[15.132066,44.95469],[15.131174,44.954985],[15.13059,44.955166],[15.129954,44.955344],[15.129296,44.955524],[15.128062,44.955818],[15.127493,44.955935],[15.126991,44.956033],[15.125435,44.956277],[15.123122,44.956546],[15.120912,44.95681],[15.120149,44.956923],[15.119332,44.957057],[15.117908,44.957326],[15.115233,44.957841],[15.114472,44.95798],[15.113874,44.958079],[15.112845,44.958228],[15.11219,44.958316],[15.111524,44.958391],[15.110142,44.95851],[15.108119,44.958671],[15.107294,44.958729],[15.106144,44.958818],[15.10497,44.958978],[15.103642,44.959233],[15.102339,44.959558],[15.101108,44.959956],[15.099885,44.960425],[15.098732,44.960945],[15.098148,44.961246],[15.097313,44.961747],[15.096995,44.961948],[15.096352,44.962378],[15.095767,44.962825],[15.095219,44.963285],[15.094652,44.963793],[15.093956,44.964523],[15.093435,44.965144],[15.093113,44.965593],[15.092813,44.966042],[15.09256,44.966461],[15.092541,44.966494],[15.092293,44.966931],[15.09219,44.967156],[15.092105,44.967341],[15.091958,44.967683],[15.091811,44.968043],[15.091644,44.968538],[15.091442,44.969311],[15.091349,44.969789],[15.091267,44.970369],[15.091249,44.970571],[15.091241,44.9709],[15.091267,44.971697],[15.091291,44.972072],[15.091357,44.972517],[15.091504,44.973172],[15.091581,44.973458],[15.091958,44.97444],[15.095025,44.980663],[15.095198,44.981054],[15.095356,44.981518],[15.095496,44.982178],[15.095592,44.983149],[15.095557,44.983677],[15.095305,44.985287],[15.095297,44.985989],[15.09535,44.986657],[15.095483,44.987309],[15.095664,44.987866],[15.095744,44.988051],[15.095959,44.988459],[15.096121,44.988754],[15.096413,44.989193],[15.096827,44.989748],[15.097173,44.990164],[15.097797,44.990793],[15.098345,44.99128],[15.098757,44.991615],[15.099239,44.991947],[15.099397,44.992044],[15.100159,44.992513],[15.100969,44.992965],[15.101778,44.993325],[15.103101,44.993891],[15.103915,44.994234],[15.104661,44.994561],[15.105034,44.994742],[15.105414,44.994928],[15.106295,44.9954],[15.107088,44.995911],[15.108074,44.996613],[15.109385,44.997489],[15.109397,44.997498],[15.11046,44.9981],[15.111208,44.99845],[15.112933,44.99913],[15.114468,44.999714],[15.115663,45.000256],[15.11661,45.000789],[15.117265,45.001188],[15.118209,45.001875],[15.119498,45.002821],[15.119582,45.002877],[15.120254,45.003328],[15.121098,45.003851],[15.122056,45.004337],[15.12282,45.004696],[15.123902,45.005134],[15.124808,45.005437],[15.125754,45.005733],[15.126473,45.005943],[15.127357,45.006191],[15.128459,45.006537],[15.129685,45.00702],[15.130001,45.007172],[15.130526,45.007425],[15.130703,45.007514],[15.131511,45.007971],[15.131776,45.008125],[15.132242,45.008426],[15.132931,45.008933],[15.133369,45.00929],[15.133717,45.00958],[15.134422,45.010239],[15.135104,45.010875],[15.135741,45.011406],[15.136312,45.011824],[15.136862,45.012189],[15.137491,45.012558],[15.137899,45.012757],[15.138446,45.013017],[15.139022,45.013257],[15.139901,45.013624],[15.141236,45.01417],[15.142595,45.014728],[15.144361,45.01546],[15.147391,45.016704],[15.148818,45.017296],[15.149442,45.017554],[15.149831,45.017721],[15.150368,45.017974],[15.150735,45.018171],[15.151272,45.018489],[15.151768,45.018826],[15.152211,45.019172],[15.152471,45.019407],[15.152954,45.019876],[15.153198,45.020144],[15.153429,45.020427],[15.153895,45.021102],[15.154292,45.021784],[15.1546,45.022332],[15.155155,45.02324],[15.155586,45.023901],[15.156067,45.024548],[15.15669,45.025286],[15.156756,45.025359],[15.157386,45.026051],[15.157735,45.026404],[15.158323,45.026961],[15.158665,45.027275],[15.159342,45.027822],[15.160187,45.028466],[15.160735,45.028831],[15.161744,45.029495],[15.162227,45.029781],[15.163457,45.030454],[15.163782,45.030614],[15.164761,45.031077],[15.165196,45.031267],[15.16541,45.031353],[15.16561,45.031434],[15.166856,45.03191],[15.168025,45.03233],[15.169513,45.032869],[15.17071,45.033348],[15.17145,45.033706],[15.172177,45.034085],[15.173083,45.034665],[15.173647,45.035051],[15.174732,45.035937],[15.175237,45.036427],[15.175509,45.036713],[15.175661,45.036873],[15.176132,45.037469],[15.176468,45.03795],[15.176828,45.038539],[15.177113,45.039086],[15.177314,45.039536],[15.177553,45.040206],[15.177713,45.040794],[15.177856,45.041572],[15.177933,45.042565],[15.177952,45.043168],[15.177972,45.043951],[15.178007,45.044451],[15.178069,45.045015],[15.178135,45.045317],[15.178164,45.045449],[15.178278,45.045878],[15.178506,45.046496],[15.178667,45.046852],[15.178879,45.047247],[15.179175,45.047725],[15.179554,45.048257],[15.179891,45.048676],[15.180271,45.049073],[15.180711,45.049495],[15.181095,45.049814],[15.181599,45.05021],[15.182039,45.050502],[15.18236,45.050713],[15.182732,45.050933],[15.183444,45.051305],[15.184257,45.051672],[15.184823,45.05189],[15.185273,45.052045],[15.185673,45.052171],[15.186222,45.052325],[15.186881,45.052486],[15.187383,45.052589],[15.187961,45.052688],[15.188809,45.052784],[15.189507,45.052848],[15.190428,45.05288],[15.191425,45.052901],[15.192451,45.052917],[15.193195,45.052954],[15.19388,45.053027],[15.194589,45.053126],[15.195126,45.053224],[15.195751,45.053362],[15.196202,45.053482],[15.196875,45.053682],[15.19748,45.053911],[15.197899,45.054082],[15.198296,45.054243],[15.198986,45.054586],[15.199786,45.055072],[15.200313,45.055444],[15.200713,45.055758],[15.201253,45.056247],[15.201901,45.056873],[15.205967,45.060898],[15.206037,45.060967],[15.206556,45.06157],[15.206957,45.062151],[15.207242,45.062645],[15.207468,45.063128],[15.207638,45.063569],[15.20773,45.063861],[15.207784,45.064032],[15.207892,45.064532],[15.207947,45.065003],[15.207972,45.065434],[15.207967,45.065815],[15.207942,45.066147],[15.207891,45.06646],[15.207799,45.066885],[15.207709,45.067244],[15.207526,45.067799],[15.207427,45.068071],[15.207156,45.0687],[15.207087,45.068833],[15.206991,45.069046],[15.206702,45.069768],[15.206395,45.070541],[15.2062,45.071029],[15.205984,45.071849],[15.205929,45.072167],[15.205888,45.07243],[15.20584,45.072749],[15.205808,45.073095],[15.205786,45.073408],[15.205775,45.073729],[15.205958,45.07565],[15.206205,45.076483],[15.206451,45.077112],[15.207145,45.078448],[15.207489,45.078953],[15.208222,45.079922],[15.208396,45.080139],[15.208532,45.080281],[15.209116,45.080905],[15.209794,45.081508],[15.210323,45.081967],[15.210936,45.082474],[15.212696,45.083886],[15.214121,45.085054],[15.217344,45.087648],[15.221621,45.091142],[15.223626,45.092792],[15.228126,45.09641],[15.231589,45.09923],[15.234131,45.101259],[15.237597,45.104069],[15.239453,45.105553],[15.241337,45.107006],[15.242569,45.108008],[15.243547,45.108864],[15.244339,45.10961],[15.245186,45.110549],[15.245812,45.111548],[15.24635,45.112465],[15.246568,45.113027],[15.246849,45.11387],[15.246968,45.114613],[15.246984,45.115148],[15.246919,45.11591],[15.246899,45.11617],[15.246846,45.116476],[15.246781,45.116766],[15.246763,45.116843],[15.246726,45.116981],[15.246586,45.117425],[15.246467,45.117744],[15.24634,45.118062],[15.246213,45.118369],[15.2461,45.118625],[15.245968,45.118893],[15.245722,45.119341],[15.245446,45.119836],[15.24492,45.120755],[15.244553,45.121351],[15.244433,45.121554],[15.244321,45.121745],[15.244032,45.122271],[15.243813,45.122727],[15.243648,45.123131],[15.243536,45.123505],[15.24343,45.123913],[15.243384,45.124242],[15.243339,45.124798],[15.243364,45.125267],[15.243419,45.125754],[15.243519,45.12619],[15.243744,45.126871],[15.24388,45.127175],[15.244036,45.127479],[15.244521,45.128218],[15.244735,45.128505],[15.244904,45.128693],[15.245214,45.129021],[15.245515,45.129295],[15.246118,45.129781],[15.246325,45.129942],[15.246765,45.130245],[15.247259,45.130522],[15.247818,45.130805],[15.248255,45.130998],[15.24932,45.131412],[15.250118,45.131656],[15.251763,45.132091],[15.253588,45.132569],[15.254269,45.132777],[15.255116,45.133077],[15.255453,45.133208],[15.256018,45.133457],[15.256406,45.133646],[15.25671,45.133805],[15.257157,45.134076],[15.257436,45.134246],[15.257877,45.134545],[15.25819,45.134774],[15.258785,45.135278],[15.259295,45.135781],[15.259848,45.136334],[15.260192,45.136679],[15.260531,45.136996],[15.260999,45.137389],[15.261185,45.137524],[15.261464,45.137732],[15.261815,45.137956],[15.262557,45.138382],[15.263127,45.138665],[15.263449,45.138817],[15.263816,45.138971],[15.264249,45.139127],[15.26491,45.139349],[15.265695,45.139588],[15.266222,45.139727],[15.266782,45.13989],[15.267234,45.140023],[15.267807,45.140216],[15.268416,45.140461],[15.26895,45.140717],[15.269436,45.140964],[15.269949,45.141255],[15.270792,45.141825],[15.271402,45.142306],[15.271806,45.142684],[15.272238,45.143145],[15.272595,45.143552],[15.27308,45.144281],[15.273485,45.14505],[15.273763,45.145823],[15.273866,45.146259],[15.273947,45.146753],[15.273951,45.146799],[15.274004,45.147433],[15.273986,45.147759],[15.273965,45.148054],[15.273926,45.148365],[15.273788,45.148998],[15.273625,45.14958],[15.273416,45.150164],[15.273048,45.151054],[15.27268,45.151995],[15.272513,45.15251],[15.272425,45.152806],[15.272356,45.153125],[15.272263,45.153657],[15.27223,45.153942],[15.272212,45.154177],[15.272201,45.154639],[15.27223,45.155048],[15.272247,45.15524],[15.272305,45.155675],[15.272417,45.156317],[15.272637,45.157378],[15.273193,45.159994],[15.273365,45.160696],[15.273526,45.161557],[15.273714,45.162422],[15.273846,45.163017],[15.273991,45.163552],[15.274143,45.16404],[15.274321,45.164502],[15.274559,45.165052],[15.274827,45.165583],[15.275035,45.165965],[15.275355,45.166478],[15.27559,45.166823],[15.275995,45.167377],[15.276642,45.168226],[15.277055,45.168806],[15.2774,45.169344],[15.277619,45.169744],[15.277944,45.170444],[15.27821,45.171239],[15.278328,45.171751],[15.278393,45.172099],[15.27845,45.172549],[15.278476,45.173004],[15.27847,45.173383],[15.278441,45.173863],[15.278408,45.174155],[15.278341,45.17452],[15.278198,45.175131],[15.27792,45.175917],[15.277713,45.176394],[15.277376,45.177007],[15.277029,45.177547],[15.276729,45.177956],[15.27637,45.178391],[15.276085,45.17871],[15.275319,45.179451],[15.274233,45.180379],[15.273068,45.181374],[15.271994,45.182279],[15.270576,45.183494],[15.270186,45.18385],[15.26992,45.18413],[15.269613,45.184478],[15.269322,45.184844],[15.269005,45.185316],[15.268736,45.18578],[15.268503,45.186282],[15.268322,45.186761],[15.268177,45.187291],[15.268123,45.18759],[15.268076,45.187884],[15.26803,45.188319],[15.267996,45.188796],[15.267955,45.189275],[15.267896,45.189799],[15.26782,45.190244],[15.267708,45.190723],[15.267555,45.191216],[15.267397,45.191632],[15.26727,45.19194],[15.267058,45.192387],[15.26686,45.192752],[15.266167,45.193876],[15.265828,45.194427],[15.265676,45.19471],[15.265495,45.195103],[15.265358,45.195452],[15.265265,45.195744],[15.265164,45.196108],[15.265085,45.196535],[15.26504,45.19692],[15.265026,45.197322],[15.265035,45.197873],[15.265037,45.197892],[15.265078,45.198248],[15.265174,45.198848],[15.265302,45.199474],[15.265413,45.200092],[15.265511,45.200683],[15.265549,45.201317],[15.265556,45.201575],[15.265543,45.201893],[15.26549,45.202514],[15.265402,45.203078],[15.265297,45.203505],[15.265187,45.203903],[15.265045,45.204317],[15.264902,45.204682],[15.264737,45.205042],[15.264571,45.205366],[15.264187,45.20602],[15.263694,45.206668],[15.263175,45.207348],[15.262129,45.208497],[15.261568,45.209112],[15.261046,45.20974],[15.260602,45.210345],[15.260226,45.210928],[15.259903,45.211495],[15.259652,45.211989],[15.25945,45.212454],[15.259248,45.212985],[15.258978,45.213862],[15.258863,45.214381],[15.258803,45.214738],[15.258772,45.215018],[15.258738,45.215289],[15.258698,45.215773],[15.258691,45.216042],[15.258691,45.216372],[15.258711,45.21687],[15.25876,45.21738],[15.25886,45.218028],[15.258926,45.218321],[15.258996,45.218606],[15.259113,45.21904],[15.25925,45.219465],[15.25943,45.219939],[15.259638,45.220421],[15.259872,45.220886],[15.260105,45.221318],[15.260397,45.221785],[15.260677,45.222188],[15.260959,45.222568],[15.261206,45.222902],[15.261774,45.223549],[15.261947,45.223731],[15.26247,45.22432],[15.263071,45.224969],[15.263948,45.225954],[15.264456,45.226572],[15.264936,45.227214],[15.265405,45.227893],[15.265579,45.22813],[15.265868,45.228604],[15.266194,45.229173],[15.266454,45.229697],[15.266673,45.23015],[15.266886,45.230621],[15.267126,45.231221],[15.267342,45.231816],[15.267438,45.232141],[15.267495,45.232344],[15.267625,45.232813],[15.267763,45.233389],[15.26785,45.233838],[15.26794,45.234361],[15.268028,45.235065],[15.26818,45.236716],[15.268293,45.238009],[15.268393,45.23873],[15.268513,45.239338],[15.268706,45.240174],[15.268887,45.240806],[15.269114,45.241454],[15.269433,45.242263],[15.270005,45.243443],[15.270247,45.243895],[15.270514,45.244377],[15.27088,45.244942],[15.271623,45.246012],[15.271985,45.246486],[15.272736,45.247412],[15.273091,45.247822],[15.273581,45.248388],[15.274411,45.249338],[15.274437,45.249371],[15.274982,45.250068],[15.275393,45.250648],[15.275702,45.251187],[15.275944,45.251647],[15.276151,45.252113],[15.276502,45.253117],[15.276611,45.253579],[15.276712,45.254075],[15.276793,45.254978],[15.276792,45.255629],[15.276731,45.256281],[15.276606,45.256989],[15.276549,45.25721],[15.276428,45.257682],[15.276165,45.258409],[15.275877,45.259028],[15.275358,45.259991],[15.274967,45.260526],[15.274732,45.260856],[15.274125,45.26154],[15.273495,45.26216],[15.272638,45.262925],[15.272073,45.263442],[15.271632,45.26387],[15.271143,45.264417],[15.270741,45.264952],[15.27057,45.265194],[15.270472,45.265352],[15.270297,45.265652],[15.269833,45.266716],[15.269714,45.267098],[15.269555,45.267793],[15.269495,45.268287],[15.269478,45.26877],[15.269487,45.269189],[15.269548,45.269866],[15.269654,45.270357],[15.269805,45.270924],[15.269968,45.271331],[15.270073,45.271593],[15.270537,45.272465],[15.270938,45.273035],[15.271435,45.273658],[15.271799,45.27404],[15.272282,45.274535],[15.272833,45.275092],[15.27348,45.275774],[15.273826,45.276195],[15.274207,45.276709],[15.274631,45.277365],[15.274881,45.277808],[15.275071,45.278203],[15.27534,45.27888],[15.275634,45.27984],[15.275788,45.280632],[15.275815,45.280977],[15.275827,45.281131],[15.27586,45.281861],[15.275781,45.282844],[15.275608,45.283711],[15.275422,45.284334],[15.27523,45.2849],[15.275018,45.28542],[15.274768,45.28605],[15.274606,45.286497],[15.274423,45.287147],[15.274236,45.288041],[15.274161,45.288847],[15.274166,45.289179],[15.274176,45.289671],[15.274218,45.290041],[15.274251,45.290331],[15.274339,45.290802],[15.274455,45.291278],[15.274667,45.291984],[15.274967,45.29269],[15.275403,45.29347],[15.27561,45.293823],[15.276002,45.294379],[15.276372,45.294904],[15.276837,45.295549],[15.277232,45.296135],[15.277623,45.296782],[15.277818,45.297149],[15.278027,45.297592],[15.278234,45.298104],[15.278364,45.298445],[15.278445,45.298683],[15.278638,45.299319],[15.278779,45.299959],[15.278866,45.300497],[15.27891,45.300988],[15.278947,45.301574],[15.278901,45.304235],[15.278916,45.304944],[15.278938,45.305261],[15.279119,45.306605],[15.27919,45.306933],[15.279285,45.307272],[15.279448,45.307888],[15.279812,45.308984],[15.280272,45.31003],[15.280771,45.310985],[15.281147,45.311603],[15.281462,45.312091],[15.281822,45.312635],[15.282487,45.313627],[15.2829,45.314315],[15.283228,45.315],[15.283443,45.315558],[15.283558,45.315875],[15.283616,45.316037],[15.283852,45.317042],[15.283924,45.317636],[15.283949,45.318109],[15.283907,45.319138],[15.283859,45.319612],[15.28374,45.320201],[15.283598,45.320727],[15.283401,45.321317],[15.283027,45.322231],[15.282471,45.323414],[15.282162,45.324002],[15.281869,45.324554],[15.281856,45.324579],[15.281054,45.325885],[15.280489,45.326722],[15.279612,45.327891],[15.278414,45.329452],[15.277652,45.3305],[15.277471,45.330759],[15.276941,45.331619],[15.276562,45.332313],[15.276297,45.332854],[15.276074,45.333309],[15.275749,45.3341],[15.275596,45.334518],[15.275499,45.334886],[15.275219,45.335809],[15.27503,45.33666],[15.274905,45.337574],[15.274814,45.338413],[15.274771,45.339178],[15.274788,45.339826],[15.274868,45.34087],[15.274924,45.341357],[15.27503,45.341974],[15.275147,45.34251],[15.275347,45.34328],[15.275641,45.344233],[15.275939,45.34501],[15.276434,45.346171],[15.276828,45.347095],[15.277033,45.347614],[15.27723,45.348164],[15.277429,45.348782],[15.277576,45.349343],[15.277721,45.349989],[15.277775,45.350329],[15.277832,45.350683],[15.277912,45.351355],[15.277946,45.352081],[15.27794,45.352905],[15.277873,45.353905],[15.277718,45.354885],[15.277449,45.35596],[15.277276,45.356584],[15.276839,45.357663],[15.276334,45.358752],[15.276142,45.359088],[15.275931,45.359459],[15.275433,45.360222],[15.274819,45.361055],[15.27421,45.361827],[15.273233,45.362994],[15.272651,45.363726],[15.272123,45.364454],[15.271644,45.365182],[15.271317,45.365775],[15.270832,45.366754],[15.270695,45.367113],[15.270498,45.367631],[15.270207,45.368647],[15.270077,45.36921],[15.269967,45.369904],[15.269871,45.370821],[15.269806,45.371708],[15.269704,45.372775],[15.269653,45.37317],[15.269447,45.374292],[15.269103,45.375426],[15.268759,45.376194],[15.268663,45.376409],[15.268188,45.377274],[15.267755,45.377943],[15.267263,45.378599],[15.266824,45.379142],[15.266179,45.379818],[15.265508,45.38045],[15.264351,45.381451],[15.263071,45.382532],[15.262494,45.383084],[15.261903,45.38374],[15.261532,45.384152],[15.260855,45.385089],[15.260454,45.385724],[15.260075,45.386405],[15.25986,45.38688],[15.259671,45.38731],[15.259444,45.388009],[15.259322,45.38843],[15.259208,45.388897],[15.259124,45.38929],[15.25906,45.389744],[15.259014,45.390308],[15.258995,45.39081],[15.259005,45.391407],[15.259015,45.391869],[15.259033,45.392607],[15.259013,45.393473],[15.258941,45.393986],[15.258871,45.394334],[15.258769,45.394703],[15.258584,45.395178],[15.258359,45.395639],[15.258106,45.39605],[15.257454,45.396862],[15.256906,45.397412],[15.256253,45.397916],[15.255602,45.39834],[15.254619,45.398853],[15.253911,45.399154],[15.252653,45.399635],[15.252632,45.399643],[15.251886,45.399966],[15.251221,45.400368],[15.25063,45.40083],[15.250394,45.401074],[15.250268,45.401206],[15.249922,45.401637],[15.249719,45.401989],[15.249549,45.402359],[15.249443,45.402644],[15.249375,45.402916],[15.249337,45.403206],[15.249307,45.403527],[15.249314,45.403829],[15.249367,45.404168],[15.24943,45.404428],[15.249618,45.40495],[15.249766,45.405223],[15.249849,45.405366],[15.249964,45.405528],[15.250016,45.405601],[15.250168,45.405808],[15.250413,45.406071],[15.250742,45.406382],[15.251122,45.406676],[15.251416,45.406868],[15.251765,45.407075],[15.252062,45.407226],[15.252401,45.407386],[15.252706,45.407507],[15.253186,45.407664],[15.253494,45.407748],[15.253822,45.407822],[15.25417,45.407888],[15.25451,45.407936],[15.254868,45.407974],[15.255251,45.407997],[15.255537,45.408006],[15.255802,45.408002],[15.256137,45.407989],[15.256481,45.407969],[15.257428,45.407887],[15.258176,45.407824],[15.258602,45.407792],[15.258979,45.407774],[15.259473,45.40777],[15.259865,45.407776],[15.260139,45.407788],[15.26044,45.407807],[15.260827,45.40784],[15.261239,45.407887],[15.261512,45.407923],[15.262248,45.40804],[15.262629,45.408108],[15.263583,45.408282],[15.263987,45.408355],[15.264373,45.408416],[15.264727,45.408469],[15.265372,45.408557],[15.266558,45.408674],[15.266864,45.408697],[15.267477,45.408731],[15.268373,45.408771],[15.269271,45.408826],[15.270123,45.408891],[15.270775,45.408955],[15.271595,45.40907],[15.272361,45.409228],[15.273486,45.409511],[15.274527,45.409854],[15.275345,45.410181],[15.275972,45.410481],[15.276529,45.410772],[15.277004,45.411056],[15.277725,45.411526],[15.278401,45.412048],[15.278637,45.41223],[15.279971,45.413246],[15.280425,45.413584],[15.280795,45.41384],[15.281176,45.414091],[15.281584,45.414345],[15.282021,45.414597],[15.282526,45.414877],[15.283202,45.415218],[15.283788,45.415493],[15.285441,45.416178],[15.287641,45.417047],[15.288154,45.41731],[15.289137,45.417812],[15.290488,45.418599],[15.290964,45.418892],[15.291676,45.419316],[15.292531,45.419835],[15.293818,45.420567],[15.295248,45.421318],[15.296811,45.422094],[15.298113,45.422681],[15.299186,45.423145],[15.300308,45.423603],[15.301411,45.424023],[15.301592,45.424091],[15.303803,45.424923],[15.304692,45.425258],[15.306033,45.425756],[15.307919,45.426476],[15.311247,45.427711],[15.311623,45.42785],[15.312305,45.42811],[15.313056,45.428395],[15.314493,45.42892],[15.317397,45.430039],[15.318862,45.430617],[15.320437,45.431304],[15.323141,45.432593],[15.323242,45.432647],[15.324809,45.433474],[15.326259,45.434263],[15.329169,45.435905],[15.331359,45.437116],[15.333446,45.438246],[15.333662,45.438356],[15.334386,45.438728],[15.335553,45.439267],[15.336675,45.439766],[15.337728,45.440189],[15.338472,45.44047],[15.339302,45.440764],[15.340003,45.440995],[15.340857,45.441275],[15.342472,45.441752],[15.344246,45.442186],[15.344635,45.442271],[15.345637,45.442491],[15.347434,45.442821],[15.350582,45.443281],[15.355234,45.443874],[15.35684,45.444088],[15.357501,45.444177],[15.359577,45.444475],[15.360906,45.444751],[15.36236,45.445117],[15.362917,45.445281],[15.363729,45.445529],[15.364541,45.445825],[15.365367,45.446136],[15.366078,45.446443],[15.366922,45.446827],[15.367876,45.447312],[15.368804,45.447861],[15.369593,45.448328],[15.370616,45.449057],[15.371484,45.449738],[15.372071,45.450248],[15.372668,45.450812],[15.373328,45.451503],[15.37378,45.452016],[15.37412,45.452438],[15.374748,45.453291],[15.375213,45.453968],[15.376027,45.455192],[15.376036,45.455205],[15.376441,45.455789],[15.37686,45.456329],[15.377085,45.456616],[15.377572,45.457197],[15.378221,45.457879],[15.378595,45.458232],[15.378944,45.458548],[15.379401,45.458933],[15.379795,45.459255],[15.380373,45.459672],[15.381021,45.460092],[15.381345,45.460292],[15.381848,45.460592],[15.382528,45.460958],[15.383326,45.461347],[15.384133,45.461703],[15.384792,45.461957],[15.385473,45.462201],[15.385641,45.462261],[15.386461,45.462516],[15.387213,45.462724],[15.388219,45.462955],[15.389146,45.463151],[15.391205,45.463462],[15.392452,45.463641],[15.39408,45.463867],[15.396634,45.46423],[15.397095,45.464296],[15.400045,45.46471],[15.40141,45.464901],[15.402671,45.465114],[15.403498,45.465309],[15.40415,45.465478],[15.404861,45.465688],[15.405663,45.465964],[15.406474,45.466277],[15.407294,45.466638],[15.407929,45.466946],[15.408043,45.467007],[15.408618,45.467315],[15.409564,45.467918],[15.410395,45.468511],[15.41154,45.469449],[15.412598,45.470235],[15.413103,45.470576],[15.413766,45.470986],[15.414594,45.471406],[15.415133,45.471656],[15.415607,45.471856],[15.416843,45.472341],[15.417767,45.47266],[15.41827,45.472834],[15.41974,45.473359],[15.421114,45.473881],[15.421775,45.474163],[15.422269,45.474379],[15.42334,45.474923],[15.423781,45.475161],[15.424251,45.475459],[15.425454,45.476284],[15.426619,45.477173],[15.428133,45.478377],[15.42926,45.479274],[15.430055,45.47993],[15.431357,45.480966],[15.432483,45.481885],[15.432736,45.482076],[15.433665,45.482781],[15.434475,45.483315],[15.435431,45.483882],[15.436002,45.484195],[15.436567,45.484478],[15.436803,45.484586],[15.437305,45.484814],[15.438103,45.485176],[15.43934,45.485695],[15.440396,45.486169],[15.441217,45.486556],[15.441681,45.486795],[15.44223,45.487104],[15.442767,45.487454],[15.44316,45.487712],[15.443757,45.488175],[15.444091,45.488459],[15.44452,45.488874],[15.444897,45.489277],[15.445239,45.489692],[15.445269,45.489729],[15.445583,45.490159],[15.445962,45.490785],[15.446262,45.491374],[15.446462,45.491839],[15.446908,45.493155],[15.447372,45.494739],[15.447582,45.49533],[15.447798,45.4958],[15.448116,45.496417],[15.448194,45.496531],[15.448311,45.496686],[15.448496,45.496926],[15.448747,45.497241],[15.449002,45.497525],[15.449513,45.498016],[15.450051,45.498426],[15.45055,45.498756],[15.450626,45.498804],[15.451259,45.499202],[15.45199,45.499626],[15.45335,45.500391],[15.456204,45.502021],[15.457184,45.502576],[15.458794,45.503532],[15.459909,45.504261],[15.460168,45.50443],[15.461365,45.505305],[15.462519,45.506211],[15.462612,45.506289],[15.462723,45.506382],[15.462855,45.506493],[15.463085,45.506686],[15.465222,45.508461],[15.466132,45.50926],[15.466801,45.509841],[15.467567,45.510497],[15.468473,45.511177],[15.468535,45.511223],[15.469546,45.511908],[15.47066,45.512544],[15.471594,45.513049],[15.47259,45.513504],[15.473022,45.513696],[15.474198,45.514144],[15.474813,45.514372],[15.475675,45.514654],[15.476069,45.514769],[15.477063,45.515041],[15.478636,45.515401],[15.479478,45.515546],[15.480234,45.515658],[15.481103,45.515783],[15.482038,45.515874],[15.483128,45.515945],[15.484188,45.515975],[15.485561,45.515977],[15.48692,45.515921],[15.488485,45.515785],[15.490037,45.515569],[15.491698,45.515244],[15.491842,45.515211],[15.49262,45.515034],[15.49355,45.514766],[15.495729,45.514048],[15.49875,45.512936],[15.499149,45.51279],[15.499864,45.512526],[15.501424,45.511967],[15.503053,45.511437],[15.503366,45.511351],[15.504295,45.511096],[15.505556,45.51078],[15.507163,45.51044],[15.50878,45.510162],[15.509897,45.510007],[15.511013,45.509875],[15.51192,45.509788],[15.513083,45.509709],[15.513954,45.50967],[15.514651,45.509649],[15.515172,45.509643],[15.515665,45.509642],[15.516033,45.509643],[15.516411,45.509648],[15.517038,45.509662],[15.51743,45.509678],[15.517812,45.509694],[15.518454,45.509727],[15.519328,45.509779],[15.520212,45.509843],[15.520978,45.509896],[15.522374,45.510005],[15.523984,45.510145],[15.525436,45.510282],[15.526795,45.510424],[15.527551,45.510507],[15.528379,45.510602],[15.529316,45.510712],[15.530136,45.510813],[15.530875,45.510907],[15.531617,45.511007],[15.532337,45.511108],[15.533493,45.51127],[15.534449,45.511413],[15.535344,45.511554],[15.5365,45.511735],[15.537709,45.511935],[15.539067,45.512174],[15.54021,45.51238],[15.541241,45.51258],[15.542524,45.512828],[15.543041,45.512934],[15.543595,45.513047],[15.544004,45.513135],[15.544388,45.513222],[15.54491,45.513345],[15.54519,45.513413],[15.545448,45.513482],[15.545946,45.513615],[15.54627,45.513707],[15.546567,45.513796],[15.546851,45.513883],[15.547251,45.51401],[15.547688,45.514152],[15.548173,45.514319],[15.548463,45.514423],[15.548752,45.514539],[15.54894,45.514613],[15.549488,45.514829],[15.550169,45.515119],[15.551251,45.515622],[15.552597,45.51633],[15.553219,45.516685],[15.553836,45.517074],[15.554858,45.51776],[15.555922,45.518514],[15.558491,45.520382],[15.558707,45.520536],[15.56111,45.522259],[15.562117,45.522983],[15.563663,45.524092],[15.564385,45.524606],[15.567663,45.526956],[15.567754,45.527022],[15.569609,45.528359],[15.574639,45.531976],[15.576538,45.53334],[15.584424,45.539004],[15.585453,45.539739],[15.585754,45.539954],[15.587078,45.540926],[15.58969,45.542845],[15.591309,45.544088],[15.594161,45.546385],[15.594803,45.546903],[15.596159,45.548045],[15.597475,45.549172],[15.597847,45.5495],[15.599955,45.551364],[15.602212,45.553487],[15.603508,45.554707],[15.60478,45.555962],[15.605853,45.557045],[15.607296,45.558535],[15.609443,45.560849],[15.609467,45.560877],[15.610468,45.562],[15.611045,45.562667],[15.61142,45.5631],[15.61389,45.566044],[15.615958,45.568671],[15.616256,45.569051],[15.618484,45.572106],[15.620604,45.575148],[15.621699,45.576829],[15.621719,45.576862],[15.621775,45.576953],[15.621908,45.577166],[15.62322,45.579278],[15.624418,45.581303],[15.625594,45.583429],[15.626469,45.585076],[15.626914,45.585914],[15.628136,45.588397],[15.630617,45.593381],[15.630636,45.593419],[15.630851,45.593848],[15.631027,45.5942],[15.633022,45.597776],[15.635129,45.601307],[15.635532,45.601925],[15.637059,45.604271],[15.638989,45.607074],[15.641131,45.609982],[15.641534,45.61053],[15.644079,45.61379],[15.646633,45.616831],[15.647466,45.617774],[15.649151,45.619682],[15.651792,45.622486],[15.6545,45.625229],[15.654535,45.625262],[15.655739,45.626435],[15.657027,45.627666],[15.65954,45.629967],[15.662279,45.632346],[15.664014,45.633853],[15.668564,45.637489],[15.670821,45.639164],[15.674272,45.641723],[15.675971,45.642916],[15.677597,45.644025],[15.679328,45.645161],[15.679712,45.645421],[15.679879,45.645535],[15.680432,45.645886],[15.682303,45.647085],[15.683945,45.648138],[15.685834,45.6493],[15.687654,45.650399],[15.689418,45.6514],[15.689447,45.651416],[15.694094,45.654018],[15.69892,45.656507],[15.699645,45.656862],[15.702244,45.658135],[15.705852,45.659826],[15.707527,45.660575],[15.710341,45.661802],[15.713058,45.662964],[15.71466,45.663622],[15.716404,45.664331],[15.718997,45.665334],[15.721543,45.666288],[15.723623,45.667068],[15.728243,45.668659],[15.732646,45.670093],[15.733093,45.670229],[15.735406,45.670931],[15.738172,45.671736],[15.743765,45.673265],[15.744969,45.673573],[15.746594,45.673988],[15.748901,45.674544],[15.750108,45.674835],[15.751976,45.675261],[15.75435,45.675793],[15.75584,45.676103],[15.757209,45.676395],[15.757706,45.676501],[15.769186,45.678836],[15.769519,45.678903],[15.781828,45.681392],[15.784062,45.681843],[15.787215,45.682493],[15.787341,45.682517],[15.791124,45.683288],[15.79409,45.683898],[15.798001,45.684701],[15.800875,45.685376],[15.803517,45.686023],[15.80488,45.686375],[15.806165,45.686721],[15.806322,45.686766],[15.808819,45.687474],[15.810482,45.68796],[15.811975,45.688422],[15.813649,45.688949],[15.815137,45.689451],[15.817039,45.690095],[15.818013,45.690441],[15.818937,45.69077],[15.820668,45.691411],[15.822555,45.69213],[15.824754,45.693017],[15.826947,45.693928],[15.8292,45.694907],[15.829245,45.694926],[15.831367,45.695899],[15.833338,45.696847],[15.835419,45.697871],[15.839311,45.699917],[15.839644,45.700103],[15.840881,45.700795],[15.84249,45.701713],[15.843788,45.70248],[15.84538,45.703444],[15.845856,45.703742],[15.847258,45.704618],[15.849079,45.7058],[15.849333,45.705973],[15.850888,45.707032],[15.852534,45.708189],[15.855339,45.71025],[15.856967,45.711523],[15.858014,45.712363],[15.858389,45.712664],[15.858427,45.712695],[15.859111,45.713264],[15.859657,45.713728],[15.860705,45.714633],[15.861492,45.715336],[15.862464,45.716244],[15.863008,45.71672],[15.864068,45.717755],[15.864632,45.718341],[15.865538,45.719273],[15.865961,45.719722],[15.86602,45.719785],[15.86643,45.72022],[15.867274,45.721141],[15.868081,45.722061],[15.86881,45.722876],[15.869472,45.723685],[15.86998,45.724294],[15.871092,45.725742],[15.871468,45.726275],[15.871894,45.726866],[15.872318,45.727453],[15.872402,45.727575],[15.873338,45.728946],[15.873851,45.729718],[15.874257,45.730357],[15.875006,45.731583],[15.87538,45.732214],[15.87575,45.732853],[15.876655,45.734507],[15.87729,45.735748],[15.877391,45.735957],[15.877883,45.736982],[15.878234,45.737748],[15.878747,45.738887],[15.878823,45.739079],[15.879287,45.740171],[15.879324,45.740277],[15.87946,45.74066],[15.8799,45.741765],[15.88013,45.742351],[15.880482,45.743145],[15.880912,45.744051],[15.880968,45.744156],[15.881045,45.744298],[15.881123,45.74444],[15.881578,45.745269],[15.881777,45.745587],[15.882126,45.746143],[15.882684,45.746958],[15.882972,45.747333],[15.883128,45.747538],[15.883457,45.747944],[15.883775,45.748324],[15.884005,45.748604],[15.884226,45.74887],[15.884281,45.748929],[15.884329,45.748981],[15.884595,45.749268],[15.884805,45.749496],[15.885208,45.749945],[15.88532,45.750068],[15.885477,45.750242],[15.885734,45.750516],[15.885953,45.750725],[15.886389,45.751151],[15.886921,45.751642],[15.887207,45.751896],[15.88749,45.752136],[15.887618,45.75224],[15.888351,45.75283],[15.888738,45.753138],[15.889727,45.753855],[15.890939,45.754571],[15.891152,45.754685],[15.891474,45.754883],[15.891663,45.754976],[15.892229,45.755238],[15.892595,45.755379],[15.892936,45.755499],[15.893262,45.755602],[15.893894,45.755796],[15.894248,45.755922],[15.894532,45.756038],[15.894696,45.756144],[15.894969,45.756284],[15.895275,45.756463],[15.895537,45.756641],[15.895746,45.756807],[15.895982,45.757048],[15.896273,45.75742],[15.896424,45.757678],[15.896739,45.758411],[15.897196,45.75959],[15.897462,45.760242],[15.897635,45.760758],[15.897678,45.761206],[15.897638,45.76153],[15.897593,45.761724],[15.897447,45.762125],[15.897157,45.762548],[15.896728,45.76295],[15.896351,45.763216],[15.895592,45.763665],[15.895279,45.763862],[15.894967,45.764097],[15.894649,45.764346],[15.893801,45.765144],[15.893597,45.76522],[15.89289,45.765865],[15.892441,45.76626],[15.891958,45.766672],[15.890825,45.767603],[15.889619,45.768538],[15.889022,45.76898],[15.887723,45.769883],[15.887024,45.770371],[15.886731,45.770565],[15.885936,45.771068],[15.885039,45.771605],[15.883991,45.772224],[15.883471,45.772523],[15.88163,45.773539],[15.880113,45.774344],[15.879372,45.774735],[15.876347,45.776333],[15.875421,45.776815],[15.874207,45.777456],[15.86666,45.781467],[15.863969,45.782862],[15.863148,45.783304],[15.86252,45.783634],[15.861563,45.784134],[15.860123,45.78487],[15.859297,45.785253],[15.858758,45.785497],[15.858363,45.785656],[15.857822,45.785863],[15.857085,45.786118],[15.856412,45.786327],[15.855547,45.786583],[15.85539,45.78667],[15.854672,45.786847],[15.854281,45.786942],[15.85316,45.787236],[15.852322,45.78751],[15.851692,45.787746],[15.851362,45.787888],[15.850971,45.788066],[15.85054,45.788304],[15.850124,45.788552],[15.849726,45.788839],[15.849443,45.789083],[15.849104,45.789386],[15.8488,45.789698],[15.848533,45.790005],[15.848276,45.790315],[15.847997,45.790728],[15.847698,45.791254],[15.847466,45.791696],[15.84739,45.791844],[15.846824,45.792946],[15.846462,45.793609],[15.846099,45.79423],[15.845887,45.794585],[15.845735,45.794833],[15.845554,45.795111],[15.845252,45.795547],[15.845019,45.795881],[15.844761,45.796214],[15.844544,45.796493],[15.844315,45.796772],[15.843721,45.797466],[15.84322,45.798011],[15.8429,45.798352],[15.842384,45.79887],[15.841403,45.799798],[15.83953,45.801559],[15.835797,45.805062],[15.835108,45.805722],[15.834304,45.80648],[15.832728,45.807959],[15.832186,45.80847],[15.831281,45.809321],[15.830347,45.810197],[15.829433,45.811073],[15.828992,45.811496],[15.82856,45.811934],[15.827879,45.81263],[15.827471,45.813054],[15.827068,45.813486],[15.82672,45.813874],[15.826391,45.814254],[15.826129,45.814567],[15.8258,45.814967],[15.825518,45.815332],[15.825195,45.815747],[15.824779,45.816288],[15.824545,45.816614],[15.82427,45.817004],[15.823775,45.817738],[15.823489,45.818169],[15.823253,45.818546],[15.822978,45.819007],[15.822721,45.819447],[15.822316,45.820192],[15.822099,45.820615],[15.821887,45.821036],[15.821674,45.821468],[15.821537,45.821772],[15.821083,45.822824],[15.820894,45.823264],[15.820736,45.823684],[15.820628,45.823985],[15.820407,45.82461],[15.820229,45.825233],[15.820016,45.826021],[15.819848,45.826673],[15.819495,45.828306],[15.819439,45.828679],[15.819344,45.829252],[15.819251,45.830027],[15.819186,45.830738],[15.81914,45.831427],[15.819124,45.833043],[15.819133,45.833849],[15.819199,45.834671],[15.819341,45.836098],[15.819526,45.837278],[15.81968,45.837907],[15.819845,45.838751],[15.82001,45.839349],[15.82018,45.839953],[15.820381,45.840612],[15.820494,45.841001],[15.82071,45.841589],[15.821029,45.842429],[15.821562,45.843661],[15.822154,45.844884],[15.823215,45.846804],[15.823778,45.847748],[15.824441,45.848858],[15.824679,45.849263],[15.825093,45.849959],[15.825275,45.850265],[15.825551,45.850715],[15.826186,45.851798],[15.827016,45.853155],[15.827377,45.853749],[15.828564,45.855689],[15.828737,45.856002],[15.829536,45.857327],[15.82985,45.857872],[15.83024,45.858639],[15.830498,45.859232],[15.830775,45.859882],[15.830892,45.860217],[15.830978,45.860466],[15.831267,45.861333],[15.831506,45.862263],[15.83172,45.863416],[15.831854,45.864589],[15.831895,45.865418],[15.831894,45.866084],[15.831847,45.86721],[15.831705,45.868232],[15.831683,45.868411],[15.831538,45.869157],[15.831424,45.869673],[15.831365,45.869884],[15.831041,45.870986],[15.830834,45.871613],[15.830617,45.872308],[15.830478,45.872921],[15.830428,45.873641],[15.830392,45.873753],[15.830197,45.87437],[15.830078,45.87474],[15.829959,45.87511],[15.829828,45.875518],[15.82978,45.875671],[15.829292,45.876655],[15.829245,45.876751],[15.829177,45.876903],[15.829055,45.87735],[15.828969,45.877701],[15.828624,45.879387],[15.828342,45.880844],[15.828116,45.881999],[15.827975,45.882648],[15.827748,45.883577],[15.827566,45.884255],[15.827385,45.884901],[15.827107,45.885776],[15.826776,45.886733],[15.826464,45.887559],[15.82616,45.888301],[15.825424,45.890013],[15.824572,45.891707],[15.824249,45.892358],[15.82408,45.892709],[15.82345,45.894061],[15.822864,45.895279],[15.822307,45.896563],[15.821796,45.897911],[15.821389,45.899196],[15.821099,45.900351],[15.820868,45.901436],[15.820731,45.902334],[15.820621,45.903375],[15.820536,45.904647],[15.820541,45.9059],[15.820627,45.907386],[15.820818,45.908864],[15.821021,45.909896],[15.821416,45.911501],[15.821565,45.911979],[15.821968,45.913182],[15.82245,45.914374],[15.822527,45.914557],[15.823281,45.916151],[15.824078,45.917734],[15.824886,45.919315],[15.825652,45.920901],[15.826178,45.92207],[15.826665,45.923251],[15.826993,45.924134],[15.827321,45.925035],[15.827881,45.926826],[15.828214,45.92802],[15.828528,45.929321],[15.828706,45.930155],[15.829073,45.932266],[15.829427,45.934548],[15.829772,45.936786],[15.83031,45.940183],[15.830578,45.941498],[15.830617,45.941688],[15.830914,45.942911],[15.831442,45.944637],[15.832045,45.946211],[15.832552,45.947348],[15.833209,45.948669],[15.833632,45.949441],[15.834157,45.95033],[15.83467,45.951127],[15.835235,45.951966],[15.835871,45.952856],[15.836002,45.953032],[15.836675,45.953883],[15.837335,45.954677],[15.838002,45.955412],[15.838833,45.956316],[15.840093,45.957553],[15.840907,45.958326],[15.841897,45.95923],[15.843737,45.960916],[15.84538,45.962428],[15.847106,45.96404],[15.84777,45.9647],[15.848404,45.965381],[15.848976,45.966037],[15.849552,45.966727],[15.85013,45.9675],[15.850546,45.968079],[15.850935,45.968659],[15.851313,45.969264],[15.852072,45.970609],[15.852669,45.971852],[15.853974,45.974905],[15.855225,45.977865],[15.856503,45.98093],[15.857761,45.983925],[15.85906,45.986992],[15.860418,45.990199],[15.862484,45.995108],[15.86304,45.996437],[15.86329,45.996972],[15.863505,45.997455],[15.863789,45.997987],[15.864076,45.998484],[15.864539,45.999176],[15.865018,45.999801],[15.865752,46.00063],[15.866526,46.001373],[15.867733,46.002364],[15.868368,46.002818],[15.868934,46.003198],[15.869641,46.0036],[15.870725,46.004175],[15.871548,46.004565],[15.872279,46.004861],[15.873079,46.005164],[15.874609,46.005702],[15.876166,46.006269],[15.877918,46.00699],[15.878409,46.007202],[15.879507,46.007702],[15.880513,46.008192],[15.8822,46.009052],[15.883066,46.009484],[15.883833,46.009859],[15.885543,46.010687],[15.887164,46.01147],[15.887885,46.011814],[15.889838,46.012744],[15.893034,46.01428],[15.89464,46.015045],[15.896309,46.015845],[15.899386,46.017323],[15.901682,46.018425],[15.903025,46.019072],[15.904363,46.019727],[15.905538,46.020341],[15.906776,46.020998],[15.907945,46.021623],[15.909173,46.0223],[15.910609,46.023127],[15.911649,46.023767],[15.912564,46.024359],[15.91363,46.025083],[15.914257,46.025512],[15.915995,46.026718],[15.917154,46.027514],[15.917717,46.027899],[15.918209,46.028227],[15.918547,46.028454],[15.920945,46.029999],[15.921906,46.030644],[15.922407,46.031036],[15.92296,46.031496],[15.923429,46.031931],[15.923821,46.03232],[15.924076,46.032598],[15.924399,46.032974],[15.924661,46.033302],[15.924936,46.033686],[15.925268,46.034183],[15.925608,46.034784],[15.925957,46.035506],[15.926099,46.03586],[15.926254,46.036288],[15.926468,46.036981],[15.926566,46.037399],[15.926654,46.037885],[15.926762,46.038745],[15.92677,46.039077],[15.926783,46.039554],[15.926733,46.040358],[15.926645,46.041009],[15.926569,46.041376],[15.926559,46.041425],[15.926513,46.04165],[15.926326,46.042274],[15.926118,46.042921],[15.925927,46.043394],[15.925712,46.04385],[15.925466,46.04431],[15.925246,46.044705],[15.924968,46.045149],[15.924007,46.04664],[15.923146,46.047968],[15.922188,46.049447],[15.921708,46.050193],[15.921298,46.050824],[15.920743,46.051665],[15.920278,46.052457],[15.919887,46.053219],[15.919553,46.054002],[15.919271,46.054894],[15.919178,46.055263],[15.919125,46.055591],[15.919083,46.055916],[15.919061,46.056232],[15.919057,46.056673],[15.919084,46.057197],[15.919089,46.057317],[15.919234,46.058504],[15.919311,46.059148],[15.919364,46.059641],[15.919424,46.060122],[15.919466,46.060483],[15.919473,46.060573],[15.91961,46.061732],[15.919654,46.062224],[15.919687,46.062708],[15.919714,46.063197],[15.919726,46.063744],[15.919732,46.064913],[15.91971,46.065622],[15.919644,46.066437],[15.91957,46.06719],[15.919438,46.068206],[15.919289,46.069143],[15.91914,46.069968],[15.919005,46.070602],[15.918716,46.071914],[15.918521,46.072707],[15.918298,46.0735],[15.917979,46.074536],[15.917592,46.075653],[15.917161,46.076754],[15.916745,46.077746],[15.916396,46.078494],[15.915963,46.079371],[15.915535,46.080184],[15.915061,46.081034],[15.914524,46.081936],[15.914036,46.082725],[15.913665,46.083266],[15.913216,46.083917],[15.913165,46.083992],[15.912716,46.084616],[15.912207,46.085288],[15.911949,46.085618],[15.911815,46.085785],[15.910817,46.087016],[15.909661,46.088321],[15.908374,46.089732],[15.907783,46.090398],[15.90668,46.091597],[15.906097,46.092216],[15.905525,46.092809],[15.904256,46.094099],[15.902694,46.095735],[15.901927,46.096566],[15.901225,46.097355],[15.900626,46.098058],[15.900112,46.09868],[15.899588,46.099346],[15.899034,46.100057],[15.898072,46.101365],[15.897549,46.102117],[15.89712,46.102753],[15.896361,46.103958],[15.895715,46.105047],[15.894992,46.106329],[15.894409,46.10745],[15.893982,46.108337],[15.893597,46.109172],[15.893213,46.11011],[15.89289,46.111007],[15.892621,46.111948],[15.892504,46.11242],[15.89241,46.112896],[15.892257,46.113689],[15.892138,46.114517],[15.891814,46.117058],[15.891663,46.118249],[15.891509,46.119397],[15.891396,46.120203],[15.891286,46.120873],[15.891054,46.121954],[15.890927,46.122436],[15.890754,46.122993],[15.890509,46.123727],[15.890261,46.124367],[15.889986,46.124991],[15.889838,46.125305],[15.889662,46.125664],[15.889355,46.126222],[15.889128,46.12658],[15.888704,46.127171],[15.888263,46.127682],[15.887664,46.128279],[15.887443,46.128475],[15.886786,46.128993],[15.886396,46.129266],[15.885976,46.12955],[15.885765,46.12968],[15.885205,46.129989],[15.884558,46.130315],[15.883785,46.130644],[15.883167,46.130875],[15.882538,46.131086],[15.881517,46.131353],[15.880449,46.131575],[15.879304,46.131771],[15.876866,46.132169],[15.875991,46.132348],[15.87546,46.132484],[15.875003,46.132616],[15.874359,46.132833],[15.873577,46.13316],[15.872959,46.13347],[15.872262,46.133875],[15.871762,46.134216],[15.871105,46.134729],[15.869898,46.135806],[15.869513,46.136125],[15.869129,46.136417],[15.868855,46.136606],[15.868462,46.136853],[15.866528,46.137695],[15.864505,46.138428],[15.863718,46.13868],[15.863171,46.138886],[15.862421,46.139203],[15.861799,46.139538],[15.861236,46.139907],[15.860957,46.140131],[15.86064,46.140419],[15.860398,46.140669],[15.860148,46.14098],[15.859787,46.141538],[15.85965,46.141814],[15.859534,46.142108],[15.859416,46.142529],[15.859283,46.143284],[15.859199,46.143785],[15.859128,46.144118],[15.859033,46.144436],[15.858917,46.14479],[15.858556,46.145539],[15.858106,46.146196],[15.856601,46.148031],[15.856273,46.148532],[15.856122,46.148794],[15.855919,46.149204],[15.855569,46.15004],[15.854665,46.15228],[15.854523,46.152661],[15.854389,46.153053],[15.8543,46.153415],[15.854234,46.153763],[15.854198,46.154109],[15.854186,46.154448],[15.854165,46.154755],[15.854161,46.155297],[15.854165,46.155755],[15.854177,46.156168],[15.854186,46.156438],[15.85422,46.156979],[15.854244,46.157449],[15.854288,46.157791],[15.854336,46.158148],[15.854372,46.158446],[15.854396,46.158618],[15.854448,46.159248],[15.854468,46.159657],[15.854476,46.159973],[15.854478,46.160288],[15.854465,46.160698],[15.854436,46.161037],[15.854405,46.161332],[15.854362,46.161653],[15.854316,46.161943],[15.854274,46.162133],[15.854201,46.162374],[15.85391,46.163547],[15.853595,46.165031],[15.853449,46.166022],[15.853398,46.167067],[15.853629,46.173775],[15.853612,46.175209],[15.853561,46.175658],[15.85348,46.176069],[15.853349,46.176495],[15.853194,46.176891],[15.853098,46.177095],[15.852908,46.177378],[15.852588,46.177726],[15.851464,46.178675],[15.850901,46.179087],[15.848915,46.180445],[15.84837,46.180872],[15.847788,46.181416],[15.847178,46.182087],[15.846868,46.182492],[15.846646,46.182887],[15.84648,46.183304],[15.846389,46.183597],[15.846255,46.184476],[15.846233,46.185305],[15.846216,46.186307],[15.84618,46.18842],[15.8462,46.188747],[15.846284,46.189687],[15.846294,46.190322],[15.84628,46.190666],[15.846258,46.190904],[15.846216,46.191312],[15.846171,46.191598],[15.84607,46.192042],[15.845978,46.19234],[15.845872,46.19265],[15.845734,46.192983],[15.845578,46.193323],[15.84489,46.19472],[15.844708,46.19508],[15.844419,46.195663],[15.844222,46.196121],[15.84405,46.196533],[15.843992,46.196704],[15.843887,46.19704],[15.843838,46.197309],[15.843831,46.19748],[15.84383,46.197701],[15.843847,46.197926],[15.843919,46.19835],[15.843975,46.198552],[15.844078,46.198838],[15.844147,46.199021],[15.844299,46.199276],[15.844505,46.199593],[15.844724,46.199897],[15.844881,46.200109],[15.845153,46.200519],[15.845338,46.200827],[15.845526,46.201218],[15.845661,46.20165],[15.845702,46.201856],[15.845747,46.202235],[15.845747,46.202527],[15.84571,46.20293],[15.845615,46.203518],[15.84555,46.204039],[15.845511,46.204538],[15.845525,46.20507],[15.845589,46.205561],[15.845695,46.206025],[15.845912,46.206696],[15.846186,46.207424],[15.846365,46.208001],[15.846468,46.208413],[15.846541,46.208837],[15.846569,46.209086],[15.846579,46.209436],[15.846565,46.209721],[15.846419,46.210266],[15.846196,46.210842],[15.845872,46.211337],[15.845594,46.211703],[15.845078,46.212234],[15.844579,46.21264],[15.844098,46.212975],[15.843593,46.213325],[15.843221,46.21361],[15.842781,46.214007],[15.842359,46.214503],[15.842172,46.214817],[15.842014,46.215095],[15.841928,46.215312],[15.841817,46.215644],[15.841753,46.215969],[15.841727,46.216302],[15.84174,46.216735],[15.841805,46.217128],[15.842296,46.219066],[15.842587,46.220216],[15.842832,46.221176],[15.842999,46.221834],[15.843174,46.222485],[15.843376,46.223295],[15.843551,46.223947],[15.843739,46.224548],[15.843957,46.225078],[15.844401,46.226],[15.844546,46.226307],[15.844705,46.226704],[15.844854,46.227291],[15.844904,46.227613],[15.844933,46.227947],[15.844911,46.229044],[15.844889,46.230102],[15.844874,46.231261],[15.844922,46.23187],[15.845,46.232356],[15.845114,46.232837],[15.845236,46.233216],[15.845385,46.233593],[15.8458,46.234617],[15.846211,46.235596],[15.846552,46.236393],[15.846809,46.237014],[15.846933,46.237458],[15.847016,46.237829],[15.847016,46.237829],[15.847037,46.238198],[15.84705,46.238655],[15.847019,46.239043],[15.846885,46.239851],[15.846723,46.240703],[15.846674,46.241008],[15.846626,46.241386],[15.846617,46.241688],[15.846632,46.242004],[15.846643,46.242171],[15.846715,46.242618],[15.846812,46.242993],[15.846993,46.243466],[15.847159,46.243781],[15.847347,46.244103],[15.84755,46.244402],[15.847788,46.244688],[15.848034,46.244969],[15.848171,46.24511],[15.848467,46.245373],[15.848877,46.245706],[15.849409,46.246125],[15.850353,46.246871],[15.85083,46.247388],[15.851475,46.248041],[15.852216,46.248798],[15.852599,46.249274],[15.852785,46.249517],[15.852918,46.249779],[15.853087,46.250091],[15.853184,46.250276],[15.853601,46.25112],[15.854088,46.252047],[15.855185,46.254172],[15.856496,46.256715],[15.856754,46.25721],[15.857028,46.257752],[15.857313,46.258244],[15.857474,46.258503],[15.857696,46.258776],[15.857863,46.258962],[15.85802,46.259122],[15.858249,46.259298],[15.85849,46.259498],[15.858749,46.25968],[15.859149,46.259916],[15.859529,46.260142],[15.85992,46.260358],[15.860334,46.260539],[15.860861,46.260702],[15.861188,46.260786],[15.861876,46.260912],[15.862395,46.260973],[15.86276,46.261014],[15.863665,46.261093],[15.864365,46.261181],[15.864884,46.261273],[15.865346,46.261386],[15.86581,46.26153],[15.866005,46.261596],[15.866437,46.261764],[15.866658,46.261864],[15.867,46.262044],[15.867468,46.262322],[15.867751,46.262524],[15.868151,46.262848],[15.868377,46.263073],[15.868641,46.263366],[15.868786,46.263536],[15.869047,46.263946],[15.869203,46.264275],[15.869287,46.26447],[15.869425,46.264941],[15.869489,46.265225],[15.869536,46.265497],[15.869551,46.265825],[15.869495,46.266206],[15.869398,46.266574],[15.869313,46.266814],[15.869205,46.26705],[15.869096,46.267287],[15.868965,46.267514],[15.868846,46.26771],[15.868635,46.26806],[15.868258,46.268728],[15.867922,46.269391],[15.867837,46.269569],[15.867707,46.269835],[15.867493,46.27032],[15.867346,46.270701],[15.867193,46.271171],[15.867096,46.271469],[15.867011,46.271786],[15.866936,46.272109],[15.8669,46.272507],[15.866882,46.272856],[15.866893,46.273228],[15.866901,46.273572],[15.866916,46.273892],[15.866921,46.274239],[15.866842,46.274685],[15.866801,46.274819],[15.866749,46.274945],[15.866637,46.275148],[15.866537,46.275294],[15.866491,46.27535],[15.86628,46.275555],[15.866084,46.275757],[15.865948,46.275879],[15.865593,46.27617],[15.865267,46.276436],[15.865046,46.276612],[15.864663,46.276935],[15.863918,46.277592],[15.863552,46.277921],[15.862866,46.278573],[15.86245,46.279003],[15.862004,46.279497],[15.861683,46.279866],[15.861298,46.280279],[15.860818,46.280938],[15.860477,46.281501],[15.860252,46.281967],[15.860127,46.282288],[15.860012,46.282648],[15.859911,46.283088],[15.859836,46.283603],[15.859749,46.284201],[15.859624,46.284764],[15.859459,46.285267],[15.859299,46.285629],[15.859176,46.28584],[15.858967,46.286153],[15.858722,46.286442],[15.858072,46.287291],[15.857817,46.287644],[15.857616,46.287991],[15.857364,46.288465],[15.857251,46.288764],[15.856989,46.289545],[15.856705,46.290494],[15.856387,46.291546],[15.855926,46.293011],[15.855582,46.294068],[15.855028,46.295818],[15.854695,46.296878],[15.854574,46.297295],[15.85448,46.297736],[15.854429,46.298048],[15.854421,46.298392],[15.854416,46.29873],[15.854451,46.299119],[15.854542,46.29956],[15.854649,46.299932],[15.854845,46.300446],[15.855054,46.300831],[15.855293,46.301218],[15.855641,46.301663],[15.856047,46.302097],[15.856511,46.302521],[15.85711,46.302986],[15.857296,46.303121],[15.857957,46.303603],[15.858206,46.303783],[15.858681,46.304125],[15.858994,46.304346],[15.859956,46.30505],[15.861175,46.305929],[15.861389,46.306088],[15.86288,46.307168],[15.864047,46.308018],[15.865013,46.308742],[15.865612,46.309219],[15.866154,46.309731],[15.866595,46.310215],[15.867051,46.310728],[15.867475,46.311277],[15.868002,46.312002],[15.868485,46.312663],[15.868908,46.313169],[15.869241,46.313558],[15.869772,46.314114],[15.870325,46.314636],[15.870551,46.314853],[15.870912,46.315171],[15.871316,46.315496],[15.871765,46.315861],[15.872285,46.316249],[15.87275,46.316581],[15.873114,46.316847],[15.873919,46.317431],[15.874667,46.317985],[15.875145,46.318366],[15.875566,46.318733],[15.876057,46.319187],[15.876612,46.319778],[15.876974,46.320187],[15.877505,46.320883],[15.877699,46.321171],[15.877894,46.321466],[15.878156,46.321913],[15.878326,46.322225],[15.878481,46.322542],[15.878548,46.322689],[15.878662,46.322956],[15.8788,46.323294],[15.878832,46.323377],[15.878966,46.323797],[15.879109,46.324264],[15.879217,46.324748],[15.879337,46.325531],[15.87938,46.326179],[15.879384,46.326647],[15.879372,46.32698],[15.879348,46.327306],[15.879293,46.32778],[15.879204,46.328262],[15.879129,46.328592],[15.879046,46.328901],[15.878838,46.329557],[15.878526,46.330322],[15.878302,46.330778],[15.878125,46.33111],[15.877656,46.331991],[15.877424,46.332449],[15.877294,46.332735],[15.877184,46.333011],[15.876949,46.33366],[15.876856,46.334057],[15.876802,46.334288],[15.876714,46.334723],[15.876662,46.335139],[15.876626,46.335577],[15.876592,46.336208],[15.876554,46.336746],[15.876524,46.337061],[15.876484,46.337382],[15.876399,46.337854],[15.876309,46.338284],[15.876092,46.338944],[15.876031,46.3391],[15.875856,46.339546],[15.87558,46.340106],[15.875406,46.340405],[15.87527,46.34064],[15.874958,46.341099],[15.874701,46.341459],[15.874303,46.341963],[15.873779,46.342542],[15.873375,46.342961],[15.872837,46.343496],[15.872412,46.343936],[15.872186,46.344186],[15.871803,46.344608],[15.871428,46.345061],[15.871126,46.345448],[15.870903,46.345746],[15.870698,46.346035],[15.87051,46.346309],[15.870212,46.346785],[15.870022,46.347095],[15.869805,46.347471],[15.869559,46.347954],[15.869468,46.348139],[15.869322,46.348453],[15.869186,46.34876],[15.868942,46.349377],[15.868844,46.349655],[15.868687,46.35015],[15.868531,46.350699],[15.868431,46.351133],[15.868368,46.351467],[15.868284,46.351946],[15.868241,46.35227],[15.868202,46.352642],[15.86816,46.353198],[15.868144,46.353696],[15.868147,46.354013],[15.868152,46.354286],[15.868185,46.354828],[15.868324,46.356629],[15.868346,46.357335],[15.868317,46.358061],[15.868257,46.358702],[15.868167,46.359339],[15.867799,46.361286],[15.867696,46.361747],[15.867629,46.362074],[15.867553,46.362472],[15.867246,46.363991],[15.866964,46.365456],[15.866867,46.365894],[15.866722,46.366658],[15.866636,46.367184],[15.866488,46.368144],[15.866421,46.368582],[15.866254,46.369956],[15.86613,46.371221],[15.866047,46.372345],[15.865993,46.373498],[15.865964,46.374497],[15.865957,46.375475],[15.865964,46.375914],[15.86598,46.376879],[15.866014,46.377679],[15.866037,46.37817],[15.8661,46.379421],[15.866111,46.379931],[15.866106,46.380604],[15.866066,46.381227],[15.866001,46.381704],[15.865969,46.381897],[15.865902,46.382252],[15.865845,46.382522],[15.865762,46.382892],[15.865557,46.38349],[15.865328,46.384064],[15.86503,46.384703],[15.864785,46.385169],[15.864608,46.38547],[15.864287,46.385966],[15.864106,46.386238],[15.863507,46.387014],[15.863056,46.387521],[15.862366,46.388229],[15.861696,46.388825],[15.861008,46.389379],[15.860506,46.38975],[15.859029,46.390787],[15.858089,46.391421],[15.85709,46.392056],[15.856828,46.392217],[15.856458,46.392445],[15.855722,46.392888],[15.855176,46.393221],[15.854614,46.393547],[15.854449,46.393641],[15.854276,46.393737],[15.853937,46.393922],[15.85327,46.394297],[15.852658,46.394634],[15.851188,46.395398],[15.849866,46.396045],[15.848795,46.396523],[15.84758,46.396995],[15.84635,46.397419],[15.845199,46.397764],[15.844055,46.39807],[15.842952,46.398318],[15.841836,46.398542],[15.840893,46.398695],[15.839941,46.398839],[15.83899,46.398981],[15.838035,46.399122],[15.836491,46.399396],[15.835869,46.399516],[15.835247,46.399648],[15.834619,46.399803],[15.833997,46.399957],[15.833612,46.400059],[15.833383,46.400122],[15.832872,46.400275],[15.832541,46.400382],[15.832214,46.400493],[15.831557,46.400706],[15.830939,46.40093],[15.830588,46.401066],[15.830275,46.40119],[15.829931,46.401331],[15.829656,46.401446],[15.828602,46.401888],[15.827294,46.402461],[15.825393,46.403339],[15.824913,46.403569],[15.824434,46.403807],[15.823487,46.404285],[15.822738,46.404664],[15.822015,46.405044],[15.821291,46.405435],[15.820583,46.405829],[15.819238,46.406585],[15.817928,46.407367],[15.817647,46.407536],[15.817363,46.40771],[15.816805,46.408057],[15.815711,46.408758],[15.814792,46.409362],[15.813613,46.410173],[15.813069,46.410559],[15.812306,46.411114],[15.811126,46.411996],[15.809297,46.413448],[15.80823,46.414352],[15.806874,46.415557],[15.805555,46.416784],[15.803075,46.419282],[15.801575,46.420944],[15.800129,46.422664],[15.798361,46.424879],[15.797415,46.426099],[15.797228,46.426335],[15.795994,46.42788],[15.794336,46.429879],[15.793837,46.430458],[15.792627,46.43179],[15.792233,46.432208],[15.791588,46.432902],[15.790725,46.433746],[15.789682,46.434711],[15.78952,46.434862],[15.788646,46.43567],[15.787542,46.436644],[15.785974,46.437978],[15.785199,46.438569],[15.784725,46.438939],[15.783519,46.439836],[15.782812,46.440364],[15.782452,46.440622],[15.781114,46.44156],[15.780801,46.441764],[15.780245,46.442091],[15.779642,46.442487],[15.778491,46.443236],[15.776852,46.444249],[15.775238,46.44516],[15.773769,46.445951],[15.770427,46.447643],[15.768254,46.448607],[15.767274,46.449037],[15.766697,46.449286],[15.765114,46.449941],[15.764379,46.450252],[15.762016,46.451243],[15.760988,46.451667],[15.759374,46.452342],[15.7578,46.452998],[15.755468,46.453908],[15.754312,46.454312],[15.753619,46.454549],[15.75301,46.454753],[15.751728,46.455142],[15.750843,46.455396],[15.749792,46.455686],[15.748885,46.455918],[15.746267,46.456564],[15.743686,46.45706],[15.741068,46.457449],[15.738012,46.457775],[15.735123,46.457994],[15.732607,46.458081],[15.730131,46.458101],[15.729543,46.4581],[15.728783,46.458094],[15.727493,46.458091],[15.726193,46.45808],[15.724281,46.458089],[15.723307,46.458104],[15.722311,46.458123],[15.721644,46.458141],[15.721324,46.458151],[15.720505,46.458192],[15.719429,46.458248],[15.718937,46.458284],[15.717136,46.458434],[15.71516,46.458654],[15.714007,46.458803],[15.712605,46.459004],[15.711189,46.459264],[15.709242,46.459645],[15.707318,46.460075],[15.70692,46.460172],[15.706394,46.4603],[15.705868,46.460433],[15.705399,46.460556],[15.704195,46.460885],[15.701891,46.461603],[15.699659,46.462374],[15.697722,46.463128],[15.697269,46.463319],[15.696043,46.463855],[15.694127,46.46474],[15.692527,46.465541],[15.691639,46.466006],[15.689208,46.467272],[15.6843,46.469826],[15.681462,46.471306],[15.679658,46.472241],[15.679009,46.472582],[15.678143,46.473041],[15.676119,46.474092],[15.675766,46.474277],[15.675072,46.474639],[15.674452,46.474972],[15.673745,46.475331],[15.672608,46.4759],[15.671864,46.47627],[15.671079,46.476631],[15.669894,46.477155],[15.669089,46.477479],[15.668683,46.477627],[15.667933,46.47789],[15.667321,46.478087],[15.666701,46.478264],[15.66601,46.478442],[15.665759,46.478502],[15.665323,46.478601],[15.664905,46.478695],[15.664473,46.478788],[15.663985,46.47889],[15.663827,46.478925],[15.663628,46.478972],[15.663439,46.479024],[15.663218,46.479092],[15.663001,46.479164],[15.662768,46.479248],[15.662486,46.479357],[15.662213,46.479477],[15.661843,46.479656],[15.661579,46.479809],[15.661353,46.479944],[15.66114,46.480093],[15.660846,46.480317],[15.660702,46.480434],[15.660599,46.480572],[15.660378,46.480798],[15.660231,46.480971],[15.660069,46.481173],[15.659914,46.481388],[15.659721,46.48171],[15.659589,46.481961],[15.659525,46.482127],[15.659423,46.482489],[15.659372,46.482766],[15.659353,46.482992],[15.659346,46.483104],[15.65934,46.483324],[15.659379,46.483752],[15.659461,46.484071],[15.659512,46.484244],[15.65962,46.484547],[15.659781,46.484844],[15.659965,46.485151],[15.660301,46.485588],[15.660568,46.485889],[15.660582,46.486023],[15.66085,46.486296],[15.661195,46.486612],[15.661591,46.486969],[15.66198,46.487307],[15.662344,46.487619],[15.663429,46.488451],[15.663917,46.488802],[15.664546,46.489244],[15.664895,46.48949],[15.666309,46.49054],[15.666901,46.49103],[15.667463,46.491517],[15.667997,46.492024],[15.668444,46.492495],[15.66872,46.492822],[15.668982,46.493153],[15.669187,46.493442],[15.669387,46.493754],[15.669642,46.494201],[15.669851,46.494635],[15.670042,46.495115],[15.670198,46.495592],[15.67027,46.495893],[15.670343,46.49637],[15.67039,46.496904],[15.67041,46.497336],[15.670401,46.497713],[15.670369,46.498195],[15.670321,46.498514],[15.670225,46.499123],[15.670093,46.499733],[15.670015,46.500052],[15.669876,46.500535],[15.669713,46.501089],[15.669645,46.501315],[15.669468,46.501954],[15.669211,46.502748],[15.66907,46.503268],[15.668908,46.50391],[15.66879,46.504543],[15.66872,46.505025],[15.66868,46.50551],[15.66867,46.505993],[15.668681,46.506259],[15.668713,46.506874],[15.668771,46.507427],[15.668859,46.507908],[15.668969,46.508386],[15.669095,46.508845],[15.669327,46.509516],[15.669416,46.509738],[15.669659,46.510312],[15.669912,46.510808],[15.670195,46.511299],[15.670504,46.511781],[15.670802,46.512205],[15.67105,46.512529],[15.671179,46.512692],[15.671308,46.512854],[15.671617,46.513211],[15.671943,46.513566],[15.672341,46.513959],[15.672758,46.514349],[15.673115,46.514651],[15.673475,46.514944],[15.673989,46.515336],[15.674409,46.51563],[15.674837,46.515908],[15.675484,46.516316],[15.675637,46.516412],[15.676141,46.5167],[15.676762,46.517019],[15.677565,46.517405],[15.67796,46.517585],[15.678278,46.517719],[15.679573,46.51824],[15.680876,46.518726],[15.682315,46.519236],[15.682967,46.519458],[15.683625,46.519682],[15.68416,46.519865],[15.685074,46.520171],[15.685909,46.520461],[15.686779,46.520784],[15.687447,46.521046],[15.688456,46.521462],[15.689707,46.522027],[15.69071,46.522521],[15.691433,46.522898],[15.691965,46.523198],[15.692689,46.523619],[15.693059,46.523848],[15.69352,46.524138],[15.694332,46.524681],[15.694836,46.525033],[15.695479,46.525525],[15.696095,46.526021],[15.696735,46.526571],[15.697261,46.527086],[15.697637,46.527489],[15.697812,46.527706],[15.698018,46.52796],[15.698064,46.528012],[15.698104,46.528062],[15.698345,46.528369],[15.698377,46.528412],[15.698646,46.528771],[15.698908,46.529172],[15.699178,46.529603],[15.699385,46.529981],[15.699629,46.53048],[15.699789,46.530839],[15.700014,46.531432],[15.700173,46.531908],[15.700303,46.532391],[15.700389,46.532777],[15.700464,46.53318],[15.700519,46.53359],[15.700547,46.533928],[15.700577,46.534266],[15.700576,46.534794],[15.700562,46.535195],[15.700541,46.535518],[15.700509,46.535792],[15.700462,46.536128],[15.700383,46.536551],[15.700307,46.536895],[15.700137,46.53751],[15.700037,46.537812],[15.699951,46.538047],[15.699816,46.538391],[15.699688,46.538683],[15.699445,46.539181],[15.699109,46.539783],[15.698819,46.540252],[15.698522,46.540685],[15.698233,46.541086],[15.697972,46.54143],[15.697534,46.541979],[15.697107,46.542502],[15.696993,46.542637],[15.696876,46.542778],[15.696759,46.54292],[15.696641,46.543061],[15.696525,46.543203],[15.696407,46.543344],[15.696291,46.543483],[15.696175,46.543622],[15.696059,46.543763],[15.695944,46.543905],[15.695828,46.544046],[15.695715,46.544185],[15.6956,46.544328],[15.695485,46.544471],[15.695372,46.544612],[15.695261,46.544756],[15.695148,46.544899],[15.695037,46.545042],[15.694928,46.545183],[15.69482,46.545325],[15.694711,46.545471],[15.694604,46.545614],[15.694498,46.545758],[15.694391,46.545906],[15.694289,46.54605],[15.694188,46.546196],[15.694086,46.546342],[15.693987,46.546486],[15.693886,46.546636],[15.693789,46.546785],[15.693695,46.54693],[15.6936,46.547079],[15.693506,46.547226],[15.693414,46.547376],[15.693323,46.547525],[15.693233,46.547675],[15.693146,46.547822],[15.693057,46.547975],[15.692972,46.548126],[15.692887,46.548279],[15.692804,46.548429],[15.692721,46.548581],[15.692641,46.548733],[15.692561,46.548885],[15.692477,46.549046],[15.692403,46.549188],[15.692323,46.549345],[15.692247,46.549496],[15.692171,46.549646],[15.692096,46.549799],[15.692017,46.549956],[15.691951,46.550093],[15.691867,46.550264],[15.691765,46.550468],[15.691055,46.551916],[15.690429,46.553192],[15.689899,46.55426],[15.689226,46.555646],[15.688955,46.556183],[15.688704,46.556685],[15.688587,46.556922],[15.688544,46.557013],[15.688408,46.557288],[15.687638,46.558855],[15.687571,46.558982],[15.687361,46.559418],[15.687099,46.559954],[15.686841,46.560496],[15.686489,46.561319],[15.686125,46.562206],[15.685974,46.562734],[15.685884,46.563313],[15.685804,46.563749],[15.685748,46.564129],[15.685709,46.564565],[15.6857,46.564788],[15.685632,46.565274],[15.685665,46.565996],[15.68573,46.566361],[15.685795,46.566719],[15.685818,46.5669],[15.685931,46.567375],[15.686051,46.567829],[15.686121,46.568071],[15.68624,46.568456],[15.686456,46.569087],[15.686708,46.569767],[15.686812,46.570023],[15.687012,46.570509],[15.687344,46.571237],[15.687615,46.571839],[15.687768,46.572169],[15.687972,46.572622],[15.68817,46.573058],[15.688412,46.573588],[15.688755,46.574371],[15.688959,46.574857],[15.689182,46.575441],[15.689249,46.575638],[15.689331,46.575883],[15.689438,46.57625],[15.68948,46.576409],[15.689638,46.577036],[15.689757,46.577709],[15.689813,46.57822],[15.689851,46.578525],[15.689877,46.579024],[15.689878,46.579592],[15.689864,46.579957],[15.689858,46.580187],[15.689724,46.581137],[15.68965,46.58161],[15.689538,46.582093],[15.689442,46.582465],[15.689342,46.582774],[15.689284,46.582969],[15.688939,46.583913],[15.68868,46.584491],[15.688216,46.585349],[15.688065,46.585615],[15.687782,46.586067],[15.687502,46.586474],[15.686968,46.587192],[15.686468,46.587779],[15.686112,46.588183],[15.685724,46.588584],[15.685333,46.588954],[15.68502,46.589246],[15.684728,46.589509],[15.68426,46.589911],[15.683492,46.590492],[15.682984,46.590851],[15.682472,46.591191],[15.681928,46.591529],[15.68117,46.591995],[15.680317,46.592432],[15.679685,46.592753],[15.678928,46.593101],[15.6777,46.593615],[15.676593,46.59405],[15.676285,46.594162],[15.676076,46.59424],[15.675661,46.594393],[15.675452,46.59447],[15.675247,46.594544],[15.675035,46.594621],[15.674822,46.594698],[15.674617,46.594773],[15.674412,46.594847],[15.674181,46.594932],[15.673995,46.595],[15.673785,46.595078],[15.673578,46.595155],[15.673373,46.595232],[15.673168,46.595312],[15.672887,46.595421],[15.672744,46.595476],[15.672708,46.59549],[15.672524,46.595564],[15.672321,46.595646],[15.672115,46.595731],[15.671916,46.595816],[15.671713,46.595904],[15.671511,46.595992],[15.671309,46.596084],[15.671113,46.596172],[15.670916,46.596265],[15.670716,46.596361],[15.670527,46.596454],[15.670332,46.59655],[15.670138,46.596648],[15.669942,46.596749],[15.669758,46.596845],[15.66957,46.596946],[15.669382,46.59705],[15.669201,46.597152],[15.669012,46.597258],[15.668832,46.597363],[15.66865,46.59747],[15.668471,46.597578],[15.66829,46.597688],[15.668114,46.597798],[15.668038,46.597846],[15.667938,46.59791],[15.667766,46.598022],[15.667598,46.598132],[15.667427,46.598246],[15.667237,46.598376],[15.66693,46.598592],[15.666767,46.598712],[15.666607,46.59883],[15.666447,46.598952],[15.666292,46.599073],[15.666139,46.599197],[15.665989,46.599321],[15.665839,46.599447],[15.665694,46.599575],[15.665552,46.599705],[15.66541,46.599837],[15.665274,46.59997],[15.665141,46.600105],[15.665029,46.600222],[15.664911,46.60035],[15.664801,46.600473],[15.664681,46.600613],[15.664566,46.600754],[15.664456,46.600893],[15.664349,46.601035],[15.664246,46.60118],[15.664145,46.601326],[15.66405,46.601473],[15.663956,46.601621],[15.663869,46.601769],[15.663784,46.601921],[15.663626,46.602223],[15.663553,46.602376],[15.663484,46.602531],[15.663393,46.602756],[15.663272,46.603088],[15.66325,46.603153],[15.663201,46.603312],[15.663158,46.603468],[15.663116,46.603629],[15.663081,46.603786],[15.66305,46.603946],[15.663021,46.604108],[15.662997,46.604265],[15.66297,46.604474],[15.662957,46.604602],[15.662932,46.604909],[15.662915,46.60523],[15.662903,46.605553],[15.662907,46.606045],[15.66291,46.606196],[15.662914,46.606358],[15.662919,46.606519],[15.662923,46.606683],[15.662927,46.606845],[15.662933,46.607005],[15.662938,46.607168],[15.662943,46.607328],[15.662947,46.607488],[15.662952,46.607652],[15.662954,46.607812],[15.662959,46.607972],[15.66296,46.608137],[15.662961,46.608297],[15.662962,46.608457],[15.662961,46.608621],[15.662959,46.608782],[15.662956,46.608941],[15.66295,46.609103],[15.662946,46.609264],[15.662934,46.609426],[15.662925,46.609585],[15.662913,46.609749],[15.6629,46.609908],[15.662883,46.61007],[15.662865,46.610232],[15.662845,46.610391],[15.662822,46.610554],[15.662797,46.610715],[15.66277,46.610875],[15.662742,46.611032],[15.662712,46.611195],[15.662679,46.611354],[15.662644,46.611512],[15.662607,46.611673],[15.662568,46.611832],[15.662528,46.61199],[15.662485,46.612148],[15.662438,46.612308],[15.662392,46.612464],[15.662342,46.612622],[15.662292,46.612777],[15.662239,46.612932],[15.662185,46.613086],[15.662128,46.613242],[15.662069,46.613397],[15.662008,46.61355],[15.661945,46.613706],[15.661881,46.613857],[15.661815,46.614011],[15.661749,46.614162],[15.661679,46.614314],[15.661606,46.614468],[15.661534,46.614619],[15.661462,46.61477],[15.661386,46.614921],[15.661312,46.615071],[15.661235,46.615222],[15.661156,46.615374],[15.661079,46.615523],[15.661001,46.615673],[15.66092,46.615823],[15.66084,46.615973],[15.66076,46.616124],[15.660678,46.616274],[15.66058,46.616452],[15.660518,46.616571],[15.659992,46.617534],[15.659854,46.617797],[15.659452,46.618606],[15.659206,46.619138],[15.658889,46.619908],[15.658635,46.620615],[15.658347,46.621566],[15.658114,46.622553],[15.657969,46.623376],[15.657913,46.623803],[15.657842,46.624487],[15.657798,46.625458],[15.657804,46.626548],[15.657831,46.627652],[15.657861,46.628796],[15.657864,46.629581],[15.657824,46.630428],[15.657736,46.631224],[15.65763,46.631866],[15.657499,46.632482],[15.657335,46.63309],[15.657067,46.633901],[15.656821,46.634521],[15.656599,46.635014],[15.656325,46.635573],[15.655901,46.636334],[15.655507,46.636961],[15.65513,46.637511],[15.654485,46.638384],[15.654049,46.638946],[15.65361,46.639507],[15.652704,46.640672],[15.652091,46.641516],[15.651707,46.642086],[15.651141,46.642993],[15.650718,46.643766],[15.650147,46.644978],[15.649951,46.645454],[15.649727,46.646052],[15.649569,46.646544],[15.649385,46.64716],[15.649183,46.647969],[15.649031,46.648764],[15.648925,46.649428],[15.64881,46.650264],[15.648759,46.650754],[15.648639,46.65174],[15.648627,46.65186],[15.648545,46.65253],[15.648484,46.652973],[15.648404,46.653585],[15.648249,46.654587],[15.648154,46.655082],[15.647959,46.655985],[15.647804,46.656602],[15.647718,46.656904],[15.647602,46.657312],[15.647446,46.65781],[15.647172,46.658624],[15.646933,46.659271],[15.646703,46.659901],[15.64583,46.66223],[15.645581,46.66294],[15.645349,46.663726],[15.645183,46.664375],[15.645092,46.664833],[15.645005,46.665297],[15.644934,46.665792],[15.644899,46.66614],[15.644866,46.666575],[15.644846,46.667021],[15.644839,46.667656],[15.644864,46.66824],[15.644913,46.668864],[15.644988,46.669482],[15.64511,46.670131],[15.645212,46.670625],[15.645397,46.671318],[15.645534,46.671743],[15.645696,46.672225],[15.646106,46.673258],[15.646427,46.67391],[15.646731,46.674486],[15.647105,46.675121],[15.647397,46.675585],[15.647655,46.675963],[15.647891,46.676287],[15.648013,46.676359],[15.64823,46.676637],[15.648421,46.676808],[15.648653,46.67698],[15.648845,46.677092],[15.649076,46.677212],[15.649357,46.677286],[15.649782,46.677355],[15.650186,46.677389],[15.650353,46.67741],[15.650522,46.677454],[15.650622,46.677488],[15.650758,46.677548],[15.650884,46.677631],[15.650995,46.677752],[15.651055,46.677888],[15.651085,46.678033],[15.651078,46.678193],[15.651053,46.678323],[15.650937,46.678697],[15.650868,46.678958],[15.650858,46.67909],[15.650859,46.679218],[15.650871,46.679311],[15.650902,46.67944],[15.650931,46.679511],[15.651005,46.679653],[15.651123,46.679683],[15.651168,46.679719],[15.651226,46.679761],[15.651283,46.679799],[15.651318,46.679829],[15.651405,46.679878],[15.651488,46.679915],[15.651446,46.68002],[15.651456,46.680073],[15.651463,46.680127],[15.651462,46.680173],[15.651432,46.680293],[15.651328,46.680615],[15.651297,46.680695],[15.651227,46.680853],[15.651134,46.68106],[15.651077,46.681196],[15.650945,46.681505],[15.650755,46.681975],[15.650602,46.68232],[15.650514,46.682482],[15.650415,46.682637],[15.65023,46.682878],[15.649967,46.683148],[15.649708,46.683391],[15.649378,46.683705],[15.649057,46.684009],[15.64903,46.684035],[15.648946,46.684121],[15.648806,46.684258],[15.648688,46.684369],[15.648635,46.684422],[15.648365,46.684696],[15.648169,46.684894],[15.648086,46.684953],[15.64803,46.685011],[15.647943,46.685104],[15.647845,46.685204],[15.647739,46.685315],[15.647475,46.685588],[15.647002,46.686075],[15.646567,46.686513],[15.646207,46.686891],[15.645113,46.688014],[15.644026,46.689136],[15.643404,46.689777],[15.643086,46.690093],[15.642997,46.690179],[15.642879,46.690274],[15.642797,46.690347],[15.642722,46.690418],[15.64265,46.690492],[15.64258,46.690565],[15.642434,46.69071],[15.642288,46.690867],[15.641842,46.691348],[15.641567,46.691648],[15.641446,46.691761],[15.641281,46.691903],[15.641232,46.69197],[15.640999,46.692247],[15.640994,46.692348],[15.640985,46.692403],[15.640944,46.692533],[15.640818,46.692728],[15.640849,46.692748],[15.640866,46.692781],[15.640882,46.692841],[15.640872,46.692898],[15.640812,46.69302],[15.640609,46.693119],[15.640519,46.693049],[15.64034,46.693234],[15.640284,46.69327],[15.640191,46.693314],[15.64009,46.693363],[15.640053,46.693413],[15.639972,46.693501],[15.639703,46.693794],[15.639344,46.694161],[15.639244,46.694256],[15.638936,46.694562],[15.638845,46.694651],[15.638631,46.694875],[15.638312,46.695283],[15.638118,46.695566],[15.637865,46.695948],[15.637719,46.696201],[15.637639,46.696336],[15.637454,46.696695],[15.637374,46.696856],[15.637251,46.697151],[15.637085,46.697607],[15.636761,46.698699],[15.636701,46.699008],[15.636616,46.699389],[15.636597,46.699486],[15.636552,46.699746],[15.636524,46.699907],[15.636515,46.699973],[15.636431,46.700529],[15.636348,46.701058],[15.636338,46.701127],[15.636313,46.701312],[15.636274,46.701657],[15.63621,46.702187],[15.636149,46.702559],[15.636028,46.703138],[15.635915,46.703555],[15.635774,46.704001],[15.635624,46.704382],[15.635432,46.70478],[15.635339,46.70496],[15.63518,46.70521],[15.635025,46.705452],[15.634734,46.70588],[15.63468,46.705959],[15.634459,46.706308],[15.634283,46.706582],[15.634176,46.706842],[15.634161,46.706892],[15.63422,46.706906],[15.634271,46.706932],[15.634307,46.706967],[15.634327,46.707008],[15.634494,46.707081],[15.634622,46.707124],[15.63494,46.707221],[15.635093,46.707256],[15.635187,46.707275],[15.635434,46.70731],[15.635654,46.707325],[15.635926,46.707312],[15.636395,46.707258],[15.636857,46.707172],[15.637293,46.707065],[15.637713,46.70694],[15.638475,46.706638],[15.638826,46.70647],[15.639203,46.706318],[15.639604,46.70617],[15.640196,46.705968],[15.640424,46.705878],[15.64062,46.705771],[15.640773,46.705661],[15.640845,46.705581],[15.640873,46.705531],[15.640891,46.705478],[15.640901,46.705425],[15.640902,46.705371],[15.640895,46.70531],[15.640878,46.705262],[15.640855,46.705211],[15.640827,46.705165],[15.640798,46.705134],[15.640752,46.70509],[15.640704,46.705056],[15.640642,46.70502],[15.640567,46.704984],[15.640496,46.704957],[15.640416,46.704938],[15.64033,46.704927],[15.640255,46.704925],[15.640173,46.70493],[15.640088,46.70494],[15.640018,46.704954],[15.639936,46.704979],[15.639859,46.70501],[15.639812,46.705037],[15.639778,46.705059],[15.639713,46.705112],[15.639655,46.705175],[15.639616,46.705226],[15.639599,46.705264],[15.639583,46.705317],[15.63958,46.705377],[15.639586,46.70542],[15.639591,46.705456],[15.639551,46.705579],[15.639834,46.706011],[15.64037,46.706713],[15.640661,46.707057],[15.640889,46.707316],[15.641663,46.708169],[15.64193,46.708478],[15.642819,46.70946],[15.643789,46.710591],[15.644375,46.711314],[15.645064,46.712233],[15.645602,46.713018],[15.646079,46.713786],[15.646375,46.714325],[15.646657,46.714886],[15.646946,46.715533],[15.647207,46.716231],[15.647438,46.716954],[15.647626,46.717694],[15.647738,46.718241],[15.647834,46.718888],[15.647905,46.719579],[15.647937,46.720189],[15.647927,46.720943],[15.647884,46.721578],[15.647814,46.722228],[15.647722,46.722761],[15.64757,46.723461],[15.647381,46.724136],[15.647201,46.724694],[15.647017,46.725198],[15.646837,46.725645],[15.646521,46.726317],[15.646057,46.72718],[15.645812,46.727589],[15.645473,46.728102],[15.645056,46.728687],[15.644719,46.72913],[15.644128,46.72982],[15.643738,46.730254],[15.643342,46.730663],[15.642786,46.731194],[15.642161,46.731756],[15.641533,46.73227],[15.640939,46.732727],[15.640252,46.733216],[15.639705,46.733582],[15.638939,46.734062],[15.638086,46.734555],[15.637428,46.734898],[15.636833,46.735185],[15.636148,46.735491],[15.635447,46.73578],[15.634812,46.736014],[15.634154,46.73624],[15.633453,46.736457],[15.632614,46.736684],[15.631721,46.736899],[15.631015,46.737045],[15.629975,46.737226],[15.627457,46.737603],[15.62641,46.737787],[15.625429,46.737988],[15.624496,46.738212],[15.623579,46.73846],[15.622555,46.73877],[15.622456,46.738804],[15.620958,46.739311],[15.61927,46.739957],[15.617667,46.740619],[15.616919,46.740941],[15.615864,46.741409],[15.61414,46.742226],[15.613734,46.742425],[15.613179,46.742704],[15.612491,46.743058],[15.611925,46.743362],[15.611042,46.743839],[15.610119,46.744359],[15.609081,46.744967],[15.60796,46.745654],[15.606873,46.746352],[15.606045,46.746908],[15.605214,46.747482],[15.604168,46.748238],[15.602966,46.749149],[15.601652,46.75021],[15.600585,46.75112],[15.599688,46.751926],[15.598651,46.752903],[15.597595,46.753967],[15.596318,46.755335],[15.595582,46.756187],[15.594638,46.757323],[15.593729,46.758515],[15.593147,46.759306],[15.592431,46.760313],[15.592007,46.760919],[15.591381,46.761826],[15.590711,46.762797],[15.589768,46.764146],[15.588971,46.765258],[15.588192,46.766316],[15.587306,46.767466],[15.586015,46.769062],[15.584556,46.770801],[15.584311,46.771087],[15.582813,46.772886],[15.581534,46.774539],[15.58029,46.77629],[15.579407,46.777603],[15.578486,46.77913],[15.578206,46.779596],[15.577075,46.781695],[15.576641,46.782609],[15.57657,46.78275],[15.576351,46.783221],[15.57585,46.784357],[15.575405,46.785445],[15.575041,46.786365],[15.574171,46.788838],[15.573848,46.789811],[15.573038,46.792435],[15.572533,46.794153],[15.572121,46.795579],[15.571712,46.797007],[15.570943,46.799638],[15.570479,46.801245],[15.56991,46.803197],[15.569727,46.803796],[15.569547,46.804403],[15.56931,46.805149],[15.568959,46.806243],[15.568598,46.807312],[15.568145,46.808583],[15.567683,46.809803],[15.567106,46.8112],[15.566788,46.811931],[15.566569,46.812419],[15.566194,46.813222],[15.565813,46.813997],[15.565206,46.81515],[15.564646,46.816137],[15.564073,46.81711],[15.563392,46.818186],[15.562724,46.81919],[15.561945,46.820295],[15.56099,46.82157],[15.560125,46.822658],[15.559172,46.823789],[15.558337,46.824731],[15.557329,46.825818],[15.5562,46.82696],[15.555571,46.827581],[15.554722,46.828376],[15.553961,46.829071],[15.553877,46.829145],[15.553379,46.829586],[15.552282,46.830526],[15.551209,46.8314],[15.550216,46.832174],[15.549315,46.832859],[15.548316,46.833586],[15.547225,46.834352],[15.545927,46.835229],[15.544643,46.836063],[15.544026,46.836456],[15.543124,46.837019],[15.541707,46.837883],[15.540515,46.838588],[15.539875,46.838972],[15.535025,46.841734],[15.534519,46.842023],[15.529682,46.844742],[15.527621,46.845894],[15.526706,46.846401],[15.526491,46.846526],[15.523405,46.848255],[15.521173,46.849511],[15.520612,46.849823],[15.519116,46.850663],[15.518061,46.851254],[15.516964,46.851869],[15.516534,46.852112],[15.515631,46.852617],[15.514623,46.853181],[15.513369,46.853884],[15.511816,46.854756],[15.510759,46.855346],[15.506123,46.857948],[15.505043,46.858555],[15.503659,46.859334],[15.502376,46.860082],[15.501177,46.860799],[15.499717,46.861715],[15.499623,46.861777],[15.498922,46.862244],[15.497753,46.863043],[15.496151,46.864205],[15.494528,46.865441],[15.493653,46.866118],[15.493429,46.866298],[15.492166,46.867278],[15.490115,46.868897],[15.488184,46.870425],[15.486118,46.872072],[15.484508,46.87337],[15.481954,46.875477],[15.48032,46.87684],[15.479751,46.877352],[15.479276,46.877794],[15.478736,46.878297],[15.47841,46.878603],[15.47749,46.87956],[15.476952,46.880154],[15.476605,46.880561],[15.476245,46.881005],[15.475935,46.881401],[15.475581,46.881886],[15.475186,46.882463],[15.47491,46.882899],[15.474643,46.88335],[15.473984,46.884577],[15.473631,46.885339],[15.473421,46.885836],[15.473113,46.886678],[15.472927,46.887269],[15.472745,46.887939],[15.472573,46.888713],[15.472434,46.889518],[15.472351,46.890149],[15.472253,46.891088],[15.4722,46.891974],[15.472173,46.892766],[15.472164,46.893429],[15.472162,46.894223],[15.472164,46.894577],[15.472165,46.89472],[15.472168,46.895036],[15.472192,46.896365],[15.472198,46.896608],[15.472206,46.896996],[15.472242,46.898809],[15.472325,46.903046],[15.472347,46.904914],[15.472343,46.906065],[15.472311,46.907723],[15.472264,46.90894],[15.47219,46.910203],[15.472082,46.911531],[15.471966,46.912561],[15.471797,46.913793],[15.471773,46.91395],[15.471561,46.915173],[15.471323,46.916331],[15.471091,46.917302],[15.47075,46.918577],[15.470369,46.91983],[15.470053,46.920774],[15.469715,46.921699],[15.469194,46.92301],[15.468646,46.924267],[15.468116,46.925382],[15.467605,46.926392],[15.467125,46.927288],[15.467005,46.927504],[15.46648,46.928421],[15.466011,46.929194],[15.46572,46.92966],[15.465286,46.930336],[15.464673,46.931243],[15.464152,46.931991],[15.463552,46.932822],[15.462904,46.933683],[15.462168,46.934631],[15.461905,46.934968],[15.461033,46.936042],[15.460509,46.936677],[15.459637,46.937718],[15.458737,46.938762],[15.457937,46.939687],[15.456409,46.941419],[15.453265,46.944987],[15.450169,46.948478],[15.447404,46.951621],[15.444101,46.955343],[15.444048,46.955402],[15.441392,46.958407],[15.440736,46.959147],[15.440256,46.959689],[15.439139,46.960953],[15.438874,46.961258],[15.43852,46.961652],[15.438104,46.962124],[15.437987,46.962257],[15.437909,46.962346],[15.437703,46.962576],[15.436573,46.963854],[15.434725,46.965943],[15.434303,46.966428],[15.433887,46.966899],[15.43236,46.968624],[15.432057,46.968971],[15.430559,46.970655],[15.430219,46.971039],[15.429432,46.971926],[15.42851,46.972969],[15.428044,46.973497],[15.426889,46.974802],[15.425562,46.976299],[15.424907,46.97704],[15.424174,46.977867],[15.423556,46.978568],[15.421932,46.98041],[15.420782,46.981703],[15.419483,46.983181],[15.418466,46.984359],[15.417127,46.985953],[15.416416,46.986834],[15.415774,46.987649],[15.415113,46.988515],[15.414726,46.98903],[15.414173,46.989789],[15.413646,46.990538],[15.412994,46.991523],[15.412676,46.99202],[15.411814,46.993484],[15.411645,46.993796],[15.41159,46.994114],[15.411485,46.994364],[15.411189,46.995218],[15.411081,46.99575],[15.411021,46.996308],[15.411049,46.99673],[15.41114,46.997209],[15.411343,46.997741],[15.411636,46.998237],[15.412017,46.99873],[15.412421,46.999126],[15.412977,46.999549],[15.41357,46.999937],[15.415006,47.000727],[15.415356,47.000896],[15.415468,47.001001],[15.416136,47.001298],[15.416856,47.001594],[15.418309,47.002168],[15.418732,47.002324],[15.419623,47.002652],[15.420465,47.002951],[15.421607,47.003347],[15.422753,47.003729],[15.424437,47.004276],[15.425306,47.004554],[15.426258,47.004857],[15.426712,47.005001],[15.426904,47.005064],[15.427674,47.005303],[15.431875,47.00661],[15.433861,47.007226],[15.434727,47.007494],[15.436191,47.007953],[15.436778,47.008129],[15.438234,47.008583],[15.438635,47.008706],[15.438838,47.008773],[15.439013,47.008831],[15.439112,47.008862],[15.440859,47.009404],[15.44181,47.009699],[15.44185,47.009711],[15.441933,47.009738],[15.442065,47.009777],[15.442124,47.009796],[15.442254,47.009839],[15.444158,47.010433],[15.444337,47.010487],[15.445637,47.010893],[15.446065,47.011027],[15.448039,47.011643],[15.451629,47.012747],[15.45221,47.012934],[15.453477,47.013324],[15.454766,47.013695],[15.455665,47.013936],[15.456578,47.014158],[15.457699,47.014396],[15.45895,47.014606],[15.459584,47.014688],[15.460148,47.014751],[15.460951,47.01482],[15.461638,47.014856],[15.462507,47.014885],[15.463451,47.014898],[15.464355,47.014915],[15.464716,47.014915],[15.46576,47.014927],[15.466469,47.014941],[15.467648,47.014992],[15.468372,47.015042],[15.469155,47.015116],[15.469925,47.0152],[15.471085,47.015366],[15.471969,47.015514],[15.473119,47.015739],[15.473947,47.015919],[15.475292,47.016232],[15.476459,47.016507],[15.479612,47.017265],[15.480986,47.017604],[15.482739,47.018059],[15.485677,47.018881],[15.486483,47.019128],[15.486893,47.019257],[15.487105,47.019323],[15.487399,47.019417],[15.488549,47.019798],[15.489002,47.019957],[15.490024,47.020328],[15.490884,47.020653],[15.492323,47.021254],[15.493351,47.021718],[15.494476,47.022257],[15.495062,47.022553],[15.495894,47.022995],[15.496733,47.023471],[15.498081,47.024288],[15.498749,47.024702],[15.49935,47.025105],[15.500365,47.025839],[15.500844,47.026209],[15.501601,47.026817],[15.5022,47.027311],[15.503803,47.028798],[15.504231,47.029233],[15.505242,47.030347],[15.50573,47.030931],[15.50619,47.031509],[15.506822,47.032364],[15.507498,47.033369],[15.507626,47.033558],[15.507741,47.033732],[15.50837,47.034703],[15.509055,47.03563],[15.509287,47.035914],[15.509711,47.036403],[15.510262,47.036961],[15.511194,47.037806],[15.512258,47.038618],[15.513819,47.039599],[15.515242,47.040304],[15.515942,47.040632],[15.516869,47.040997],[15.517659,47.041275],[15.51847,47.041529],[15.519413,47.04179],[15.520511,47.042058],[15.5225,47.042418],[15.523804,47.042636],[15.524824,47.04282],[15.525834,47.043025],[15.526909,47.043298],[15.527939,47.043627],[15.529163,47.044125],[15.529775,47.044426],[15.530433,47.044792],[15.531141,47.04524],[15.531601,47.045573],[15.532083,47.045969],[15.532674,47.046496],[15.533305,47.047188],[15.533942,47.048075],[15.534347,47.048804],[15.534606,47.049355],[15.53479,47.049805],[15.53515,47.050719],[15.535545,47.051575],[15.535932,47.052258],[15.536402,47.05291],[15.536975,47.053565],[15.537537,47.054094],[15.538068,47.054538],[15.538736,47.055034],[15.539426,47.055467],[15.540003,47.055786],[15.540582,47.056063],[15.541129,47.0563],[15.541377,47.056402],[15.541952,47.05661],[15.542549,47.056807],[15.543061,47.056961],[15.5436,47.057091],[15.544492,47.057281],[15.545397,47.057441],[15.546779,47.057653],[15.547262,47.057727],[15.548678,47.057997],[15.549376,47.058172],[15.550148,47.058379],[15.550844,47.058617],[15.551326,47.058788],[15.551942,47.059051],[15.552376,47.059231],[15.55276,47.059403],[15.553123,47.059584],[15.553307,47.059682],[15.554156,47.060138],[15.554208,47.060166],[15.555089,47.060655],[15.555216,47.060726],[15.555668,47.060963],[15.556253,47.061243],[15.556922,47.061531],[15.557564,47.061769],[15.55835,47.062018],[15.559071,47.062217],[15.559754,47.062364],[15.560641,47.062527],[15.561536,47.06264],[15.562312,47.062697],[15.563045,47.062727],[15.563959,47.062729],[15.564733,47.062705],[15.565995,47.062614],[15.567249,47.06254],[15.568302,47.062513],[15.568722,47.062517],[15.569475,47.062524],[15.570563,47.062586],[15.571211,47.062657],[15.571872,47.062744],[15.572412,47.062833],[15.572979,47.062938],[15.573927,47.063136],[15.574565,47.063288],[15.575683,47.063534],[15.576815,47.06374],[15.577517,47.063827],[15.578286,47.06389],[15.57921,47.06393],[15.579928,47.063929],[15.580263,47.063917],[15.580838,47.063893],[15.581264,47.063857],[15.581735,47.063811],[15.582276,47.06374],[15.582761,47.063663],[15.583295,47.063565],[15.584134,47.063371],[15.584748,47.063203],[15.585342,47.063019],[15.585495,47.062969],[15.585602,47.062936],[15.586531,47.062628],[15.587362,47.06235],[15.588067,47.062142],[15.588727,47.061978],[15.588817,47.061958],[15.588847,47.061951],[15.589752,47.061764],[15.590605,47.061625],[15.59114,47.061565],[15.591913,47.061501],[15.592631,47.061473],[15.593208,47.061463],[15.593566,47.061465],[15.594003,47.061485],[15.594737,47.061539],[15.595283,47.061592],[15.595709,47.061644],[15.595856,47.061663],[15.596026,47.061692],[15.596352,47.061746],[15.597026,47.061868],[15.597841,47.062034],[15.598281,47.06212],[15.599185,47.062289],[15.599757,47.062382],[15.600223,47.06245],[15.601292,47.062579],[15.602864,47.062714],[15.604205,47.062821],[15.605552,47.062946],[15.606517,47.06306],[15.60748,47.0632],[15.60843,47.063367],[15.609313,47.063538],[15.610516,47.063822],[15.611804,47.064161],[15.613518,47.064697],[15.614636,47.06508],[15.614786,47.065132],[15.614859,47.065157],[15.617288,47.066027],[15.618366,47.066388],[15.619447,47.066734],[15.621517,47.06735],[15.623622,47.067897],[15.625013,47.068218],[15.625526,47.068328],[15.62681,47.068594],[15.627848,47.068786],[15.630232,47.0692],[15.631389,47.069419],[15.632537,47.069662],[15.633393,47.069874],[15.633796,47.069982],[15.634186,47.070101],[15.63454,47.070208],[15.635224,47.070446],[15.635777,47.070655],[15.636602,47.071021],[15.637371,47.071409],[15.638237,47.071923],[15.639038,47.072477],[15.639757,47.073052],[15.640154,47.07342],[15.64045,47.073697],[15.640916,47.074169],[15.64108,47.074339],[15.641989,47.075367],[15.642952,47.076506],[15.643226,47.076836],[15.643828,47.077512],[15.644475,47.078194],[15.645081,47.078791],[15.645849,47.0795],[15.646213,47.079821],[15.647569,47.080938],[15.648401,47.081563],[15.649073,47.082048],[15.649772,47.08252],[15.651247,47.083442],[15.652846,47.084346],[15.653005,47.084436],[15.654771,47.085324],[15.656391,47.086043],[15.658058,47.086712],[15.658942,47.087037],[15.659684,47.087296],[15.65977,47.087325],[15.659891,47.087367],[15.660766,47.087649],[15.6617,47.087931],[15.663372,47.088392],[15.664307,47.088621],[15.665249,47.088835],[15.66652,47.089092],[15.669945,47.089755],[15.671086,47.089998],[15.67242,47.090316],[15.672552,47.090352],[15.673678,47.090663],[15.674792,47.091019],[15.675164,47.091151],[15.675404,47.091236],[15.675708,47.091346],[15.677144,47.091925],[15.677422,47.092051],[15.677988,47.092307],[15.678926,47.092763],[15.680404,47.09358],[15.681152,47.094046],[15.681877,47.094526],[15.682134,47.094709],[15.684147,47.096174],[15.684501,47.096431],[15.68523,47.096899],[15.68633,47.097505],[15.687085,47.097868],[15.687848,47.098196],[15.688396,47.098414],[15.688705,47.098528],[15.689331,47.09874],[15.690449,47.099075],[15.691395,47.099314],[15.692026,47.099456],[15.6927,47.099582],[15.693643,47.09973],[15.69445,47.099831],[15.69542,47.09992],[15.696495,47.099971],[15.697386,47.099985],[15.698197,47.099971],[15.699232,47.099918],[15.700054,47.099848],[15.700908,47.099741],[15.702265,47.099523],[15.702891,47.099391],[15.70372,47.0992],[15.704541,47.098977],[15.70563,47.098647],[15.706672,47.098297],[15.708208,47.097726],[15.709736,47.097137],[15.710341,47.096892],[15.71104,47.096615],[15.714304,47.095368],[15.715924,47.094782],[15.717976,47.094114],[15.719964,47.093556],[15.720396,47.093448],[15.721351,47.093216],[15.722317,47.093011],[15.723123,47.092855],[15.723942,47.092716],[15.724452,47.09263],[15.724949,47.092564],[15.725956,47.092438],[15.726625,47.092371],[15.72699,47.092339],[15.727343,47.092309],[15.72809,47.092266],[15.729203,47.092218],[15.730114,47.092197],[15.731555,47.092202],[15.733006,47.092259],[15.734142,47.092343],[15.735028,47.092432],[15.735926,47.092535],[15.73629,47.092582],[15.736604,47.092629],[15.737316,47.092727],[15.738295,47.092905],[15.739571,47.093169],[15.740306,47.093337],[15.741282,47.093594],[15.742362,47.093905],[15.743445,47.094253],[15.743777,47.094366],[15.744471,47.094614],[15.745485,47.095008],[15.745976,47.095215],[15.746444,47.09542],[15.747389,47.095861],[15.748199,47.096265],[15.749047,47.09672],[15.75029,47.097435],[15.751483,47.098166],[15.752075,47.098535],[15.753727,47.099613],[15.755502,47.100771],[15.75708,47.101817],[15.757934,47.102382],[15.758689,47.102876],[15.759417,47.103326],[15.760163,47.103749],[15.760963,47.104138],[15.761557,47.104394],[15.762236,47.10465],[15.762854,47.104855],[15.763805,47.105119],[15.764373,47.105245],[15.764939,47.105354],[15.76552,47.105444],[15.765952,47.105504],[15.766375,47.105549],[15.766929,47.10559],[15.767682,47.105628],[15.768424,47.105629],[15.768939,47.105622],[15.769468,47.105594],[15.77014,47.105533],[15.770629,47.105483],[15.771248,47.105397],[15.771777,47.105306],[15.772412,47.105172],[15.773005,47.105032],[15.773555,47.104881],[15.77409,47.104728],[15.77587,47.104219],[15.779645,47.103119],[15.781464,47.102596],[15.784516,47.101734],[15.786086,47.101334],[15.787806,47.100923],[15.789443,47.100577],[15.790733,47.100339],[15.791551,47.1002],[15.793132,47.099962],[15.794729,47.099766],[15.796723,47.09957],[15.798749,47.099432],[15.799352,47.099401],[15.80132,47.099323],[15.80331,47.099276],[15.803683,47.099271],[15.805257,47.099258],[15.807899,47.099236],[15.809974,47.099215],[15.810982,47.099191],[15.812141,47.099149],[15.812727,47.099113],[15.813495,47.099056],[15.814106,47.098993],[15.814621,47.098931],[15.815548,47.098795],[15.816223,47.098678],[15.816904,47.098538],[15.817565,47.098386],[15.818221,47.098215],[15.818864,47.098037],[15.819234,47.097923],[15.820373,47.097547],[15.821235,47.097242],[15.821698,47.097064],[15.823588,47.096344],[15.824545,47.095978],[15.825832,47.095481],[15.829279,47.094148],[15.831388,47.093333],[15.831688,47.093219],[15.833213,47.092647],[15.834644,47.092142],[15.835806,47.091771],[15.837003,47.09144],[15.838242,47.091144],[15.839525,47.090887],[15.84045,47.090721],[15.841403,47.090585],[15.842367,47.090466],[15.84392,47.090296],[15.845193,47.090188],[15.846776,47.090065],[15.847778,47.089984],[15.851886,47.089657],[15.852541,47.089605],[15.854423,47.089454],[15.855703,47.089352],[15.857735,47.089189],[15.860071,47.089006],[15.862475,47.088776],[15.863452,47.088662],[15.86444,47.08853],[15.865412,47.088375],[15.866376,47.088195],[15.867366,47.08798],[15.868357,47.087737],[15.869342,47.087461],[15.870316,47.087159],[15.871133,47.086881],[15.871948,47.086578],[15.872941,47.086174],[15.873911,47.085748],[15.875044,47.085225],[15.8762,47.084673],[15.876661,47.084453],[15.878106,47.083766],[15.879314,47.083205],[15.880748,47.082579],[15.88174,47.082179],[15.882754,47.081804],[15.883851,47.081437],[15.884965,47.081101],[15.886012,47.080809],[15.887091,47.080543],[15.889108,47.080123],[15.889577,47.080038],[15.890708,47.079859],[15.89187,47.079703],[15.892928,47.07959],[15.894002,47.079502],[15.895419,47.079421],[15.896856,47.079378],[15.899053,47.079393],[15.901065,47.079446],[15.907112,47.079698],[15.908064,47.079739],[15.908528,47.079759],[15.912813,47.079939],[15.914156,47.079989],[15.917575,47.080072],[15.919204,47.080087],[15.923588,47.080037],[15.923841,47.080031],[15.925248,47.079989],[15.926533,47.079939],[15.927819,47.079873],[15.929111,47.079801],[15.930403,47.079717],[15.932855,47.079522],[15.933217,47.079493],[15.936013,47.079246],[15.939035,47.078968],[15.940561,47.078844],[15.9421,47.078738],[15.943107,47.078701],[15.944122,47.078674],[15.945155,47.078657],[15.9462,47.078664],[15.947397,47.078695],[15.948601,47.078749],[15.949818,47.078828],[15.95104,47.078938],[15.951989,47.079041],[15.953403,47.079216],[15.953937,47.079293],[15.9549,47.079448],[15.955734,47.079595],[15.956524,47.079747],[15.957541,47.079959],[15.958256,47.080121],[15.959063,47.080318],[15.959805,47.080509],[15.960404,47.080672],[15.961495,47.08099],[15.962753,47.081388],[15.963993,47.081818],[15.964888,47.08216],[15.965882,47.082553],[15.966914,47.082993],[15.967921,47.083451],[15.968992,47.083978],[15.970045,47.084524],[15.970522,47.084792],[15.970895,47.085002],[15.97165,47.085447],[15.973199,47.086433],[15.973857,47.086886],[15.975202,47.087885],[15.976485,47.088937],[15.977041,47.089435],[15.977636,47.089982],[15.978205,47.090546],[15.978769,47.091127],[15.979226,47.091624],[15.980024,47.092552],[15.980444,47.093092],[15.980746,47.093493],[15.980997,47.093839],[15.981437,47.094471],[15.981688,47.094854],[15.982002,47.095354],[15.982329,47.09592],[15.982418,47.096082],[15.98258,47.096378],[15.982924,47.097041],[15.983368,47.097999],[15.983757,47.098936],[15.984045,47.099757],[15.984298,47.100585],[15.984505,47.101388],[15.98464,47.102004],[15.984753,47.102615],[15.984834,47.103146],[15.984908,47.103761],[15.984967,47.104413],[15.985007,47.105084],[15.985024,47.105716],[15.985027,47.106599],[15.985016,47.107142],[15.985008,47.107492],[15.984948,47.10889],[15.984931,47.109156],[15.984728,47.112399],[15.984679,47.11314],[15.984627,47.113948],[15.984435,47.117069],[15.984357,47.118957],[15.984293,47.120846],[15.984289,47.121632],[15.984303,47.122704],[15.98433,47.123515],[15.984335,47.123667],[15.984363,47.124123],[15.984386,47.124496],[15.984453,47.125348],[15.984528,47.126108],[15.984657,47.127042],[15.984826,47.128048],[15.985028,47.129056],[15.985066,47.129246],[15.985278,47.130121],[15.985506,47.130992],[15.985985,47.132544],[15.986541,47.134076],[15.986967,47.135109],[15.987431,47.136145],[15.988208,47.137709],[15.988999,47.139131],[15.989074,47.13926],[15.989871,47.14055],[15.990732,47.141834],[15.990908,47.142089],[15.991488,47.14289],[15.992436,47.144109],[15.99315,47.144996],[15.993888,47.145875],[15.995405,47.147622],[15.996193,47.148508],[15.996475,47.148818],[15.997383,47.149855],[15.997997,47.150577],[15.998582,47.151307],[15.99912,47.152061],[15.999624,47.152824],[16.000005,47.153513],[16.000373,47.154248],[16.000672,47.15495],[16.000927,47.155664],[16.001136,47.156353],[16.001307,47.157049],[16.001448,47.157821],[16.0015,47.158228],[16.001547,47.158684],[16.001579,47.15936],[16.001581,47.160121],[16.00151,47.160981],[16.001392,47.161837],[16.001205,47.162698],[16.001072,47.163189],[16.000975,47.163549],[16.000682,47.164431],[16.000625,47.164603],[16.000102,47.166107],[15.99956,47.167617],[15.999459,47.167904],[15.999397,47.168079],[15.997401,47.173728],[15.997238,47.174305],[15.997153,47.174639],[15.997094,47.174936],[15.99698,47.175736],[15.996948,47.176236],[15.99694,47.176692],[15.996963,47.177318],[15.99701,47.177736],[15.997062,47.17814],[15.997241,47.179331],[15.997379,47.180201],[15.997424,47.180553],[15.997481,47.180996],[15.997525,47.181365],[15.997577,47.181931],[15.997613,47.182497],[15.99762,47.182983],[15.997611,47.183626],[15.997553,47.184432],[15.997441,47.185381],[15.997216,47.186533],[15.997115,47.186958],[15.997024,47.187262],[15.996891,47.187703],[15.996634,47.188447],[15.996345,47.189184],[15.99602,47.189915],[15.995678,47.190614],[15.995297,47.191311],[15.994451,47.19273],[15.992981,47.195114],[15.992634,47.195709],[15.992306,47.196309],[15.991911,47.197114],[15.991556,47.197928],[15.991253,47.198748],[15.990992,47.199583],[15.990736,47.200627],[15.990554,47.201685],[15.990448,47.202646],[15.990426,47.203049],[15.990406,47.2038],[15.990413,47.204549],[15.990498,47.205523],[15.990635,47.206503],[15.990768,47.207171],[15.99093,47.207842],[15.991156,47.208609],[15.991423,47.209384],[15.991956,47.210679],[15.992967,47.212885],[15.993943,47.215109],[15.994031,47.215332],[15.994468,47.216503],[15.994844,47.217691],[15.995004,47.218302],[15.995121,47.218868],[15.995332,47.220074],[15.995424,47.220838],[15.995486,47.221595],[15.995522,47.222625],[15.995496,47.223644],[15.995443,47.224692],[15.995348,47.225729],[15.995239,47.226846],[15.995129,47.227902],[15.995085,47.228307],[15.995015,47.229051],[15.994898,47.230454],[15.99484,47.231549],[15.994815,47.232656],[15.994835,47.233687],[15.994855,47.234171],[15.994894,47.234687],[15.994981,47.235664],[15.995105,47.236633],[15.995233,47.237423],[15.995373,47.238173],[15.995537,47.238934],[15.995721,47.239694],[15.995991,47.240654],[15.996291,47.241627],[15.996478,47.242161],[15.996928,47.243355],[15.997447,47.244555],[15.997777,47.245306],[15.99812,47.245967],[15.998239,47.246212],[15.998843,47.247378],[15.999489,47.248586],[16.000246,47.249985],[16.000672,47.250828],[16.001065,47.251694],[16.001344,47.252428],[16.001579,47.253169],[16.001748,47.253881],[16.001873,47.254565],[16.001951,47.255162],[16.001991,47.255757],[16.002,47.256369],[16.001969,47.256982],[16.001877,47.257779],[16.001747,47.258591],[16.001586,47.259399],[16.001413,47.260186],[16.001076,47.261803],[16.000953,47.26261],[16.000869,47.263423],[16.000842,47.264095],[16.000872,47.264771],[16.000925,47.265252],[16.001013,47.265726],[16.001129,47.266199],[16.001172,47.266349],[16.001361,47.266909],[16.001586,47.267468],[16.00219,47.268568],[16.002798,47.269425],[16.003403,47.270125],[16.00379,47.270521],[16.004204,47.270913],[16.00483,47.271446],[16.005624,47.272026],[16.005913,47.272227],[16.006422,47.272537],[16.007105,47.272926],[16.007639,47.273203],[16.008111,47.273426],[16.009255,47.273892],[16.009763,47.274082],[16.010601,47.274357],[16.011393,47.274585],[16.012141,47.274766],[16.012811,47.274904],[16.013618,47.275046],[16.014619,47.275176],[16.015574,47.275266],[16.016515,47.275314],[16.016984,47.275327],[16.01789,47.27532],[16.018709,47.275288],[16.019573,47.275222],[16.020378,47.275141],[16.02199,47.274929],[16.022774,47.274804],[16.023613,47.274667],[16.025793,47.274293],[16.02796,47.273931],[16.029734,47.273664],[16.031218,47.273467],[16.032351,47.273345],[16.033488,47.273249],[16.034856,47.273162],[16.036242,47.273115],[16.036895,47.273109],[16.037938,47.273115],[16.039117,47.273149],[16.040468,47.273223],[16.041658,47.273315],[16.042528,47.273405],[16.043406,47.273511],[16.04419,47.273618],[16.045111,47.273766],[16.046013,47.273924],[16.046351,47.273995],[16.047007,47.274129],[16.047968,47.274343],[16.048787,47.274549],[16.049501,47.274736],[16.050056,47.274888],[16.050585,47.275043],[16.051191,47.275234],[16.051908,47.275468],[16.052527,47.275683],[16.053239,47.275942],[16.054128,47.276292],[16.055207,47.276751],[16.055937,47.27708],[16.05666,47.27743],[16.05732,47.277772],[16.057914,47.278081],[16.058629,47.278483],[16.059116,47.278778],[16.059328,47.278903],[16.060194,47.279447],[16.061038,47.280025],[16.061774,47.280561],[16.062623,47.281229],[16.063286,47.281801],[16.064152,47.282583],[16.064916,47.283344],[16.065172,47.283615],[16.065549,47.284031],[16.066094,47.284665],[16.066421,47.285077],[16.066994,47.285853],[16.067482,47.286558],[16.067923,47.287284],[16.068314,47.288],[16.068672,47.288723],[16.069056,47.289593],[16.069391,47.290476],[16.069524,47.290882],[16.069803,47.29185],[16.070019,47.292848],[16.070174,47.293855],[16.070259,47.294907],[16.070276,47.295584],[16.070266,47.296262],[16.070227,47.296872],[16.070172,47.297483],[16.06998,47.298668],[16.0698,47.299474],[16.069575,47.300276],[16.06929,47.301127],[16.069006,47.301871],[16.068482,47.303079],[16.067876,47.304358],[16.067191,47.305691],[16.066415,47.307178],[16.065628,47.308677],[16.065389,47.309154],[16.064855,47.310215],[16.064191,47.311612],[16.063631,47.3129],[16.063223,47.313921],[16.062842,47.314976],[16.062716,47.315341],[16.062454,47.316168],[16.06223,47.316959],[16.06191,47.318235],[16.061762,47.318889],[16.061648,47.319501],[16.061481,47.320493],[16.061435,47.320778],[16.06128,47.322003],[16.061177,47.32324],[16.061119,47.324835],[16.061142,47.326428],[16.061185,47.32723],[16.061253,47.328053],[16.061342,47.328863],[16.061452,47.32967],[16.061609,47.330615],[16.061656,47.330867],[16.061767,47.331449],[16.061995,47.332454],[16.062296,47.333622],[16.06239,47.333947],[16.062589,47.334594],[16.062733,47.335053],[16.062892,47.335515],[16.062957,47.335706],[16.06303,47.335904],[16.063304,47.336629],[16.06358,47.337318],[16.064187,47.338716],[16.064914,47.340178],[16.06556,47.341364],[16.06571,47.341625],[16.066154,47.342369],[16.066618,47.343113],[16.067095,47.34385],[16.067607,47.344581],[16.06809,47.345259],[16.068638,47.345981],[16.069484,47.347055],[16.07047,47.348207],[16.070962,47.348761],[16.071507,47.349342],[16.0725,47.350372],[16.07377,47.351601],[16.075449,47.353117],[16.077202,47.354607],[16.078843,47.356016],[16.079628,47.356741],[16.080004,47.357112],[16.080365,47.357492],[16.080913,47.358112],[16.081422,47.358752],[16.081928,47.359441],[16.082409,47.360149],[16.083733,47.36217],[16.084734,47.363704],[16.085896,47.365486],[16.08706,47.36727],[16.087577,47.368072],[16.088222,47.369175],[16.088501,47.369702],[16.088733,47.370168],[16.088951,47.370639],[16.089374,47.371689],[16.089546,47.372206],[16.089721,47.372742],[16.089768,47.372912],[16.089874,47.373298],[16.090053,47.37411],[16.09019,47.374904],[16.090251,47.37539],[16.090293,47.375826],[16.090343,47.376747],[16.090339,47.377649],[16.090296,47.378355],[16.090235,47.378983],[16.090082,47.379954],[16.089838,47.381049],[16.089488,47.382192],[16.089053,47.383343],[16.088716,47.384075],[16.08832,47.384868],[16.087899,47.385596],[16.087447,47.386317],[16.087103,47.386823],[16.086789,47.387254],[16.086634,47.387462],[16.086156,47.38807],[16.085618,47.388718],[16.083972,47.390591],[16.083529,47.391127],[16.08311,47.391676],[16.082853,47.392056],[16.082492,47.392642],[16.082276,47.393051],[16.081886,47.393871],[16.0816,47.394653],[16.081452,47.395144],[16.081345,47.395637],[16.081209,47.396376],[16.081149,47.397115],[16.081148,47.397958],[16.081212,47.398786],[16.081311,47.399618],[16.081472,47.401277],[16.081514,47.402194],[16.081485,47.40305],[16.081347,47.404103],[16.081231,47.404621],[16.081089,47.405137],[16.080845,47.405846],[16.080543,47.406545],[16.080295,47.407037],[16.079934,47.407699],[16.079576,47.408462],[16.079451,47.40883],[16.079327,47.409338],[16.079292,47.409545],[16.079249,47.409874],[16.079228,47.410211],[16.079245,47.410894],[16.079325,47.41209],[16.079398,47.413084],[16.079468,47.413432],[16.079572,47.413772],[16.079714,47.414092],[16.079895,47.414401],[16.080038,47.414608],[16.080336,47.414953],[16.08058,47.415191],[16.08094,47.41548],[16.081142,47.415624],[16.081473,47.415829],[16.081832,47.416017],[16.082177,47.416175],[16.083211,47.416594],[16.083695,47.416792],[16.084158,47.417023],[16.084594,47.417276],[16.084907,47.417498],[16.085213,47.417734],[16.0855,47.418023],[16.085783,47.418321],[16.086365,47.419028],[16.086747,47.41941],[16.087086,47.419702],[16.087295,47.419849],[16.087654,47.420073],[16.088059,47.420283],[16.088388,47.420435],[16.088769,47.420582],[16.090007,47.420987],[16.09075,47.421234],[16.091568,47.421536],[16.09237,47.421882],[16.093137,47.422264],[16.093845,47.422662],[16.094393,47.423002],[16.09491,47.423356],[16.095317,47.423689],[16.095679,47.424041],[16.095938,47.424354],[16.096153,47.424685],[16.096352,47.425098],[16.096482,47.425518],[16.096553,47.425923],[16.096563,47.426331],[16.096529,47.42713],[16.096533,47.427591],[16.096597,47.42806],[16.096806,47.428771],[16.097132,47.429419],[16.097568,47.430023],[16.097836,47.430323],[16.098152,47.430615],[16.09917,47.431415],[16.09967,47.431812],[16.100093,47.432238],[16.100369,47.432585],[16.100517,47.432804],[16.100598,47.432955],[16.100775,47.433369],[16.1009,47.433851],[16.100938,47.434533],[16.100874,47.43497],[16.100762,47.435335],[16.100548,47.435799],[16.100376,47.436088],[16.100254,47.436278],[16.100069,47.436551],[16.09885,47.438311],[16.098165,47.4393],[16.097828,47.439793],[16.097605,47.440145],[16.097421,47.440515],[16.097347,47.440689],[16.09724,47.44104],[16.097187,47.441331],[16.09717,47.441809],[16.097197,47.442028],[16.09723,47.442214],[16.097274,47.442436],[16.097347,47.442644],[16.097494,47.442972],[16.097626,47.443222],[16.098331,47.444232],[16.098542,47.444562],[16.098665,47.444808],[16.098761,47.44506],[16.098828,47.445256],[16.098849,47.445355],[16.098872,47.445448],[16.098911,47.445691],[16.098932,47.445921],[16.098923,47.44616],[16.098895,47.446391],[16.098868,47.446574],[16.098829,47.44679],[16.098702,47.447336],[16.098665,47.447492],[16.098417,47.448495],[16.098186,47.449407],[16.098115,47.449621],[16.098074,47.449749],[16.09803,47.449877],[16.097839,47.450358],[16.097207,47.451607],[16.0971,47.451898],[16.096999,47.452292],[16.096971,47.452521],[16.096958,47.452818],[16.096977,47.453196],[16.097028,47.45345],[16.09711,47.45371],[16.097326,47.454197],[16.097421,47.454374],[16.097734,47.454903],[16.097905,47.455241],[16.098012,47.455497],[16.09809,47.455732],[16.09814,47.455934],[16.098174,47.456121],[16.098195,47.456538],[16.098151,47.456976],[16.098068,47.457346],[16.097955,47.457714],[16.09761,47.458747],[16.097296,47.459867],[16.097097,47.460734],[16.096936,47.461682],[16.09684,47.46242],[16.096717,47.464068],[16.096635,47.465713],[16.096654,47.46606],[16.0967,47.466401],[16.096871,47.467023],[16.097117,47.467656],[16.097353,47.468292],[16.09744,47.468617],[16.097496,47.468963],[16.097519,47.469489],[16.097481,47.469884],[16.097456,47.470092],[16.097399,47.470441],[16.097298,47.47103],[16.097185,47.471669],[16.096939,47.473056],[16.096808,47.473773],[16.09667,47.474442],[16.096471,47.475058],[16.096218,47.475563],[16.095979,47.475939],[16.095834,47.476134],[16.095593,47.476418],[16.095175,47.476843],[16.09475,47.477214],[16.094327,47.477587],[16.094052,47.477853],[16.093768,47.478173],[16.093593,47.478412],[16.093431,47.478667],[16.093299,47.478921],[16.093188,47.479202],[16.093109,47.479505],[16.093072,47.479733],[16.093048,47.479956],[16.093052,47.480136],[16.09306,47.480315],[16.09308,47.480535],[16.093131,47.480778],[16.093299,47.481274],[16.093479,47.481601],[16.093623,47.481814],[16.093833,47.482092],[16.094058,47.482327],[16.094305,47.48256],[16.094564,47.482769],[16.094821,47.482947],[16.095202,47.483184],[16.096337,47.483779],[16.096734,47.483997],[16.09695,47.484128],[16.097196,47.484296],[16.097429,47.484464],[16.097724,47.484715],[16.098024,47.484998],[16.098313,47.485336],[16.09853,47.485668],[16.098716,47.485994],[16.098804,47.486181],[16.098909,47.486471],[16.098987,47.486766],[16.099046,47.487145],[16.099058,47.487601],[16.098999,47.488084],[16.098909,47.488421],[16.098779,47.488758],[16.098637,47.489048],[16.098425,47.489386],[16.097711,47.490362],[16.097455,47.490793],[16.097314,47.491122],[16.097201,47.49148],[16.097158,47.491739],[16.097134,47.492202],[16.097182,47.492632],[16.097305,47.493055],[16.097466,47.493421],[16.097654,47.493765],[16.098039,47.494221],[16.09855,47.494715],[16.098748,47.494873],[16.101369,47.496921],[16.101559,47.497066],[16.10177,47.497219],[16.102052,47.497416],[16.102354,47.497607],[16.102894,47.497892],[16.103414,47.498106],[16.103863,47.498254],[16.104296,47.49837],[16.104911,47.498487],[16.10542,47.498552],[16.106333,47.498633],[16.107109,47.498707],[16.107746,47.498798],[16.108393,47.498933],[16.109048,47.499127],[16.109483,47.499283],[16.1099,47.49946],[16.110388,47.499706],[16.110841,47.499974],[16.111255,47.500265],[16.111585,47.500541],[16.111817,47.500759],[16.112028,47.50099],[16.112433,47.501525],[16.11257,47.501751],[16.1127,47.502012],[16.112788,47.502216],[16.112845,47.502384],[16.112892,47.502556],[16.11296,47.502861],[16.112996,47.503171],[16.112989,47.50377],[16.112918,47.504171],[16.112816,47.504531],[16.11263,47.504966],[16.11232,47.505472],[16.112161,47.505684],[16.11181,47.506083],[16.111262,47.50656],[16.110613,47.507002],[16.110239,47.50721],[16.109839,47.507405],[16.109103,47.507693],[16.10804,47.508029],[16.10746,47.508212],[16.106908,47.508415],[16.106294,47.508674],[16.105685,47.508991],[16.105091,47.50935],[16.104682,47.509642],[16.104303,47.509949],[16.103883,47.510338],[16.103509,47.510747],[16.102844,47.511567],[16.102634,47.511829],[16.10228,47.512282],[16.101525,47.513238],[16.100597,47.514415],[16.100138,47.515011],[16.099758,47.515614],[16.099596,47.515976],[16.099484,47.516356],[16.099428,47.516799],[16.099434,47.517208],[16.099531,47.517705],[16.099681,47.518126],[16.099906,47.518548],[16.100304,47.51906],[16.100686,47.51943],[16.10112,47.519765],[16.10135,47.519902],[16.101719,47.520128],[16.102156,47.520363],[16.102962,47.520784],[16.103647,47.521136],[16.104389,47.521523],[16.104811,47.521747],[16.105899,47.522318],[16.106347,47.522561],[16.106729,47.52277],[16.107683,47.523337],[16.10841,47.523812],[16.109398,47.524519],[16.110009,47.524984],[16.110634,47.525468],[16.111226,47.525954],[16.111506,47.526208],[16.111751,47.526486],[16.112012,47.526837],[16.112187,47.527137],[16.112256,47.52728],[16.112366,47.527547],[16.112498,47.528028],[16.112537,47.528514],[16.112512,47.528816],[16.112467,47.529114],[16.112413,47.529318],[16.11227,47.52972],[16.11206,47.5301],[16.111913,47.530331],[16.111727,47.530601],[16.111521,47.530901],[16.111265,47.531337],[16.111083,47.531759],[16.111003,47.532019],[16.110943,47.532358],[16.110923,47.532782],[16.110929,47.53326],[16.110934,47.533574],[16.110901,47.534027],[16.110831,47.534376],[16.110738,47.534672],[16.110461,47.5353],[16.110244,47.535761],[16.110092,47.536169],[16.109995,47.536555],[16.109961,47.536871],[16.109986,47.537375],[16.11006,47.537741],[16.110206,47.53815],[16.110364,47.538454],[16.110533,47.538719],[16.110781,47.539033],[16.111073,47.539328],[16.111401,47.539614],[16.11177,47.539887],[16.112174,47.540118],[16.112658,47.540353],[16.113186,47.540567],[16.113936,47.54079],[16.114921,47.541072],[16.11563,47.541325],[16.116222,47.541602],[16.116786,47.541901],[16.117509,47.542289],[16.117819,47.542444],[16.118172,47.542599],[16.118598,47.542755],[16.119067,47.542899],[16.11947,47.542996],[16.119949,47.543094],[16.120436,47.543171],[16.121188,47.543235],[16.121637,47.543244],[16.122088,47.543233],[16.122729,47.543189],[16.123242,47.543121],[16.123635,47.543056],[16.124128,47.542948],[16.124728,47.542814],[16.124981,47.542757],[16.125486,47.542653],[16.126183,47.542559],[16.126671,47.542519],[16.127176,47.54251],[16.12768,47.542528],[16.128195,47.542578],[16.128789,47.542675],[16.129086,47.542741],[16.129571,47.542875],[16.130033,47.543032],[16.130699,47.54332],[16.131303,47.543678],[16.131661,47.543929],[16.131912,47.544144],[16.13228,47.544519],[16.132602,47.544938],[16.132857,47.545407],[16.132939,47.545599],[16.133012,47.545841],[16.13307,47.546081],[16.133119,47.546408],[16.133111,47.54682],[16.133055,47.547229],[16.132928,47.547627],[16.132813,47.547896],[16.132665,47.548161],[16.132362,47.548589],[16.132076,47.548903],[16.131813,47.549155],[16.131789,47.549177],[16.131019,47.549885],[16.130774,47.55013],[16.130564,47.550381],[16.130306,47.550788],[16.130099,47.551234],[16.12995,47.551776],[16.129931,47.55215],[16.129942,47.552486],[16.130094,47.553493],[16.130131,47.553989],[16.130099,47.554429],[16.13001,47.554847],[16.129798,47.555351],[16.129557,47.555748],[16.129256,47.556117],[16.129031,47.556349],[16.128601,47.556719],[16.128062,47.557081],[16.127538,47.557359],[16.125615,47.558182],[16.124874,47.558543],[16.124203,47.558928],[16.123494,47.559415],[16.122904,47.559895],[16.122533,47.560226],[16.122193,47.560568],[16.121219,47.561673],[16.120913,47.561976],[16.12042,47.562369],[16.120009,47.562629],[16.119424,47.562929],[16.118395,47.563337],[16.117888,47.563537],[16.117404,47.563752],[16.116906,47.564037],[16.116476,47.564339],[16.116108,47.564651],[16.115764,47.565017],[16.115484,47.565388],[16.115276,47.565759],[16.115112,47.566195],[16.115026,47.56659],[16.115007,47.56716],[16.115019,47.567371],[16.115105,47.568033],[16.115137,47.568635],[16.115103,47.569084],[16.114987,47.569478],[16.114903,47.569716],[16.114848,47.569846],[16.114654,47.570183],[16.114491,47.57042],[16.114332,47.570632],[16.113553,47.571446],[16.113301,47.571734],[16.113079,47.572063],[16.112928,47.57232],[16.112816,47.572557],[16.112691,47.572878],[16.112604,47.573237],[16.112566,47.573602],[16.112578,47.573967],[16.112612,47.574215],[16.112674,47.574476],[16.112712,47.574608],[16.112773,47.574806],[16.112829,47.574995],[16.112944,47.575375],[16.113054,47.575887],[16.113075,47.576316],[16.11304,47.576596],[16.11302,47.576738],[16.11297,47.576951],[16.112922,47.577136],[16.11279,47.577444],[16.112662,47.577691],[16.112447,47.578023],[16.112185,47.578347],[16.111887,47.578652],[16.11176,47.578775],[16.11134,47.579163],[16.11119,47.579309],[16.110899,47.579599],[16.110802,47.579699],[16.110474,47.580113],[16.110203,47.580538],[16.110058,47.580836],[16.109931,47.581168],[16.10984,47.581522],[16.109749,47.581955],[16.10968,47.582365],[16.10958,47.582832],[16.10945,47.583232],[16.109186,47.583772],[16.10907,47.583979],[16.108841,47.584389],[16.108657,47.584767],[16.108545,47.585088],[16.108472,47.585388],[16.108435,47.585707],[16.108432,47.586024],[16.10847,47.586333],[16.108599,47.586819],[16.108784,47.587239],[16.109015,47.587611],[16.109361,47.588031],[16.109704,47.588356],[16.11002,47.588602],[16.110182,47.588714],[16.110452,47.588882],[16.110759,47.589048],[16.111091,47.589212],[16.111464,47.589366],[16.112005,47.589544],[16.112534,47.589675],[16.112946,47.589756],[16.113628,47.589843],[16.114769,47.589959],[16.115095,47.590001],[16.115462,47.590063],[16.115958,47.59016],[16.116677,47.590371],[16.117267,47.590595],[16.117828,47.59085],[16.120477,47.592077],[16.121183,47.59241],[16.121866,47.592761],[16.1221,47.592906],[16.122555,47.593224],[16.122911,47.593543],[16.123238,47.593886],[16.123508,47.594255],[16.123708,47.594606],[16.1239,47.595112],[16.124009,47.595582],[16.124082,47.596146],[16.124187,47.597063],[16.124291,47.59797],[16.1244,47.598912],[16.124459,47.599255],[16.124538,47.599561],[16.12466,47.59989],[16.124818,47.600216],[16.124939,47.600419],[16.125159,47.600719],[16.12539,47.600974],[16.125633,47.601198],[16.125977,47.601481],[16.126356,47.601732],[16.126842,47.602007],[16.127881,47.602513],[16.128156,47.602659],[16.128663,47.602965],[16.129066,47.60326],[16.129418,47.603578],[16.129723,47.603919],[16.12999,47.604287],[16.130196,47.604671],[16.130341,47.605062],[16.130437,47.605498],[16.130461,47.605898],[16.130424,47.606331],[16.130342,47.606702],[16.130201,47.607075],[16.129977,47.607502],[16.12968,47.607987],[16.129456,47.60839],[16.129281,47.608755],[16.129127,47.609178],[16.129021,47.609622],[16.128969,47.610094],[16.128986,47.610488],[16.129012,47.610787],[16.129068,47.611104],[16.129232,47.611891],[16.129483,47.612919],[16.129792,47.61408],[16.129914,47.614483],[16.130284,47.615611],[16.130562,47.616382],[16.131067,47.617645],[16.131577,47.618799],[16.131756,47.619175],[16.13221,47.620081],[16.132807,47.621224],[16.133081,47.621786],[16.133231,47.622164],[16.133312,47.622456],[16.133362,47.622705],[16.133404,47.623057],[16.133416,47.623408],[16.133379,47.623852],[16.133292,47.624277],[16.133153,47.62471],[16.133063,47.624924],[16.132943,47.625179],[16.132794,47.625455],[16.132519,47.625922],[16.132107,47.626583],[16.131718,47.6272],[16.131501,47.627544],[16.131403,47.627706],[16.130442,47.629331],[16.130344,47.629502],[16.130049,47.630038],[16.129445,47.631221],[16.128851,47.632485],[16.128096,47.634345],[16.127781,47.635271],[16.127367,47.636446],[16.127284,47.636694],[16.126738,47.638167],[16.1262,47.639509],[16.126061,47.639855],[16.125602,47.640941],[16.124514,47.643415],[16.124198,47.644233],[16.123935,47.645057],[16.12368,47.646085],[16.123518,47.647134],[16.123489,47.647577],[16.123457,47.648063],[16.12346,47.649035],[16.123547,47.65022],[16.123692,47.651277],[16.123876,47.652333],[16.12408,47.653387],[16.12431,47.65444],[16.124817,47.656793],[16.125207,47.65863],[16.125634,47.660612],[16.126044,47.662563],[16.12641,47.664525],[16.126608,47.665837],[16.126776,47.667143],[16.126859,47.66798],[16.126896,47.668755],[16.126895,47.668842],[16.126887,47.669439],[16.126841,47.67001],[16.126823,47.670213],[16.126757,47.670642],[16.126666,47.671122],[16.12654,47.671586],[16.126374,47.672107],[16.126181,47.672623],[16.125756,47.673573],[16.125236,47.674591],[16.124933,47.675171],[16.124814,47.675398],[16.124482,47.676045],[16.124182,47.676704],[16.123918,47.677372],[16.123714,47.678057],[16.123612,47.678533],[16.123544,47.679011],[16.12349,47.679652],[16.123513,47.680349],[16.123549,47.680752],[16.123608,47.681108],[16.123703,47.681573],[16.123826,47.682028],[16.124103,47.682831],[16.124436,47.683565],[16.124996,47.684615],[16.125555,47.685556],[16.126143,47.686495],[16.126741,47.687428],[16.127618,47.688844],[16.128066,47.689609],[16.128834,47.691081],[16.129385,47.692324],[16.129629,47.692981],[16.129838,47.693641],[16.130042,47.694423],[16.130208,47.695201],[16.130325,47.695948],[16.130404,47.69666],[16.13044,47.697287],[16.130455,47.697807],[16.130412,47.698967],[16.130349,47.699634],[16.130211,47.700596],[16.130036,47.701539],[16.129735,47.703076],[16.129579,47.703828],[16.129507,47.704228],[16.129385,47.704949],[16.129284,47.705678],[16.129251,47.705979],[16.129222,47.706403],[16.129201,47.70682],[16.129222,47.707837],[16.129268,47.708319],[16.129341,47.708816],[16.12941,47.709296],[16.129481,47.709646],[16.129552,47.709967],[16.129732,47.710635],[16.129987,47.711391],[16.130129,47.711763],[16.130374,47.712334],[16.130508,47.71262],[16.130721,47.713035],[16.131058,47.713651],[16.131605,47.71451],[16.132149,47.715262],[16.132593,47.715832],[16.133233,47.716561],[16.1339,47.71725],[16.134759,47.718042],[16.135458,47.718631],[16.136206,47.719211],[16.136822,47.719658],[16.137452,47.720099],[16.139,47.721125],[16.140284,47.721912],[16.140663,47.722139],[16.143163,47.723667],[16.147808,47.726407],[16.148834,47.726987],[16.150958,47.728186],[16.151223,47.72834],[16.152016,47.728772],[16.15506,47.730429],[16.17014,47.738454],[16.179189,47.743263],[16.183727,47.745677],[16.184144,47.745899],[16.185348,47.746536],[16.18676,47.747316],[16.188504,47.748313],[16.190324,47.749458],[16.191051,47.749931],[16.192045,47.750629],[16.192395,47.750885],[16.19386,47.752027],[16.194494,47.752563],[16.195667,47.753604],[16.196764,47.754684],[16.197382,47.755336],[16.19803,47.756054],[16.198568,47.756665],[16.19966,47.758057],[16.200678,47.759531],[16.201567,47.761008],[16.202419,47.762576],[16.203109,47.764006],[16.203339,47.764521],[16.203904,47.765876],[16.20443,47.767322],[16.204845,47.76866],[16.205154,47.769836],[16.205434,47.770981],[16.205541,47.771462],[16.205603,47.771909],[16.20582,47.773198],[16.205997,47.774632],[16.206129,47.776062],[16.206183,47.776993],[16.206237,47.778152],[16.206232,47.778395],[16.20624,47.779193],[16.206229,47.779992],[16.20619,47.780684],[16.206093,47.782002],[16.206052,47.782364],[16.205987,47.782888],[16.205779,47.784249],[16.205573,47.785342],[16.205457,47.785885],[16.205237,47.786938],[16.20512,47.787384],[16.205059,47.787626],[16.204392,47.790278],[16.203892,47.792241],[16.203545,47.79364],[16.203514,47.793776],[16.20347,47.79396],[16.203184,47.79507],[16.202966,47.795921],[16.202786,47.796597],[16.202525,47.797514],[16.20222,47.798566],[16.202,47.799228],[16.201715,47.800071],[16.201362,47.801031],[16.201043,47.801856],[16.200996,47.801979],[16.20053,47.803101],[16.200058,47.804175],[16.199957,47.804381],[16.19914,47.806057],[16.198912,47.806513],[16.198788,47.806743],[16.198521,47.807234],[16.19845,47.807358],[16.198219,47.807772],[16.198144,47.807905],[16.19805,47.808071],[16.197532,47.808956],[16.197239,47.809441],[16.196954,47.80991],[16.19675,47.810244],[16.195709,47.81182],[16.19523,47.812533],[16.194848,47.813079],[16.194477,47.813607],[16.193757,47.81462],[16.19337,47.815155],[16.192135,47.816842],[16.190478,47.819096],[16.188707,47.821522],[16.187923,47.822621],[16.18651,47.824755],[16.185822,47.825921],[16.185209,47.827065],[16.185155,47.827166],[16.184611,47.828263],[16.184184,47.829219],[16.183802,47.830167],[16.18334,47.83143],[16.182968,47.832619],[16.182647,47.833826],[16.182399,47.834918],[16.182375,47.835036],[16.182165,47.836065],[16.182046,47.836788],[16.182016,47.836962],[16.181847,47.838135],[16.181774,47.838786],[16.181673,47.839654],[16.181566,47.841005],[16.181507,47.842276],[16.181494,47.843387],[16.181518,47.844928],[16.181548,47.845662],[16.181577,47.846072],[16.181617,47.84656],[16.181677,47.847196],[16.181771,47.847936],[16.181886,47.848651],[16.182086,47.849726],[16.182115,47.849871],[16.182164,47.850095],[16.182433,47.8512],[16.18261,47.851836],[16.182797,47.852461],[16.183017,47.85313],[16.183372,47.854132],[16.183504,47.854488],[16.183724,47.855014],[16.184054,47.855798],[16.184337,47.856408],[16.184844,47.857429],[16.18492,47.857573],[16.1852,47.858109],[16.185507,47.858659],[16.185662,47.858917],[16.186157,47.859736],[16.186266,47.859911],[16.186853,47.860809],[16.187008,47.861044],[16.187451,47.861685],[16.187913,47.862322],[16.188337,47.862881],[16.18873,47.863371],[16.189258,47.864021],[16.189383,47.864159],[16.190594,47.865555],[16.192048,47.867112],[16.193391,47.86849],[16.193668,47.868778],[16.196089,47.871222],[16.197065,47.872214],[16.197702,47.87288],[16.198338,47.873558],[16.199699,47.875065],[16.200818,47.876378],[16.20132,47.877024],[16.201834,47.877707],[16.202456,47.878561],[16.202858,47.879167],[16.20325,47.879792],[16.203685,47.880537],[16.20413,47.881337],[16.204414,47.881906],[16.204653,47.882413],[16.204932,47.883028],[16.205224,47.883723],[16.205664,47.884928],[16.206006,47.886049],[16.206109,47.886411],[16.206299,47.887214],[16.206422,47.88782],[16.206545,47.88846],[16.206707,47.889446],[16.206828,47.890304],[16.206943,47.89138],[16.20702,47.892203],[16.207086,47.893077],[16.207111,47.893336],[16.207229,47.89529],[16.207338,47.897266],[16.207569,47.901246],[16.207772,47.904846],[16.207866,47.906588],[16.207919,47.906886],[16.208167,47.911851],[16.208243,47.913118],[16.208661,47.920299],[16.208673,47.920542],[16.208786,47.922415],[16.20887,47.923372],[16.208995,47.924912],[16.209168,47.92655],[16.209408,47.928437],[16.209421,47.928538],[16.209678,47.930163],[16.210026,47.931996],[16.21009,47.932316],[16.210241,47.932967],[16.210272,47.933092],[16.21035,47.933454],[16.210495,47.934038],[16.210945,47.935718],[16.211336,47.936987],[16.211556,47.937687],[16.211809,47.938399],[16.211888,47.93864],[16.212347,47.939866],[16.212833,47.941123],[16.213361,47.942345],[16.214135,47.944051],[16.215018,47.94579],[16.215812,47.947318],[16.216459,47.948393],[16.216631,47.948679],[16.216901,47.949109],[16.217028,47.949318],[16.217295,47.949762],[16.217455,47.950018],[16.217836,47.950626],[16.218267,47.951279],[16.21864,47.951834],[16.219219,47.952671],[16.219824,47.953517],[16.220101,47.953897],[16.220217,47.954059],[16.220804,47.954815],[16.221501,47.955713],[16.222022,47.956388],[16.222663,47.957164],[16.22389,47.95859],[16.225294,47.960124],[16.225588,47.960426],[16.226757,47.9616],[16.22786,47.962637],[16.229134,47.963772],[16.230092,47.964566],[16.231058,47.965335],[16.232078,47.966108],[16.233145,47.966891],[16.234254,47.967661],[16.235301,47.968364],[16.236505,47.96912],[16.237144,47.969509],[16.238361,47.970222],[16.239937,47.971102],[16.241371,47.971849],[16.242223,47.972271],[16.243587,47.972922],[16.244671,47.973418],[16.245575,47.973815],[16.246277,47.974112],[16.247019,47.974415],[16.247592,47.974655],[16.250037,47.975583],[16.252378,47.976447],[16.254767,47.977306],[16.258201,47.978476],[16.264313,47.980534],[16.267452,47.98165],[16.268083,47.981886],[16.269948,47.982602],[16.271805,47.983362],[16.272325,47.983588],[16.272502,47.98365],[16.273735,47.98422],[16.275028,47.984844],[16.276559,47.985625],[16.277029,47.985888],[16.277453,47.986117],[16.279309,47.987184],[16.279832,47.987496],[16.280483,47.987886],[16.281361,47.988426],[16.283692,47.989894],[16.285949,47.991351],[16.291885,47.995191],[16.29412,47.996639],[16.29569,47.997659],[16.296016,47.997866],[16.296508,47.998179],[16.297498,47.998827],[16.29964,48.000209],[16.301419,48.00136],[16.303911,48.002963],[16.305913,48.004263],[16.306481,48.004632],[16.308022,48.005629],[16.31905,48.012731],[16.322146,48.014785],[16.323925,48.016012],[16.325475,48.01715],[16.327173,48.018484],[16.328653,48.019744],[16.330079,48.02105],[16.330865,48.021804],[16.331962,48.022932],[16.333089,48.024195],[16.334096,48.025399],[16.335499,48.027212],[16.336057,48.028022],[16.336472,48.028625],[16.337407,48.030113],[16.337672,48.030585],[16.338085,48.031325],[16.338376,48.031779],[16.339238,48.033542],[16.339364,48.03388],[16.339675,48.034614],[16.339925,48.035227],[16.340252,48.036088],[16.340433,48.036669],[16.340635,48.037303],[16.340966,48.03843],[16.341127,48.039033],[16.341344,48.039931],[16.341431,48.040334],[16.34163,48.041409],[16.34169,48.041693],[16.341746,48.042006],[16.341818,48.042548],[16.341949,48.043588],[16.341971,48.044022],[16.342034,48.045084],[16.342046,48.045288],[16.342058,48.046591],[16.342013,48.048089],[16.341879,48.049928],[16.341581,48.052183],[16.34136,48.053544],[16.341063,48.055367],[16.340633,48.057891],[16.340472,48.058841],[16.340408,48.05921],[16.340305,48.059866],[16.340238,48.060247],[16.340175,48.060601],[16.339949,48.061911],[16.339633,48.063811],[16.339477,48.064735],[16.338378,48.071126],[16.338325,48.071439],[16.337998,48.073046],[16.337678,48.074293],[16.337568,48.074722],[16.337186,48.075901],[16.336953,48.076544],[16.336584,48.077489],[16.336344,48.078013],[16.335746,48.079283],[16.33541,48.07993],[16.335024,48.080636],[16.334818,48.080988],[16.334653,48.08125],[16.33377,48.082651],[16.333512,48.08304],[16.332921,48.083869],[16.331407,48.085868],[16.330974,48.086431],[16.326225,48.092603],[16.325266,48.09385],[16.324487,48.094887],[16.323959,48.095609],[16.323108,48.096888],[16.32295,48.097167],[16.322589,48.097806],[16.322285,48.098381],[16.322036,48.098897],[16.32186,48.099265],[16.321691,48.099665],[16.321531,48.100054],[16.321402,48.100402],[16.321138,48.101147],[16.321071,48.101384],[16.320886,48.102042],[16.320836,48.102219],[16.320599,48.103304],[16.32058,48.103424],[16.320435,48.104356],[16.320344,48.105484],[16.320309,48.106393],[16.320407,48.108031],[16.320455,48.108475],[16.320476,48.10867],[16.320574,48.109236],[16.320774,48.110224],[16.321073,48.111332],[16.321436,48.112365],[16.321659,48.112949],[16.321877,48.113517],[16.322183,48.114249],[16.322319,48.114557],[16.322473,48.114926],[16.322905,48.115931],[16.323156,48.116508],[16.323458,48.11721],[16.323751,48.117885],[16.324195,48.118919],[16.32456,48.119764],[16.324983,48.12075],[16.32569,48.122415],[16.325972,48.123067],[16.326255,48.123724],[16.326406,48.124089],[16.326498,48.12435],[16.32657,48.124538],[16.326642,48.124722],[16.327157,48.125934],[16.327476,48.126671],[16.327883,48.127631],[16.327974,48.127829],[16.328194,48.128333],[16.328244,48.128452],[16.328594,48.12925],[16.328824,48.129788],[16.332267,48.137764],[16.332484,48.138261],[16.333056,48.139579],[16.333289,48.140114],[16.333735,48.141068],[16.334055,48.141722],[16.334196,48.141982],[16.33435,48.142236],[16.334619,48.142619],[16.33492,48.142979],[16.335218,48.143302],[16.335473,48.143549],[16.33578,48.143822],[16.336117,48.144095],[16.336512,48.144406],[16.337105,48.144852],[16.342042,48.148552],[16.34235,48.148796],[16.342677,48.149046],[16.342999,48.149294],[16.343321,48.149532],[16.343763,48.149843],[16.344139,48.150094],[16.34456,48.150372],[16.344878,48.150564],[16.345381,48.150869],[16.345859,48.151127],[16.346219,48.151308],[16.346496,48.151436],[16.34677,48.151557],[16.34706,48.151675],[16.347348,48.151784],[16.347566,48.151843],[16.347713,48.151892],[16.348008,48.151985],[16.3483,48.152068],[16.348526,48.152128],[16.348806,48.152193],[16.349103,48.152256],[16.34943,48.152316],[16.34973,48.152365],[16.349942,48.152395],[16.350257,48.152433],[16.350591,48.152467],[16.351078,48.152506],[16.351411,48.152527],[16.351867,48.152552],[16.352474,48.152574],[16.353059,48.152587],[16.353654,48.152592],[16.354273,48.15259],[16.354844,48.15258],[16.355504,48.152559],[16.356281,48.152522],[16.356955,48.152481],[16.357589,48.152432],[16.358185,48.152377],[16.359278,48.152264],[16.359863,48.152196],[16.360518,48.152111],[16.361372,48.151987],[16.362288,48.151838],[16.362946,48.151721],[16.363985,48.151531],[16.368793,48.150644],[16.36927,48.150564],[16.369649,48.150509],[16.369946,48.150474],[16.370256,48.150447],[16.370509,48.150434],[16.370732,48.150428],[16.370963,48.15043],[16.371213,48.150439],[16.371402,48.150455],[16.371658,48.150485],[16.371848,48.150514],[16.372087,48.15056],[16.372344,48.150622],[16.372586,48.150692],[16.372839,48.150778],[16.373077,48.150873],[16.373282,48.150968],[16.373474,48.151071],[16.373688,48.151201],[16.373899,48.151346],[16.374057,48.151472],[16.374178,48.15158],[16.374302,48.151703],[16.374418,48.151829],[16.374536,48.151981],[16.374644,48.152143],[16.374722,48.152282],[16.374786,48.152415],[16.374837,48.152547],[16.37488,48.152674],[16.374936,48.152885],[16.374966,48.153069],[16.374986,48.153275],[16.374998,48.15352],[16.374997,48.153748],[16.374952,48.154635],[16.374948,48.154866],[16.374956,48.155088],[16.374984,48.155382],[16.375013,48.155583],[16.375062,48.155811],[16.375122,48.156034],[16.375246,48.156376],[16.375349,48.156593],[16.375468,48.156811],[16.375581,48.156999],[16.375711,48.157198],[16.375918,48.157471],[16.376171,48.157756],[16.376359,48.157946],[16.376577,48.158148],[16.376839,48.158363],[16.377109,48.158567],[16.377406,48.158766],[16.377654,48.158916],[16.377943,48.159079],[16.378234,48.159227],[16.37851,48.159355],[16.378807,48.159482],[16.379113,48.159599],[16.379401,48.159697],[16.379679,48.159786],[16.379943,48.159859],[16.38023,48.159931],[16.380571,48.160007],[16.381649,48.160219],[16.381884,48.160271],[16.382134,48.160337],[16.382461,48.160433],[16.382769,48.160539],[16.383126,48.160683],[16.383469,48.160844],[16.383814,48.161026],[16.384091,48.161199],[16.384391,48.16141],[16.384659,48.161618],[16.384851,48.161783],[16.384989,48.161936],[16.385139,48.16212],[16.38526,48.162291],[16.38537,48.162469],[16.385489,48.162702],[16.385584,48.162943],[16.385656,48.163167],[16.385876,48.163942],[16.385949,48.164149],[16.386028,48.16435],[16.38611,48.164524],[16.386226,48.164723],[16.386367,48.164934],[16.386523,48.165138],[16.386703,48.165337],[16.386797,48.16543],[16.387035,48.165659],[16.387203,48.165804],[16.387546,48.166084],[16.387827,48.166303],[16.388032,48.166464],[16.390036,48.168029],[16.390504,48.168398],[16.391198,48.168939],[16.391525,48.169193],[16.391718,48.169337],[16.391989,48.169522],[16.392202,48.169654],[16.39238,48.169756],[16.392581,48.169858],[16.392753,48.169936],[16.392914,48.170001],[16.393074,48.170061],[16.393233,48.170113],[16.393482,48.170188],[16.393725,48.17025],[16.394035,48.170314],[16.394409,48.170383],[16.395363,48.170534],[16.39582,48.17061],[16.396183,48.170678],[16.396483,48.170743],[16.396752,48.170812],[16.397019,48.170892],[16.397234,48.170968],[16.397443,48.171049],[16.397684,48.171162],[16.397898,48.17128],[16.398088,48.171405],[16.398254,48.171528],[16.398382,48.171637],[16.398518,48.171773],[16.398645,48.171916],[16.39876,48.17207],[16.398851,48.172222],[16.398941,48.172389],[16.399018,48.172563],[16.399091,48.172766],[16.399151,48.17297],[16.399213,48.17324],[16.399275,48.173529],[16.399474,48.174446],[16.399913,48.176479],[16.399989,48.176845],[16.400182,48.177694],[16.400241,48.177908],[16.400306,48.178085],[16.400379,48.178251],[16.400487,48.17846],[16.400578,48.178612],[16.400676,48.178762],[16.400773,48.178897],[16.400888,48.179044],[16.401008,48.179185],[16.40113,48.179317],[16.401265,48.179453],[16.401409,48.179585],[16.401556,48.179712],[16.40171,48.179835],[16.401839,48.179931],[16.401948,48.18001],[16.402214,48.180187],[16.402776,48.180541],[16.402949,48.180656],[16.403089,48.180757],[16.403215,48.180851],[16.403357,48.180971],[16.403471,48.181079],[16.403579,48.181194],[16.403677,48.181316],[16.403751,48.181422],[16.403822,48.181538],[16.403908,48.181712],[16.403966,48.181873],[16.404004,48.182027],[16.404087,48.182464],[16.404125,48.18262],[16.404166,48.182753],[16.404229,48.182931],[16.404322,48.183197],[16.404434,48.183457],[16.404609,48.183827],[16.404804,48.184196],[16.404936,48.184425],[16.405079,48.184649],[16.405205,48.184836],[16.405289,48.184956],[16.4054,48.185097],[16.405549,48.185282],[16.405727,48.185464],[16.405909,48.185638],[16.406055,48.185765],[16.406269,48.185943],[16.406521,48.186131],[16.406679,48.18625],[16.406959,48.186445],[16.407869,48.187069],[16.408707,48.187644],[16.409738,48.188351],[16.410605,48.188946],[16.411507,48.189561],[16.412862,48.190488],[16.4129,48.190512],[16.413274,48.190788],[16.414696,48.191745],[16.415777,48.192474],[16.416043,48.192656],[16.417104,48.193383],[16.417777,48.193852],[16.418451,48.194314],[16.419699,48.195191],[16.419979,48.195385],[16.420516,48.195762],[16.421031,48.196123],[16.421266,48.196287],[16.426877,48.200131],[16.427734,48.200719],[16.427927,48.200852],[16.428602,48.201309],[16.429976,48.202219],[16.430574,48.202618],[16.431222,48.20306],[16.431922,48.20354],[16.432921,48.204226],[16.43378,48.204813],[16.434385,48.205229],[16.437406,48.207299],[16.43922,48.208538],[16.439713,48.208875],[16.44019,48.209203],[16.440451,48.209381],[16.440732,48.209573],[16.441526,48.210115],[16.441825,48.21032],[16.442159,48.210549],[16.442339,48.210672],[16.443655,48.211546],[16.44445,48.212089],[16.444972,48.212446],[16.445066,48.212553],[16.445735,48.213035],[16.446073,48.21333],[16.446364,48.213614],[16.446568,48.213851],[16.446733,48.214084],[16.446905,48.214384],[16.447008,48.214608],[16.447082,48.214834],[16.447148,48.215121],[16.447183,48.215384],[16.447187,48.215604],[16.447175,48.215935],[16.447149,48.21621],[16.447127,48.216652],[16.447119,48.216982],[16.44712,48.217308],[16.447129,48.217917],[16.447159,48.219968],[16.447182,48.220272],[16.447213,48.220463],[16.447255,48.220636],[16.447305,48.220795],[16.44736,48.220939],[16.447471,48.221181],[16.447763,48.221737],[16.447988,48.222197],[16.448274,48.222789],[16.448388,48.223041],[16.448502,48.223307],[16.448694,48.223765],[16.448942,48.224308],[16.449057,48.224523],[16.449218,48.22477],[16.449464,48.225087],[16.449727,48.225368],[16.450023,48.225624],[16.450627,48.22614],[16.450879,48.22636],[16.451156,48.226654],[16.451471,48.227079],[16.45168,48.227413],[16.4519,48.227857],[16.452612,48.22943],[16.453111,48.230603],[16.453621,48.231881],[16.453702,48.232067],[16.453872,48.232427],[16.454066,48.232755],[16.454356,48.233195],[16.454564,48.23348],[16.454722,48.233671],[16.455035,48.234019],[16.455343,48.234328],[16.455799,48.234737],[16.456665,48.235429],[16.45696,48.235668],[16.457199,48.235885],[16.457399,48.236092],[16.457601,48.236335],[16.457821,48.236649],[16.458441,48.237649],[16.459403,48.239209],[16.459522,48.239404],[16.460182,48.240471],[16.460297,48.240652],[16.460641,48.241162],[16.460769,48.241339],[16.461078,48.241743],[16.461426,48.242162],[16.461828,48.242628],[16.462335,48.243169],[16.4626,48.24342],[16.463039,48.243833],[16.463465,48.244202],[16.463808,48.244496],[16.464404,48.244967],[16.465141,48.245574],[16.465372,48.245757],[16.466426,48.246612],[16.466731,48.246861],[16.467016,48.247093],[16.467264,48.247293],[16.467548,48.247526],[16.468099,48.247983],[16.468464,48.248302],[16.468926,48.248728],[16.46925,48.249044],[16.469572,48.249369],[16.469818,48.249625],[16.470139,48.24998],[16.470668,48.2506],[16.471446,48.251515],[16.471755,48.25188],[16.472287,48.252508],[16.472554,48.252842],[16.472761,48.253117],[16.473039,48.253511],[16.473284,48.253884],[16.473756,48.254643],[16.47417,48.255403],[16.474548,48.256133],[16.474797,48.256688],[16.475011,48.257217],[16.475098,48.257454],[16.475173,48.257669],[16.475236,48.257865],[16.475298,48.258059],[16.475372,48.258313],[16.475435,48.258544],[16.475483,48.25875],[16.475534,48.258984],[16.47562,48.259381],[16.475697,48.259796],[16.475728,48.260077],[16.475738,48.260256],[16.475736,48.26044],[16.475713,48.260643],[16.475675,48.260829],[16.47562,48.261038],[16.475562,48.261228],[16.475393,48.261808],[16.475319,48.26214],[16.475296,48.262362],[16.475296,48.26254],[16.475313,48.262727],[16.475359,48.262925],[16.475413,48.2631],[16.475494,48.263291],[16.475579,48.263476],[16.476089,48.264472],[16.476311,48.264892],[16.476685,48.265637],[16.476704,48.265684],[16.476786,48.265831],[16.47693,48.266064],[16.477091,48.26628],[16.477254,48.266465],[16.477434,48.266645],[16.477572,48.266766],[16.477696,48.266869],[16.477869,48.267],[16.478166,48.267198],[16.478433,48.267344],[16.478695,48.267482],[16.478981,48.267608],[16.479247,48.26771],[16.479499,48.267795],[16.47977,48.267874],[16.480006,48.267933],[16.480481,48.268034],[16.481006,48.268122],[16.481569,48.268207],[16.482114,48.268275],[16.482733,48.268333],[16.483319,48.268365],[16.484167,48.268382],[16.484926,48.268372],[16.485639,48.268329],[16.486351,48.268265],[16.487033,48.268186],[16.487807,48.268056],[16.488566,48.267898],[16.489957,48.267528],[16.491262,48.267195],[16.491784,48.267099],[16.492314,48.267008],[16.492886,48.266926],[16.493575,48.26685],[16.494257,48.2668],[16.494956,48.266774],[16.495479,48.266769],[16.496047,48.266781],[16.496668,48.266807],[16.497288,48.266858],[16.497849,48.266917],[16.498568,48.267024],[16.499339,48.267167],[16.50013,48.267348],[16.500847,48.26754],[16.501251,48.267669],[16.501694,48.267814],[16.502083,48.267955],[16.502475,48.268106],[16.502927,48.268296],[16.503363,48.2685],[16.503802,48.26872],[16.504246,48.26896],[16.504555,48.269152],[16.504859,48.269367],[16.505157,48.269588],[16.505433,48.269813],[16.505682,48.270045],[16.505924,48.270309],[16.50613,48.270553],[16.506329,48.270831],[16.506487,48.271061],[16.506655,48.271361],[16.506798,48.27169],[16.506924,48.272035],[16.507038,48.272394],[16.507273,48.273124],[16.507729,48.274472],[16.507937,48.275026],[16.508092,48.275422],[16.508222,48.275738],[16.508448,48.276218],[16.508684,48.27665],[16.508972,48.277163],[16.509103,48.277396],[16.509577,48.278166],[16.510434,48.279528],[16.511109,48.280593],[16.511484,48.281197],[16.511916,48.281871],[16.512513,48.282818],[16.512916,48.283474],[16.513495,48.284376],[16.51366,48.284701],[16.513809,48.285004],[16.513923,48.285252],[16.514067,48.285597],[16.514157,48.285858],[16.514315,48.286336],[16.514416,48.28676],[16.514504,48.287238],[16.514548,48.287647],[16.514574,48.288046],[16.514575,48.288458],[16.514552,48.28891],[16.5145,48.28938],[16.514415,48.289836],[16.514329,48.290197],[16.51423,48.290539],[16.514079,48.290961],[16.513902,48.291375],[16.513742,48.291703],[16.513608,48.291962],[16.513402,48.292327],[16.513129,48.292757],[16.512843,48.293171],[16.512291,48.293967],[16.510833,48.296036],[16.510416,48.296672],[16.510048,48.297324],[16.509884,48.297651],[16.509695,48.298109],[16.50953,48.298586],[16.509411,48.299033],[16.509315,48.29948],[16.509265,48.299823],[16.509227,48.30026],[16.509208,48.300699],[16.509233,48.301228],[16.509289,48.301756],[16.509393,48.302308],[16.509511,48.302766],[16.509633,48.303132],[16.509909,48.303849],[16.510413,48.304875],[16.510777,48.305624],[16.511047,48.306173],[16.511449,48.307017],[16.511852,48.307838],[16.512051,48.308242],[16.51288,48.30994],[16.513812,48.311819],[16.514003,48.312203],[16.514855,48.313954],[16.515146,48.314647],[16.515366,48.315287],[16.515516,48.315871],[16.515639,48.316499],[16.515712,48.317046],[16.51576,48.317716],[16.515758,48.318232],[16.515709,48.31898],[16.515602,48.319883],[16.515537,48.320584],[16.515492,48.321242],[16.515471,48.321986],[16.515484,48.322899],[16.515564,48.323901],[16.515653,48.324684],[16.515857,48.325875],[16.515972,48.326466],[16.516016,48.326725],[16.516066,48.327158],[16.516094,48.32758],[16.516091,48.328175],[16.516056,48.328599],[16.516011,48.3289],[16.515891,48.32946],[16.515851,48.329689],[16.515776,48.329961],[16.515625,48.330378],[16.515452,48.330793],[16.515221,48.331295],[16.515056,48.331606],[16.514846,48.331952],[16.514468,48.332522],[16.514056,48.333031],[16.513533,48.33363],[16.513094,48.334081],[16.512676,48.334449],[16.512008,48.334981],[16.511241,48.335517],[16.50548,48.339095],[16.50521,48.339265],[16.502082,48.341169],[16.501166,48.341742],[16.500429,48.342192],[16.497978,48.34371],[16.497316,48.344126],[16.496497,48.344638],[16.49512,48.345494],[16.494649,48.34577],[16.494205,48.346009],[16.493586,48.346307],[16.493115,48.346507],[16.492367,48.346791],[16.491418,48.347098],[16.490696,48.347288],[16.490225,48.34739],[16.489623,48.347511],[16.489018,48.347619],[16.488252,48.347812],[16.488001,48.347866],[16.487518,48.347962],[16.487114,48.348043],[16.486686,48.348131],[16.486329,48.348214],[16.486084,48.348279],[16.485929,48.348326],[16.4858,48.348365],[16.485546,48.348456],[16.48534,48.34854],[16.485123,48.348633],[16.484972,48.348707],[16.484751,48.348821],[16.48452,48.348958],[16.484363,48.349059],[16.484197,48.349175],[16.483965,48.349356],[16.483824,48.349481],[16.483661,48.349641],[16.483554,48.349755],[16.483485,48.349832],[16.483356,48.35],[16.483256,48.350138],[16.483184,48.350252],[16.48312,48.350364],[16.483056,48.350484],[16.482994,48.350619],[16.482931,48.350781],[16.482875,48.350956],[16.482835,48.351127],[16.482806,48.351297],[16.48279,48.351458],[16.482785,48.351604],[16.482789,48.351735],[16.4828,48.35187],[16.482817,48.352002],[16.482836,48.352102],[16.482871,48.352252],[16.482956,48.352723],[16.483157,48.35345],[16.483309,48.354127],[16.483397,48.354552],[16.483497,48.355219],[16.483541,48.355585],[16.48358,48.355971],[16.483585,48.356186],[16.483592,48.356399],[16.483603,48.356759],[16.483609,48.357159],[16.48361,48.357275],[16.483604,48.357701],[16.483579,48.35855],[16.483572,48.359525],[16.483587,48.360221],[16.483622,48.360664],[16.483658,48.361072],[16.483772,48.361804],[16.483854,48.362179],[16.483964,48.36259],[16.484078,48.362988],[16.484214,48.363402],[16.484348,48.363758],[16.484482,48.364113],[16.484655,48.364514],[16.484868,48.364966],[16.485064,48.365334],[16.485187,48.365578],[16.485348,48.365865],[16.485535,48.366175],[16.485754,48.366525],[16.486153,48.367161],[16.486306,48.367404],[16.486514,48.367766],[16.487001,48.368716],[16.487146,48.369052],[16.487253,48.369296],[16.487435,48.369734],[16.487561,48.37007],[16.48782,48.37085],[16.488071,48.371662],[16.488177,48.371994],[16.488557,48.373262],[16.488846,48.374318],[16.489123,48.375265],[16.48929,48.375803],[16.489606,48.37677],[16.490008,48.378065],[16.490237,48.378886],[16.490396,48.37945],[16.490738,48.380664],[16.491081,48.381855],[16.491362,48.382742],[16.491459,48.383032],[16.491645,48.383492],[16.491736,48.383696],[16.49185,48.383911],[16.492042,48.384232],[16.492177,48.384435],[16.492389,48.384726],[16.492549,48.38492],[16.492726,48.385124],[16.492902,48.385311],[16.493108,48.385516],[16.493373,48.385758],[16.493623,48.385967],[16.493796,48.386104],[16.494057,48.386299],[16.494363,48.386509],[16.494614,48.386671],[16.494845,48.386811],[16.495152,48.386983],[16.495513,48.387172],[16.49679,48.387817],[16.497625,48.388252],[16.498747,48.388857],[16.499001,48.388994],[16.500031,48.389553],[16.500799,48.389963],[16.501805,48.390489],[16.502811,48.390975],[16.503605,48.391351],[16.504493,48.391794],[16.504925,48.392011],[16.505472,48.392298],[16.505918,48.392542],[16.506478,48.39287],[16.507122,48.393262],[16.507434,48.39346],[16.507788,48.393699],[16.508207,48.393992],[16.508757,48.394391],[16.509421,48.394871],[16.509879,48.395179],[16.510334,48.395461],[16.510838,48.395747],[16.511279,48.395981],[16.511568,48.39612],[16.511803,48.396231],[16.512281,48.396448],[16.512846,48.39668],[16.513334,48.396865],[16.513812,48.397031],[16.514227,48.397162],[16.514674,48.397295],[16.515201,48.397458],[16.516191,48.397745],[16.517334,48.398087],[16.518485,48.398446],[16.519779,48.398866],[16.52102,48.399278],[16.521693,48.39952],[16.522381,48.399755],[16.522972,48.399962],[16.523596,48.400188],[16.524446,48.4005],[16.52517,48.400773],[16.525893,48.40106],[16.526259,48.401214],[16.526741,48.401424],[16.527101,48.401583],[16.527659,48.401839],[16.52798,48.401989],[16.528655,48.402322],[16.529019,48.402508],[16.529303,48.402661],[16.529593,48.402825],[16.530128,48.403139],[16.53045,48.403344],[16.530875,48.403626],[16.53104,48.403741],[16.531464,48.404038],[16.531852,48.404319],[16.532435,48.404766],[16.53305,48.40527],[16.533304,48.405477],[16.533553,48.405691],[16.534241,48.406335],[16.534548,48.406642],[16.534911,48.407024],[16.535307,48.407471],[16.535693,48.407927],[16.53594,48.408236],[16.536165,48.408537],[16.536407,48.408873],[16.536663,48.409244],[16.538791,48.412517],[16.540117,48.414562],[16.542007,48.417464],[16.543902,48.420375],[16.544338,48.421041],[16.544679,48.42156],[16.545393,48.422634],[16.546898,48.4249],[16.547666,48.426063],[16.54849,48.427301],[16.549156,48.428322],[16.549516,48.428861],[16.550107,48.429757],[16.550295,48.43004],[16.550683,48.430624],[16.552694,48.433664],[16.554448,48.436312],[16.555436,48.437804],[16.555753,48.438291],[16.556065,48.438817],[16.556234,48.439143],[16.556394,48.439501],[16.556536,48.439882],[16.556639,48.440197],[16.556731,48.440567],[16.556806,48.440969],[16.556845,48.441287],[16.556867,48.441584],[16.556875,48.441928],[16.556861,48.442302],[16.556823,48.44267],[16.556789,48.442901],[16.556737,48.443184],[16.556655,48.443508],[16.556557,48.443816],[16.556458,48.444104],[16.556316,48.444442],[16.556178,48.44475],[16.555316,48.446514],[16.554906,48.4474],[16.554496,48.44831],[16.553928,48.449621],[16.553617,48.450374],[16.553488,48.4507],[16.553358,48.451054],[16.553265,48.451312],[16.553136,48.451726],[16.553022,48.452124],[16.552869,48.452717],[16.55278,48.453098],[16.552703,48.453495],[16.552603,48.454098],[16.552552,48.454513],[16.552494,48.455158],[16.552458,48.455743],[16.552448,48.456345],[16.552458,48.457002],[16.552488,48.457459],[16.552565,48.458123],[16.55264,48.45864],[16.552698,48.458976],[16.552766,48.459326],[16.552888,48.45987],[16.55296,48.46015],[16.55304,48.460447],[16.553203,48.460982],[16.553348,48.46141],[16.553591,48.462047],[16.553719,48.462361],[16.554006,48.46302],[16.554232,48.463504],[16.554441,48.463938],[16.554752,48.464566],[16.555237,48.465474],[16.555537,48.466012],[16.555841,48.466538],[16.556327,48.467332],[16.556816,48.468094],[16.557465,48.469044],[16.55801,48.469804],[16.558493,48.47044],[16.559188,48.471318],[16.559461,48.471665],[16.559774,48.472036],[16.560259,48.472606],[16.560667,48.473069],[16.561314,48.473777],[16.561908,48.474401],[16.562558,48.475054],[16.563183,48.475666],[16.563992,48.476436],[16.564937,48.477314],[16.565425,48.477751],[16.5659,48.478167],[16.567017,48.479121],[16.568038,48.47997],[16.569129,48.480837],[16.570414,48.481819],[16.571827,48.482854],[16.572404,48.483261],[16.573015,48.483686],[16.573567,48.484064],[16.574213,48.484498],[16.574752,48.484856],[16.575612,48.48541],[16.576129,48.485739],[16.577098,48.486343],[16.577935,48.48685],[16.578763,48.487339],[16.58005,48.488074],[16.580756,48.488466],[16.581086,48.488643],[16.581533,48.488867],[16.582324,48.48924],[16.582843,48.489458],[16.583309,48.489642],[16.583874,48.489851],[16.584447,48.490048],[16.585071,48.490243],[16.585575,48.490386],[16.586054,48.49051],[16.586626,48.490646],[16.58736,48.490802],[16.587766,48.490876],[16.588597,48.491018],[16.589635,48.491178],[16.590098,48.491263],[16.590459,48.491335],[16.590877,48.491424],[16.591289,48.491521],[16.591745,48.491649],[16.592242,48.4918],[16.592765,48.491975],[16.593251,48.492153],[16.593756,48.492361],[16.594242,48.492582],[16.594815,48.492866],[16.595251,48.493106],[16.595677,48.493359],[16.596117,48.493648],[16.59652,48.493936],[16.596837,48.494174],[16.597013,48.49432],[16.597179,48.494461],[16.597499,48.494746],[16.597787,48.495031],[16.598025,48.495283],[16.598238,48.495529],[16.598498,48.495848],[16.59873,48.496168],[16.598934,48.496477],[16.599087,48.496733],[16.599189,48.496918],[16.599539,48.497582],[16.599871,48.498216],[16.600169,48.498772],[16.60068,48.499701],[16.601082,48.500402],[16.601222,48.500654],[16.601902,48.501785],[16.602524,48.502769],[16.603106,48.503681],[16.603305,48.503979],[16.603898,48.504856],[16.604514,48.505744],[16.604918,48.506292],[16.605497,48.50703],[16.606013,48.507642],[16.60638,48.508061],[16.606769,48.508479],[16.607176,48.508904],[16.607574,48.509303],[16.607997,48.509712],[16.608732,48.510379],[16.609055,48.510657],[16.609612,48.511132],[16.610016,48.511456],[16.610449,48.511792],[16.611039,48.512237],[16.611481,48.51256],[16.612437,48.513221],[16.613188,48.513708],[16.613885,48.514134],[16.614581,48.514543],[16.615122,48.514848],[16.615616,48.515117],[16.615934,48.515288],[16.616644,48.515662],[16.618663,48.516731],[16.619364,48.517096],[16.619872,48.517364],[16.620342,48.517614],[16.620641,48.51778],[16.620931,48.517949],[16.621345,48.518199],[16.621751,48.518458],[16.622151,48.518736],[16.622491,48.518985],[16.622781,48.519208],[16.623092,48.519458],[16.623355,48.519687],[16.623578,48.519881],[16.623804,48.520095],[16.624022,48.520306],[16.62423,48.520518],[16.624474,48.520784],[16.624715,48.521059],[16.624957,48.521356],[16.625206,48.521681],[16.625414,48.521972],[16.625576,48.522221],[16.625846,48.522653],[16.626088,48.523085],[16.626275,48.523459],[16.626448,48.523839],[16.626593,48.524196],[16.626731,48.524566],[16.626874,48.525019],[16.626967,48.525372],[16.627055,48.525752],[16.627138,48.526209],[16.627197,48.526706],[16.627228,48.527146],[16.627239,48.527485],[16.627234,48.527894],[16.627212,48.528295],[16.627171,48.52884],[16.627095,48.529784],[16.626605,48.536104],[16.626569,48.536649],[16.626569,48.53722],[16.626596,48.537765],[16.626647,48.538367],[16.626728,48.539053],[16.626828,48.539657],[16.626964,48.540249],[16.627136,48.540863],[16.627337,48.541458],[16.627562,48.542038],[16.627825,48.542645],[16.628084,48.543175],[16.62833,48.543646],[16.628809,48.544578],[16.628993,48.544928],[16.632111,48.5509],[16.63327,48.553119],[16.633522,48.553607],[16.633771,48.55414],[16.634012,48.55471],[16.634179,48.555153],[16.634326,48.555595],[16.634406,48.55586],[16.634495,48.55618],[16.634619,48.556697],[16.634685,48.557021],[16.634748,48.557373],[16.634807,48.557779],[16.634849,48.55817],[16.634881,48.55858],[16.634899,48.558961],[16.634903,48.559447],[16.634883,48.56003],[16.634852,48.560398],[16.63478,48.561008],[16.634709,48.561443],[16.63462,48.561886],[16.634531,48.562267],[16.634419,48.562685],[16.634286,48.563119],[16.634095,48.563664],[16.633904,48.564144],[16.633738,48.564523],[16.633537,48.564939],[16.63335,48.565307],[16.633125,48.565712],[16.6329,48.566091],[16.632658,48.566471],[16.632386,48.566876],[16.632123,48.567243],[16.631869,48.567578],[16.631622,48.567886],[16.631395,48.56816],[16.63107,48.568534],[16.630655,48.568994],[16.629335,48.570445],[16.627513,48.572447],[16.626585,48.57347],[16.626084,48.574033],[16.625756,48.574432],[16.625498,48.574781],[16.625332,48.575035],[16.625203,48.57526],[16.624969,48.575704],[16.624715,48.576232],[16.62458,48.576559],[16.62444,48.576943],[16.624331,48.577303],[16.624254,48.577607],[16.624193,48.577887],[16.624136,48.57822],[16.6241,48.578488],[16.624077,48.57875],[16.624062,48.579063],[16.624057,48.579264],[16.624064,48.579555],[16.624077,48.579812],[16.624105,48.580069],[16.624144,48.580364],[16.624227,48.58076],[16.624323,48.581119],[16.624451,48.581535],[16.624579,48.581889],[16.624742,48.582278],[16.624932,48.582663],[16.625132,48.583037],[16.625306,48.583327],[16.625559,48.58371],[16.625878,48.584149],[16.626202,48.584584],[16.626674,48.585219],[16.626888,48.585517],[16.627136,48.585895],[16.62728,48.586129],[16.62743,48.586367],[16.627608,48.586669],[16.627758,48.586932],[16.627931,48.587266],[16.628152,48.587711],[16.628335,48.588126],[16.628478,48.58848],[16.628602,48.588812],[16.628721,48.589164],[16.62886,48.589618],[16.629052,48.590263],[16.629161,48.590606],[16.629285,48.590965],[16.629403,48.591279],[16.629507,48.591526],[16.629625,48.591801],[16.629756,48.592082],[16.62995,48.592461],[16.630145,48.592812],[16.630342,48.593149],[16.630574,48.593513],[16.630873,48.593946],[16.631101,48.594255],[16.631364,48.594589],[16.631722,48.595019],[16.632033,48.595363],[16.63228,48.595625],[16.632453,48.5958],[16.632544,48.595892],[16.632777,48.596118],[16.633047,48.596371],[16.633322,48.596613],[16.633607,48.596862],[16.633863,48.597068],[16.634222,48.597355],[16.634562,48.597608],[16.634863,48.597827],[16.635163,48.598032],[16.635548,48.59829],[16.635933,48.598535],[16.636342,48.598783],[16.636762,48.599024],[16.637016,48.599163],[16.637377,48.599354],[16.637769,48.599559],[16.638152,48.599748],[16.638651,48.599979],[16.639256,48.600247],[16.639793,48.600467],[16.640202,48.600623],[16.640688,48.600802],[16.641109,48.600949],[16.641697,48.601142],[16.642023,48.601245],[16.642464,48.601376],[16.643041,48.601535],[16.643626,48.601684],[16.644137,48.601806],[16.644616,48.601912],[16.645108,48.602013],[16.64597,48.602181],[16.652299,48.603406],[16.655802,48.604083],[16.657651,48.604439],[16.659087,48.604715],[16.660408,48.604985],[16.661271,48.605152],[16.661896,48.605288],[16.662417,48.605412],[16.662957,48.60554],[16.663465,48.60567],[16.663965,48.605799],[16.664574,48.605969],[16.664988,48.606094],[16.665447,48.606236],[16.66606,48.60645],[16.666549,48.60663],[16.667048,48.606828],[16.667443,48.606995],[16.667865,48.607178],[16.668483,48.607473],[16.669161,48.607822],[16.669671,48.6081],[16.669889,48.60823],[16.670452,48.608567],[16.670857,48.608825],[16.671221,48.609078],[16.671576,48.609339],[16.672117,48.609766],[16.67259,48.610161],[16.672963,48.610498],[16.673322,48.610832],[16.673691,48.611217],[16.674019,48.611588],[16.67432,48.611951],[16.6746,48.612291],[16.67483,48.612607],[16.675064,48.612937],[16.675281,48.613273],[16.675507,48.613635],[16.6756,48.613805],[16.675811,48.614246],[16.675981,48.614643],[16.676122,48.615],[16.676273,48.615401],[16.676368,48.615691],[16.676443,48.615965],[16.676565,48.616491],[16.676646,48.616962],[16.676716,48.61753],[16.676747,48.617963],[16.676764,48.618385],[16.676747,48.61886],[16.676715,48.619261],[16.676652,48.619741],[16.67657,48.620202],[16.676396,48.620952],[16.676328,48.621225],[16.67623,48.621677],[16.676202,48.621822],[16.676181,48.621935],[16.676129,48.622251],[16.676085,48.622579],[16.676038,48.622985],[16.67601,48.623357],[16.675995,48.623887],[16.676001,48.624357],[16.676023,48.624839],[16.676069,48.625373],[16.676116,48.625722],[16.676155,48.625991],[16.676259,48.626545],[16.676311,48.626774],[16.676395,48.627107],[16.676476,48.627402],[16.676645,48.62794],[16.676783,48.628325],[16.676902,48.628638],[16.677112,48.629132],[16.677284,48.629502],[16.677412,48.62975],[16.67756,48.630047],[16.677732,48.630364],[16.678058,48.630907],[16.678265,48.631235],[16.678469,48.631522],[16.678907,48.632135],[16.679298,48.63263],[16.679958,48.633493],[16.680704,48.634455],[16.681436,48.635334],[16.681908,48.635931],[16.684093,48.638691],[16.684833,48.639627],[16.685275,48.640201],[16.685651,48.64071],[16.685941,48.641117],[16.686244,48.641552],[16.686556,48.642015],[16.686877,48.642506],[16.687194,48.643015],[16.687488,48.643499],[16.68776,48.643968],[16.68805,48.644487],[16.688401,48.64514],[16.688645,48.645625],[16.688928,48.646209],[16.689146,48.646683],[16.689407,48.647273],[16.689635,48.647822],[16.689863,48.648399],[16.690042,48.648887],[16.690198,48.649338],[16.690299,48.649652],[16.690384,48.64995],[16.690464,48.65025],[16.690521,48.650506],[16.690604,48.65089],[16.690655,48.651201],[16.690665,48.651265],[16.690715,48.651652],[16.690744,48.651958],[16.690769,48.652327],[16.690781,48.652687],[16.690776,48.653136],[16.690753,48.653571],[16.690724,48.653933],[16.690677,48.65429],[16.690625,48.654625],[16.690561,48.654967],[16.690484,48.655299],[16.690428,48.655529],[16.690339,48.655843],[16.69024,48.656164],[16.690133,48.656482],[16.689987,48.656865],[16.689843,48.657208],[16.689717,48.657484],[16.689577,48.657774],[16.689427,48.658065],[16.689221,48.658439],[16.689007,48.658796],[16.688797,48.659127],[16.688592,48.659429],[16.688409,48.659687],[16.688227,48.659929],[16.687994,48.66023],[16.687688,48.660603],[16.68738,48.660952],[16.687126,48.661226],[16.686889,48.661469],[16.686637,48.661718],[16.686582,48.661771],[16.686337,48.662005],[16.685991,48.662314],[16.685648,48.662609],[16.685313,48.66289],[16.684854,48.663252],[16.684226,48.663723],[16.683887,48.66397],[16.682108,48.66529],[16.680404,48.666554],[16.679775,48.66702],[16.679386,48.66731],[16.67907,48.667552],[16.678786,48.667776],[16.678493,48.668021],[16.678096,48.668375],[16.677852,48.668597],[16.677508,48.668955],[16.677268,48.669226],[16.676898,48.669676],[16.676597,48.670085],[16.67635,48.670435],[16.676228,48.670604],[16.676051,48.670851],[16.675843,48.671122],[16.675668,48.671345],[16.675428,48.671622],[16.675219,48.671851],[16.674877,48.672205],[16.674599,48.672481],[16.674376,48.67268],[16.674068,48.672938],[16.673799,48.673159],[16.673539,48.673361],[16.673274,48.673556],[16.672667,48.673962],[16.672134,48.674285],[16.671466,48.674661],[16.670803,48.675026],[16.667747,48.676666],[16.663212,48.679106],[16.662733,48.679362],[16.662292,48.679603],[16.661546,48.680037],[16.661105,48.680316],[16.660554,48.680709],[16.660155,48.681009],[16.659979,48.681158],[16.659656,48.681434],[16.659115,48.681948],[16.658832,48.682245],[16.658598,48.6825],[16.658328,48.682811],[16.658068,48.683153],[16.657867,48.683437],[16.657669,48.683741],[16.65743,48.684144],[16.657253,48.684473],[16.657065,48.684877],[16.656923,48.685234],[16.656758,48.685717],[16.656613,48.686243],[16.656511,48.686739],[16.656462,48.68715],[16.656433,48.687517],[16.656408,48.688624],[16.656312,48.691467],[16.656281,48.692033],[16.656242,48.692403],[16.656195,48.692753],[16.656145,48.693025],[16.656092,48.693264],[16.656019,48.693556],[16.655936,48.693841],[16.655818,48.694179],[16.655734,48.694413],[16.655521,48.694869],[16.655391,48.695128],[16.655155,48.695535],[16.654928,48.695902],[16.654686,48.696256],[16.654413,48.696616],[16.654091,48.697012],[16.653735,48.697436],[16.653405,48.697844],[16.653155,48.698173],[16.652955,48.69846],[16.652829,48.69865],[16.652678,48.698892],[16.652535,48.699145],[16.652394,48.699407],[16.65221,48.699791],[16.652077,48.700099],[16.651966,48.700397],[16.651888,48.700632],[16.651805,48.700907],[16.651741,48.701145],[16.651698,48.701333],[16.651637,48.701643],[16.651597,48.701925],[16.651553,48.702378],[16.651537,48.702676],[16.651543,48.703191],[16.65156,48.703447],[16.651599,48.703819],[16.651643,48.704079],[16.651717,48.704394],[16.651808,48.704744],[16.651919,48.705077],[16.65202,48.705365],[16.652103,48.70559],[16.65221,48.705837],[16.652334,48.706122],[16.652638,48.706721],[16.65315,48.707685],[16.653479,48.708426],[16.653543,48.708593],[16.653648,48.708906],[16.653775,48.709335],[16.653869,48.709688],[16.653987,48.710161],[16.654135,48.710743],[16.654179,48.710994],[16.654198,48.711189],[16.654203,48.711288],[16.654192,48.711474],[16.654174,48.711612],[16.654154,48.711762],[16.654099,48.712177],[16.654081,48.712417],[16.654075,48.712563],[16.654082,48.712718],[16.654101,48.712895],[16.654127,48.713039],[16.654173,48.713254],[16.654276,48.713694],[16.654313,48.713867],[16.654317,48.714039],[16.65433,48.714094],[16.65441,48.714418],[16.654624,48.715296],[16.654772,48.715898],[16.655306,48.717976],[16.656052,48.72088],[16.656211,48.721499],[16.656975,48.724488],[16.657732,48.72745],[16.657834,48.727936],[16.657863,48.728232],[16.657876,48.7286],[16.657847,48.728991],[16.657781,48.729332],[16.657713,48.729578],[16.657598,48.729886],[16.657477,48.730159],[16.657134,48.730864],[16.656715,48.731743],[16.656589,48.732041],[16.656479,48.732345],[16.65643,48.732498],[16.656382,48.732649],[16.656304,48.732957],[16.656238,48.733296],[16.656185,48.733608],[16.656225,48.733762],[16.656226,48.73387],[16.656245,48.73393],[16.656259,48.733967],[16.656318,48.733997],[16.656361,48.734038],[16.656382,48.734085],[16.65638,48.734134],[16.656355,48.734181],[16.656309,48.73422],[16.656246,48.734248],[16.656196,48.734259],[16.656143,48.734263],[16.65609,48.734258],[16.656017,48.734238],[16.655975,48.734215],[16.655942,48.734187],[16.65589,48.734162],[16.6558,48.734145],[16.655378,48.734109],[16.654809,48.734117],[16.654355,48.734121],[16.654056,48.734144],[16.653835,48.734174],[16.653603,48.734218],[16.653332,48.734289],[16.653088,48.734374],[16.652834,48.734485],[16.651991,48.734914],[16.65152,48.735139],[16.650836,48.735431],[16.650131,48.735699],[16.649403,48.735945],[16.648727,48.736144],[16.647968,48.736336],[16.647158,48.73651],[16.646104,48.736729],[16.645522,48.736868],[16.644989,48.737012],[16.644439,48.737178],[16.643911,48.737358],[16.6435,48.737511],[16.642977,48.737726],[16.642618,48.73789],[16.642498,48.737946],[16.642008,48.738195],[16.641604,48.738424],[16.641144,48.738702],[16.640792,48.738929],[16.640356,48.739234],[16.639967,48.73953],[16.639582,48.739852],[16.639185,48.74022],[16.638853,48.740562],[16.638579,48.740876],[16.638323,48.741189],[16.638079,48.741519],[16.637874,48.741814],[16.637708,48.742088],[16.637513,48.742455],[16.637323,48.742885],[16.637205,48.7432],[16.63713,48.743442],[16.637034,48.743792],[16.636962,48.744114],[16.636876,48.74453],[16.636749,48.745064],[16.636591,48.74571],[16.636488,48.746077],[16.636383,48.746482],[16.636234,48.747112],[16.636095,48.747642],[16.635882,48.748459],[16.63574,48.749043],[16.635564,48.749745],[16.635178,48.751217],[16.635006,48.751904],[16.634895,48.752346],[16.634683,48.753201],[16.634512,48.753917],[16.634415,48.754375],[16.634344,48.754736],[16.634295,48.755079],[16.634242,48.755673],[16.634229,48.756174],[16.634243,48.756662],[16.634286,48.757124],[16.63435,48.757614],[16.634468,48.758176],[16.634601,48.758722],[16.634757,48.75916],[16.634991,48.759746],[16.635258,48.760331],[16.635581,48.760974],[16.635888,48.761552],[16.636523,48.76283],[16.637048,48.763876],[16.637587,48.764975],[16.638103,48.766002],[16.639045,48.76789],[16.639803,48.769396],[16.639944,48.769633],[16.640082,48.769834],[16.640177,48.769976],[16.640312,48.770128],[16.640511,48.770327],[16.640656,48.770456],[16.640845,48.770608],[16.641146,48.770812],[16.641389,48.77098],[16.641458,48.771028],[16.6416,48.771136],[16.641736,48.771248],[16.641958,48.771442],[16.641999,48.771479],[16.64204,48.771501],[16.64214,48.771521],[16.64221,48.771524],[16.642277,48.771537],[16.642344,48.771563],[16.6424,48.771599],[16.64244,48.771644],[16.642462,48.771697],[16.642461,48.771753],[16.642438,48.771806],[16.642393,48.771853],[16.642385,48.771905],[16.642388,48.771948],[16.642408,48.772014],[16.642427,48.77209],[16.642431,48.772225],[16.642435,48.772314],[16.642438,48.772459],[16.642407,48.772595],[16.642375,48.772711],[16.64216,48.773366],[16.641772,48.774714],[16.641704,48.774937],[16.641649,48.775116],[16.641429,48.775868],[16.641231,48.776529],[16.641198,48.776644],[16.641138,48.776871],[16.641016,48.777276],[16.640989,48.777364],[16.640919,48.777587],[16.640889,48.777678],[16.640753,48.77816],[16.640714,48.778304],[16.6407,48.778351],[16.640583,48.778761],[16.640458,48.779163],[16.640302,48.779672],[16.640051,48.780501],[16.639659,48.781855],[16.639391,48.782725],[16.639231,48.78328],[16.638566,48.785534],[16.638499,48.785748],[16.63848,48.785829],[16.638452,48.785926],[16.638374,48.786189],[16.638306,48.786399],[16.638208,48.786666],[16.638104,48.786924],[16.638008,48.787132],[16.63789,48.787388],[16.637728,48.787675],[16.637555,48.787945],[16.637397,48.788187],[16.637202,48.788432],[16.636796,48.788899],[16.636733,48.788973],[16.636281,48.789498],[16.636023,48.78979],[16.635537,48.790354],[16.63544,48.790464],[16.635176,48.790775],[16.63513,48.790829],[16.634633,48.791411],[16.634512,48.791586],[16.63437,48.791786],[16.63429,48.791945],[16.634196,48.792126],[16.634116,48.792322],[16.634054,48.792508],[16.634004,48.792701],[16.633964,48.792905],[16.633939,48.793054],[16.633831,48.79369],[16.633697,48.794586],[16.633649,48.794817],[16.633576,48.795262],[16.633551,48.79541],[16.633486,48.795852],[16.633296,48.79695],[16.633203,48.797489],[16.633171,48.797674],[16.6331,48.798013],[16.633062,48.798147],[16.633015,48.798281],[16.63288,48.798586],[16.632732,48.798857],[16.632509,48.799157],[16.63248,48.79919],[16.632219,48.799495],[16.632095,48.799621],[16.631877,48.799827],[16.631738,48.799935],[16.631593,48.800037],[16.63143,48.800142],[16.630777,48.800523],[16.630526,48.800641],[16.630562,48.800673],[16.63058,48.800712],[16.63058,48.800752],[16.630561,48.80079],[16.63052,48.800826],[16.630464,48.800851],[16.630398,48.800861],[16.63033,48.800856],[16.630269,48.800837],[16.630222,48.800805],[16.629942,48.800951],[16.628937,48.801487],[16.628689,48.801629],[16.628372,48.801829],[16.628116,48.802023],[16.62779,48.80231],[16.627713,48.802381],[16.627598,48.802506],[16.627448,48.802678],[16.627339,48.802816],[16.627194,48.803031],[16.627104,48.803186],[16.627015,48.803377],[16.626882,48.803667],[16.626734,48.804122],[16.626661,48.804463],[16.626607,48.804798],[16.626379,48.806146],[16.626443,48.806159],[16.626497,48.806185],[16.626534,48.806222],[16.626549,48.806265],[16.626542,48.806309],[16.626513,48.806348],[16.626465,48.806379],[16.626404,48.806397],[16.626337,48.806401],[16.625746,48.810141],[16.625461,48.811918],[16.625424,48.812146],[16.6253,48.812902],[16.625144,48.813853],[16.625095,48.814152],[16.625004,48.814486],[16.62481,48.815047],[16.624634,48.815482],[16.62428,48.815987],[16.62382,48.816642],[16.62351,48.816918],[16.622707,48.817634],[16.620783,48.818871],[16.619003,48.820243],[16.617417,48.82191],[16.614505,48.825855],[16.61375,48.827237],[16.613414,48.827852],[16.61313,48.828818],[16.612996,48.82935],[16.612892,48.829875],[16.612772,48.830741],[16.612642,48.831682],[16.612554,48.832317],[16.61235,48.833792],[16.611336,48.841121],[16.611318,48.841254],[16.61059,48.846513],[16.610273,48.848723],[16.610106,48.849848],[16.610032,48.850311],[16.609896,48.8513],[16.609856,48.851559],[16.609814,48.851823],[16.609661,48.852714],[16.609608,48.853051],[16.609496,48.853823],[16.609391,48.854525],[16.609348,48.854811],[16.609099,48.856479],[16.608942,48.85752],[16.608778,48.858565],[16.608613,48.859508],[16.608547,48.859848],[16.608451,48.860374],[16.608353,48.860851],[16.608299,48.861107],[16.608268,48.861349],[16.60807,48.862193],[16.607972,48.862603],[16.607794,48.863404],[16.607702,48.863778],[16.607358,48.865035],[16.607212,48.865475],[16.604197,48.877201],[16.603861,48.878143],[16.603603,48.878827],[16.603274,48.879498],[16.603078,48.879829],[16.602939,48.880068],[16.602654,48.880461],[16.602338,48.88085],[16.601986,48.88123],[16.601615,48.881595],[16.600895,48.882207],[16.600287,48.882656],[16.599983,48.882867],[16.599343,48.883339],[16.593467,48.887375],[16.592715,48.887914],[16.592181,48.888336],[16.591817,48.888654],[16.591555,48.888903],[16.591165,48.889325],[16.59091,48.889613],[16.590687,48.88991],[16.590482,48.890212],[16.590213,48.890653],[16.589882,48.89127],[16.589778,48.891481],[16.589667,48.891718],[16.589527,48.892028],[16.589324,48.892483],[16.58912,48.892945],[16.588907,48.893419],[16.588702,48.8939],[16.588659,48.893993],[16.588449,48.894483],[16.58806,48.895386],[16.585405,48.901407],[16.585222,48.901747],[16.585094,48.901961],[16.584874,48.902281],[16.584735,48.902459],[16.584458,48.902784],[16.584126,48.903073],[16.583901,48.903251],[16.583528,48.903507],[16.583251,48.90367],[16.582897,48.903863],[16.582391,48.904083],[16.581981,48.90423],[16.581524,48.904374],[16.580928,48.904531],[16.580318,48.904671],[16.579663,48.904809],[16.579197,48.904908],[16.578502,48.90505],[16.577705,48.905279],[16.577421,48.905348],[16.576084,48.905666],[16.575556,48.905845],[16.575229,48.905966],[16.574839,48.906124],[16.57447,48.906294],[16.573781,48.906645],[16.573171,48.907022],[16.572684,48.907358],[16.572105,48.90782],[16.571548,48.908358],[16.571053,48.908904],[16.56866,48.911901],[16.56809,48.912589],[16.567526,48.913216],[16.566853,48.913845],[16.566316,48.914289],[16.565719,48.914721],[16.565006,48.915163],[16.564228,48.915583],[16.560746,48.91735],[16.560146,48.917662],[16.559115,48.918199],[16.558423,48.918546],[16.557349,48.919083],[16.556427,48.91953],[16.555317,48.920094],[16.553924,48.920805],[16.55324,48.921154],[16.5522,48.921676],[16.551127,48.922217],[16.550151,48.922715],[16.548217,48.923682],[16.547597,48.923993],[16.546489,48.924543],[16.538734,48.928394],[16.536414,48.92955],[16.535779,48.929867],[16.535318,48.930132],[16.534889,48.930414],[16.534518,48.930726],[16.534199,48.931043],[16.533883,48.931388],[16.53362,48.931761],[16.533401,48.932157],[16.533251,48.93254],[16.53313,48.933004],[16.533097,48.933432],[16.53309,48.93378],[16.53322,48.934513],[16.53335,48.935082],[16.533445,48.935532],[16.533542,48.936081],[16.533589,48.936804],[16.533566,48.937527],[16.533496,48.938083],[16.533392,48.938635],[16.533246,48.939171],[16.533128,48.939555],[16.533034,48.939784],[16.532571,48.940762],[16.532123,48.9415],[16.531362,48.942451],[16.530888,48.942994],[16.529883,48.943886],[16.529098,48.944512],[16.526938,48.94613],[16.526401,48.94658],[16.525738,48.947187],[16.525154,48.947807],[16.524646,48.948421],[16.524301,48.948913],[16.524146,48.949149],[16.523998,48.949397],[16.523712,48.949917],[16.523552,48.950248],[16.523303,48.950873],[16.523189,48.951157],[16.52302,48.95167],[16.521923,48.955329],[16.521227,48.957627],[16.520828,48.95896],[16.520807,48.959038],[16.52072,48.959364],[16.52064,48.959761],[16.520533,48.960328],[16.520534,48.960721],[16.520514,48.961113],[16.520492,48.961776],[16.520504,48.962192],[16.520524,48.962557],[16.520539,48.962847],[16.520587,48.963158],[16.52064,48.963511],[16.520736,48.96394],[16.520801,48.964184],[16.520875,48.964456],[16.520979,48.964767],[16.52116,48.965251],[16.521359,48.965696],[16.521546,48.966061],[16.521806,48.966533],[16.522086,48.966989],[16.52243,48.967468],[16.522799,48.967944],[16.523043,48.968228],[16.523304,48.968516],[16.523731,48.968955],[16.52423,48.969418],[16.525008,48.970065],[16.525306,48.970296],[16.525714,48.970593],[16.526186,48.970915],[16.526328,48.971012],[16.526581,48.971176],[16.527455,48.971733],[16.528402,48.972308],[16.529292,48.972829],[16.529663,48.973045],[16.530652,48.973633],[16.531569,48.974194],[16.532407,48.97472],[16.532886,48.97503],[16.53361,48.975508],[16.534522,48.97615],[16.535439,48.976833],[16.536381,48.977575],[16.537,48.978092],[16.537094,48.978166],[16.538057,48.979006],[16.539304,48.980216],[16.539995,48.980933],[16.54057,48.981575],[16.541512,48.982709],[16.541769,48.983029],[16.542308,48.98371],[16.542876,48.984448],[16.543311,48.985054],[16.543707,48.985623],[16.545223,48.987993],[16.545919,48.989248],[16.54618,48.989727],[16.54628,48.989924],[16.546789,48.990926],[16.546949,48.991272],[16.547151,48.99173],[16.547185,48.991808],[16.547343,48.992171],[16.547652,48.992911],[16.548025,48.993912],[16.548347,48.994865],[16.548524,48.995464],[16.548639,48.995897],[16.548819,48.996604],[16.548967,48.997275],[16.549056,48.997755],[16.549204,48.998606],[16.549222,48.998723],[16.549382,48.999867],[16.549462,49.000651],[16.549514,49.001294],[16.54959,49.002618],[16.549636,49.004412],[16.549605,49.006666],[16.549574,49.007524],[16.549547,49.008035],[16.549501,49.008754],[16.549439,49.009627],[16.549361,49.010524],[16.549227,49.011817],[16.549073,49.012973],[16.548801,49.014745],[16.548522,49.016307],[16.548329,49.01728],[16.548106,49.018441],[16.547829,49.019682],[16.547536,49.020954],[16.547263,49.022083],[16.546745,49.024156],[16.546134,49.026519],[16.545479,49.029049],[16.545117,49.030489],[16.5448,49.031795],[16.544444,49.033366],[16.544247,49.034301],[16.544046,49.035337],[16.543872,49.036316],[16.543752,49.037056],[16.543651,49.03778],[16.543481,49.039181],[16.543404,49.04004],[16.543369,49.040433],[16.543328,49.041088],[16.543312,49.041654],[16.54329,49.042552],[16.543297,49.043426],[16.543325,49.044393],[16.543383,49.045413],[16.543429,49.045994],[16.543481,49.046504],[16.543581,49.047395],[16.543725,49.048394],[16.543853,49.04917],[16.544026,49.050054],[16.544164,49.050722],[16.544274,49.051193],[16.544423,49.051802],[16.544557,49.052306],[16.544699,49.052834],[16.544961,49.053703],[16.545275,49.054655],[16.545557,49.055456],[16.54597,49.056542],[16.546088,49.056818],[16.546123,49.056908],[16.546294,49.057321],[16.546549,49.057909],[16.546588,49.058],[16.546973,49.058851],[16.547656,49.060153],[16.547998,49.060749],[16.548335,49.061294],[16.548545,49.061616],[16.548785,49.062003],[16.549521,49.063045],[16.549875,49.063515],[16.550102,49.063813],[16.550537,49.064354],[16.550785,49.06465],[16.550865,49.064749],[16.551381,49.06533],[16.551752,49.065764],[16.552229,49.066308],[16.552974,49.067141],[16.554232,49.068539],[16.555172,49.069584],[16.556893,49.071463],[16.557824,49.072479],[16.559762,49.074559],[16.560184,49.075026],[16.560719,49.075573],[16.561176,49.07603],[16.56209,49.076892],[16.562868,49.077586],[16.563252,49.077905],[16.563941,49.078456],[16.56461,49.07897],[16.565303,49.079475],[16.565603,49.079687],[16.566155,49.080067],[16.567158,49.080702],[16.56762,49.080986],[16.568136,49.081293],[16.568859,49.081703],[16.569945,49.08228],[16.570787,49.0827],[16.571509,49.083047],[16.572547,49.083515],[16.573373,49.083864],[16.574324,49.084247],[16.575487,49.08468],[16.576593,49.085067],[16.57768,49.085419],[16.581527,49.086605],[16.583342,49.087197],[16.584432,49.087571],[16.584897,49.087739],[16.585025,49.087785],[16.585086,49.087808],[16.585886,49.088102],[16.58633,49.088277],[16.586892,49.088505],[16.587226,49.088645],[16.587915,49.088944],[16.588514,49.089221],[16.588909,49.089409],[16.589317,49.089608],[16.589688,49.089795],[16.590324,49.090128],[16.590735,49.090353],[16.591387,49.090723],[16.592027,49.091101],[16.592527,49.09142],[16.59302,49.091742],[16.593528,49.092086],[16.593825,49.092293],[16.594193,49.092562],[16.594518,49.092802],[16.594936,49.093123],[16.595259,49.093382],[16.595618,49.093678],[16.595974,49.093983],[16.596543,49.094498],[16.59664,49.094585],[16.596675,49.094617],[16.59737,49.09529],[16.597826,49.095755],[16.598362,49.096355],[16.598946,49.097044],[16.59941,49.097643],[16.599938,49.098332],[16.600228,49.098691],[16.600338,49.098843],[16.601074,49.09985],[16.601436,49.100366],[16.601728,49.100787],[16.602198,49.101541],[16.602442,49.101957],[16.602885,49.102701],[16.603208,49.1034],[16.603367,49.103759],[16.603659,49.104409],[16.604031,49.105356],[16.60415,49.10567],[16.604256,49.106022],[16.604581,49.107152],[16.604706,49.107734],[16.60483,49.108354],[16.604889,49.108682],[16.604953,49.109085],[16.604997,49.109403],[16.605062,49.11009],[16.605098,49.110519],[16.605122,49.111384],[16.605118,49.112039],[16.60507,49.113105],[16.605022,49.113717],[16.604514,49.11918],[16.604291,49.122071],[16.60421,49.122946],[16.604197,49.123086],[16.604128,49.123861],[16.603997,49.125356],[16.603939,49.126293],[16.603926,49.126588],[16.603888,49.127526],[16.60388,49.12782],[16.603868,49.128885],[16.603871,49.129353],[16.603872,49.129489],[16.603907,49.131901],[16.603903,49.133713],[16.603745,49.135876],[16.603724,49.136315],[16.60347,49.138211],[16.601937,49.147472],[16.600726,49.154336],[16.600455,49.155936],[16.600292,49.156895],[16.600214,49.157305],[16.600167,49.157599],[16.600153,49.157685],[16.599876,49.15924],[16.599824,49.159559],[16.599718,49.160179],[16.599739,49.160248],[16.599771,49.160316],[16.599813,49.160381],[16.599865,49.160442],[16.599927,49.160501],[16.600007,49.160556],[16.600075,49.160584],[16.600148,49.160605],[16.600226,49.160619],[16.600305,49.160625],[16.600382,49.160623],[16.600458,49.160615],[16.600532,49.160599],[16.600601,49.160577],[16.600666,49.160549],[16.600724,49.160513],[16.600771,49.160472],[16.600807,49.160426],[16.600831,49.160377],[16.600842,49.160327],[16.60084,49.160276],[16.600825,49.160227],[16.600798,49.160179],[16.600754,49.160134],[16.6007,49.160092],[16.600637,49.160057],[16.600578,49.160032],[16.600505,49.160011],[16.600436,49.159997],[16.600349,49.159979],[16.599897,49.159912],[16.599256,49.159985],[16.59871,49.160046],[16.597474,49.160191],[16.596627,49.160287],[16.594653,49.160513],[16.591518,49.160873],[16.588516,49.161217],[16.588091,49.161265],[16.587475,49.161322],[16.586715,49.161391],[16.586144,49.161429],[16.584885,49.161495],[16.584012,49.161522],[16.58345,49.161527],[16.582844,49.161518],[16.58195,49.161495],[16.581424,49.161473],[16.580969,49.161448],[16.580522,49.161419],[16.579828,49.161364],[16.578962,49.161284],[16.578781,49.161264],[16.575147,49.160861],[16.57448,49.160805],[16.573762,49.160753],[16.573116,49.160722],[16.572375,49.160698],[16.571607,49.160692],[16.570705,49.160704],[16.569978,49.16073],[16.569245,49.160773],[16.568483,49.160833],[16.56815,49.160862],[16.567434,49.160939],[16.566768,49.161029],[16.565993,49.16115],[16.565208,49.161285],[16.564208,49.161486],[16.563801,49.16158],[16.562449,49.161933],[16.561878,49.162096],[16.561195,49.16231],[16.55749,49.163568],[16.557205,49.163665],[16.55703,49.163721],[16.556126,49.164024],[16.555202,49.164336],[16.554665,49.164518],[16.550433,49.16595],[16.550008,49.166093],[16.549373,49.166274],[16.547739,49.166735],[16.546732,49.167012],[16.545843,49.167246],[16.545495,49.167342],[16.544262,49.167645],[16.543501,49.167816],[16.540686,49.168445],[16.539412,49.16868],[16.539112,49.168734],[16.537399,49.169043],[16.535046,49.169406],[16.523654,49.170838],[16.523435,49.170864],[16.521833,49.171071],[16.520983,49.171206],[16.520186,49.17135],[16.519495,49.171504],[16.518764,49.171672],[16.518183,49.17183],[16.517642,49.171989],[16.516574,49.172335],[16.515542,49.172696],[16.514006,49.173292],[16.512644,49.173793],[16.51181,49.174068],[16.510746,49.174392],[16.509546,49.174693],[16.50909,49.174799],[16.508353,49.174969],[16.507569,49.175135],[16.506682,49.175291],[16.505247,49.175512],[16.504228,49.175651],[16.503745,49.175712],[16.50187,49.175965],[16.500156,49.176212],[16.49889,49.176421],[16.498144,49.176548],[16.497439,49.176689],[16.496192,49.176969],[16.495071,49.177246],[16.49338,49.177716],[16.491715,49.178254],[16.49128,49.178404],[16.48974,49.178936],[16.489248,49.179111],[16.48743,49.17978],[16.483404,49.18119],[16.481631,49.181785],[16.480143,49.182235],[16.478793,49.182621],[16.477509,49.182953],[16.476604,49.183177],[16.474486,49.183652],[16.473064,49.18394],[16.4717,49.184189],[16.470126,49.184472],[16.469986,49.184496],[16.46739,49.184967],[16.464377,49.185507],[16.459841,49.186323],[16.457974,49.186657],[16.456091,49.186997],[16.454845,49.18722],[16.453047,49.187537],[16.452348,49.187673],[16.450696,49.187994],[16.450128,49.188109],[16.448473,49.188478],[16.447361,49.188733],[16.446149,49.189044],[16.444802,49.189409],[16.443698,49.189731],[16.442601,49.190066],[16.441509,49.190434],[16.440251,49.190858],[16.439669,49.191067],[16.439246,49.19123],[16.43917,49.19126],[16.438001,49.191712],[16.436917,49.192153],[16.436113,49.192497],[16.435533,49.192758],[16.434842,49.193077],[16.432934,49.193997],[16.432001,49.194486],[16.431156,49.194949],[16.430129,49.195531],[16.42889,49.196276],[16.427366,49.197265],[16.426508,49.197876],[16.425601,49.198579],[16.424872,49.199173],[16.424421,49.199585],[16.424018,49.199948],[16.423477,49.20047],[16.422608,49.20135],[16.421865,49.202224],[16.421509,49.202659],[16.421157,49.203124],[16.420625,49.20387],[16.420292,49.204377],[16.420052,49.204764],[16.420013,49.204831],[16.419966,49.204911],[16.419448,49.2058],[16.418595,49.207352],[16.418057,49.208356],[16.417924,49.208599],[16.417536,49.209224],[16.417251,49.209683],[16.416846,49.21028],[16.416428,49.210874],[16.416085,49.211307],[16.415379,49.212152],[16.414687,49.212893],[16.414132,49.213422],[16.413508,49.213992],[16.412936,49.214479],[16.412357,49.214937],[16.411486,49.215582],[16.410932,49.215966],[16.410528,49.216227],[16.40998,49.216568],[16.409441,49.216896],[16.408691,49.217315],[16.408031,49.217674],[16.40715,49.218108],[16.406291,49.218511],[16.405661,49.218782],[16.404811,49.219127],[16.404023,49.219426],[16.403137,49.219738],[16.402228,49.220034],[16.401192,49.220369],[16.399253,49.220946],[16.398019,49.221315],[16.396624,49.221748],[16.395778,49.222035],[16.394711,49.222419],[16.393891,49.222746],[16.393064,49.223107],[16.392129,49.223545],[16.391316,49.223957],[16.390559,49.224381],[16.389555,49.224984],[16.388816,49.22547],[16.388137,49.225948],[16.387224,49.226652],[16.386733,49.227094],[16.386024,49.227743],[16.3852,49.228561],[16.383484,49.230344],[16.383149,49.230661],[16.382799,49.230996],[16.38237,49.231383],[16.381958,49.231719],[16.381155,49.23236],[16.380667,49.232712],[16.380124,49.233079],[16.379373,49.233576],[16.378802,49.233938],[16.377301,49.234884],[16.376348,49.235491],[16.375694,49.235932],[16.375034,49.2364],[16.373974,49.237213],[16.373253,49.237808],[16.372493,49.238472],[16.37174,49.23916],[16.369013,49.241648],[16.368494,49.242109],[16.367427,49.242997],[16.3667,49.243527],[16.365973,49.244032],[16.365262,49.244486],[16.364542,49.244923],[16.363507,49.245528],[16.362449,49.246137],[16.361288,49.246806],[16.358944,49.248157],[16.356609,49.249506],[16.354953,49.25046],[16.353348,49.251387],[16.351795,49.252287],[16.350266,49.253139],[16.349228,49.253691],[16.348122,49.254219],[16.346532,49.254902],[16.345613,49.25524],[16.344694,49.255562],[16.343483,49.255932],[16.342526,49.256201],[16.341555,49.256437],[16.340575,49.25667],[16.339597,49.256859],[16.338425,49.257053],[16.337449,49.257182],[16.336504,49.25729],[16.335511,49.257377],[16.334564,49.257438],[16.333421,49.257484],[16.331501,49.257526],[16.32451,49.257661],[16.322514,49.257741],[16.32019,49.257919],[16.319573,49.257981],[16.318216,49.25815],[16.317691,49.258233],[16.316916,49.258347],[16.315994,49.258509],[16.315137,49.258673],[16.313962,49.258927],[16.313211,49.259103],[16.312146,49.259376],[16.31158,49.259531],[16.310679,49.259792],[16.309663,49.26011],[16.308713,49.260429],[16.307855,49.260747],[16.306951,49.261092],[16.30591,49.26151],[16.304805,49.261967],[16.30372,49.262419],[16.302441,49.262938],[16.300498,49.263744],[16.298951,49.264378],[16.297944,49.264796],[16.29617,49.265526],[16.294562,49.266186],[16.292797,49.266902],[16.291874,49.267251],[16.290874,49.26761],[16.289798,49.267961],[16.289211,49.268146],[16.288449,49.268368],[16.287382,49.268653],[16.286955,49.268759],[16.286442,49.268885],[16.286097,49.268964],[16.285725,49.269046],[16.285291,49.269139],[16.284902,49.269221],[16.284509,49.269301],[16.283709,49.269449],[16.283433,49.269498],[16.283099,49.269554],[16.282837,49.269599],[16.282575,49.269639],[16.282302,49.269682],[16.282083,49.269713],[16.281532,49.269789],[16.280969,49.26986],[16.280079,49.269967],[16.279509,49.270022],[16.278933,49.270076],[16.278529,49.27011],[16.278116,49.270141],[16.277446,49.270191],[16.2768,49.270236],[16.27527,49.270342],[16.272826,49.270509],[16.271615,49.270596],[16.2698,49.270724],[16.267664,49.270871],[16.265555,49.271017],[16.263363,49.271163],[16.261669,49.271277],[16.25992,49.271383],[16.259066,49.271432],[16.257715,49.271506],[16.255903,49.2716],[16.253743,49.271699],[16.251002,49.271821],[16.249042,49.271909],[16.24763,49.271966],[16.246235,49.272031],[16.243967,49.272137],[16.242455,49.272217],[16.241559,49.272277],[16.240715,49.272358],[16.239226,49.272534],[16.237453,49.272809],[16.235911,49.273094],[16.235116,49.273266],[16.234852,49.273326],[16.234099,49.273495],[16.233123,49.27374],[16.232411,49.273922],[16.230391,49.274443],[16.22936,49.274713],[16.227635,49.275147],[16.225988,49.275547],[16.225638,49.275626],[16.225252,49.275712],[16.224944,49.275782],[16.223393,49.276123],[16.222241,49.276362],[16.221089,49.276602],[16.219014,49.277022],[16.214444,49.277823],[16.211411,49.27842],[16.209326,49.27887],[16.208009,49.279186],[16.207347,49.279361],[16.206703,49.279531],[16.206391,49.279617],[16.20418,49.280253],[16.203152,49.280592],[16.202155,49.280931],[16.201038,49.281319],[16.200089,49.281671],[16.198558,49.282285],[16.197115,49.282898],[16.196142,49.283344],[16.195384,49.283696],[16.194701,49.284026],[16.194041,49.284357],[16.193397,49.284686],[16.190292,49.28639],[16.188887,49.287203],[16.187353,49.288082],[16.187159,49.28819],[16.182233,49.290989],[16.178438,49.293011],[16.174747,49.294765],[16.172267,49.295803],[16.170984,49.296324],[16.169704,49.296827],[16.167067,49.297783],[16.165745,49.298235],[16.164422,49.298668],[16.16259,49.299234],[16.162318,49.299316],[16.161852,49.29945],[16.160308,49.299894],[16.158448,49.300387],[16.155699,49.301057],[16.152853,49.30168],[16.151439,49.30196],[16.148783,49.302437],[16.147728,49.302613],[16.144899,49.303053],[16.1421,49.303465],[16.141898,49.303493],[16.134862,49.304517],[16.132136,49.304922],[16.129521,49.30536],[16.127839,49.305678],[16.126374,49.305985],[16.124705,49.306368],[16.12309,49.306787],[16.121563,49.307213],[16.119823,49.307746],[16.118197,49.308292],[16.116415,49.308923],[16.11472,49.309594],[16.113582,49.310071],[16.111344,49.311091],[16.109368,49.312067],[16.10843,49.312542],[16.105146,49.31422],[16.103817,49.314871],[16.10313,49.315186],[16.102493,49.315471],[16.101628,49.315852],[16.100803,49.316187],[16.099947,49.316516],[16.099056,49.316841],[16.098283,49.317111],[16.097521,49.317365],[16.096314,49.317756],[16.095067,49.318144],[16.092407,49.318955],[16.092124,49.319039],[16.090371,49.31958],[16.088808,49.320101],[16.087714,49.320529],[16.086602,49.320965],[16.084007,49.322256],[16.081879,49.323549],[16.081128,49.324074],[16.081009,49.324163],[16.080579,49.32447],[16.079832,49.325066],[16.07912,49.325659],[16.076253,49.328105],[16.075754,49.328498],[16.075133,49.328936],[16.074356,49.329472],[16.073483,49.330004],[16.072568,49.330542],[16.071748,49.330966],[16.070893,49.331393],[16.069314,49.332125],[16.068062,49.332698],[16.067938,49.332755],[16.067776,49.332829],[16.067094,49.333139],[16.065588,49.333827],[16.063282,49.334881],[16.061523,49.3357],[16.059778,49.336549],[16.057597,49.337718],[16.052951,49.340565],[16.051851,49.341227],[16.049977,49.342278],[16.049124,49.342749],[16.048121,49.343282],[16.043622,49.345655],[16.042655,49.346163],[16.041447,49.346828],[16.040886,49.347154],[16.040524,49.347373],[16.039732,49.34788],[16.038683,49.348599],[16.037932,49.349157],[16.037219,49.349733],[16.036161,49.350675],[16.034778,49.351892],[16.034368,49.352221],[16.03394,49.352554],[16.033341,49.35298],[16.032546,49.353518],[16.031726,49.35402],[16.03039,49.354718],[16.029754,49.355043],[16.028531,49.355587],[16.027616,49.355946],[16.02674,49.356245],[16.025716,49.35659],[16.023228,49.357358],[16.022211,49.357679],[16.021674,49.357868],[16.020771,49.358198],[16.020171,49.358435],[16.019609,49.358675],[16.018588,49.359126],[16.017741,49.359508],[16.016866,49.359887],[16.015673,49.360378],[16.014867,49.36068],[16.014057,49.360964],[16.012683,49.361393],[16.011669,49.361676],[16.010926,49.361871],[16.010195,49.362038],[16.008857,49.362325],[16.007504,49.362572],[16.006026,49.362782],[16.005224,49.362884],[16.004366,49.362973],[16.003553,49.363039],[16.002716,49.363092],[16.000567,49.363183],[15.998658,49.363291],[15.997293,49.363392],[15.996105,49.363502],[15.994951,49.36364],[15.993894,49.363773],[15.992588,49.363969],[15.991274,49.364197],[15.98986,49.36448],[15.988613,49.364769],[15.988019,49.364905],[15.987544,49.365023],[15.986412,49.365325],[15.986199,49.365384],[15.985204,49.365677],[15.984568,49.365876],[15.98327,49.366304],[15.981527,49.366907],[15.978158,49.368068],[15.975245,49.369077],[15.974141,49.369458],[15.972551,49.370006],[15.97221,49.370125],[15.97148,49.370377],[15.970173,49.370833],[15.968263,49.371482],[15.96509,49.372555],[15.964448,49.372763],[15.96189,49.373594],[15.961533,49.373709],[15.958698,49.374627],[15.95594,49.375535],[15.953957,49.376172],[15.952225,49.376728],[15.951872,49.376841],[15.950707,49.37722],[15.950549,49.377272],[15.947934,49.378121],[15.947038,49.378403],[15.944818,49.37913],[15.94183,49.380095],[15.9397,49.380791],[15.93445,49.382488],[15.934146,49.382586],[15.927865,49.384619],[15.92464,49.385663],[15.921058,49.386833],[15.920686,49.386954],[15.918587,49.387627],[15.917604,49.387937],[15.915912,49.388436],[15.914784,49.388747],[15.913935,49.388952],[15.913094,49.389143],[15.912516,49.389273],[15.911966,49.389386],[15.910801,49.389619],[15.908163,49.390129],[15.90576,49.390589],[15.904048,49.390961],[15.902624,49.391307],[15.901763,49.391529],[15.900964,49.391752],[15.899208,49.39226],[15.898105,49.392611],[15.897088,49.392952],[15.896778,49.393057],[15.893672,49.394142],[15.890801,49.395191],[15.888752,49.395898],[15.887242,49.396363],[15.885858,49.39674],[15.885174,49.396902],[15.884144,49.397116],[15.883428,49.397248],[15.883034,49.397322],[15.882575,49.397394],[15.881912,49.397504],[15.881491,49.397557],[15.880399,49.397686],[15.878495,49.397871],[15.876168,49.398084],[15.873994,49.398307],[15.872556,49.398508],[15.871165,49.398713],[15.868562,49.399165],[15.866878,49.399461],[15.866495,49.399527],[15.865026,49.399792],[15.863037,49.400148],[15.858007,49.401043],[15.854509,49.40167],[15.845361,49.403292],[15.845091,49.403338],[15.84376,49.40358],[15.84298,49.403701],[15.841499,49.403919],[15.839589,49.404175],[15.837098,49.404474],[15.835979,49.40458],[15.833906,49.404762],[15.832887,49.404842],[15.831782,49.404919],[15.829842,49.405029],[15.827788,49.405158],[15.827088,49.405209],[15.825218,49.405352],[15.823172,49.405542],[15.823016,49.405554],[15.821686,49.405685],[15.819012,49.405999],[15.817566,49.406198],[15.815576,49.406461],[15.815295,49.406498],[15.814263,49.406644],[15.812554,49.406869],[15.811452,49.407004],[15.810282,49.407145],[15.809493,49.407236],[15.808666,49.407317],[15.807868,49.407389],[15.806927,49.40747],[15.805801,49.407554],[15.805654,49.407564],[15.804589,49.407629],[15.803696,49.407663],[15.802016,49.40772],[15.800872,49.407731],[15.800027,49.407729],[15.798769,49.407724],[15.797363,49.407696],[15.796161,49.407649],[15.794992,49.407606],[15.793203,49.407519],[15.789571,49.407344],[15.787804,49.407276],[15.78627,49.407243],[15.784807,49.407242],[15.783372,49.407268],[15.782353,49.407307],[15.781432,49.407361],[15.780506,49.407428],[15.779628,49.407498],[15.778565,49.407602],[15.777668,49.4077],[15.776444,49.407846],[15.775327,49.407985],[15.773411,49.408238],[15.77212,49.408407],[15.771138,49.408526],[15.770132,49.408644],[15.7692,49.408751],[15.768089,49.408851],[15.766845,49.408939],[15.765493,49.409005],[15.764048,49.409036],[15.762728,49.40904],[15.761057,49.40902],[15.759316,49.40897],[15.757458,49.408949],[15.755705,49.408941],[15.755287,49.408947],[15.75333,49.408989],[15.752147,49.409057],[15.75083,49.409149],[15.749878,49.409249],[15.748942,49.409347],[15.747488,49.409513],[15.745066,49.409814],[15.741649,49.410233],[15.74104,49.410307],[15.74013,49.410422],[15.737322,49.410745],[15.735748,49.410928],[15.734468,49.411059],[15.732819,49.411219],[15.730276,49.411448],[15.728661,49.411582],[15.726484,49.411734],[15.724182,49.411903],[15.723695,49.411937],[15.722464,49.412035],[15.721069,49.412178],[15.720222,49.412286],[15.718905,49.412502],[15.718382,49.41259],[15.717362,49.412792],[15.716061,49.413098],[15.715013,49.41339],[15.713667,49.413788],[15.713016,49.414006],[15.712381,49.414237],[15.711172,49.41471],[15.710161,49.415151],[15.707594,49.416386],[15.702531,49.418855],[15.700874,49.419591],[15.699535,49.420127],[15.698466,49.42051],[15.697497,49.420842],[15.697074,49.420978],[15.695917,49.421314],[15.695136,49.421533],[15.693954,49.421826],[15.692893,49.422064],[15.691778,49.422291],[15.691049,49.422424],[15.690059,49.422583],[15.689253,49.422697],[15.688407,49.422816],[15.687913,49.422879],[15.687589,49.422921],[15.685664,49.423159],[15.684728,49.423263],[15.682986,49.423495],[15.682203,49.423587],[15.680634,49.423758],[15.67861,49.424008],[15.677095,49.424203],[15.675732,49.424397],[15.674285,49.424613],[15.672979,49.424825],[15.672127,49.424977],[15.671245,49.425148],[15.670419,49.425317],[15.66971,49.425468],[15.668981,49.42563],[15.668011,49.425862],[15.66703,49.426105],[15.665577,49.4265],[15.664819,49.426716],[15.664037,49.42696],[15.662923,49.427313],[15.661594,49.427762],[15.659644,49.428477],[15.658917,49.428764],[15.658251,49.429038],[15.657217,49.429481],[15.656093,49.429986],[15.655315,49.430353],[15.653114,49.431479],[15.65219,49.431946],[15.651478,49.432305],[15.650275,49.432945],[15.648668,49.433793],[15.647327,49.434502],[15.646757,49.434793],[15.645477,49.435486],[15.644449,49.436044],[15.643447,49.436553],[15.642464,49.437063],[15.640912,49.437858],[15.639799,49.438429],[15.638474,49.439083],[15.636972,49.43983],[15.636015,49.440287],[15.634483,49.441014],[15.632339,49.44204],[15.631162,49.442584],[15.629942,49.443132],[15.628246,49.443914],[15.626335,49.444773],[15.621065,49.447137],[15.617382,49.448768],[15.617216,49.448839],[15.615178,49.449752],[15.613776,49.450389],[15.613404,49.450549],[15.612074,49.451139],[15.611547,49.451365],[15.610866,49.451642],[15.610269,49.451874],[15.609777,49.452044],[15.6086,49.452439],[15.607911,49.452633],[15.607122,49.452862],[15.606501,49.453004],[15.605903,49.453139],[15.60543,49.453235],[15.604656,49.453383],[15.60416,49.453465],[15.603637,49.453547],[15.602476,49.4537],[15.602181,49.45373],[15.601257,49.453824],[15.600355,49.453893],[15.599673,49.453946],[15.598806,49.454005],[15.597877,49.454077],[15.597037,49.454154],[15.596367,49.454229],[15.595751,49.454311],[15.595174,49.4544],[15.594283,49.454569],[15.593575,49.454721],[15.593042,49.454851],[15.592153,49.45509],[15.591682,49.455231],[15.59114,49.455407],[15.590547,49.455619],[15.589851,49.455891],[15.588865,49.45631],[15.588108,49.456675],[15.587753,49.456865],[15.587009,49.457284],[15.586485,49.457604],[15.585781,49.458083],[15.584903,49.458778],[15.584325,49.459293],[15.583768,49.459816],[15.5829,49.460676],[15.582485,49.46114],[15.581294,49.46242],[15.580309,49.463431],[15.579889,49.463834],[15.579525,49.464155],[15.579173,49.464459],[15.578837,49.464725],[15.578512,49.464968],[15.577794,49.465456],[15.577232,49.465776],[15.57679,49.466015],[15.576047,49.466371],[15.575192,49.466734],[15.573592,49.467333],[15.572853,49.467613],[15.571972,49.467978],[15.571454,49.468209],[15.570962,49.468455],[15.570298,49.468826],[15.569758,49.469168],[15.569341,49.469466],[15.568917,49.4698],[15.568485,49.470182],[15.568193,49.470442],[15.567809,49.470858],[15.567568,49.471153],[15.567351,49.471433],[15.56704,49.471874],[15.566779,49.472281],[15.566532,49.472677],[15.566053,49.473442],[15.565776,49.473841],[15.5655,49.474218],[15.565098,49.474712],[15.564675,49.475161],[15.564428,49.475386],[15.564156,49.475624],[15.563635,49.476046],[15.563012,49.476479],[15.562665,49.476696],[15.562231,49.476947],[15.561707,49.477224],[15.561055,49.477526],[15.560476,49.477764],[15.559906,49.477975],[15.559399,49.478143],[15.55902,49.478256],[15.558601,49.47837],[15.558123,49.478491],[15.557641,49.478598],[15.557068,49.478707],[15.556035,49.478881],[15.55511,49.479019],[15.553732,49.479227],[15.551104,49.479616],[15.549724,49.479819],[15.547887,49.480092],[15.546504,49.480296],[15.545014,49.480516],[15.543402,49.480758],[15.541153,49.481096],[15.540919,49.481131],[15.539765,49.481316],[15.538642,49.481501],[15.537181,49.481762],[15.535726,49.482044],[15.534299,49.482344],[15.532936,49.482659],[15.531299,49.483064],[15.530734,49.483216],[15.529925,49.483427],[15.528537,49.483815],[15.527892,49.483992],[15.526572,49.484376],[15.525149,49.484788],[15.522338,49.485615],[15.521567,49.485828],[15.51951,49.486409],[15.518433,49.486716],[15.517178,49.487048],[15.515531,49.487486],[15.51519,49.487573],[15.513119,49.488094],[15.511908,49.488381],[15.510816,49.488641],[15.509853,49.488864],[15.507954,49.489295],[15.507203,49.48946],[15.505361,49.489859],[15.502701,49.490448],[15.500433,49.490943],[15.496665,49.491769],[15.494673,49.492213],[15.492813,49.492643],[15.491916,49.492858],[15.491034,49.493085],[15.49019,49.493313],[15.489405,49.49354],[15.488705,49.493754],[15.48781,49.494038],[15.486922,49.494344],[15.486145,49.49463],[15.485333,49.494946],[15.484545,49.49527],[15.483785,49.495609],[15.483049,49.495954],[15.482348,49.4963],[15.481686,49.496644],[15.481067,49.496977],[15.480508,49.497296],[15.47994,49.497629],[15.479407,49.49796],[15.47902,49.498209],[15.478523,49.498535],[15.477826,49.499023],[15.477321,49.49939],[15.476758,49.499829],[15.476385,49.500128],[15.4759,49.500532],[15.47545,49.500918],[15.475112,49.501225],[15.474647,49.501632],[15.474364,49.501888],[15.474001,49.502202],[15.473522,49.502615],[15.473037,49.50301],[15.472548,49.503396],[15.472053,49.503756],[15.471479,49.50416],[15.470927,49.504521],[15.469984,49.505108],[15.468888,49.50578],[15.46818,49.506225],[15.467455,49.506695],[15.466618,49.50727],[15.466129,49.507625],[15.465478,49.508133],[15.46512,49.508434],[15.464782,49.508733],[15.464319,49.509155],[15.463894,49.509576],[15.463635,49.509848],[15.463369,49.510131],[15.463143,49.510388],[15.462885,49.510695],[15.462433,49.511251],[15.461869,49.511995],[15.461413,49.512593],[15.460951,49.513172],[15.460569,49.513599],[15.460227,49.513948],[15.459833,49.514313],[15.459388,49.514692],[15.458794,49.515134],[15.458178,49.515541],[15.457521,49.515937],[15.456778,49.516329],[15.456158,49.516617],[15.455511,49.516891],[15.45491,49.517117],[15.45451,49.517255],[15.454105,49.517395],[15.453487,49.517572],[15.452963,49.517706],[15.45248,49.517816],[15.452014,49.517912],[15.451187,49.518061],[15.450592,49.518151],[15.449999,49.518238],[15.449232,49.518306],[15.448504,49.518351],[15.447949,49.518366],[15.44729,49.518365],[15.44661,49.51835],[15.446086,49.518317],[15.445562,49.518281],[15.444977,49.518228],[15.444398,49.518157],[15.443443,49.518008],[15.441672,49.51768],[15.440411,49.51744],[15.439241,49.517247],[15.43873,49.517175],[15.438064,49.517093],[15.437487,49.517032],[15.436536,49.516948],[15.435851,49.516903],[15.435153,49.516866],[15.433755,49.516794],[15.432367,49.516724],[15.430987,49.516634],[15.430203,49.516566],[15.429387,49.516485],[15.428651,49.5164],[15.42793,49.516312],[15.426799,49.516167],[15.425423,49.515963],[15.423953,49.515757],[15.422307,49.515543],[15.421127,49.515396],[15.420133,49.51529],[15.419486,49.515228],[15.418549,49.515149],[15.417357,49.515075],[15.416541,49.515038],[15.415714,49.515011],[15.414983,49.515003],[15.414211,49.514998],[15.41346,49.515004],[15.412604,49.515025],[15.41123,49.515084],[15.409846,49.515174],[15.409089,49.515245],[15.407815,49.515376],[15.406661,49.515524],[15.405283,49.515728],[15.403872,49.515981],[15.403232,49.516108],[15.402413,49.51628],[15.401162,49.516575],[15.399777,49.516938],[15.399096,49.517124],[15.39844,49.517325],[15.397087,49.517743],[15.395568,49.518249],[15.394041,49.518774],[15.391045,49.519843],[15.389571,49.52037],[15.388101,49.520888],[15.386561,49.521407],[15.385042,49.521893],[15.383853,49.522252],[15.382658,49.522594],[15.381441,49.522905],[15.380209,49.523196],[15.379624,49.523323],[15.378051,49.523657],[15.377013,49.523846],[15.376023,49.524008],[15.375698,49.524057],[15.374231,49.524272],[15.372799,49.524451],[15.371491,49.524588],[15.370175,49.524704],[15.369072,49.524792],[15.367891,49.524879],[15.367496,49.524902],[15.365457,49.525025],[15.357074,49.525464],[15.35604,49.52552],[15.355255,49.525572],[15.354477,49.525633],[15.353408,49.52573],[15.35283,49.525794],[15.352384,49.525854],[15.351943,49.525918],[15.351005,49.52607],[15.350249,49.526206],[15.34995,49.526263],[15.349185,49.526429],[15.348728,49.526528],[15.347972,49.526715],[15.347484,49.526844],[15.347021,49.526979],[15.346413,49.52716],[15.345953,49.527307],[15.345396,49.527492],[15.344833,49.527694],[15.34409,49.527971],[15.343271,49.528312],[15.342631,49.528596],[15.342054,49.52887],[15.341297,49.529246],[15.340755,49.529533],[15.340267,49.529813],[15.339604,49.530206],[15.339062,49.530558],[15.3387,49.530801],[15.338357,49.531042],[15.337971,49.531317],[15.337457,49.531712],[15.336964,49.532121],[15.336513,49.532504],[15.33616,49.532833],[15.335821,49.53316],[15.335506,49.533477],[15.335213,49.533782],[15.334816,49.534244],[15.334666,49.534418],[15.334315,49.53485],[15.333993,49.535282],[15.333828,49.535507],[15.333489,49.536016],[15.333268,49.53638],[15.33304,49.536776],[15.332791,49.537252],[15.332515,49.537802],[15.332291,49.538281],[15.332081,49.538799],[15.331858,49.539403],[15.331702,49.539876],[15.331322,49.541123],[15.330997,49.542329],[15.330558,49.544018],[15.330107,49.545693],[15.32972,49.546916],[15.329287,49.548103],[15.328742,49.549304],[15.328095,49.550487],[15.327632,49.551211],[15.327148,49.551881],[15.326861,49.552243],[15.326543,49.552624],[15.325885,49.553352],[15.325371,49.55387],[15.324839,49.554396],[15.323983,49.555112],[15.323072,49.555811],[15.322063,49.556516],[15.3211,49.557116],[15.3202,49.557638],[15.319752,49.557878],[15.319281,49.558117],[15.318667,49.558421],[15.318084,49.558688],[15.317328,49.559019],[15.316489,49.559359],[15.315556,49.5597],[15.314773,49.55997],[15.313898,49.560242],[15.313071,49.56048],[15.312239,49.560699],[15.311422,49.560894],[15.310487,49.56109],[15.309524,49.561269],[15.30869,49.561407],[15.307823,49.561532],[15.306219,49.561703],[15.303206,49.561994],[15.302035,49.5621],[15.300847,49.562222],[15.299693,49.562348],[15.298596,49.562523],[15.297179,49.562788],[15.296494,49.562932],[15.295776,49.563112],[15.294384,49.5635],[15.293417,49.563796],[15.292437,49.564121],[15.291629,49.56442],[15.290951,49.564682],[15.290301,49.564952],[15.28969,49.565223],[15.289114,49.565485],[15.288652,49.565703],[15.287262,49.566378],[15.286299,49.56684],[15.285706,49.567123],[15.284651,49.567603],[15.284092,49.567837],[15.283948,49.567897],[15.282955,49.568287],[15.282175,49.568568],[15.278869,49.569688],[15.276927,49.570373],[15.275977,49.570747],[15.275034,49.571155],[15.273358,49.57197],[15.272588,49.572394],[15.271847,49.572829],[15.270861,49.573467],[15.269928,49.574125],[15.269281,49.574637],[15.268655,49.575155],[15.268065,49.575663],[15.266923,49.576704],[15.265752,49.577786],[15.264595,49.578852],[15.262269,49.581014],[15.260773,49.582378],[15.260169,49.58292],[15.259891,49.583174],[15.259599,49.583429],[15.258996,49.583935],[15.258389,49.584417],[15.257755,49.584883],[15.257127,49.585314],[15.256456,49.585753],[15.255751,49.586177],[15.254365,49.586927],[15.253645,49.587291],[15.252926,49.587623],[15.251646,49.588169],[15.250342,49.588692],[15.2481,49.589568],[15.24698,49.590023],[15.246438,49.590254],[15.245911,49.590487],[15.244794,49.591007],[15.244284,49.591257],[15.243792,49.591515],[15.242794,49.592045],[15.24181,49.592592],[15.240723,49.593217],[15.240368,49.593414],[15.239696,49.593791],[15.239247,49.594046],[15.238629,49.594391],[15.237687,49.594914],[15.236716,49.595429],[15.23582,49.595888],[15.234928,49.596328],[15.234061,49.596723],[15.2334,49.597014],[15.232774,49.597276],[15.232165,49.59751],[15.231992,49.597573],[15.231146,49.597869],[15.230214,49.598172],[15.229549,49.598364],[15.228859,49.598539],[15.228289,49.598677],[15.227716,49.598801],[15.227113,49.598914],[15.226536,49.599011],[15.225869,49.599106],[15.225233,49.599178],[15.224559,49.599233],[15.223888,49.599269],[15.223142,49.599289],[15.222395,49.599282],[15.221633,49.599247],[15.22091,49.59919],[15.220214,49.599107],[15.21949,49.599002],[15.218899,49.598888],[15.218314,49.598762],[15.217793,49.598633],[15.217305,49.598503],[15.216764,49.598334],[15.216261,49.598161],[15.215239,49.597782],[15.214215,49.597391],[15.21378,49.597233],[15.213353,49.597083],[15.212904,49.596937],[15.212452,49.596803],[15.211998,49.596683],[15.211533,49.59657],[15.211068,49.596469],[15.210591,49.596378],[15.210108,49.596299],[15.209628,49.59623],[15.209144,49.596174],[15.208699,49.596134],[15.208405,49.596112],[15.208163,49.596097],[15.207912,49.596085],[15.207666,49.596075],[15.207421,49.596069],[15.207174,49.596066],[15.206926,49.596066],[15.206678,49.596068],[15.206429,49.596073],[15.206182,49.596081],[15.205935,49.596092],[15.20544,49.596122],[15.205357,49.596129],[15.205198,49.596142],[15.204707,49.596191],[15.20422,49.596251],[15.20374,49.596322],[15.203262,49.596405],[15.202787,49.596499],[15.202297,49.596624],[15.201886,49.596728],[15.201613,49.596802],[15.201252,49.596904],[15.200963,49.596995],[15.20072,49.597073],[15.200306,49.597217],[15.199873,49.597382],[15.199539,49.597516],[15.199123,49.597702],[15.198114,49.598182],[15.197258,49.598612],[15.19682,49.598826],[15.196351,49.599042],[15.195883,49.599245],[15.195376,49.599446],[15.194781,49.59966],[15.194238,49.599829],[15.193472,49.600044],[15.192679,49.600232],[15.191062,49.600578],[15.189898,49.600835],[15.189289,49.600975],[15.188774,49.601106],[15.18769,49.601407],[15.186689,49.601717],[15.185696,49.602049],[15.184385,49.602511],[15.182727,49.603103],[15.181791,49.603425],[15.180552,49.603852],[15.179948,49.604047],[15.179288,49.604245],[15.178558,49.60446],[15.178182,49.604566],[15.177561,49.60473],[15.176904,49.604892],[15.175672,49.605171],[15.174432,49.605416],[15.173428,49.605601],[15.17237,49.605785],[15.17045,49.606104],[15.163253,49.607292],[15.161867,49.607505],[15.157073,49.608296],[15.153504,49.608887],[15.150438,49.609388],[15.147936,49.609801],[15.146618,49.61002],[15.146017,49.610132],[15.145388,49.610259],[15.144927,49.610369],[15.144511,49.610474],[15.143894,49.610648],[15.143308,49.610844],[15.142727,49.611049],[15.142031,49.611339],[15.141412,49.611626],[15.140899,49.611892],[15.140393,49.612183],[15.139925,49.612472],[15.139478,49.612789],[15.139056,49.613111],[15.138634,49.613467],[15.138235,49.61384],[15.137846,49.614251],[15.13749,49.614674],[15.137226,49.615018],[15.136981,49.615396],[15.136804,49.615699],[15.136595,49.616075],[15.136068,49.617154],[15.135729,49.617855],[15.135021,49.619323],[15.13393,49.62161],[15.133096,49.623357],[15.132246,49.625162],[15.131416,49.626874],[15.130612,49.628576],[15.129886,49.630199],[15.129574,49.630954],[15.129288,49.631677],[15.128958,49.63259],[15.128642,49.633549],[15.128113,49.635277],[15.127617,49.636976],[15.127123,49.638686],[15.126507,49.640807],[15.126155,49.642012],[15.125829,49.643139],[15.125486,49.644321],[15.125012,49.645948],[15.124545,49.647555],[15.124275,49.648475],[15.123087,49.652569],[15.122833,49.653439],[15.122479,49.65469],[15.122251,49.655453],[15.12177,49.65711],[15.12142,49.658332],[15.121401,49.658402],[15.121314,49.658697],[15.120914,49.660058],[15.120702,49.660749],[15.120371,49.661935],[15.119721,49.66416],[15.119119,49.666241],[15.11848,49.668427],[15.117851,49.670591],[15.117543,49.67166],[15.117243,49.672684],[15.117065,49.673301],[15.116888,49.673915],[15.11667,49.674694],[15.116621,49.674849],[15.116242,49.676133],[15.116093,49.676646],[15.11594,49.67715],[15.115798,49.677599],[15.115645,49.678054],[15.115476,49.678481],[15.115346,49.678814],[15.115051,49.679426],[15.114654,49.680122],[15.114448,49.680442],[15.114234,49.680751],[15.11401,49.681064],[15.113569,49.68161],[15.11312,49.682116],[15.112643,49.682596],[15.112192,49.683022],[15.111739,49.68341],[15.111222,49.68382],[15.110729,49.684192],[15.110129,49.684603],[15.109681,49.684885],[15.109221,49.685166],[15.108706,49.685453],[15.108103,49.685767],[15.107503,49.686065],[15.106879,49.686343],[15.105577,49.686866],[15.104755,49.687159],[15.103957,49.687432],[15.103252,49.687669],[15.102222,49.688009],[15.099583,49.688885],[15.098427,49.689274],[15.097908,49.689459],[15.097411,49.689651],[15.096949,49.689845],[15.096544,49.690035],[15.096135,49.690236],[15.095754,49.69044],[15.095336,49.690691],[15.094904,49.690966],[15.094505,49.691248],[15.094158,49.691524],[15.093687,49.691918],[15.093286,49.692295],[15.093073,49.692522],[15.092874,49.692742],[15.092501,49.693218],[15.09224,49.693595],[15.091976,49.694034],[15.091799,49.694388],[15.091688,49.69463],[15.091501,49.695148],[15.091407,49.695513],[15.091329,49.695878],[15.091263,49.696263],[15.09121,49.69667],[15.091105,49.697456],[15.091014,49.698223],[15.090938,49.69873],[15.090867,49.699173],[15.090769,49.699628],[15.090667,49.700034],[15.090513,49.700514],[15.090309,49.701047],[15.090084,49.701528],[15.089856,49.701944],[15.089593,49.702378],[15.089313,49.7028],[15.088995,49.703225],[15.088644,49.703655],[15.087856,49.704471],[15.08743,49.704865],[15.086984,49.705241],[15.086296,49.705757],[15.085603,49.706238],[15.085075,49.706557],[15.084737,49.706754],[15.083896,49.707199],[15.083008,49.707608],[15.082092,49.707988],[15.08144,49.708232],[15.080755,49.708455],[15.079734,49.708757],[15.079215,49.708895],[15.078687,49.709031],[15.076038,49.709678],[15.073401,49.710331],[15.070508,49.71104],[15.067688,49.711734],[15.065578,49.71225],[15.06412,49.712611],[15.062313,49.713055],[15.06169,49.713206],[15.060542,49.713489],[15.059794,49.713672],[15.059122,49.713862],[15.058466,49.714063],[15.057801,49.714301],[15.057127,49.714558],[15.056736,49.714735],[15.056377,49.714913],[15.055673,49.715289],[15.05508,49.715631],[15.054601,49.715954],[15.054176,49.716266],[15.053849,49.716523],[15.053523,49.716802],[15.05327,49.717035],[15.052954,49.717336],[15.052676,49.717653],[15.052428,49.717963],[15.052095,49.718407],[15.051767,49.718916],[15.051371,49.719563],[15.050643,49.720772],[15.05011,49.721662],[15.049643,49.722439],[15.04938,49.722888],[15.04869,49.724011],[15.04856,49.724238],[15.047039,49.726749],[15.046665,49.727372],[15.046313,49.727948],[15.046126,49.728259],[15.044783,49.730478],[15.043463,49.732677],[15.041771,49.735472],[15.040966,49.736802],[15.04046,49.737629],[15.040102,49.738166],[15.039866,49.738487],[15.039604,49.738822],[15.039411,49.739063],[15.039038,49.739493],[15.038741,49.739804],[15.038454,49.740101],[15.038148,49.740395],[15.037846,49.740672],[15.037158,49.741255],[15.036415,49.74182],[15.03563,49.742362],[15.034882,49.742837],[15.03363,49.743623],[15.032574,49.744318],[15.032093,49.744665],[15.031614,49.745031],[15.031051,49.745508],[15.030555,49.745966],[15.030083,49.746458],[15.029623,49.746963],[15.029112,49.747562],[15.028603,49.748172],[15.027992,49.74888],[15.027435,49.749492],[15.027172,49.749764],[15.026904,49.750016],[15.02651,49.750368],[15.026187,49.750624],[15.025894,49.750845],[15.025459,49.751129],[15.025084,49.751365],[15.02468,49.751598],[15.024162,49.751864],[15.023679,49.752089],[15.023199,49.752292],[15.022727,49.752487],[15.022319,49.752628],[15.02189,49.752771],[15.021489,49.752884],[15.020867,49.753039],[15.020322,49.75316],[15.019802,49.753258],[15.019151,49.753355],[15.018536,49.75343],[15.018013,49.753473],[15.017517,49.753505],[15.017002,49.753524],[15.016214,49.753523],[15.015705,49.753507],[15.015207,49.753479],[15.014743,49.753441],[15.014267,49.753394],[15.013834,49.753337],[15.013414,49.753272],[15.013021,49.753199],[15.012208,49.753032],[15.011433,49.752858],[15.009635,49.752388],[15.007745,49.751852],[15.005881,49.751332],[15.004916,49.751077],[15.003974,49.75084],[15.003054,49.750618],[15.002095,49.750409],[15.00115,49.750224],[15.00019,49.750052],[14.999366,49.749927],[14.998487,49.749809],[14.997517,49.749696],[14.996511,49.749599],[14.995616,49.749537],[14.994732,49.749492],[14.993878,49.749462],[14.992938,49.749447],[14.991774,49.749457],[14.991086,49.749474],[14.99042,49.749502],[14.989037,49.749592],[14.987647,49.749719],[14.986677,49.749836],[14.985709,49.749975],[14.98479,49.750122],[14.98388,49.750295],[14.983039,49.750469],[14.982163,49.750664],[14.981572,49.750812],[14.981009,49.750962],[14.980015,49.751238],[14.979035,49.751547],[14.978091,49.751864],[14.976658,49.752388],[14.975744,49.752765],[14.975096,49.753062],[14.974302,49.753449],[14.973454,49.753886],[14.97266,49.754325],[14.971881,49.75478],[14.971523,49.754999],[14.971145,49.755214],[14.970367,49.755708],[14.969777,49.756077],[14.969195,49.756433],[14.968614,49.75676],[14.968021,49.757063],[14.967656,49.757233],[14.967296,49.757388],[14.96695,49.75753],[14.966626,49.757646],[14.966323,49.757757],[14.966028,49.757856],[14.965492,49.758019],[14.964974,49.75816],[14.964491,49.758274],[14.963922,49.758392],[14.963174,49.758526],[14.96231,49.758661],[14.961629,49.758757],[14.960564,49.758909],[14.959906,49.759019],[14.959254,49.759143],[14.958601,49.759291],[14.958015,49.759449],[14.957609,49.759571],[14.957183,49.759715],[14.956763,49.759864],[14.95638,49.760018],[14.955932,49.760206],[14.955461,49.760429],[14.955069,49.760638],[14.954729,49.76083],[14.954319,49.761084],[14.953987,49.761302],[14.953708,49.761503],[14.953504,49.761656],[14.95312,49.761974],[14.952891,49.762178],[14.952674,49.762381],[14.952384,49.762688],[14.952086,49.763026],[14.951816,49.763384],[14.951594,49.763698],[14.951278,49.764192],[14.95091,49.764806],[14.950657,49.765224],[14.950478,49.765503],[14.950288,49.765789],[14.950069,49.766088],[14.949858,49.76635],[14.949569,49.766677],[14.949299,49.766953],[14.948951,49.767279],[14.948609,49.767569],[14.948194,49.767884],[14.947731,49.768207],[14.947161,49.768568],[14.946399,49.769035],[14.945644,49.769488],[14.945009,49.769879],[14.943461,49.770811],[14.942087,49.771645],[14.940791,49.772424],[14.939907,49.772966],[14.939523,49.773211],[14.938971,49.773575],[14.938484,49.773933],[14.937933,49.77437],[14.937394,49.774847],[14.936941,49.775302],[14.936505,49.775792],[14.935985,49.776436],[14.935619,49.776918],[14.935265,49.777388],[14.934929,49.777833],[14.934568,49.778319],[14.933995,49.779072],[14.933266,49.780039],[14.932714,49.780775],[14.932381,49.781216],[14.932189,49.781474],[14.9314,49.78251],[14.930645,49.783517],[14.929836,49.784586],[14.92921,49.785454],[14.928515,49.786376],[14.928192,49.786803],[14.927876,49.787221],[14.92723,49.788089],[14.927047,49.788338],[14.92656,49.789057],[14.926353,49.789395],[14.926118,49.789811],[14.925947,49.790138],[14.92573,49.790601],[14.925281,49.791605],[14.924973,49.792303],[14.924819,49.792621],[14.924647,49.792945],[14.924462,49.793255],[14.924268,49.793558],[14.923977,49.793948],[14.923665,49.794319],[14.923498,49.794499],[14.923299,49.794707],[14.922917,49.795062],[14.922629,49.7953],[14.922353,49.795519],[14.921794,49.79591],[14.921242,49.796258],[14.920618,49.796603],[14.920135,49.796841],[14.919544,49.797107],[14.91874,49.797439],[14.918193,49.797649],[14.916612,49.798261],[14.913875,49.799318],[14.91108,49.800402],[14.90843,49.801424],[14.905329,49.802627],[14.90297,49.803521],[14.901639,49.804064],[14.899666,49.804798],[14.898282,49.805336],[14.896931,49.805861],[14.895333,49.806477],[14.893726,49.807097],[14.892702,49.807496],[14.891685,49.80789],[14.889674,49.808682],[14.889044,49.808941],[14.888436,49.809199],[14.887859,49.80945],[14.887305,49.809695],[14.886196,49.810219],[14.885244,49.810704],[14.884293,49.811226],[14.883692,49.811571],[14.883119,49.811912],[14.882282,49.812443],[14.881851,49.812728],[14.88142,49.813018],[14.880999,49.813322],[14.880587,49.813626],[14.879807,49.814225],[14.879172,49.814747],[14.878468,49.815352],[14.877233,49.816482],[14.876613,49.817071],[14.876058,49.817609],[14.875503,49.818146],[14.874014,49.819601],[14.872626,49.820941],[14.871112,49.822408],[14.868162,49.825242],[14.867369,49.826013],[14.86658,49.826761],[14.866046,49.827249],[14.865475,49.82774],[14.864895,49.828215],[14.864327,49.828645],[14.863602,49.829163],[14.862851,49.829658],[14.862391,49.829943],[14.861932,49.830209],[14.860955,49.830737],[14.860186,49.831121],[14.85944,49.831479],[14.858882,49.831724],[14.858329,49.831961],[14.857241,49.832389],[14.856368,49.832703],[14.855487,49.832988],[14.854737,49.833214],[14.854035,49.833412],[14.853376,49.833583],[14.852738,49.833742],[14.851637,49.833994],[14.850494,49.834244],[14.847237,49.834937],[14.843991,49.835632],[14.837479,49.837026],[14.835988,49.837345],[14.835203,49.837514],[14.834777,49.837605],[14.832515,49.838092],[14.831499,49.838296],[14.828795,49.838883],[14.827647,49.839122],[14.826347,49.839391],[14.825422,49.839569],[14.824457,49.839742],[14.823378,49.839922],[14.822433,49.840064],[14.821611,49.840184],[14.820437,49.840338],[14.819319,49.840466],[14.818149,49.840592],[14.816858,49.840723],[14.815597,49.840847],[14.813759,49.84103],[14.811918,49.841209],[14.810901,49.84131],[14.808665,49.841539],[14.807345,49.841679],[14.806961,49.841727],[14.806412,49.841804],[14.805873,49.841889],[14.805243,49.842018],[14.80466,49.842157],[14.804072,49.842318],[14.803545,49.842484],[14.803024,49.842668],[14.802462,49.842897],[14.801637,49.843267],[14.800948,49.843644],[14.800542,49.84389],[14.80003,49.844232],[14.799644,49.844526],[14.799295,49.844818],[14.798965,49.845115],[14.798648,49.845436],[14.798402,49.8457],[14.798195,49.845948],[14.797899,49.84635],[14.797618,49.846792],[14.797351,49.847309],[14.797173,49.847718],[14.797079,49.848008],[14.796987,49.848342],[14.796926,49.848602],[14.796885,49.848822],[14.796858,49.84903],[14.796832,49.849354],[14.796826,49.849663],[14.796846,49.850131],[14.796889,49.850617],[14.796979,49.851296],[14.797081,49.8521],[14.797125,49.8526],[14.797141,49.853193],[14.797123,49.853625],[14.797073,49.854059],[14.79701,49.854377],[14.79694,49.854676],[14.796834,49.855046],[14.79666,49.855505],[14.796513,49.855839],[14.796246,49.856334],[14.795958,49.856795],[14.795666,49.857195],[14.79547,49.857442],[14.795246,49.857704],[14.794887,49.858077],[14.794494,49.858457],[14.794122,49.858766],[14.793739,49.859067],[14.793009,49.859581],[14.79243,49.85996],[14.791412,49.860574],[14.791013,49.860819],[14.790293,49.861253],[14.78934,49.86186],[14.788568,49.862389],[14.787894,49.862863],[14.787123,49.863464],[14.786318,49.864124],[14.785354,49.864948],[14.785011,49.86524],[14.784608,49.865584],[14.783822,49.866243],[14.783444,49.866566],[14.782648,49.867185],[14.782316,49.867419],[14.781917,49.86768],[14.781454,49.867957],[14.780985,49.868215],[14.780368,49.868521],[14.779712,49.868813],[14.779243,49.868994],[14.778708,49.869193],[14.778123,49.869381],[14.777594,49.869534],[14.777134,49.869654],[14.776691,49.869761],[14.77598,49.869906],[14.775289,49.870033],[14.773859,49.870293],[14.772569,49.870536],[14.771322,49.870803],[14.769675,49.871239],[14.768707,49.871546],[14.767777,49.871859],[14.767074,49.872125],[14.766397,49.872391],[14.765666,49.872707],[14.765156,49.872942],[14.764691,49.873168],[14.763815,49.873626],[14.763157,49.87401],[14.762558,49.874356],[14.761993,49.874717],[14.761446,49.875095],[14.760963,49.875481],[14.760621,49.875784],[14.760116,49.876244],[14.759757,49.876602],[14.75957,49.876801],[14.759458,49.87693],[14.758973,49.877487],[14.758506,49.878131],[14.758208,49.878628],[14.758005,49.878983],[14.757868,49.879252],[14.757699,49.879616],[14.757549,49.879966],[14.75731,49.880692],[14.757141,49.881323],[14.756969,49.882161],[14.75677,49.883299],[14.756684,49.88377],[14.75656,49.884382],[14.756372,49.885097],[14.756232,49.885528],[14.75605,49.885985],[14.755894,49.886334],[14.755638,49.886811],[14.755192,49.887501],[14.754722,49.888099],[14.754319,49.888541],[14.753769,49.889082],[14.753416,49.889388],[14.753051,49.889691],[14.752685,49.889971],[14.752129,49.890377],[14.751979,49.890486],[14.75189,49.890543],[14.751659,49.890704],[14.748663,49.892785],[14.74821,49.893104],[14.747406,49.893689],[14.746652,49.894281],[14.745933,49.894857],[14.744966,49.89568],[14.744509,49.896084],[14.744342,49.896234],[14.744067,49.896479],[14.743676,49.896844],[14.74289,49.897582],[14.741466,49.898934],[14.741313,49.899079],[14.739306,49.900972],[14.738251,49.901967],[14.737942,49.902261],[14.737194,49.902971],[14.736941,49.903199],[14.736239,49.903864],[14.735686,49.904388],[14.734866,49.90515],[14.734015,49.905916],[14.73363,49.906243],[14.733219,49.906566],[14.732833,49.906847],[14.732445,49.907129],[14.731981,49.907456],[14.731819,49.907555],[14.73075,49.908189],[14.729967,49.908611],[14.729244,49.908959],[14.728736,49.909193],[14.728316,49.909381],[14.727469,49.909718],[14.726331,49.910118],[14.725564,49.910356],[14.724746,49.910593],[14.723731,49.91085],[14.722365,49.911149],[14.719198,49.911764],[14.71848,49.911912],[14.717273,49.912195],[14.716157,49.912507],[14.715618,49.912685],[14.715035,49.912891],[14.714571,49.913069],[14.71394,49.913325],[14.713257,49.913641],[14.712388,49.914084],[14.712054,49.91427],[14.711458,49.914622],[14.711064,49.914877],[14.710536,49.915243],[14.710053,49.915606],[14.709548,49.916022],[14.708963,49.916547],[14.708588,49.91691],[14.708296,49.91723],[14.708053,49.91751],[14.707741,49.917895],[14.706517,49.919338],[14.705554,49.920437],[14.703373,49.922938],[14.702447,49.924015],[14.702,49.924504],[14.701523,49.925003],[14.70129,49.925246],[14.70103,49.925495],[14.700475,49.926024],[14.700085,49.926378],[14.69921,49.927138],[14.698406,49.927818],[14.697073,49.928912],[14.696099,49.92968],[14.69543,49.930186],[14.694864,49.930618],[14.694075,49.931188],[14.693524,49.931566],[14.692473,49.932251],[14.691424,49.932894],[14.689674,49.933954],[14.68829,49.934777],[14.687483,49.935257],[14.686714,49.935704],[14.686119,49.936021],[14.685578,49.936292],[14.685079,49.936525],[14.684518,49.936769],[14.683914,49.937018],[14.683356,49.937233],[14.682727,49.937452],[14.682182,49.937632],[14.681565,49.937819],[14.680949,49.937991],[14.678149,49.938748],[14.675236,49.939545],[14.673341,49.940059],[14.669452,49.941104],[14.668988,49.941226],[14.658963,49.943951],[14.657068,49.944459],[14.655886,49.944776],[14.655598,49.944856],[14.653943,49.945304],[14.653472,49.945431],[14.652187,49.945779],[14.651482,49.945973],[14.650865,49.946144],[14.650407,49.946271],[14.649986,49.946397],[14.649346,49.946605],[14.648716,49.946835],[14.64816,49.947064],[14.647681,49.947284],[14.647099,49.947581],[14.646597,49.947866],[14.646119,49.948161],[14.645683,49.948458],[14.644985,49.94896],[14.644421,49.949442],[14.643242,49.950423],[14.642863,49.950741],[14.638744,49.954123],[14.638362,49.954443],[14.630643,49.960809],[14.629556,49.961705],[14.623406,49.966777],[14.622903,49.967191],[14.622369,49.96763],[14.622042,49.967898],[14.621145,49.968607],[14.620511,49.969145],[14.620218,49.969393],[14.619556,49.969935],[14.618922,49.970453],[14.617654,49.971498],[14.616045,49.97284],[14.614609,49.97402],[14.613891,49.974607],[14.612659,49.975625],[14.611981,49.976184],[14.610936,49.977041],[14.609211,49.978464],[14.607847,49.979594],[14.606507,49.980695],[14.605894,49.981195],[14.602992,49.983591],[14.602569,49.983925],[14.602226,49.984196],[14.601867,49.984483],[14.601058,49.985092],[14.600584,49.985453],[14.600154,49.98577],[14.599684,49.986096],[14.599249,49.986407],[14.598739,49.986752],[14.598268,49.98707],[14.598136,49.987155],[14.597487,49.987584],[14.596663,49.988098],[14.596185,49.988391],[14.595318,49.988909],[14.594426,49.989426],[14.593817,49.989778],[14.592374,49.990605],[14.591797,49.990935],[14.591163,49.991301],[14.590985,49.991402],[14.590395,49.991739],[14.589496,49.99226],[14.588075,49.993072],[14.586962,49.993718],[14.585972,49.994287],[14.585153,49.994755],[14.584522,49.995114],[14.582584,49.996228],[14.579311,49.998114],[14.575992,50.000016],[14.575358,50.000382],[14.573946,50.001195],[14.573348,50.001535],[14.572957,50.001821],[14.572501,50.00211],[14.572129,50.00233],[14.571896,50.002473],[14.571562,50.00268],[14.571375,50.002791],[14.571162,50.00291],[14.570685,50.003156],[14.570026,50.003477],[14.569698,50.003632],[14.569382,50.003776],[14.56906,50.003921],[14.568599,50.004122],[14.568118,50.004324],[14.567841,50.004438],[14.567519,50.004568],[14.566849,50.004826],[14.566093,50.005102],[14.565743,50.005226],[14.565468,50.005319],[14.565278,50.005382],[14.565088,50.005445],[14.564508,50.005631],[14.564042,50.005822],[14.563939,50.00588],[14.563866,50.005931],[14.563816,50.005978],[14.56377,50.006044],[14.563748,50.006089],[14.563728,50.006139],[14.56372,50.006186],[14.563719,50.00623],[14.563724,50.006274],[14.563733,50.006312],[14.563744,50.006344],[14.563762,50.006379],[14.563785,50.006417],[14.563818,50.006457],[14.56386,50.006501],[14.563903,50.006538],[14.563969,50.006585],[14.564045,50.006622],[14.564106,50.006646],[14.56423,50.006684],[14.564333,50.006703],[14.564427,50.006714],[14.564696,50.006743],[14.565622,50.006834],[14.566067,50.006879],[14.566591,50.006907],[14.56664,50.006904],[14.566684,50.006892],[14.566721,50.006875],[14.566754,50.00685],[14.566785,50.00682],[14.566808,50.006791],[14.566829,50.006737],[14.566829,50.006709],[14.566818,50.006637],[14.566801,50.006585],[14.566779,50.006541],[14.566746,50.006501],[14.566719,50.006476],[14.566656,50.006436],[14.566633,50.006414],[14.566544,50.006322],[14.566165,50.006073],[14.565959,50.005935],[14.56583,50.005849],[14.565285,50.005484],[14.56465,50.005066],[14.564557,50.00503],[14.564301,50.004846],[14.564215,50.004784],[14.564157,50.004738],[14.564107,50.004694],[14.564059,50.004644],[14.563997,50.004569],[14.563949,50.004507],[14.56393,50.004487],[14.563909,50.004475],[14.563875,50.004463],[14.56384,50.004454],[14.563794,50.004447],[14.563762,50.004436],[14.563735,50.00442],[14.563715,50.004401],[14.5637,50.004374],[14.563685,50.004344],[14.563666,50.004326],[14.563634,50.004299],[14.56339,50.004153],[14.563362,50.004141],[14.5633,50.004106],[14.562881,50.003872],[14.562854,50.003857],[14.562712,50.003775],[14.562504,50.003656],[14.562482,50.003639],[14.56245,50.003604],[14.562426,50.003585],[14.562346,50.00349],[14.56223,50.003333],[14.562096,50.003141],[14.561969,50.002944],[14.561745,50.00262],[14.561617,50.002498],[14.561503,50.002409],[14.561454,50.002385],[14.56144,50.002379],[14.5613,50.002315],[14.561236,50.002282],[14.5612,50.002249],[14.561189,50.002219],[14.561205,50.002168],[14.561333,50.001896],[14.561335,50.001764],[14.561297,50.001762],[14.561257,50.001749],[14.561233,50.001731],[14.561219,50.001706],[14.561219,50.001682],[14.561228,50.001665],[14.561156,50.001659],[14.560825,50.001636],[14.560548,50.00162],[14.560413,50.001612]]}}