{"type":"Feature","properties":{"id":"home-a","distanceKm":905.828,"drivingMinutes":596.0926999999999},"geometry":{"type":"LineString","coordinates":[[15.277065,44.078334],[15.277343,44.078082],[15.277393,44.078077],[15.27757,44.07815],[15.277726,44.078197],[15.277839,44.077834],[15.278062,44.077347],[15.278644,44.076306],[15.278791,44.076061],[15.279012,44.075807],[15.279041,44.075774],[15.279191,44.075623],[15.279277,44.075537],[15.279462,44.075366],[15.279615,44.075165],[15.279813,44.074747],[15.279904,44.074541],[15.280044,44.074394],[15.280554,44.074599],[15.280595,44.074617],[15.280725,44.074676],[15.280808,44.074747],[15.280996,44.075009],[15.281063,44.075094],[15.281184,44.075185],[15.281724,44.075465],[15.282011,44.075204],[15.282364,44.074853],[15.282479,44.074727],[15.282927,44.07423],[15.282991,44.074129],[15.283076,44.07393],[15.283093,44.073891],[15.283227,44.073644],[15.283476,44.073354],[15.283521,44.073307],[15.283574,44.073252],[15.283739,44.073071],[15.284755,44.072173],[15.284851,44.072275],[15.285331,44.072697],[15.285757,44.073126],[15.28578,44.073145],[15.286499,44.073764],[15.286702,44.073942],[15.286937,44.074052],[15.28714,44.074124],[15.287521,44.074211],[15.28791,44.074357],[15.288053,44.074485],[15.288159,44.074644],[15.288213,44.074805],[15.288224,44.074976],[15.288174,44.07554],[15.288148,44.075931],[15.288163,44.076213],[15.288209,44.076428],[15.288274,44.076602],[15.288348,44.0768],[15.288404,44.07689],[15.288461,44.076964],[15.288515,44.077022],[15.288565,44.077039],[15.288606,44.077065],[15.288635,44.0771],[15.288647,44.077139],[15.288808,44.07726],[15.288891,44.077346],[15.289152,44.077614],[15.290755,44.07916],[15.290896,44.079299],[15.290997,44.079364],[15.291228,44.079472],[15.291314,44.079502],[15.291657,44.079623],[15.292521,44.079823],[15.292801,44.079877],[15.293798,44.08007],[15.294286,44.080143],[15.294531,44.080117],[15.294715,44.080097],[15.294849,44.080093],[15.294911,44.080107],[15.29496,44.08014],[15.295003,44.080185],[15.295021,44.080239],[15.295048,44.080428],[15.295063,44.080518],[15.29508,44.080613],[15.295169,44.080755],[15.295203,44.08081],[15.295826,44.081496],[15.296067,44.081754],[15.296225,44.081973],[15.296346,44.082185],[15.296668,44.082852],[15.296899,44.08358],[15.297,44.083792],[15.297151,44.084027],[15.297443,44.084445],[15.297607,44.084779],[15.297722,44.085028],[15.29787,44.085252],[15.297917,44.085318],[15.297928,44.085343],[15.297934,44.085376],[15.297919,44.085428],[15.297895,44.085474],[15.297866,44.085499],[15.297826,44.085517],[15.297601,44.085607],[15.297408,44.08568],[15.297384,44.085708],[15.297375,44.085722],[15.297371,44.085742],[15.297374,44.085757],[15.297386,44.085775],[15.297403,44.085788],[15.297431,44.085797],[15.297486,44.085807],[15.29761,44.085811],[15.297747,44.085821],[15.297804,44.085831],[15.297872,44.085854],[15.297934,44.085896],[15.298342,44.086197],[15.298747,44.086446],[15.298817,44.086488],[15.29894,44.086534],[15.299059,44.086577],[15.299166,44.086604],[15.299302,44.086637],[15.299409,44.086637],[15.299509,44.086633],[15.299632,44.086607],[15.299752,44.086554],[15.299897,44.08645],[15.300294,44.086093],[15.300664,44.085738],[15.300748,44.085669],[15.300884,44.085584],[15.300983,44.085542],[15.301126,44.085499],[15.301255,44.085474],[15.301475,44.085442],[15.301651,44.085445],[15.301761,44.085471],[15.301867,44.085514],[15.302333,44.085707],[15.302406,44.085731],[15.302482,44.085748],[15.302556,44.085759],[15.302617,44.085754],[15.302688,44.08573],[15.302751,44.085692],[15.302879,44.085579],[15.303186,44.08531],[15.303247,44.085269],[15.303525,44.085026],[15.303676,44.084926],[15.303763,44.084893],[15.303852,44.084847],[15.303959,44.084779],[15.304031,44.084765],[15.304095,44.084758],[15.304194,44.084768],[15.304356,44.084837],[15.304461,44.084881],[15.30458,44.08492],[15.304736,44.084968],[15.30494,44.085039],[15.30512,44.085105],[15.305739,44.085334],[15.305786,44.085365],[15.305814,44.085418],[15.305826,44.085462],[15.305814,44.085515],[15.305767,44.085591],[15.305634,44.085804],[15.305589,44.085877],[15.305442,44.086114],[15.30516,44.086567],[15.305165,44.086648],[15.30524,44.086721],[15.305332,44.086781],[15.305479,44.086876],[15.305613,44.086964],[15.305788,44.087077],[15.305927,44.087168],[15.306149,44.087284],[15.306801,44.087626],[15.306915,44.087676],[15.307213,44.087808],[15.307414,44.087896],[15.307787,44.08806],[15.307965,44.088139],[15.308706,44.088486],[15.30986,44.089105],[15.310393,44.089339],[15.310626,44.089449],[15.311144,44.089693],[15.311388,44.089821],[15.311586,44.089925],[15.311725,44.089998],[15.312036,44.090173],[15.312448,44.090393],[15.312643,44.090432],[15.31272,44.09044],[15.312799,44.090439],[15.312871,44.090429],[15.312944,44.090412],[15.313041,44.090329],[15.313098,44.090292],[15.313166,44.090255],[15.313339,44.090092],[15.313425,44.090014],[15.313529,44.089952],[15.313661,44.089865],[15.313775,44.089821],[15.313851,44.089804],[15.313942,44.089787],[15.314057,44.089769],[15.31418,44.089767],[15.314395,44.089782],[15.31471,44.089801],[15.314853,44.08981],[15.315005,44.089796],[15.315119,44.089771],[15.315231,44.089738],[15.315363,44.089681],[15.315459,44.089627],[15.315669,44.089465],[15.315792,44.089435],[15.316479,44.088883],[15.316905,44.088543],[15.317823,44.08782],[15.318437,44.087332],[15.318897,44.086959],[15.319925,44.086148],[15.320878,44.085388],[15.322101,44.08441],[15.323316,44.08344],[15.32422,44.082693],[15.324644,44.082317],[15.32504,44.081912],[15.325306,44.081635],[15.325494,44.081409],[15.326065,44.080691],[15.326729,44.079835],[15.327277,44.079124],[15.327944,44.078265],[15.329281,44.076524],[15.330069,44.075496],[15.330971,44.074345],[15.331305,44.073928],[15.331688,44.073508],[15.332077,44.073109],[15.332333,44.072893],[15.3327,44.072614],[15.333184,44.072298],[15.333739,44.072],[15.33424,44.071778],[15.334724,44.071587],[15.335325,44.071399],[15.335994,44.071246],[15.336439,44.071168],[15.336874,44.071111],[15.337469,44.071061],[15.337915,44.071051],[15.338346,44.071058],[15.338721,44.071074],[15.339194,44.071116],[15.339499,44.071154],[15.339955,44.07123],[15.340385,44.07133],[15.34087,44.071456],[15.341287,44.07159],[15.341889,44.071832],[15.342448,44.072092],[15.34282,44.0723],[15.343071,44.07245],[15.343711,44.072928],[15.343996,44.073165],[15.344463,44.073601],[15.344938,44.074076],[15.345344,44.074491],[15.346277,44.075454],[15.347577,44.076786],[15.348874,44.078126],[15.349969,44.079245],[15.351109,44.080418],[15.351545,44.080866],[15.352408,44.081751],[15.353324,44.082677],[15.353775,44.083128],[15.354138,44.083469],[15.354481,44.083775],[15.355165,44.084368],[15.355659,44.084742],[15.357054,44.085781],[15.358039,44.086506],[15.359631,44.087678],[15.360525,44.088337],[15.361498,44.08904],[15.362655,44.089902],[15.363917,44.090833],[15.364524,44.091265],[15.365029,44.091606],[15.365535,44.091918],[15.366066,44.092228],[15.366426,44.092429],[15.367166,44.092793],[15.367543,44.092977],[15.368138,44.093236],[15.369123,44.093625],[15.371382,44.094507],[15.37381,44.09544],[15.37831,44.097179],[15.382313,44.098734],[15.384794,44.099696],[15.386387,44.100318],[15.387437,44.100758],[15.387646,44.10085],[15.388494,44.101303],[15.389323,44.101846],[15.390717,44.102945],[15.392207,44.104204],[15.394736,44.106329],[15.397087,44.108307],[15.397826,44.108931],[15.399535,44.110365],[15.400227,44.110945],[15.401083,44.111672],[15.401882,44.11234],[15.402269,44.112658],[15.402882,44.11311],[15.403121,44.113265],[15.403457,44.113456],[15.403912,44.11369],[15.404293,44.113862],[15.404675,44.114009],[15.404965,44.114114],[15.405863,44.114401],[15.407062,44.114777],[15.407858,44.115032],[15.408639,44.11528],[15.40983,44.115659],[15.411195,44.116092],[15.412726,44.116573],[15.414785,44.117227],[15.416641,44.117815],[15.418496,44.118399],[15.418812,44.118499],[15.419461,44.118699],[15.420154,44.118885],[15.420531,44.118948],[15.420964,44.118998],[15.421415,44.119023],[15.421869,44.11901],[15.422328,44.118981],[15.424871,44.118765],[15.427339,44.118559],[15.428225,44.118477],[15.428821,44.118396],[15.429251,44.118301],[15.429363,44.118269],[15.42968,44.118179],[15.43008,44.118036],[15.430533,44.117836],[15.431087,44.117572],[15.432756,44.116782],[15.433219,44.116559],[15.4352,44.115609],[15.43663,44.114947],[15.437009,44.114767],[15.437401,44.11458],[15.438339,44.114106],[15.438853,44.113876],[15.439231,44.113713],[15.439594,44.113581],[15.440023,44.113478],[15.440382,44.113419],[15.440668,44.113392],[15.441055,44.113374],[15.44135,44.113385],[15.441608,44.113406],[15.441843,44.113433],[15.442065,44.113489],[15.4423,44.113547],[15.4424,44.113591],[15.442783,44.113711],[15.443878,44.114182],[15.445014,44.114694],[15.445339,44.114827],[15.445518,44.114889],[15.445698,44.114928],[15.4459,44.114949],[15.446096,44.114944],[15.446299,44.114925],[15.446472,44.114873],[15.446606,44.114827],[15.44677,44.114744],[15.446881,44.114671],[15.446966,44.114595],[15.447075,44.114481],[15.447156,44.114338],[15.447168,44.11414],[15.447134,44.113976],[15.447016,44.113837],[15.446887,44.113745],[15.446663,44.113675],[15.446405,44.113644],[15.44606,44.113698],[15.44544,44.114096],[15.445322,44.114113],[15.444865,44.114451],[15.444556,44.114665],[15.4437,44.115296],[15.440806,44.117555],[15.440556,44.117746],[15.439841,44.118258],[15.438789,44.119],[15.437366,44.119892],[15.435919,44.120722],[15.432938,44.122336],[15.431129,44.123385],[15.429416,44.124512],[15.429243,44.124648],[15.427376,44.126107],[15.425044,44.128419],[15.423743,44.130037],[15.422646,44.131741],[15.421926,44.133104],[15.421331,44.134497],[15.420539,44.137342],[15.4204,44.138241],[15.420325,44.13894],[15.420263,44.139412],[15.420263,44.141501],[15.420679,44.145111],[15.420819,44.146916],[15.420878,44.148718],[15.42085,44.150193],[15.420731,44.151913],[15.420523,44.153702],[15.420248,44.155154],[15.419952,44.156495],[15.419653,44.157835],[15.419512,44.158485],[15.419374,44.159205],[15.41929,44.159875],[15.419233,44.160565],[15.419228,44.1615],[15.419289,44.16246],[15.419356,44.162992],[15.41951,44.163942],[15.419716,44.1648],[15.419994,44.165601],[15.420346,44.166496],[15.42074,44.167322],[15.421435,44.16856],[15.422341,44.169837],[15.423366,44.171076],[15.425193,44.173142],[15.426305,44.174397],[15.427235,44.17558],[15.428578,44.177557],[15.429721,44.179698],[15.431184,44.183148],[15.431814,44.184621],[15.432079,44.18519],[15.432407,44.185876],[15.432605,44.186256],[15.432663,44.186368],[15.432992,44.186972],[15.433102,44.187158],[15.433164,44.187264],[15.433555,44.18791],[15.434464,44.189272],[15.434902,44.189862],[15.435329,44.190408],[15.435774,44.190946],[15.436604,44.191933],[15.438424,44.194016],[15.440535,44.196579],[15.441414,44.197983],[15.441849,44.198684],[15.442221,44.199324],[15.442694,44.200233],[15.443213,44.201304],[15.443466,44.201873],[15.443668,44.202388],[15.444076,44.203488],[15.444331,44.204236],[15.444521,44.204921],[15.444897,44.206351],[15.445111,44.207129],[15.445313,44.207776],[15.445647,44.208662],[15.446022,44.209478],[15.446399,44.210176],[15.446796,44.210821],[15.447171,44.211358],[15.447521,44.211829],[15.447956,44.212357],[15.448353,44.212798],[15.448828,44.213301],[15.449211,44.213663],[15.449928,44.214312],[15.45054,44.214808],[15.451121,44.215238],[15.451785,44.215698],[15.452445,44.216115],[15.453054,44.216475],[15.453521,44.216724],[15.453682,44.216809],[15.454084,44.217017],[15.454324,44.217137],[15.454857,44.217387],[15.455288,44.217575],[15.45572,44.217755],[15.456331,44.218002],[15.457,44.218246],[15.457466,44.218406],[15.458082,44.2186],[15.458268,44.218655],[15.458662,44.218765],[15.458872,44.218824],[15.45947,44.218977],[15.459892,44.219082],[15.460703,44.219256],[15.462052,44.219489],[15.46272,44.219585],[15.463398,44.219656],[15.464079,44.219724],[15.464743,44.219767],[15.465355,44.219801],[15.46611,44.219818],[15.467179,44.219821],[15.468149,44.219783],[15.469437,44.219682],[15.470407,44.219576],[15.471075,44.219481],[15.471723,44.219371],[15.472534,44.219222],[15.473242,44.219065],[15.474251,44.218814],[15.475304,44.218519],[15.477542,44.217878],[15.478052,44.21775],[15.47919,44.217486],[15.480717,44.217205],[15.48197,44.217013],[15.483154,44.216881],[15.484783,44.21676],[15.485977,44.216735],[15.48689,44.216734],[15.488187,44.21676],[15.491994,44.217158],[15.495134,44.217826],[15.497065,44.218433],[15.498288,44.219021],[15.50155,44.221097],[15.50193,44.221329],[15.502277,44.221532],[15.502823,44.221838],[15.503339,44.222117],[15.504957,44.222994],[15.505454,44.223295],[15.505837,44.223543],[15.506328,44.223884],[15.506791,44.224238],[15.507164,44.224546],[15.507516,44.224864],[15.507952,44.225288],[15.508309,44.225676],[15.508715,44.226158],[15.509048,44.226614],[15.509368,44.227093],[15.509561,44.227423],[15.509704,44.227687],[15.509834,44.227953],[15.510053,44.228423],[15.510253,44.228896],[15.510571,44.229694],[15.510768,44.230149],[15.511071,44.2307],[15.511574,44.231537],[15.512437,44.232553],[15.513161,44.233208],[15.513984,44.233829],[15.51486,44.234418],[15.515362,44.234688],[15.515939,44.234965],[15.516904,44.235362],[15.517809,44.235682],[15.51858,44.235886],[15.519018,44.235997],[15.520439,44.236296],[15.524672,44.237208],[15.527916,44.237896],[15.529386,44.238206],[15.529707,44.238273],[15.533193,44.239034],[15.534547,44.239324],[15.535025,44.239424],[15.535442,44.239511],[15.536992,44.23985],[15.537839,44.240035],[15.541183,44.240768],[15.542855,44.241114],[15.543975,44.241356],[15.545006,44.241572],[15.545672,44.241724],[15.546521,44.241893],[15.547246,44.242013],[15.54786,44.242085],[15.54854,44.242137],[15.549319,44.242153],[15.549804,44.242144],[15.55026,44.242109],[15.55075,44.242057],[15.551433,44.24196],[15.552227,44.241836],[15.553174,44.241661],[15.555247,44.241295],[15.557181,44.241017],[15.558286,44.240872],[15.559314,44.240756],[15.560784,44.240622],[15.560959,44.240607],[15.562068,44.240516],[15.563659,44.240417],[15.565066,44.240364],[15.565705,44.240351],[15.566925,44.240322],[15.569755,44.240349],[15.571762,44.240433],[15.572786,44.240498],[15.574205,44.240601],[15.575826,44.240757],[15.577384,44.240935],[15.578436,44.24105],[15.578746,44.241075],[15.579386,44.241132],[15.580109,44.241166],[15.580864,44.241169],[15.581249,44.241151],[15.581611,44.241129],[15.581916,44.241105],[15.582362,44.241057],[15.582999,44.240964],[15.583601,44.240856],[15.584106,44.240755],[15.585574,44.240459],[15.586312,44.240311],[15.587199,44.240134],[15.588711,44.239847],[15.590248,44.239586],[15.592428,44.239252],[15.593481,44.239104],[15.594593,44.23896],[15.596646,44.238728],[15.59771,44.238616],[15.598645,44.238533],[15.599763,44.238439],[15.600977,44.238371],[15.601618,44.238359],[15.602271,44.238361],[15.602948,44.238396],[15.603468,44.238451],[15.604064,44.23854],[15.604558,44.238638],[15.60534,44.238859],[15.605802,44.239014],[15.60618,44.239171],[15.60655,44.23935],[15.606922,44.239543],[15.607447,44.239863],[15.607994,44.240273],[15.608419,44.240661],[15.608679,44.240941],[15.608904,44.241206],[15.609108,44.241501],[15.609289,44.241802],[15.60944,44.242103],[15.609561,44.242409],[15.609688,44.242773],[15.60976,44.243089],[15.609808,44.243412],[15.609828,44.243681],[15.609833,44.243897],[15.609814,44.244212],[15.609742,44.244643],[15.609704,44.244858],[15.609602,44.245172],[15.609479,44.245472],[15.609238,44.245931],[15.60906,44.246224],[15.608795,44.24658],[15.608543,44.246873],[15.608278,44.247127],[15.607791,44.247547],[15.607296,44.2479],[15.606684,44.248297],[15.606184,44.248607],[15.60579,44.248843],[15.605444,44.24907],[15.605023,44.249361],[15.604709,44.249597],[15.604366,44.249877],[15.604092,44.250137],[15.603825,44.250395],[15.60351,44.250769],[15.603114,44.251285],[15.602872,44.251632],[15.602607,44.252017],[15.602148,44.2527],[15.601849,44.253095],[15.601602,44.253381],[15.601249,44.253739],[15.600919,44.254033],[15.600505,44.254355],[15.600147,44.254616],[15.599434,44.255041],[15.599075,44.255223],[15.598496,44.255479],[15.59788,44.255712],[15.597109,44.25595],[15.59605,44.256228],[15.594917,44.256516],[15.593658,44.256866],[15.593085,44.257045],[15.593019,44.257065],[15.592454,44.257258],[15.591223,44.257737],[15.590268,44.258181],[15.590053,44.258286],[15.589697,44.258482],[15.5892,44.258806],[15.588865,44.259066],[15.58865,44.259271],[15.58848,44.259467],[15.588272,44.259752],[15.588135,44.260017],[15.588046,44.260231],[15.587958,44.260551],[15.587917,44.260832],[15.587903,44.261041],[15.587937,44.261408],[15.588011,44.2617],[15.588137,44.262007],[15.588264,44.262252],[15.588409,44.262454],[15.588586,44.262684],[15.588769,44.262875],[15.589121,44.26318],[15.58938,44.26335],[15.589688,44.263514],[15.589943,44.263642],[15.590478,44.263854],[15.590905,44.263968],[15.591212,44.264022],[15.591663,44.264076],[15.592094,44.264097],[15.592492,44.264096],[15.592854,44.264065],[15.593127,44.264029],[15.593405,44.263977],[15.593726,44.263901],[15.59455,44.263658],[15.5952,44.263366],[15.595626,44.263116],[15.596053,44.262774],[15.596523,44.262282],[15.597375,44.261405],[15.597944,44.260939],[15.598675,44.260415],[15.599761,44.259734],[15.600241,44.259508],[15.600668,44.259328],[15.601101,44.259176],[15.601532,44.259031],[15.602311,44.258777],[15.603117,44.258491],[15.603422,44.258365],[15.603747,44.258209],[15.604072,44.258031],[15.604308,44.257883],[15.604555,44.257689],[15.604849,44.257439],[15.605162,44.257128],[15.605382,44.256873],[15.605565,44.256608],[15.605667,44.256398],[15.605798,44.256133],[15.605962,44.25565],[15.606094,44.255161],[15.606232,44.254629],[15.606336,44.254314],[15.60643,44.254044],[15.606613,44.253643],[15.606886,44.253187],[15.607067,44.252925],[15.607357,44.252563],[15.607628,44.252259],[15.60792,44.251977],[15.608519,44.251497],[15.609152,44.251041],[15.609739,44.250701],[15.610303,44.25041],[15.611105,44.250085],[15.611965,44.249858],[15.613005,44.249647],[15.61403,44.249537],[15.615477,44.249498],[15.616282,44.249531],[15.616633,44.249564],[15.616855,44.249592],[15.617379,44.249673],[15.617946,44.249761],[15.619041,44.249905],[15.619637,44.249949],[15.620212,44.249972],[15.620798,44.249968],[15.621844,44.249916],[15.622591,44.249865],[15.62331,44.249773],[15.623952,44.249679],[15.624601,44.249558],[15.625529,44.249373],[15.626323,44.249228],[15.627128,44.249103],[15.628195,44.248973],[15.629068,44.248912],[15.629779,44.24887],[15.630303,44.248863],[15.630888,44.248864],[15.631354,44.248889],[15.631656,44.248912],[15.632086,44.248964],[15.632458,44.249015],[15.632895,44.249092],[15.633744,44.24928],[15.634231,44.249413],[15.634571,44.249511],[15.635181,44.249694],[15.635621,44.249839],[15.636504,44.250161],[15.637461,44.250549],[15.638382,44.250951],[15.639084,44.251227],[15.639912,44.251531],[15.640767,44.2518],[15.641664,44.252037],[15.643282,44.252484],[15.644274,44.252799],[15.645079,44.253093],[15.645664,44.253336],[15.646052,44.253508],[15.64665,44.253798],[15.647135,44.254057],[15.647418,44.254204],[15.647893,44.25449],[15.648384,44.254813],[15.648953,44.255215],[15.649133,44.255349],[15.649279,44.255462],[15.649466,44.255613],[15.650661,44.256735],[15.651819,44.257919],[15.655058,44.262824],[15.656544,44.265166],[15.675253,44.294571],[15.675974,44.295783],[15.676425,44.296752],[15.676708,44.29752],[15.677011,44.298433],[15.677253,44.299488],[15.677584,44.301143],[15.677725,44.301992],[15.677782,44.302473],[15.677811,44.303008],[15.67782,44.303284],[15.677839,44.303814],[15.677872,44.304446],[15.677979,44.305551],[15.678051,44.306387],[15.678085,44.306904],[15.678096,44.307163],[15.678118,44.307691],[15.678129,44.308842],[15.678127,44.309008],[15.67812,44.309422],[15.678098,44.310075],[15.678,44.311557],[15.677943,44.31221],[15.677871,44.312773],[15.677774,44.313581],[15.677434,44.315382],[15.677228,44.316302],[15.677005,44.31723],[15.676468,44.318989],[15.676113,44.320042],[15.675809,44.320832],[15.675365,44.321904],[15.674903,44.322973],[15.673993,44.32478],[15.673472,44.325731],[15.672964,44.326566],[15.672423,44.327322],[15.671642,44.328204],[15.671014,44.328768],[15.670607,44.329088],[15.670147,44.329436],[15.669418,44.329895],[15.668914,44.330195],[15.668346,44.330471],[15.667442,44.330863],[15.666659,44.331148],[15.665766,44.331406],[15.665101,44.331576],[15.664269,44.331764],[15.663365,44.331942],[15.66189,44.332222],[15.661088,44.332391],[15.660241,44.332582],[15.659156,44.33287],[15.658179,44.333183],[15.657535,44.333429],[15.656853,44.333726],[15.655877,44.334202],[15.654998,44.334715],[15.654573,44.334997],[15.65425,44.335236],[15.653484,44.335819],[15.653027,44.336214],[15.652607,44.336607],[15.652136,44.337086],[15.65165,44.33762],[15.6508,44.338564],[15.650002,44.339515],[15.649088,44.340636],[15.648444,44.341457],[15.647203,44.343174],[15.646152,44.34474],[15.645821,44.345268],[15.644881,44.346902],[15.643991,44.348508],[15.642708,44.351253],[15.642319,44.35218],[15.641843,44.353426],[15.641409,44.354647],[15.640996,44.355965],[15.640638,44.357267],[15.63966,44.361498],[15.639477,44.362171],[15.639335,44.362694],[15.638888,44.364038],[15.638334,44.365485],[15.637704,44.366943],[15.637208,44.367927],[15.636686,44.368905],[15.636126,44.369836],[15.63528,44.371187],[15.634439,44.372517],[15.633842,44.373487],[15.633328,44.374362],[15.632747,44.375501],[15.632358,44.376319],[15.632047,44.37707],[15.631763,44.377843],[15.63149,44.378651],[15.631243,44.379514],[15.631054,44.380283],[15.63091,44.381074],[15.630836,44.381514],[15.630775,44.381912],[15.630661,44.383079],[15.630613,44.384203],[15.630615,44.384536],[15.630625,44.38485],[15.630648,44.385607],[15.6307,44.386348],[15.630749,44.386847],[15.630884,44.387796],[15.630929,44.388131],[15.631202,44.389435],[15.631465,44.390487],[15.631831,44.391733],[15.632061,44.392395],[15.632879,44.394402],[15.633146,44.394961],[15.633384,44.39545],[15.63365,44.395963],[15.633842,44.396323],[15.633953,44.396536],[15.635005,44.398329],[15.635828,44.399759],[15.635974,44.400039],[15.636271,44.400612],[15.636696,44.401506],[15.637112,44.402468],[15.637406,44.403287],[15.637793,44.404388],[15.63824,44.406039],[15.638395,44.40673],[15.63851,44.407378],[15.638646,44.408186],[15.638743,44.408965],[15.638821,44.409772],[15.638877,44.41085],[15.638882,44.412013],[15.638853,44.412714],[15.638802,44.413455],[15.638723,44.414213],[15.638458,44.416001],[15.637879,44.418366],[15.637402,44.419768],[15.636715,44.421458],[15.63648,44.421974],[15.636055,44.422824],[15.634831,44.424937],[15.634428,44.425583],[15.634039,44.426127],[15.632775,44.427787],[15.631953,44.428765],[15.631656,44.429098],[15.631271,44.429524],[15.630512,44.430319],[15.628229,44.432442],[15.627811,44.432816],[15.626412,44.434082],[15.625822,44.434626],[15.624773,44.435637],[15.624031,44.436433],[15.622907,44.437594],[15.622559,44.437947],[15.622093,44.438444],[15.620671,44.440102],[15.619779,44.44118],[15.619049,44.442151],[15.618175,44.443268],[15.617435,44.444314],[15.616431,44.445821],[15.615472,44.447338],[15.614493,44.448901],[15.613504,44.450399],[15.612144,44.452248],[15.611432,44.453166],[15.610715,44.454052],[15.609855,44.45507],[15.608957,44.456085],[15.608003,44.457115],[15.607531,44.457598],[15.60693,44.458203],[15.605959,44.459142],[15.604546,44.460464],[15.604269,44.46072],[15.602711,44.462056],[15.601679,44.462898],[15.600036,44.464187],[15.599791,44.464358],[15.598723,44.465156],[15.597878,44.465749],[15.597661,44.465901],[15.596274,44.466823],[15.594596,44.46791],[15.592836,44.468991],[15.590892,44.470084],[15.588922,44.471142],[15.587609,44.47179],[15.586241,44.472453],[15.584959,44.473051],[15.583557,44.47367],[15.582,44.474329],[15.580403,44.474969],[15.578201,44.4758],[15.575939,44.476585],[15.573744,44.477281],[15.572624,44.47762],[15.571416,44.477966],[15.569097,44.478587],[15.567963,44.478872],[15.566657,44.479178],[15.564057,44.47978],[15.562997,44.480047],[15.561777,44.480367],[15.559616,44.481015],[15.558459,44.481392],[15.55717,44.48185],[15.555961,44.482304],[15.554792,44.482786],[15.553671,44.483261],[15.55265,44.483722],[15.55158,44.48423],[15.5506,44.484727],[15.549681,44.485212],[15.548834,44.48568],[15.547251,44.486625],[15.546533,44.487071],[15.545746,44.487585],[15.544429,44.488486],[15.543174,44.489428],[15.541963,44.490396],[15.541184,44.491064],[15.540475,44.4917],[15.539774,44.492349],[15.539029,44.493081],[15.538263,44.493891],[15.537531,44.494705],[15.536099,44.496365],[15.535634,44.496917],[15.535143,44.497472],[15.534275,44.498434],[15.533327,44.499399],[15.532379,44.50031],[15.531316,44.501283],[15.530302,44.502162],[15.529243,44.50301],[15.528167,44.503837],[15.527317,44.504461],[15.52639,44.50511],[15.524659,44.506249],[15.524406,44.506405],[15.523327,44.507051],[15.522274,44.507655],[15.520992,44.508353],[15.519654,44.509046],[15.518509,44.509592],[15.517375,44.510113],[15.516079,44.510686],[15.514831,44.511195],[15.512169,44.51219],[15.510726,44.512677],[15.509266,44.513124],[15.507384,44.513676],[15.505035,44.514259],[15.504522,44.51437],[15.502321,44.514849],[15.500502,44.51518],[15.499608,44.51533],[15.498177,44.515538],[15.497002,44.5157],[15.495709,44.515846],[15.494601,44.515958],[15.493982,44.516014],[15.492518,44.516118],[15.490625,44.51623],[15.487333,44.516398],[15.4856,44.516545],[15.483867,44.516711],[15.482853,44.516822],[15.480553,44.517145],[15.478988,44.517392],[15.476454,44.517865],[15.47532,44.518107],[15.474543,44.518283],[15.473473,44.518537],[15.472679,44.518734],[15.470976,44.519186],[15.468877,44.519814],[15.466956,44.520434],[15.46533,44.521016],[15.463779,44.521601],[15.462612,44.522083],[15.461428,44.522585],[15.460468,44.523014],[15.459519,44.523465],[15.458575,44.52392],[15.457658,44.524383],[15.456137,44.525204],[15.454546,44.5261],[15.452706,44.527235],[15.451194,44.528237],[15.44968,44.529314],[15.448296,44.530376],[15.446945,44.531471],[15.446258,44.53206],[15.445561,44.532683],[15.444325,44.53385],[15.443485,44.534689],[15.442675,44.535534],[15.442496,44.535726],[15.441305,44.5371],[15.440725,44.53779],[15.440053,44.538647],[15.439732,44.539074],[15.439419,44.53951],[15.438799,44.540368],[15.437897,44.541751],[15.43784,44.541839],[15.437526,44.542368],[15.43687,44.543493],[15.436301,44.54455],[15.435164,44.546681],[15.432096,44.552445],[15.431121,44.554271],[15.430317,44.55579],[15.429565,44.557219],[15.428879,44.558713],[15.428264,44.560265],[15.427933,44.561218],[15.427645,44.562157],[15.427518,44.562639],[15.427386,44.563166],[15.427183,44.564056],[15.427021,44.564928],[15.426926,44.565525],[15.426866,44.565901],[15.426682,44.567826],[15.426655,44.568682],[15.426646,44.569749],[15.426734,44.571481],[15.426821,44.572276],[15.426977,44.573417],[15.427125,44.574284],[15.427444,44.575683],[15.427552,44.576097],[15.427864,44.577167],[15.428057,44.577754],[15.428694,44.579463],[15.428894,44.579942],[15.429099,44.580413],[15.429556,44.581345],[15.430565,44.58315],[15.431846,44.585228],[15.433254,44.587289],[15.434863,44.589916],[15.436301,44.592647],[15.436829,44.593798],[15.437319,44.594936],[15.437755,44.596088],[15.438173,44.597258],[15.438564,44.59849],[15.438802,44.59933],[15.439173,44.600775],[15.439487,44.602236],[15.439858,44.604551],[15.440091,44.606871],[15.440148,44.60818],[15.440159,44.609326],[15.440092,44.610542],[15.439987,44.611604],[15.439773,44.61311],[15.439468,44.614615],[15.439017,44.616286],[15.438531,44.617961],[15.438182,44.619399],[15.438005,44.620535],[15.437963,44.620982],[15.437939,44.621334],[15.437923,44.622263],[15.437935,44.62267],[15.43798,44.623487],[15.438041,44.624119],[15.438157,44.624778],[15.438277,44.62543],[15.438417,44.625936],[15.438521,44.626293],[15.438699,44.626941],[15.438899,44.627581],[15.439232,44.628557],[15.439393,44.629121],[15.439579,44.630018],[15.439746,44.631221],[15.439783,44.632304],[15.439783,44.632919],[15.439718,44.633699],[15.439616,44.634564],[15.439461,44.635356],[15.439257,44.636159],[15.438759,44.637543],[15.438475,44.638208],[15.438188,44.63877],[15.437666,44.639679],[15.437095,44.640565],[15.436477,44.641452],[15.435963,44.642224],[15.435697,44.642643],[15.435457,44.64309],[15.435242,44.643568],[15.435062,44.644023],[15.434833,44.644829],[15.434726,44.645471],[15.434674,44.646016],[15.434585,44.647009],[15.434528,44.647609],[15.434451,44.648099],[15.434258,44.648903],[15.433991,44.649693],[15.433641,44.650486],[15.433215,44.651246],[15.432812,44.651835],[15.432377,44.652401],[15.431974,44.652856],[15.431584,44.653256],[15.431177,44.653648],[15.430646,44.654126],[15.429662,44.65503],[15.428739,44.655932],[15.427833,44.656956],[15.426994,44.658049],[15.426229,44.659243],[15.425677,44.660328],[15.424815,44.662118],[15.42401,44.663738],[15.423591,44.664506],[15.423215,44.665136],[15.422763,44.665856],[15.422378,44.666433],[15.421597,44.667496],[15.420988,44.668246],[15.420291,44.669059],[15.419716,44.669694],[15.418817,44.670631],[15.417783,44.67161],[15.416323,44.672913],[15.415518,44.67364],[15.414674,44.674416],[15.413626,44.675439],[15.412678,44.676437],[15.412094,44.677091],[15.411655,44.677612],[15.410891,44.678534],[15.40956,44.680355],[15.408963,44.681257],[15.408424,44.682148],[15.407887,44.683066],[15.407424,44.683978],[15.406939,44.684952],[15.406483,44.685886],[15.405966,44.686944],[15.405453,44.687905],[15.404945,44.688815],[15.404614,44.689384],[15.404351,44.689804],[15.403591,44.691032],[15.402877,44.692093],[15.402073,44.693205],[15.401194,44.694348],[15.400254,44.695509],[15.399314,44.69661],[15.398547,44.697476],[15.397692,44.698378],[15.397047,44.699031],[15.396127,44.699933],[15.395397,44.700685],[15.394665,44.701482],[15.393267,44.703046],[15.391262,44.70564],[15.38988,44.707882],[15.388767,44.710048],[15.387811,44.712402],[15.387361,44.713846],[15.386975,44.715441],[15.386625,44.717622],[15.386416,44.719638],[15.386237,44.721573],[15.386092,44.722726],[15.385995,44.723382],[15.38583,44.724183],[15.385631,44.725102],[15.385317,44.726236],[15.385145,44.726789],[15.384958,44.72734],[15.384593,44.728332],[15.384213,44.729246],[15.383861,44.730011],[15.383474,44.730804],[15.382817,44.732013],[15.382606,44.732356],[15.381895,44.7335],[15.380892,44.735015],[15.38023,44.736041],[15.379907,44.736627],[15.379609,44.737219],[15.3794,44.737698],[15.379218,44.738149],[15.379078,44.738564],[15.378803,44.739423],[15.378668,44.740044],[15.3785,44.74097],[15.378298,44.742424],[15.378164,44.743236],[15.378012,44.744012],[15.377804,44.744851],[15.37755,44.745672],[15.377257,44.746466],[15.376907,44.747291],[15.376457,44.748161],[15.376035,44.748894],[15.375473,44.749771],[15.374854,44.750592],[15.374439,44.751105],[15.374034,44.75159],[15.373154,44.752516],[15.372315,44.75331],[15.371954,44.753623],[15.371545,44.753978],[15.371376,44.754124],[15.370575,44.754725],[15.369779,44.755292],[15.369107,44.755736],[15.368436,44.756159],[15.367177,44.756868],[15.366602,44.75717],[15.365627,44.757637],[15.363956,44.758368],[15.362392,44.759023],[15.361627,44.75937],[15.361003,44.7597],[15.360546,44.759955],[15.360141,44.760211],[15.359767,44.760442],[15.359332,44.760758],[15.358706,44.761247],[15.35806,44.761826],[15.357606,44.76228],[15.357268,44.762668],[15.356834,44.763215],[15.355983,44.76435],[15.355166,44.76542],[15.354718,44.765936],[15.354205,44.766471],[15.353781,44.766871],[15.353207,44.767363],[15.352637,44.767809],[15.352138,44.768194],[15.351308,44.768762],[15.350493,44.76931],[15.349701,44.769841],[15.348913,44.770411],[15.348409,44.770795],[15.34797,44.771167],[15.347356,44.77172],[15.346657,44.772431],[15.346142,44.773041],[15.345922,44.77333],[15.34572,44.773594],[15.345245,44.774316],[15.344181,44.776268],[15.34324,44.778163],[15.341972,44.781457],[15.341621,44.782482],[15.341053,44.78342],[15.340486,44.784004],[15.339804,44.78454],[15.3394,44.784844],[15.339035,44.785099],[15.33899,44.785128],[15.338611,44.785372],[15.338237,44.785603],[15.337595,44.785956],[15.337049,44.786212],[15.336575,44.786418],[15.336179,44.786583],[15.335556,44.78683],[15.334873,44.787078],[15.333645,44.787474],[15.332179,44.787882],[15.33064,44.788267],[15.329924,44.788459],[15.32953,44.788574],[15.329093,44.788712],[15.328255,44.789033],[15.327929,44.789174],[15.327601,44.789326],[15.327181,44.789546],[15.326845,44.789739],[15.326483,44.789956],[15.326217,44.790133],[15.325983,44.7903],[15.325622,44.790571],[15.325219,44.790908],[15.324807,44.791285],[15.324438,44.791663],[15.324074,44.792079],[15.323843,44.792357],[15.32331,44.792998],[15.323006,44.79335],[15.322298,44.794052],[15.321953,44.794343],[15.320808,44.795209],[15.32,44.79572],[15.319476,44.796012],[15.318556,44.796474],[15.317705,44.796849],[15.316917,44.79714],[15.316064,44.797408],[15.315306,44.797614],[15.313707,44.798016],[15.312767,44.798268],[15.312152,44.798462],[15.311841,44.798577],[15.311265,44.798805],[15.310757,44.799024],[15.310341,44.799235],[15.309774,44.799539],[15.309303,44.79982],[15.308829,44.80014],[15.308369,44.800482],[15.307921,44.800839],[15.307398,44.801337],[15.306864,44.801905],[15.305983,44.803031],[15.305037,44.804301],[15.304045,44.805499],[15.303399,44.806197],[15.302647,44.806974],[15.301799,44.807761],[15.301095,44.808409],[15.300174,44.809164],[15.299522,44.809685],[15.299233,44.8099],[15.298786,44.810232],[15.298517,44.810422],[15.298228,44.810621],[15.298005,44.810772],[15.297708,44.81098],[15.297394,44.81117],[15.297021,44.811385],[15.296315,44.811778],[15.295015,44.812419],[15.293554,44.813074],[15.292108,44.813626],[15.291373,44.813862],[15.290638,44.814101],[15.289434,44.814424],[15.287926,44.814792],[15.284917,44.815378],[15.282626,44.815922],[15.280405,44.816501],[15.278356,44.817072],[15.27628,44.817716],[15.273413,44.8187],[15.272612,44.819009],[15.27161,44.81941],[15.270701,44.81978],[15.269037,44.820498],[15.268292,44.820839],[15.267721,44.821118],[15.267248,44.821361],[15.266687,44.821678],[15.266196,44.821996],[15.265732,44.822325],[15.265287,44.822692],[15.264881,44.823082],[15.26458,44.823395],[15.264265,44.823752],[15.26395,44.824161],[15.263723,44.824499],[15.26338,44.825089],[15.262756,44.8264],[15.262281,44.827313],[15.261824,44.828026],[15.261448,44.82849],[15.261083,44.828902],[15.260573,44.829417],[15.259893,44.829988],[15.259237,44.830454],[15.2585,44.830914],[15.257553,44.831418],[15.256534,44.831919],[15.255426,44.832487],[15.25434,44.833064],[15.253589,44.833507],[15.252809,44.833976],[15.251914,44.834571],[15.250981,44.835207],[15.250055,44.835914],[15.249248,44.83657],[15.248591,44.837131],[15.247988,44.837693],[15.247316,44.838339],[15.246694,44.838987],[15.245892,44.839886],[15.245135,44.84074],[15.24457,44.841371],[15.244007,44.841932],[15.243374,44.842529],[15.242668,44.843146],[15.241608,44.843977],[15.240499,44.844761],[15.24,44.845088],[15.239502,44.845404],[15.238575,44.845943],[15.237733,44.846389],[15.236034,44.847268],[15.234254,44.848222],[15.232209,44.84939],[15.231189,44.850018],[15.230295,44.850583],[15.229435,44.85115],[15.228572,44.851745],[15.227752,44.852326],[15.226915,44.852927],[15.225409,44.85398],[15.225104,44.854185],[15.224374,44.854665],[15.224026,44.854885],[15.223542,44.855178],[15.223025,44.855487],[15.222636,44.855707],[15.22211,44.856002],[15.221789,44.856174],[15.221605,44.856273],[15.221399,44.856381],[15.221167,44.856497],[15.220871,44.856649],[15.220671,44.85675],[15.22049,44.856839],[15.220217,44.85697],[15.219905,44.857119],[15.219712,44.857209],[15.219514,44.857298],[15.219262,44.857408],[15.219001,44.857529],[15.218774,44.857628],[15.21853,44.85773],[15.218316,44.857823],[15.218081,44.857926],[15.217824,44.858039],[15.217538,44.858157],[15.217226,44.858287],[15.21685,44.858452],[15.216556,44.858578],[15.216292,44.858691],[15.216107,44.858772],[15.215916,44.85886],[15.215703,44.858957],[15.215369,44.859114],[15.215224,44.859183],[15.215032,44.859278],[15.214803,44.859398],[15.214607,44.8595],[15.214252,44.859698],[15.213902,44.859901],[15.213746,44.859995],[15.21339,44.860221],[15.213223,44.860327],[15.213023,44.860464],[15.212764,44.86065],[15.212519,44.860827],[15.21174,44.861445],[15.211063,44.862065],[15.21039,44.862784],[15.209783,44.863491],[15.209236,44.864267],[15.208788,44.865056],[15.208521,44.865557],[15.20828,44.866127],[15.20809,44.866669],[15.207918,44.867252],[15.207851,44.867539],[15.207804,44.867736],[15.207719,44.868224],[15.207664,44.868749],[15.207639,44.869251],[15.207668,44.870264],[15.207614,44.871757],[15.207508,44.872667],[15.207342,44.873491],[15.207143,44.874077],[15.206774,44.874854],[15.206476,44.875438],[15.206118,44.876068],[15.205712,44.876726],[15.205069,44.877686],[15.204356,44.878642],[15.203688,44.879433],[15.203561,44.879574],[15.203162,44.880005],[15.202843,44.880341],[15.202615,44.880562],[15.202393,44.880776],[15.201901,44.881235],[15.200904,44.882069],[15.200511,44.882375],[15.199313,44.883244],[15.198519,44.883829],[15.197854,44.884347],[15.197258,44.884831],[15.196623,44.885435],[15.196312,44.885754],[15.195952,44.886181],[15.195703,44.886474],[15.195416,44.88688],[15.195056,44.887431],[15.194787,44.88794],[15.194159,44.889196],[15.193821,44.889874],[15.193403,44.890519],[15.192871,44.891186],[15.192793,44.891274],[15.192663,44.891422],[15.191996,44.892095],[15.191382,44.892596],[15.190867,44.892969],[15.190149,44.893442],[15.189621,44.893736],[15.188944,44.894071],[15.18836,44.894372],[15.187939,44.894582],[15.187069,44.8951],[15.186342,44.895635],[15.185788,44.896145],[15.185483,44.896487],[15.185182,44.896854],[15.18497,44.897148],[15.184755,44.897502],[15.184453,44.898111],[15.184185,44.898841],[15.183943,44.899547],[15.183795,44.899848],[15.183597,44.900248],[15.183225,44.900841],[15.182839,44.901314],[15.182388,44.901796],[15.181926,44.902182],[15.181561,44.902477],[15.180646,44.903099],[15.180148,44.903433],[15.179676,44.903781],[15.179299,44.904083],[15.178921,44.904423],[15.17834,44.905028],[15.178114,44.905302],[15.177907,44.905585],[15.177709,44.90587],[15.177519,44.906182],[15.177443,44.906321],[15.17724,44.906709],[15.176885,44.907486],[15.176574,44.908208],[15.17616,44.908907],[15.176008,44.909114],[15.175643,44.909593],[15.175385,44.909869],[15.174833,44.910388],[15.174228,44.910869],[15.173695,44.91125],[15.173116,44.911678],[15.172893,44.911861],[15.172613,44.912097],[15.172234,44.912434],[15.171975,44.912714],[15.171693,44.913018],[15.171412,44.913376],[15.171012,44.913989],[15.170835,44.914295],[15.170666,44.914607],[15.170415,44.915237],[15.170197,44.915891],[15.169952,44.916706],[15.169685,44.91744],[15.169264,44.918289],[15.168882,44.918955],[15.168532,44.919488],[15.16764,44.920867],[15.167391,44.92132],[15.167079,44.922109],[15.166932,44.922647],[15.16679,44.923529],[15.166766,44.923793],[15.16678,44.924357],[15.166842,44.924934],[15.166925,44.925304],[15.167131,44.926027],[15.167287,44.926419],[15.167437,44.92675],[15.167738,44.927254],[15.168021,44.927702],[15.168515,44.928305],[15.168959,44.928792],[15.169809,44.929685],[15.170331,44.930216],[15.170839,44.930884],[15.171246,44.931532],[15.171494,44.931992],[15.171673,44.932417],[15.171766,44.9327],[15.1719,44.933181],[15.171974,44.933508],[15.172042,44.933984],[15.172069,44.934482],[15.17205,44.934961],[15.172006,44.935443],[15.171939,44.935814],[15.171767,44.936425],[15.171588,44.936895],[15.171367,44.937357],[15.171091,44.937847],[15.170612,44.938526],[15.170244,44.93896],[15.169819,44.939401],[15.169297,44.939861],[15.168671,44.940342],[15.168523,44.940443],[15.167479,44.941097],[15.166554,44.941657],[15.165583,44.942271],[15.165083,44.942611],[15.164634,44.942973],[15.16429,44.943255],[15.163921,44.943596],[15.163218,44.944255],[15.162576,44.94492],[15.161986,44.945508],[15.161278,44.946107],[15.160642,44.946576],[15.159937,44.947013],[15.159402,44.947301],[15.158901,44.947531],[15.158193,44.947823],[15.157393,44.948096],[15.156559,44.948337],[15.155469,44.948562],[15.154861,44.948659],[15.15434,44.948711],[15.153056,44.948796],[15.151907,44.948819],[15.15076,44.948847],[15.149758,44.948881],[15.148629,44.948967],[15.14794,44.949037],[15.147255,44.94914],[15.146608,44.949243],[15.145943,44.949371],[15.144926,44.949602],[15.143857,44.949895],[15.143025,44.950152],[15.142342,44.950416],[15.14151,44.950727],[15.140811,44.951013],[15.138867,44.951848],[15.137012,44.952647],[15.135647,44.953227],[15.134329,44.95379],[15.133069,44.954309],[15.132066,44.95469],[15.131174,44.954985],[15.13059,44.955166],[15.129954,44.955344],[15.129296,44.955524],[15.128062,44.955818],[15.127493,44.955935],[15.126991,44.956033],[15.125435,44.956277],[15.123122,44.956546],[15.120912,44.95681],[15.120149,44.956923],[15.119332,44.957057],[15.117908,44.957326],[15.115233,44.957841],[15.114472,44.95798],[15.113874,44.958079],[15.112845,44.958228],[15.11219,44.958316],[15.111524,44.958391],[15.110142,44.95851],[15.108119,44.958671],[15.107294,44.958729],[15.106144,44.958818],[15.10497,44.958978],[15.103642,44.959233],[15.102339,44.959558],[15.101108,44.959956],[15.099885,44.960425],[15.098732,44.960945],[15.098148,44.961246],[15.097313,44.961747],[15.096995,44.961948],[15.096352,44.962378],[15.095767,44.962825],[15.095219,44.963285],[15.094652,44.963793],[15.093956,44.964523],[15.093435,44.965144],[15.093113,44.965593],[15.092813,44.966042],[15.09256,44.966461],[15.092541,44.966494],[15.092293,44.966931],[15.09219,44.967156],[15.092105,44.967341],[15.091958,44.967683],[15.091811,44.968043],[15.091644,44.968538],[15.091442,44.969311],[15.091349,44.969789],[15.091267,44.970369],[15.091249,44.970571],[15.091241,44.9709],[15.091267,44.971697],[15.091291,44.972072],[15.091357,44.972517],[15.091504,44.973172],[15.091581,44.973458],[15.091958,44.97444],[15.095025,44.980663],[15.095198,44.981054],[15.095356,44.981518],[15.095496,44.982178],[15.095592,44.983149],[15.095557,44.983677],[15.095305,44.985287],[15.095297,44.985989],[15.09535,44.986657],[15.095483,44.987309],[15.095664,44.987866],[15.095744,44.988051],[15.095959,44.988459],[15.096121,44.988754],[15.096413,44.989193],[15.096827,44.989748],[15.097173,44.990164],[15.097797,44.990793],[15.098345,44.99128],[15.098757,44.991615],[15.099239,44.991947],[15.099397,44.992044],[15.100159,44.992513],[15.100969,44.992965],[15.101778,44.993325],[15.103101,44.993891],[15.103915,44.994234],[15.104661,44.994561],[15.105034,44.994742],[15.105414,44.994928],[15.106295,44.9954],[15.107088,44.995911],[15.108074,44.996613],[15.109385,44.997489],[15.109397,44.997498],[15.11046,44.9981],[15.111208,44.99845],[15.112933,44.99913],[15.114468,44.999714],[15.115663,45.000256],[15.11661,45.000789],[15.117265,45.001188],[15.118209,45.001875],[15.119498,45.002821],[15.119582,45.002877],[15.120254,45.003328],[15.121098,45.003851],[15.122056,45.004337],[15.12282,45.004696],[15.123902,45.005134],[15.124808,45.005437],[15.125754,45.005733],[15.126473,45.005943],[15.127357,45.006191],[15.128459,45.006537],[15.129685,45.00702],[15.130001,45.007172],[15.130526,45.007425],[15.130703,45.007514],[15.131511,45.007971],[15.131776,45.008125],[15.132242,45.008426],[15.132931,45.008933],[15.133369,45.00929],[15.133717,45.00958],[15.134422,45.010239],[15.135104,45.010875],[15.135741,45.011406],[15.136312,45.011824],[15.136862,45.012189],[15.137491,45.012558],[15.137899,45.012757],[15.138446,45.013017],[15.139022,45.013257],[15.139901,45.013624],[15.141236,45.01417],[15.142595,45.014728],[15.144361,45.01546],[15.147391,45.016704],[15.148818,45.017296],[15.149442,45.017554],[15.149831,45.017721],[15.150368,45.017974],[15.150735,45.018171],[15.151272,45.018489],[15.151768,45.018826],[15.152211,45.019172],[15.152471,45.019407],[15.152954,45.019876],[15.153198,45.020144],[15.153429,45.020427],[15.153895,45.021102],[15.154292,45.021784],[15.1546,45.022332],[15.155155,45.02324],[15.155586,45.023901],[15.156067,45.024548],[15.15669,45.025286],[15.156756,45.025359],[15.157386,45.026051],[15.157735,45.026404],[15.158323,45.026961],[15.158665,45.027275],[15.159342,45.027822],[15.160187,45.028466],[15.160735,45.028831],[15.161744,45.029495],[15.162227,45.029781],[15.163457,45.030454],[15.163782,45.030614],[15.164761,45.031077],[15.165196,45.031267],[15.16541,45.031353],[15.16561,45.031434],[15.166856,45.03191],[15.168025,45.03233],[15.169513,45.032869],[15.17071,45.033348],[15.17145,45.033706],[15.172177,45.034085],[15.173083,45.034665],[15.173647,45.035051],[15.174732,45.035937],[15.175237,45.036427],[15.175509,45.036713],[15.175661,45.036873],[15.176132,45.037469],[15.176468,45.03795],[15.176828,45.038539],[15.177113,45.039086],[15.177314,45.039536],[15.177553,45.040206],[15.177713,45.040794],[15.177856,45.041572],[15.177933,45.042565],[15.177952,45.043168],[15.177972,45.043951],[15.178007,45.044451],[15.178069,45.045015],[15.178135,45.045317],[15.178164,45.045449],[15.178278,45.045878],[15.178506,45.046496],[15.178667,45.046852],[15.178879,45.047247],[15.179175,45.047725],[15.179554,45.048257],[15.179891,45.048676],[15.180271,45.049073],[15.180711,45.049495],[15.181095,45.049814],[15.181599,45.05021],[15.182039,45.050502],[15.18236,45.050713],[15.182732,45.050933],[15.183444,45.051305],[15.184257,45.051672],[15.184823,45.05189],[15.185273,45.052045],[15.185673,45.052171],[15.186222,45.052325],[15.186881,45.052486],[15.187383,45.052589],[15.187961,45.052688],[15.188809,45.052784],[15.189507,45.052848],[15.190428,45.05288],[15.191425,45.052901],[15.192451,45.052917],[15.193195,45.052954],[15.19388,45.053027],[15.194589,45.053126],[15.195126,45.053224],[15.195751,45.053362],[15.196202,45.053482],[15.196875,45.053682],[15.19748,45.053911],[15.197899,45.054082],[15.198296,45.054243],[15.198986,45.054586],[15.199786,45.055072],[15.200313,45.055444],[15.200713,45.055758],[15.201253,45.056247],[15.201901,45.056873],[15.205967,45.060898],[15.206037,45.060967],[15.206556,45.06157],[15.206957,45.062151],[15.207242,45.062645],[15.207468,45.063128],[15.207638,45.063569],[15.20773,45.063861],[15.207784,45.064032],[15.207892,45.064532],[15.207947,45.065003],[15.207972,45.065434],[15.207967,45.065815],[15.207942,45.066147],[15.207891,45.06646],[15.207799,45.066885],[15.207709,45.067244],[15.207526,45.067799],[15.207427,45.068071],[15.207156,45.0687],[15.207087,45.068833],[15.206991,45.069046],[15.206702,45.069768],[15.206395,45.070541],[15.2062,45.071029],[15.205984,45.071849],[15.205929,45.072167],[15.205888,45.07243],[15.20584,45.072749],[15.205808,45.073095],[15.205786,45.073408],[15.205775,45.073729],[15.205958,45.07565],[15.206205,45.076483],[15.206451,45.077112],[15.207145,45.078448],[15.207489,45.078953],[15.208222,45.079922],[15.208396,45.080139],[15.208532,45.080281],[15.209116,45.080905],[15.209794,45.081508],[15.210323,45.081967],[15.210936,45.082474],[15.212696,45.083886],[15.214121,45.085054],[15.217344,45.087648],[15.221621,45.091142],[15.223626,45.092792],[15.228126,45.09641],[15.231589,45.09923],[15.234131,45.101259],[15.237597,45.104069],[15.239453,45.105553],[15.241337,45.107006],[15.242569,45.108008],[15.243547,45.108864],[15.244339,45.10961],[15.245186,45.110549],[15.245812,45.111548],[15.24635,45.112465],[15.246568,45.113027],[15.246849,45.11387],[15.246968,45.114613],[15.246984,45.115148],[15.246919,45.11591],[15.246899,45.11617],[15.246846,45.116476],[15.246781,45.116766],[15.246763,45.116843],[15.246726,45.116981],[15.246586,45.117425],[15.246467,45.117744],[15.24634,45.118062],[15.246213,45.118369],[15.2461,45.118625],[15.245968,45.118893],[15.245722,45.119341],[15.245446,45.119836],[15.24492,45.120755],[15.244553,45.121351],[15.244433,45.121554],[15.244321,45.121745],[15.244032,45.122271],[15.243813,45.122727],[15.243648,45.123131],[15.243536,45.123505],[15.24343,45.123913],[15.243384,45.124242],[15.243339,45.124798],[15.243364,45.125267],[15.243419,45.125754],[15.243519,45.12619],[15.243744,45.126871],[15.24388,45.127175],[15.244036,45.127479],[15.244521,45.128218],[15.244735,45.128505],[15.244904,45.128693],[15.245214,45.129021],[15.245515,45.129295],[15.246118,45.129781],[15.246325,45.129942],[15.246765,45.130245],[15.247259,45.130522],[15.247818,45.130805],[15.248255,45.130998],[15.24932,45.131412],[15.250118,45.131656],[15.251763,45.132091],[15.253588,45.132569],[15.254269,45.132777],[15.255116,45.133077],[15.255453,45.133208],[15.256018,45.133457],[15.256406,45.133646],[15.25671,45.133805],[15.257157,45.134076],[15.257436,45.134246],[15.257877,45.134545],[15.25819,45.134774],[15.258785,45.135278],[15.259295,45.135781],[15.259848,45.136334],[15.260192,45.136679],[15.260531,45.136996],[15.260999,45.137389],[15.261185,45.137524],[15.261464,45.137732],[15.261815,45.137956],[15.262557,45.138382],[15.263127,45.138665],[15.263449,45.138817],[15.263816,45.138971],[15.264249,45.139127],[15.26491,45.139349],[15.265695,45.139588],[15.266222,45.139727],[15.266782,45.13989],[15.267234,45.140023],[15.267807,45.140216],[15.268416,45.140461],[15.26895,45.140717],[15.269436,45.140964],[15.269949,45.141255],[15.270792,45.141825],[15.271402,45.142306],[15.271806,45.142684],[15.272238,45.143145],[15.272595,45.143552],[15.27308,45.144281],[15.273485,45.14505],[15.273763,45.145823],[15.273866,45.146259],[15.273947,45.146753],[15.273951,45.146799],[15.274004,45.147433],[15.273986,45.147759],[15.273965,45.148054],[15.273926,45.148365],[15.273788,45.148998],[15.273625,45.14958],[15.273416,45.150164],[15.273048,45.151054],[15.27268,45.151995],[15.272513,45.15251],[15.272425,45.152806],[15.272356,45.153125],[15.272263,45.153657],[15.27223,45.153942],[15.272212,45.154177],[15.272201,45.154639],[15.27223,45.155048],[15.272247,45.15524],[15.272305,45.155675],[15.272417,45.156317],[15.272637,45.157378],[15.273193,45.159994],[15.273365,45.160696],[15.273526,45.161557],[15.273714,45.162422],[15.273846,45.163017],[15.273991,45.163552],[15.274143,45.16404],[15.274321,45.164502],[15.274559,45.165052],[15.274827,45.165583],[15.275035,45.165965],[15.275355,45.166478],[15.27559,45.166823],[15.275995,45.167377],[15.276642,45.168226],[15.277055,45.168806],[15.2774,45.169344],[15.277619,45.169744],[15.277944,45.170444],[15.27821,45.171239],[15.278328,45.171751],[15.278393,45.172099],[15.27845,45.172549],[15.278476,45.173004],[15.27847,45.173383],[15.278441,45.173863],[15.278408,45.174155],[15.278341,45.17452],[15.278198,45.175131],[15.27792,45.175917],[15.277713,45.176394],[15.277376,45.177007],[15.277029,45.177547],[15.276729,45.177956],[15.27637,45.178391],[15.276085,45.17871],[15.275319,45.179451],[15.274233,45.180379],[15.273068,45.181374],[15.271994,45.182279],[15.270576,45.183494],[15.270186,45.18385],[15.26992,45.18413],[15.269613,45.184478],[15.269322,45.184844],[15.269005,45.185316],[15.268736,45.18578],[15.268503,45.186282],[15.268322,45.186761],[15.268177,45.187291],[15.268123,45.18759],[15.268076,45.187884],[15.26803,45.188319],[15.267996,45.188796],[15.267955,45.189275],[15.267896,45.189799],[15.26782,45.190244],[15.267708,45.190723],[15.267555,45.191216],[15.267397,45.191632],[15.26727,45.19194],[15.267058,45.192387],[15.26686,45.192752],[15.266167,45.193876],[15.265828,45.194427],[15.265676,45.19471],[15.265495,45.195103],[15.265358,45.195452],[15.265265,45.195744],[15.265164,45.196108],[15.265085,45.196535],[15.26504,45.19692],[15.265026,45.197322],[15.265035,45.197873],[15.265037,45.197892],[15.265078,45.198248],[15.265174,45.198848],[15.265302,45.199474],[15.265413,45.200092],[15.265511,45.200683],[15.265549,45.201317],[15.265556,45.201575],[15.265543,45.201893],[15.26549,45.202514],[15.265402,45.203078],[15.265297,45.203505],[15.265187,45.203903],[15.265045,45.204317],[15.264902,45.204682],[15.264737,45.205042],[15.264571,45.205366],[15.264187,45.20602],[15.263694,45.206668],[15.263175,45.207348],[15.262129,45.208497],[15.261568,45.209112],[15.261046,45.20974],[15.260602,45.210345],[15.260226,45.210928],[15.259903,45.211495],[15.259652,45.211989],[15.25945,45.212454],[15.259248,45.212985],[15.258978,45.213862],[15.258863,45.214381],[15.258803,45.214738],[15.258772,45.215018],[15.258738,45.215289],[15.258698,45.215773],[15.258691,45.216042],[15.258691,45.216372],[15.258711,45.21687],[15.25876,45.21738],[15.25886,45.218028],[15.258926,45.218321],[15.258996,45.218606],[15.259113,45.21904],[15.25925,45.219465],[15.25943,45.219939],[15.259638,45.220421],[15.259872,45.220886],[15.260105,45.221318],[15.260397,45.221785],[15.260677,45.222188],[15.260959,45.222568],[15.261206,45.222902],[15.261774,45.223549],[15.261947,45.223731],[15.26247,45.22432],[15.263071,45.224969],[15.263948,45.225954],[15.264456,45.226572],[15.264936,45.227214],[15.265405,45.227893],[15.265579,45.22813],[15.265868,45.228604],[15.266194,45.229173],[15.266454,45.229697],[15.266673,45.23015],[15.266886,45.230621],[15.267126,45.231221],[15.267342,45.231816],[15.267438,45.232141],[15.267495,45.232344],[15.267625,45.232813],[15.267763,45.233389],[15.26785,45.233838],[15.26794,45.234361],[15.268028,45.235065],[15.26818,45.236716],[15.268293,45.238009],[15.268393,45.23873],[15.268513,45.239338],[15.268706,45.240174],[15.268887,45.240806],[15.269114,45.241454],[15.269433,45.242263],[15.270005,45.243443],[15.270247,45.243895],[15.270514,45.244377],[15.27088,45.244942],[15.271623,45.246012],[15.271985,45.246486],[15.272736,45.247412],[15.273091,45.247822],[15.273581,45.248388],[15.274411,45.249338],[15.274437,45.249371],[15.274982,45.250068],[15.275393,45.250648],[15.275702,45.251187],[15.275944,45.251647],[15.276151,45.252113],[15.276502,45.253117],[15.276611,45.253579],[15.276712,45.254075],[15.276793,45.254978],[15.276792,45.255629],[15.276731,45.256281],[15.276606,45.256989],[15.276549,45.25721],[15.276428,45.257682],[15.276165,45.258409],[15.275877,45.259028],[15.275358,45.259991],[15.274967,45.260526],[15.274732,45.260856],[15.274125,45.26154],[15.273495,45.26216],[15.272638,45.262925],[15.272073,45.263442],[15.271632,45.26387],[15.271143,45.264417],[15.270741,45.264952],[15.27057,45.265194],[15.270472,45.265352],[15.270297,45.265652],[15.269833,45.266716],[15.269714,45.267098],[15.269555,45.267793],[15.269495,45.268287],[15.269478,45.26877],[15.269487,45.269189],[15.269548,45.269866],[15.269654,45.270357],[15.269805,45.270924],[15.269968,45.271331],[15.270073,45.271593],[15.270537,45.272465],[15.270938,45.273035],[15.271435,45.273658],[15.271799,45.27404],[15.272282,45.274535],[15.272833,45.275092],[15.27348,45.275774],[15.273826,45.276195],[15.274207,45.276709],[15.274631,45.277365],[15.274881,45.277808],[15.275071,45.278203],[15.27534,45.27888],[15.275634,45.27984],[15.275788,45.280632],[15.275815,45.280977],[15.275827,45.281131],[15.27586,45.281861],[15.275781,45.282844],[15.275608,45.283711],[15.275422,45.284334],[15.27523,45.2849],[15.275018,45.28542],[15.274768,45.28605],[15.274606,45.286497],[15.274423,45.287147],[15.274236,45.288041],[15.274161,45.288847],[15.274166,45.289179],[15.274176,45.289671],[15.274218,45.290041],[15.274251,45.290331],[15.274339,45.290802],[15.274455,45.291278],[15.274667,45.291984],[15.274967,45.29269],[15.275403,45.29347],[15.27561,45.293823],[15.276002,45.294379],[15.276372,45.294904],[15.276837,45.295549],[15.277232,45.296135],[15.277623,45.296782],[15.277818,45.297149],[15.278027,45.297592],[15.278234,45.298104],[15.278364,45.298445],[15.278445,45.298683],[15.278638,45.299319],[15.278779,45.299959],[15.278866,45.300497],[15.27891,45.300988],[15.278947,45.301574],[15.278901,45.304235],[15.278916,45.304944],[15.278938,45.305261],[15.279119,45.306605],[15.27919,45.306933],[15.279285,45.307272],[15.279448,45.307888],[15.279812,45.308984],[15.280272,45.31003],[15.280771,45.310985],[15.281147,45.311603],[15.281462,45.312091],[15.281822,45.312635],[15.282487,45.313627],[15.2829,45.314315],[15.283228,45.315],[15.283443,45.315558],[15.283558,45.315875],[15.283616,45.316037],[15.283852,45.317042],[15.283924,45.317636],[15.283949,45.318109],[15.283907,45.319138],[15.283859,45.319612],[15.28374,45.320201],[15.283598,45.320727],[15.283401,45.321317],[15.283027,45.322231],[15.282471,45.323414],[15.282162,45.324002],[15.281869,45.324554],[15.281856,45.324579],[15.281054,45.325885],[15.280489,45.326722],[15.279612,45.327891],[15.278414,45.329452],[15.277652,45.3305],[15.277471,45.330759],[15.276941,45.331619],[15.276562,45.332313],[15.276297,45.332854],[15.276074,45.333309],[15.275749,45.3341],[15.275596,45.334518],[15.275499,45.334886],[15.275219,45.335809],[15.27503,45.33666],[15.274905,45.337574],[15.274814,45.338413],[15.274771,45.339178],[15.274788,45.339826],[15.274868,45.34087],[15.274924,45.341357],[15.27503,45.341974],[15.275147,45.34251],[15.275347,45.34328],[15.275641,45.344233],[15.275939,45.34501],[15.276434,45.346171],[15.276828,45.347095],[15.277033,45.347614],[15.27723,45.348164],[15.277429,45.348782],[15.277576,45.349343],[15.277721,45.349989],[15.277775,45.350329],[15.277832,45.350683],[15.277912,45.351355],[15.277946,45.352081],[15.27794,45.352905],[15.277873,45.353905],[15.277718,45.354885],[15.277449,45.35596],[15.277276,45.356584],[15.276839,45.357663],[15.276334,45.358752],[15.276142,45.359088],[15.275931,45.359459],[15.275433,45.360222],[15.274819,45.361055],[15.27421,45.361827],[15.273233,45.362994],[15.272651,45.363726],[15.272123,45.364454],[15.271644,45.365182],[15.271317,45.365775],[15.270832,45.366754],[15.270695,45.367113],[15.270498,45.367631],[15.270207,45.368647],[15.270077,45.36921],[15.269967,45.369904],[15.269871,45.370821],[15.269806,45.371708],[15.269704,45.372775],[15.269653,45.37317],[15.269447,45.374292],[15.269103,45.375426],[15.268759,45.376194],[15.268663,45.376409],[15.268188,45.377274],[15.267755,45.377943],[15.267263,45.378599],[15.266824,45.379142],[15.266179,45.379818],[15.265508,45.38045],[15.264351,45.381451],[15.263071,45.382532],[15.262494,45.383084],[15.261903,45.38374],[15.261532,45.384152],[15.260855,45.385089],[15.260454,45.385724],[15.260075,45.386405],[15.25986,45.38688],[15.259671,45.38731],[15.259444,45.388009],[15.259322,45.38843],[15.259208,45.388897],[15.259124,45.38929],[15.25906,45.389744],[15.259014,45.390308],[15.258995,45.39081],[15.259005,45.391407],[15.259015,45.391869],[15.259033,45.392607],[15.259013,45.393473],[15.258941,45.393986],[15.258871,45.394334],[15.258769,45.394703],[15.258584,45.395178],[15.258359,45.395639],[15.258106,45.39605],[15.257454,45.396862],[15.256906,45.397412],[15.256253,45.397916],[15.255602,45.39834],[15.254619,45.398853],[15.253911,45.399154],[15.252653,45.399635],[15.252632,45.399643],[15.251886,45.399966],[15.251221,45.400368],[15.25063,45.40083],[15.250394,45.401074],[15.250268,45.401206],[15.249922,45.401637],[15.249719,45.401989],[15.249549,45.402359],[15.249443,45.402644],[15.249375,45.402916],[15.249337,45.403206],[15.249307,45.403527],[15.249314,45.403829],[15.249367,45.404168],[15.24943,45.404428],[15.249618,45.40495],[15.249766,45.405223],[15.249849,45.405366],[15.249964,45.405528],[15.250016,45.405601],[15.250168,45.405808],[15.250413,45.406071],[15.250742,45.406382],[15.251122,45.406676],[15.251416,45.406868],[15.251765,45.407075],[15.252062,45.407226],[15.252401,45.407386],[15.252706,45.407507],[15.253186,45.407664],[15.253494,45.407748],[15.253822,45.407822],[15.25417,45.407888],[15.25451,45.407936],[15.254868,45.407974],[15.255251,45.407997],[15.255537,45.408006],[15.255802,45.408002],[15.256137,45.407989],[15.256481,45.407969],[15.257428,45.407887],[15.258176,45.407824],[15.258602,45.407792],[15.258979,45.407774],[15.259473,45.40777],[15.259865,45.407776],[15.260139,45.407788],[15.26044,45.407807],[15.260827,45.40784],[15.261239,45.407887],[15.261512,45.407923],[15.262248,45.40804],[15.262629,45.408108],[15.263583,45.408282],[15.263987,45.408355],[15.264373,45.408416],[15.264727,45.408469],[15.265372,45.408557],[15.266558,45.408674],[15.266864,45.408697],[15.267477,45.408731],[15.268373,45.408771],[15.269271,45.408826],[15.270123,45.408891],[15.270775,45.408955],[15.271595,45.40907],[15.272361,45.409228],[15.273486,45.409511],[15.274527,45.409854],[15.275345,45.410181],[15.275972,45.410481],[15.276529,45.410772],[15.277004,45.411056],[15.277725,45.411526],[15.278401,45.412048],[15.278637,45.41223],[15.279971,45.413246],[15.280425,45.413584],[15.280795,45.41384],[15.281176,45.414091],[15.281584,45.414345],[15.282021,45.414597],[15.282526,45.414877],[15.283202,45.415218],[15.283788,45.415493],[15.285441,45.416178],[15.287641,45.417047],[15.288154,45.41731],[15.289137,45.417812],[15.290488,45.418599],[15.290964,45.418892],[15.291676,45.419316],[15.292531,45.419835],[15.293818,45.420567],[15.295248,45.421318],[15.296811,45.422094],[15.298113,45.422681],[15.299186,45.423145],[15.300308,45.423603],[15.301411,45.424023],[15.301592,45.424091],[15.303803,45.424923],[15.304692,45.425258],[15.306033,45.425756],[15.307919,45.426476],[15.311247,45.427711],[15.311623,45.42785],[15.312305,45.42811],[15.313056,45.428395],[15.314493,45.42892],[15.317397,45.430039],[15.318862,45.430617],[15.320437,45.431304],[15.323141,45.432593],[15.323242,45.432647],[15.324809,45.433474],[15.326259,45.434263],[15.329169,45.435905],[15.331359,45.437116],[15.333446,45.438246],[15.333662,45.438356],[15.334386,45.438728],[15.335553,45.439267],[15.336675,45.439766],[15.337728,45.440189],[15.338472,45.44047],[15.339302,45.440764],[15.340003,45.440995],[15.340857,45.441275],[15.342472,45.441752],[15.344246,45.442186],[15.344635,45.442271],[15.345637,45.442491],[15.347434,45.442821],[15.350582,45.443281],[15.355234,45.443874],[15.35684,45.444088],[15.357501,45.444177],[15.359577,45.444475],[15.360906,45.444751],[15.36236,45.445117],[15.362917,45.445281],[15.363729,45.445529],[15.364541,45.445825],[15.365367,45.446136],[15.366078,45.446443],[15.366922,45.446827],[15.367876,45.447312],[15.368804,45.447861],[15.369593,45.448328],[15.370616,45.449057],[15.371484,45.449738],[15.372071,45.450248],[15.372668,45.450812],[15.373328,45.451503],[15.37378,45.452016],[15.37412,45.452438],[15.374748,45.453291],[15.375213,45.453968],[15.376027,45.455192],[15.376036,45.455205],[15.376441,45.455789],[15.37686,45.456329],[15.377085,45.456616],[15.377572,45.457197],[15.378221,45.457879],[15.378595,45.458232],[15.378944,45.458548],[15.379401,45.458933],[15.379795,45.459255],[15.380373,45.459672],[15.381021,45.460092],[15.381345,45.460292],[15.381848,45.460592],[15.382528,45.460958],[15.383326,45.461347],[15.384133,45.461703],[15.384792,45.461957],[15.385473,45.462201],[15.385641,45.462261],[15.386461,45.462516],[15.387213,45.462724],[15.388219,45.462955],[15.389146,45.463151],[15.391205,45.463462],[15.392452,45.463641],[15.39408,45.463867],[15.396634,45.46423],[15.397095,45.464296],[15.400045,45.46471],[15.40141,45.464901],[15.402671,45.465114],[15.403498,45.465309],[15.40415,45.465478],[15.404861,45.465688],[15.405663,45.465964],[15.406474,45.466277],[15.407294,45.466638],[15.407929,45.466946],[15.408043,45.467007],[15.408618,45.467315],[15.409564,45.467918],[15.410395,45.468511],[15.41154,45.469449],[15.412598,45.470235],[15.413103,45.470576],[15.413766,45.470986],[15.414594,45.471406],[15.415133,45.471656],[15.415607,45.471856],[15.416843,45.472341],[15.417767,45.47266],[15.41827,45.472834],[15.41974,45.473359],[15.421114,45.473881],[15.421775,45.474163],[15.422269,45.474379],[15.42334,45.474923],[15.423781,45.475161],[15.424251,45.475459],[15.425454,45.476284],[15.426619,45.477173],[15.428133,45.478377],[15.42926,45.479274],[15.430055,45.47993],[15.431357,45.480966],[15.432483,45.481885],[15.432736,45.482076],[15.433665,45.482781],[15.434475,45.483315],[15.435431,45.483882],[15.436002,45.484195],[15.436567,45.484478],[15.436803,45.484586],[15.437305,45.484814],[15.438103,45.485176],[15.43934,45.485695],[15.440396,45.486169],[15.441217,45.486556],[15.441681,45.486795],[15.44223,45.487104],[15.442767,45.487454],[15.44316,45.487712],[15.443757,45.488175],[15.444091,45.488459],[15.44452,45.488874],[15.444897,45.489277],[15.445239,45.489692],[15.445269,45.489729],[15.445583,45.490159],[15.445962,45.490785],[15.446262,45.491374],[15.446462,45.491839],[15.446908,45.493155],[15.447372,45.494739],[15.447582,45.49533],[15.447798,45.4958],[15.448116,45.496417],[15.448194,45.496531],[15.448311,45.496686],[15.448496,45.496926],[15.448747,45.497241],[15.449002,45.497525],[15.449513,45.498016],[15.450051,45.498426],[15.45055,45.498756],[15.450626,45.498804],[15.451259,45.499202],[15.45199,45.499626],[15.45335,45.500391],[15.456204,45.502021],[15.457184,45.502576],[15.458794,45.503532],[15.459909,45.504261],[15.460168,45.50443],[15.461365,45.505305],[15.462519,45.506211],[15.462612,45.506289],[15.462723,45.506382],[15.462855,45.506493],[15.463085,45.506686],[15.465222,45.508461],[15.466132,45.50926],[15.466801,45.509841],[15.467567,45.510497],[15.468473,45.511177],[15.468535,45.511223],[15.469546,45.511908],[15.47066,45.512544],[15.471594,45.513049],[15.47259,45.513504],[15.473022,45.513696],[15.474198,45.514144],[15.474813,45.514372],[15.475675,45.514654],[15.476069,45.514769],[15.477063,45.515041],[15.478636,45.515401],[15.479478,45.515546],[15.480234,45.515658],[15.481103,45.515783],[15.482038,45.515874],[15.483128,45.515945],[15.484188,45.515975],[15.485561,45.515977],[15.48692,45.515921],[15.488485,45.515785],[15.490037,45.515569],[15.491698,45.515244],[15.491842,45.515211],[15.49262,45.515034],[15.49355,45.514766],[15.495729,45.514048],[15.49875,45.512936],[15.499149,45.51279],[15.499864,45.512526],[15.501424,45.511967],[15.503053,45.511437],[15.503366,45.511351],[15.504295,45.511096],[15.505556,45.51078],[15.507163,45.51044],[15.50878,45.510162],[15.509897,45.510007],[15.511013,45.509875],[15.51192,45.509788],[15.513083,45.509709],[15.513954,45.50967],[15.514651,45.509649],[15.515172,45.509643],[15.515665,45.509642],[15.516033,45.509643],[15.516411,45.509648],[15.517038,45.509662],[15.51743,45.509678],[15.517812,45.509694],[15.518454,45.509727],[15.519328,45.509779],[15.520212,45.509843],[15.520978,45.509896],[15.522374,45.510005],[15.523984,45.510145],[15.525436,45.510282],[15.526795,45.510424],[15.527551,45.510507],[15.528379,45.510602],[15.529316,45.510712],[15.530136,45.510813],[15.530875,45.510907],[15.531617,45.511007],[15.532337,45.511108],[15.533493,45.51127],[15.534449,45.511413],[15.535344,45.511554],[15.5365,45.511735],[15.537709,45.511935],[15.539067,45.512174],[15.54021,45.51238],[15.541241,45.51258],[15.542524,45.512828],[15.543041,45.512934],[15.543595,45.513047],[15.544004,45.513135],[15.544388,45.513222],[15.54491,45.513345],[15.54519,45.513413],[15.545448,45.513482],[15.545946,45.513615],[15.54627,45.513707],[15.546567,45.513796],[15.546851,45.513883],[15.547251,45.51401],[15.547688,45.514152],[15.548173,45.514319],[15.548463,45.514423],[15.548752,45.514539],[15.54894,45.514613],[15.549488,45.514829],[15.550169,45.515119],[15.551251,45.515622],[15.552597,45.51633],[15.553219,45.516685],[15.553836,45.517074],[15.554858,45.51776],[15.555922,45.518514],[15.558491,45.520382],[15.558707,45.520536],[15.56111,45.522259],[15.562117,45.522983],[15.563663,45.524092],[15.564385,45.524606],[15.567663,45.526956],[15.567754,45.527022],[15.569609,45.528359],[15.574639,45.531976],[15.576538,45.53334],[15.584424,45.539004],[15.585453,45.539739],[15.585754,45.539954],[15.587078,45.540926],[15.58969,45.542845],[15.591309,45.544088],[15.594161,45.546385],[15.594803,45.546903],[15.596159,45.548045],[15.597475,45.549172],[15.597847,45.5495],[15.599955,45.551364],[15.602212,45.553487],[15.603508,45.554707],[15.60478,45.555962],[15.605853,45.557045],[15.607296,45.558535],[15.609443,45.560849],[15.609467,45.560877],[15.610468,45.562],[15.611045,45.562667],[15.61142,45.5631],[15.61389,45.566044],[15.615958,45.568671],[15.616256,45.569051],[15.618484,45.572106],[15.620604,45.575148],[15.621699,45.576829],[15.621719,45.576862],[15.621775,45.576953],[15.621908,45.577166],[15.62322,45.579278],[15.624418,45.581303],[15.625594,45.583429],[15.626469,45.585076],[15.626914,45.585914],[15.628136,45.588397],[15.630617,45.593381],[15.630636,45.593419],[15.630851,45.593848],[15.631027,45.5942],[15.633022,45.597776],[15.635129,45.601307],[15.635532,45.601925],[15.637059,45.604271],[15.638989,45.607074],[15.641131,45.609982],[15.641534,45.61053],[15.644079,45.61379],[15.646633,45.616831],[15.647466,45.617774],[15.649151,45.619682],[15.651792,45.622486],[15.6545,45.625229],[15.654535,45.625262],[15.655739,45.626435],[15.657027,45.627666],[15.65954,45.629967],[15.662279,45.632346],[15.664014,45.633853],[15.668564,45.637489],[15.670821,45.639164],[15.674272,45.641723],[15.675971,45.642916],[15.677597,45.644025],[15.679328,45.645161],[15.679712,45.645421],[15.679879,45.645535],[15.680432,45.645886],[15.682303,45.647085],[15.683945,45.648138],[15.685834,45.6493],[15.687654,45.650399],[15.689418,45.6514],[15.689447,45.651416],[15.694094,45.654018],[15.69892,45.656507],[15.699645,45.656862],[15.702244,45.658135],[15.705852,45.659826],[15.707527,45.660575],[15.710341,45.661802],[15.713058,45.662964],[15.71466,45.663622],[15.716404,45.664331],[15.718997,45.665334],[15.721543,45.666288],[15.723623,45.667068],[15.728243,45.668659],[15.732646,45.670093],[15.733093,45.670229],[15.735406,45.670931],[15.738172,45.671736],[15.743765,45.673265],[15.744969,45.673573],[15.746594,45.673988],[15.748901,45.674544],[15.750108,45.674835],[15.751976,45.675261],[15.75435,45.675793],[15.75584,45.676103],[15.757209,45.676395],[15.757706,45.676501],[15.769186,45.678836],[15.769519,45.678903],[15.781828,45.681392],[15.784062,45.681843],[15.787215,45.682493],[15.787341,45.682517],[15.791124,45.683288],[15.79409,45.683898],[15.798001,45.684701],[15.800875,45.685376],[15.803517,45.686023],[15.80488,45.686375],[15.806165,45.686721],[15.806322,45.686766],[15.808819,45.687474],[15.810482,45.68796],[15.811975,45.688422],[15.813649,45.688949],[15.815137,45.689451],[15.817039,45.690095],[15.818013,45.690441],[15.818937,45.69077],[15.820668,45.691411],[15.822555,45.69213],[15.824754,45.693017],[15.826947,45.693928],[15.8292,45.694907],[15.829245,45.694926],[15.831367,45.695899],[15.833338,45.696847],[15.835419,45.697871],[15.839311,45.699917],[15.839644,45.700103],[15.840881,45.700795],[15.84249,45.701713],[15.843788,45.70248],[15.84538,45.703444],[15.845856,45.703742],[15.847258,45.704618],[15.849079,45.7058],[15.849333,45.705973],[15.850888,45.707032],[15.852534,45.708189],[15.855339,45.71025],[15.856967,45.711523],[15.858014,45.712363],[15.858389,45.712664],[15.858427,45.712695],[15.859111,45.713264],[15.859657,45.713728],[15.860705,45.714633],[15.861492,45.715336],[15.862464,45.716244],[15.863008,45.71672],[15.864068,45.717755],[15.864632,45.718341],[15.865538,45.719273],[15.865961,45.719722],[15.86602,45.719785],[15.86643,45.72022],[15.867274,45.721141],[15.868081,45.722061],[15.86881,45.722876],[15.869472,45.723685],[15.86998,45.724294],[15.871092,45.725742],[15.871468,45.726275],[15.871894,45.726866],[15.872318,45.727453],[15.872402,45.727575],[15.873338,45.728946],[15.873851,45.729718],[15.874257,45.730357],[15.875006,45.731583],[15.87538,45.732214],[15.87575,45.732853],[15.876655,45.734507],[15.87729,45.735748],[15.877391,45.735957],[15.877883,45.736982],[15.878234,45.737748],[15.878747,45.738887],[15.878823,45.739079],[15.879287,45.740171],[15.879324,45.740277],[15.87946,45.74066],[15.8799,45.741765],[15.88013,45.742351],[15.880482,45.743145],[15.880912,45.744051],[15.880968,45.744156],[15.881045,45.744298],[15.881123,45.74444],[15.881578,45.745269],[15.881777,45.745587],[15.882126,45.746143],[15.882684,45.746958],[15.882972,45.747333],[15.883128,45.747538],[15.883457,45.747944],[15.883775,45.748324],[15.884005,45.748604],[15.884226,45.74887],[15.884281,45.748929],[15.884329,45.748981],[15.884595,45.749268],[15.884805,45.749496],[15.885208,45.749945],[15.88532,45.750068],[15.885477,45.750242],[15.885734,45.750516],[15.885953,45.750725],[15.886389,45.751151],[15.886921,45.751642],[15.887207,45.751896],[15.88749,45.752136],[15.887618,45.75224],[15.888351,45.75283],[15.888738,45.753138],[15.889727,45.753855],[15.890939,45.754571],[15.891152,45.754685],[15.891474,45.754883],[15.891663,45.754976],[15.892229,45.755238],[15.892595,45.755379],[15.892936,45.755499],[15.893262,45.755602],[15.893894,45.755796],[15.894248,45.755922],[15.894532,45.756038],[15.894696,45.756144],[15.894969,45.756284],[15.895275,45.756463],[15.895537,45.756641],[15.895746,45.756807],[15.895982,45.757048],[15.896273,45.75742],[15.896424,45.757678],[15.896739,45.758411],[15.897196,45.75959],[15.897462,45.760242],[15.897635,45.760758],[15.897678,45.761206],[15.897638,45.76153],[15.897593,45.761724],[15.897447,45.762125],[15.897157,45.762548],[15.896728,45.76295],[15.896351,45.763216],[15.895592,45.763665],[15.895279,45.763862],[15.894967,45.764097],[15.894649,45.764346],[15.893801,45.765144],[15.893597,45.76522],[15.89289,45.765865],[15.892441,45.76626],[15.891958,45.766672],[15.890825,45.767603],[15.889619,45.768538],[15.889022,45.76898],[15.887723,45.769883],[15.887024,45.770371],[15.886731,45.770565],[15.885936,45.771068],[15.885039,45.771605],[15.883991,45.772224],[15.883471,45.772523],[15.88163,45.773539],[15.880113,45.774344],[15.879372,45.774735],[15.876347,45.776333],[15.875421,45.776815],[15.874207,45.777456],[15.86666,45.781467],[15.863969,45.782862],[15.863148,45.783304],[15.86252,45.783634],[15.861563,45.784134],[15.860123,45.78487],[15.859297,45.785253],[15.858758,45.785497],[15.858363,45.785656],[15.857822,45.785863],[15.857085,45.786118],[15.856412,45.786327],[15.855547,45.786583],[15.85539,45.78667],[15.854672,45.786847],[15.854281,45.786942],[15.85316,45.787236],[15.852322,45.78751],[15.851692,45.787746],[15.851362,45.787888],[15.850971,45.788066],[15.85054,45.788304],[15.850124,45.788552],[15.849726,45.788839],[15.849443,45.789083],[15.849104,45.789386],[15.8488,45.789698],[15.848533,45.790005],[15.848276,45.790315],[15.847997,45.790728],[15.847698,45.791254],[15.847466,45.791696],[15.84739,45.791844],[15.846824,45.792946],[15.846462,45.793609],[15.846099,45.79423],[15.845887,45.794585],[15.845735,45.794833],[15.845554,45.795111],[15.845252,45.795547],[15.845019,45.795881],[15.844761,45.796214],[15.844544,45.796493],[15.844315,45.796772],[15.843721,45.797466],[15.84322,45.798011],[15.8429,45.798352],[15.842384,45.79887],[15.841403,45.799798],[15.83953,45.801559],[15.835797,45.805062],[15.835108,45.805722],[15.834304,45.80648],[15.832728,45.807959],[15.832186,45.80847],[15.831281,45.809321],[15.830347,45.810197],[15.829433,45.811073],[15.828992,45.811496],[15.82856,45.811934],[15.827879,45.81263],[15.827471,45.813054],[15.827068,45.813486],[15.82672,45.813874],[15.826391,45.814254],[15.826129,45.814567],[15.8258,45.814967],[15.825518,45.815332],[15.825195,45.815747],[15.824779,45.816288],[15.824545,45.816614],[15.82427,45.817004],[15.823775,45.817738],[15.823489,45.818169],[15.823253,45.818546],[15.822978,45.819007],[15.822721,45.819447],[15.822316,45.820192],[15.822099,45.820615],[15.821887,45.821036],[15.821674,45.821468],[15.821537,45.821772],[15.821083,45.822824],[15.820894,45.823264],[15.820736,45.823684],[15.820628,45.823985],[15.820407,45.82461],[15.820229,45.825233],[15.820016,45.826021],[15.819848,45.826673],[15.819495,45.828306],[15.819439,45.828679],[15.819344,45.829252],[15.819251,45.830027],[15.819186,45.830738],[15.81914,45.831427],[15.819124,45.833043],[15.819133,45.833849],[15.819199,45.834671],[15.819341,45.836098],[15.819526,45.837278],[15.81968,45.837907],[15.819845,45.838751],[15.82001,45.839349],[15.82018,45.839953],[15.820381,45.840612],[15.820494,45.841001],[15.82071,45.841589],[15.821029,45.842429],[15.821562,45.843661],[15.822154,45.844884],[15.823215,45.846804],[15.823778,45.847748],[15.824441,45.848858],[15.824679,45.849263],[15.825093,45.849959],[15.825275,45.850265],[15.825551,45.850715],[15.826186,45.851798],[15.827016,45.853155],[15.827377,45.853749],[15.828564,45.855689],[15.828737,45.856002],[15.829536,45.857327],[15.82985,45.857872],[15.83024,45.858639],[15.830498,45.859232],[15.830775,45.859882],[15.830892,45.860217],[15.830978,45.860466],[15.831267,45.861333],[15.831506,45.862263],[15.83172,45.863416],[15.831854,45.864589],[15.831895,45.865418],[15.831894,45.866084],[15.831847,45.86721],[15.831705,45.868232],[15.831683,45.868411],[15.831538,45.869157],[15.831424,45.869673],[15.831365,45.869884],[15.831041,45.870986],[15.830834,45.871613],[15.830617,45.872308],[15.830478,45.872921],[15.830428,45.873641],[15.830392,45.873753],[15.830197,45.87437],[15.830078,45.87474],[15.829959,45.87511],[15.829828,45.875518],[15.82978,45.875671],[15.829292,45.876655],[15.829245,45.876751],[15.829177,45.876903],[15.829055,45.87735],[15.828969,45.877701],[15.828624,45.879387],[15.828342,45.880844],[15.828116,45.881999],[15.827975,45.882648],[15.827748,45.883577],[15.827566,45.884255],[15.827385,45.884901],[15.827107,45.885776],[15.826776,45.886733],[15.826464,45.887559],[15.82616,45.888301],[15.825424,45.890013],[15.824572,45.891707],[15.824249,45.892358],[15.82408,45.892709],[15.82345,45.894061],[15.822864,45.895279],[15.822307,45.896563],[15.821796,45.897911],[15.821389,45.899196],[15.821099,45.900351],[15.820868,45.901436],[15.820731,45.902334],[15.820621,45.903375],[15.820536,45.904647],[15.820541,45.9059],[15.820627,45.907386],[15.820818,45.908864],[15.821021,45.909896],[15.821416,45.911501],[15.821565,45.911979],[15.821968,45.913182],[15.82245,45.914374],[15.822527,45.914557],[15.823281,45.916151],[15.824078,45.917734],[15.824886,45.919315],[15.825652,45.920901],[15.826178,45.92207],[15.826665,45.923251],[15.826993,45.924134],[15.827321,45.925035],[15.827881,45.926826],[15.828214,45.92802],[15.828528,45.929321],[15.828706,45.930155],[15.829073,45.932266],[15.829427,45.934548],[15.829772,45.936786],[15.83031,45.940183],[15.830578,45.941498],[15.830617,45.941688],[15.830914,45.942911],[15.831442,45.944637],[15.832045,45.946211],[15.832552,45.947348],[15.833209,45.948669],[15.833632,45.949441],[15.834157,45.95033],[15.83467,45.951127],[15.835235,45.951966],[15.835871,45.952856],[15.836002,45.953032],[15.836675,45.953883],[15.837335,45.954677],[15.838002,45.955412],[15.838833,45.956316],[15.840093,45.957553],[15.840907,45.958326],[15.841897,45.95923],[15.843737,45.960916],[15.84538,45.962428],[15.847106,45.96404],[15.84777,45.9647],[15.848404,45.965381],[15.848976,45.966037],[15.849552,45.966727],[15.85013,45.9675],[15.850546,45.968079],[15.850935,45.968659],[15.851313,45.969264],[15.852072,45.970609],[15.852669,45.971852],[15.853974,45.974905],[15.855225,45.977865],[15.856503,45.98093],[15.857761,45.983925],[15.85906,45.986992],[15.860418,45.990199],[15.862484,45.995108],[15.86304,45.996437],[15.86329,45.996972],[15.863505,45.997455],[15.863789,45.997987],[15.864076,45.998484],[15.864539,45.999176],[15.865018,45.999801],[15.865752,46.00063],[15.866526,46.001373],[15.867733,46.002364],[15.868368,46.002818],[15.868934,46.003198],[15.869641,46.0036],[15.870725,46.004175],[15.871548,46.004565],[15.872279,46.004861],[15.873079,46.005164],[15.874609,46.005702],[15.876166,46.006269],[15.877918,46.00699],[15.878409,46.007202],[15.879507,46.007702],[15.880513,46.008192],[15.8822,46.009052],[15.883066,46.009484],[15.883833,46.009859],[15.885543,46.010687],[15.887164,46.01147],[15.887885,46.011814],[15.889838,46.012744],[15.893034,46.01428],[15.89464,46.015045],[15.896309,46.015845],[15.899386,46.017323],[15.901682,46.018425],[15.903025,46.019072],[15.904363,46.019727],[15.905538,46.020341],[15.906776,46.020998],[15.907945,46.021623],[15.909173,46.0223],[15.910609,46.023127],[15.911649,46.023767],[15.912564,46.024359],[15.91363,46.025083],[15.914257,46.025512],[15.915995,46.026718],[15.917154,46.027514],[15.917717,46.027899],[15.918209,46.028227],[15.918547,46.028454],[15.920945,46.029999],[15.921906,46.030644],[15.922407,46.031036],[15.92296,46.031496],[15.923429,46.031931],[15.923821,46.03232],[15.924076,46.032598],[15.924399,46.032974],[15.924661,46.033302],[15.924936,46.033686],[15.925268,46.034183],[15.925608,46.034784],[15.925957,46.035506],[15.926099,46.03586],[15.926254,46.036288],[15.926468,46.036981],[15.926566,46.037399],[15.926654,46.037885],[15.926762,46.038745],[15.92677,46.039077],[15.926783,46.039554],[15.926733,46.040358],[15.926645,46.041009],[15.926569,46.041376],[15.926559,46.041425],[15.926513,46.04165],[15.926326,46.042274],[15.926118,46.042921],[15.925927,46.043394],[15.925712,46.04385],[15.925466,46.04431],[15.925246,46.044705],[15.924968,46.045149],[15.924007,46.04664],[15.923146,46.047968],[15.922188,46.049447],[15.921708,46.050193],[15.921298,46.050824],[15.920743,46.051665],[15.920278,46.052457],[15.919887,46.053219],[15.919553,46.054002],[15.919271,46.054894],[15.919178,46.055263],[15.919125,46.055591],[15.919083,46.055916],[15.919061,46.056232],[15.919057,46.056673],[15.919084,46.057197],[15.919089,46.057317],[15.919234,46.058504],[15.919311,46.059148],[15.919364,46.059641],[15.919424,46.060122],[15.919466,46.060483],[15.919473,46.060573],[15.91961,46.061732],[15.919654,46.062224],[15.919687,46.062708],[15.919714,46.063197],[15.919726,46.063744],[15.919732,46.064913],[15.91971,46.065622],[15.919644,46.066437],[15.91957,46.06719],[15.919438,46.068206],[15.919289,46.069143],[15.91914,46.069968],[15.919005,46.070602],[15.918716,46.071914],[15.918521,46.072707],[15.918298,46.0735],[15.917979,46.074536],[15.917592,46.075653],[15.917161,46.076754],[15.916745,46.077746],[15.916396,46.078494],[15.915963,46.079371],[15.915535,46.080184],[15.915061,46.081034],[15.914524,46.081936],[15.914036,46.082725],[15.913665,46.083266],[15.913216,46.083917],[15.913165,46.083992],[15.912716,46.084616],[15.912207,46.085288],[15.911949,46.085618],[15.911815,46.085785],[15.910817,46.087016],[15.909661,46.088321],[15.908374,46.089732],[15.907783,46.090398],[15.90668,46.091597],[15.906097,46.092216],[15.905525,46.092809],[15.904256,46.094099],[15.902694,46.095735],[15.901927,46.096566],[15.901225,46.097355],[15.900626,46.098058],[15.900112,46.09868],[15.899588,46.099346],[15.899034,46.100057],[15.898072,46.101365],[15.897549,46.102117],[15.89712,46.102753],[15.896361,46.103958],[15.895715,46.105047],[15.894992,46.106329],[15.894409,46.10745],[15.893982,46.108337],[15.893597,46.109172],[15.893213,46.11011],[15.89289,46.111007],[15.892621,46.111948],[15.892504,46.11242],[15.89241,46.112896],[15.892257,46.113689],[15.892138,46.114517],[15.891814,46.117058],[15.891663,46.118249],[15.891509,46.119397],[15.891396,46.120203],[15.891286,46.120873],[15.891054,46.121954],[15.890927,46.122436],[15.890754,46.122993],[15.890509,46.123727],[15.890261,46.124367],[15.889986,46.124991],[15.889838,46.125305],[15.889662,46.125664],[15.889355,46.126222],[15.889128,46.12658],[15.888704,46.127171],[15.888263,46.127682],[15.887664,46.128279],[15.887443,46.128475],[15.886786,46.128993],[15.886396,46.129266],[15.885976,46.12955],[15.885765,46.12968],[15.885205,46.129989],[15.884558,46.130315],[15.883785,46.130644],[15.883167,46.130875],[15.882538,46.131086],[15.881517,46.131353],[15.880449,46.131575],[15.879304,46.131771],[15.876866,46.132169],[15.875991,46.132348],[15.87546,46.132484],[15.875003,46.132616],[15.874359,46.132833],[15.873577,46.13316],[15.872959,46.13347],[15.872262,46.133875],[15.871762,46.134216],[15.871105,46.134729],[15.869898,46.135806],[15.869513,46.136125],[15.869129,46.136417],[15.868855,46.136606],[15.868462,46.136853],[15.866528,46.137695],[15.864505,46.138428],[15.863718,46.13868],[15.863171,46.138886],[15.862421,46.139203],[15.861799,46.139538],[15.861236,46.139907],[15.860957,46.140131],[15.86064,46.140419],[15.860398,46.140669],[15.860148,46.14098],[15.859787,46.141538],[15.85965,46.141814],[15.859534,46.142108],[15.859416,46.142529],[15.859283,46.143284],[15.859199,46.143785],[15.859128,46.144118],[15.859033,46.144436],[15.858917,46.14479],[15.858556,46.145539],[15.858106,46.146196],[15.856601,46.148031],[15.856273,46.148532],[15.856122,46.148794],[15.855919,46.149204],[15.855569,46.15004],[15.854665,46.15228],[15.854523,46.152661],[15.854389,46.153053],[15.8543,46.153415],[15.854234,46.153763],[15.854198,46.154109],[15.854186,46.154448],[15.854165,46.154755],[15.854161,46.155297],[15.854165,46.155755],[15.854177,46.156168],[15.854186,46.156438],[15.85422,46.156979],[15.854244,46.157449],[15.854288,46.157791],[15.854336,46.158148],[15.854372,46.158446],[15.854396,46.158618],[15.854448,46.159248],[15.854468,46.159657],[15.854476,46.159973],[15.854478,46.160288],[15.854465,46.160698],[15.854436,46.161037],[15.854405,46.161332],[15.854362,46.161653],[15.854316,46.161943],[15.854274,46.162133],[15.854201,46.162374],[15.85391,46.163547],[15.853595,46.165031],[15.853449,46.166022],[15.853398,46.167067],[15.853629,46.173775],[15.853612,46.175209],[15.853561,46.175658],[15.85348,46.176069],[15.853349,46.176495],[15.853194,46.176891],[15.853098,46.177095],[15.852908,46.177378],[15.852588,46.177726],[15.851464,46.178675],[15.850901,46.179087],[15.848915,46.180445],[15.84837,46.180872],[15.847788,46.181416],[15.847178,46.182087],[15.846868,46.182492],[15.846646,46.182887],[15.84648,46.183304],[15.846389,46.183597],[15.846255,46.184476],[15.846233,46.185305],[15.846216,46.186307],[15.84618,46.18842],[15.8462,46.188747],[15.846284,46.189687],[15.846294,46.190322],[15.84628,46.190666],[15.846258,46.190904],[15.846216,46.191312],[15.846171,46.191598],[15.84607,46.192042],[15.845978,46.19234],[15.845872,46.19265],[15.845734,46.192983],[15.845578,46.193323],[15.84489,46.19472],[15.844708,46.19508],[15.844419,46.195663],[15.844222,46.196121],[15.84405,46.196533],[15.843992,46.196704],[15.843887,46.19704],[15.843838,46.197309],[15.843831,46.19748],[15.84383,46.197701],[15.843847,46.197926],[15.843919,46.19835],[15.843975,46.198552],[15.844078,46.198838],[15.844147,46.199021],[15.844299,46.199276],[15.844505,46.199593],[15.844724,46.199897],[15.844881,46.200109],[15.845153,46.200519],[15.845338,46.200827],[15.845526,46.201218],[15.845661,46.20165],[15.845702,46.201856],[15.845747,46.202235],[15.845747,46.202527],[15.84571,46.20293],[15.845615,46.203518],[15.84555,46.204039],[15.845511,46.204538],[15.845525,46.20507],[15.845589,46.205561],[15.845695,46.206025],[15.845912,46.206696],[15.846186,46.207424],[15.846365,46.208001],[15.846468,46.208413],[15.846541,46.208837],[15.846569,46.209086],[15.846579,46.209436],[15.846565,46.209721],[15.846419,46.210266],[15.846196,46.210842],[15.845872,46.211337],[15.845594,46.211703],[15.845078,46.212234],[15.844579,46.21264],[15.844098,46.212975],[15.843593,46.213325],[15.843221,46.21361],[15.842781,46.214007],[15.842359,46.214503],[15.842172,46.214817],[15.842014,46.215095],[15.841928,46.215312],[15.841817,46.215644],[15.841753,46.215969],[15.841727,46.216302],[15.84174,46.216735],[15.841805,46.217128],[15.842296,46.219066],[15.842587,46.220216],[15.842832,46.221176],[15.842999,46.221834],[15.843174,46.222485],[15.843376,46.223295],[15.843551,46.223947],[15.843739,46.224548],[15.843957,46.225078],[15.844401,46.226],[15.844546,46.226307],[15.844705,46.226704],[15.844854,46.227291],[15.844904,46.227613],[15.844933,46.227947],[15.844911,46.229044],[15.844889,46.230102],[15.844874,46.231261],[15.844922,46.23187],[15.845,46.232356],[15.845114,46.232837],[15.845236,46.233216],[15.845385,46.233593],[15.8458,46.234617],[15.846211,46.235596],[15.846552,46.236393],[15.846809,46.237014],[15.846933,46.237458],[15.847016,46.237829],[15.847016,46.237829],[15.847037,46.238198],[15.84705,46.238655],[15.847019,46.239043],[15.846885,46.239851],[15.846723,46.240703],[15.846674,46.241008],[15.846626,46.241386],[15.846617,46.241688],[15.846632,46.242004],[15.846643,46.242171],[15.846715,46.242618],[15.846812,46.242993],[15.846993,46.243466],[15.847159,46.243781],[15.847347,46.244103],[15.84755,46.244402],[15.847788,46.244688],[15.848034,46.244969],[15.848171,46.24511],[15.848467,46.245373],[15.848877,46.245706],[15.849409,46.246125],[15.850353,46.246871],[15.85083,46.247388],[15.851475,46.248041],[15.852216,46.248798],[15.852599,46.249274],[15.852785,46.249517],[15.852918,46.249779],[15.853087,46.250091],[15.853184,46.250276],[15.853601,46.25112],[15.854088,46.252047],[15.855185,46.254172],[15.856496,46.256715],[15.856754,46.25721],[15.857028,46.257752],[15.857313,46.258244],[15.857474,46.258503],[15.857696,46.258776],[15.857863,46.258962],[15.85802,46.259122],[15.858249,46.259298],[15.85849,46.259498],[15.858749,46.25968],[15.859149,46.259916],[15.859529,46.260142],[15.85992,46.260358],[15.860334,46.260539],[15.860861,46.260702],[15.861188,46.260786],[15.861876,46.260912],[15.862395,46.260973],[15.86276,46.261014],[15.863665,46.261093],[15.864365,46.261181],[15.864884,46.261273],[15.865346,46.261386],[15.86581,46.26153],[15.866005,46.261596],[15.866437,46.261764],[15.866658,46.261864],[15.867,46.262044],[15.867468,46.262322],[15.867751,46.262524],[15.868151,46.262848],[15.868377,46.263073],[15.868641,46.263366],[15.868786,46.263536],[15.869047,46.263946],[15.869203,46.264275],[15.869287,46.26447],[15.869425,46.264941],[15.869489,46.265225],[15.869536,46.265497],[15.869551,46.265825],[15.869495,46.266206],[15.869398,46.266574],[15.869313,46.266814],[15.869205,46.26705],[15.869096,46.267287],[15.868965,46.267514],[15.868846,46.26771],[15.868635,46.26806],[15.868258,46.268728],[15.867922,46.269391],[15.867837,46.269569],[15.867707,46.269835],[15.867493,46.27032],[15.867346,46.270701],[15.867193,46.271171],[15.867096,46.271469],[15.867011,46.271786],[15.866936,46.272109],[15.8669,46.272507],[15.866882,46.272856],[15.866893,46.273228],[15.866901,46.273572],[15.866916,46.273892],[15.866921,46.274239],[15.866842,46.274685],[15.866801,46.274819],[15.866749,46.274945],[15.866637,46.275148],[15.866537,46.275294],[15.866491,46.27535],[15.86628,46.275555],[15.866084,46.275757],[15.865948,46.275879],[15.865593,46.27617],[15.865267,46.276436],[15.865046,46.276612],[15.864663,46.276935],[15.863918,46.277592],[15.863552,46.277921],[15.862866,46.278573],[15.86245,46.279003],[15.862004,46.279497],[15.861683,46.279866],[15.861298,46.280279],[15.860818,46.280938],[15.860477,46.281501],[15.860252,46.281967],[15.860127,46.282288],[15.860012,46.282648],[15.859911,46.283088],[15.859836,46.283603],[15.859749,46.284201],[15.859624,46.284764],[15.859459,46.285267],[15.859299,46.285629],[15.859176,46.28584],[15.858967,46.286153],[15.858722,46.286442],[15.858072,46.287291],[15.857817,46.287644],[15.857616,46.287991],[15.857364,46.288465],[15.857251,46.288764],[15.856989,46.289545],[15.856705,46.290494],[15.856387,46.291546],[15.855926,46.293011],[15.855582,46.294068],[15.855028,46.295818],[15.854695,46.296878],[15.854574,46.297295],[15.85448,46.297736],[15.854429,46.298048],[15.854421,46.298392],[15.854416,46.29873],[15.854451,46.299119],[15.854542,46.29956],[15.854649,46.299932],[15.854845,46.300446],[15.855054,46.300831],[15.855293,46.301218],[15.855641,46.301663],[15.856047,46.302097],[15.856511,46.302521],[15.85711,46.302986],[15.857296,46.303121],[15.857957,46.303603],[15.858206,46.303783],[15.858681,46.304125],[15.858994,46.304346],[15.859956,46.30505],[15.861175,46.305929],[15.861389,46.306088],[15.86288,46.307168],[15.864047,46.308018],[15.865013,46.308742],[15.865612,46.309219],[15.866154,46.309731],[15.866595,46.310215],[15.867051,46.310728],[15.867475,46.311277],[15.868002,46.312002],[15.868485,46.312663],[15.868908,46.313169],[15.869241,46.313558],[15.869772,46.314114],[15.870325,46.314636],[15.870551,46.314853],[15.870912,46.315171],[15.871316,46.315496],[15.871765,46.315861],[15.872285,46.316249],[15.87275,46.316581],[15.873114,46.316847],[15.873919,46.317431],[15.874667,46.317985],[15.875145,46.318366],[15.875566,46.318733],[15.876057,46.319187],[15.876612,46.319778],[15.876974,46.320187],[15.877505,46.320883],[15.877699,46.321171],[15.877894,46.321466],[15.878156,46.321913],[15.878326,46.322225],[15.878481,46.322542],[15.878548,46.322689],[15.878662,46.322956],[15.8788,46.323294],[15.878832,46.323377],[15.878966,46.323797],[15.879109,46.324264],[15.879217,46.324748],[15.879337,46.325531],[15.87938,46.326179],[15.879384,46.326647],[15.879372,46.32698],[15.879348,46.327306],[15.879293,46.32778],[15.879204,46.328262],[15.879129,46.328592],[15.879046,46.328901],[15.878838,46.329557],[15.878526,46.330322],[15.878302,46.330778],[15.878125,46.33111],[15.877656,46.331991],[15.877424,46.332449],[15.877294,46.332735],[15.877184,46.333011],[15.876949,46.33366],[15.876856,46.334057],[15.876802,46.334288],[15.876714,46.334723],[15.876662,46.335139],[15.876626,46.335577],[15.876592,46.336208],[15.876554,46.336746],[15.876524,46.337061],[15.876484,46.337382],[15.876399,46.337854],[15.876309,46.338284],[15.876092,46.338944],[15.876031,46.3391],[15.875856,46.339546],[15.87558,46.340106],[15.875406,46.340405],[15.87527,46.34064],[15.874958,46.341099],[15.874701,46.341459],[15.874303,46.341963],[15.873779,46.342542],[15.873375,46.342961],[15.872837,46.343496],[15.872412,46.343936],[15.872186,46.344186],[15.871803,46.344608],[15.871428,46.345061],[15.871126,46.345448],[15.870903,46.345746],[15.870698,46.346035],[15.87051,46.346309],[15.870212,46.346785],[15.870022,46.347095],[15.869805,46.347471],[15.869559,46.347954],[15.869468,46.348139],[15.869322,46.348453],[15.869186,46.34876],[15.868942,46.349377],[15.868844,46.349655],[15.868687,46.35015],[15.868531,46.350699],[15.868431,46.351133],[15.868368,46.351467],[15.868284,46.351946],[15.868241,46.35227],[15.868202,46.352642],[15.86816,46.353198],[15.868144,46.353696],[15.868147,46.354013],[15.868152,46.354286],[15.868185,46.354828],[15.868324,46.356629],[15.868346,46.357335],[15.868317,46.358061],[15.868257,46.358702],[15.868167,46.359339],[15.867799,46.361286],[15.867696,46.361747],[15.867629,46.362074],[15.867553,46.362472],[15.867246,46.363991],[15.866964,46.365456],[15.866867,46.365894],[15.866722,46.366658],[15.866636,46.367184],[15.866488,46.368144],[15.866421,46.368582],[15.866254,46.369956],[15.86613,46.371221],[15.866047,46.372345],[15.865993,46.373498],[15.865964,46.374497],[15.865957,46.375475],[15.865964,46.375914],[15.86598,46.376879],[15.866014,46.377679],[15.866037,46.37817],[15.8661,46.379421],[15.866111,46.379931],[15.866106,46.380604],[15.866066,46.381227],[15.866001,46.381704],[15.865969,46.381897],[15.865902,46.382252],[15.865845,46.382522],[15.865762,46.382892],[15.865557,46.38349],[15.865328,46.384064],[15.86503,46.384703],[15.864785,46.385169],[15.864608,46.38547],[15.864287,46.385966],[15.864106,46.386238],[15.863507,46.387014],[15.863056,46.387521],[15.862366,46.388229],[15.861696,46.388825],[15.861008,46.389379],[15.860506,46.38975],[15.859029,46.390787],[15.858089,46.391421],[15.85709,46.392056],[15.856828,46.392217],[15.856458,46.392445],[15.855722,46.392888],[15.855176,46.393221],[15.854614,46.393547],[15.854449,46.393641],[15.854276,46.393737],[15.853937,46.393922],[15.85327,46.394297],[15.852658,46.394634],[15.851188,46.395398],[15.849866,46.396045],[15.848795,46.396523],[15.84758,46.396995],[15.84635,46.397419],[15.845199,46.397764],[15.844055,46.39807],[15.842952,46.398318],[15.841836,46.398542],[15.840893,46.398695],[15.839941,46.398839],[15.83899,46.398981],[15.838035,46.399122],[15.836491,46.399396],[15.835869,46.399516],[15.835247,46.399648],[15.834619,46.399803],[15.833997,46.399957],[15.833612,46.400059],[15.833383,46.400122],[15.832872,46.400275],[15.832541,46.400382],[15.832214,46.400493],[15.831557,46.400706],[15.830939,46.40093],[15.830588,46.401066],[15.830275,46.40119],[15.829931,46.401331],[15.829656,46.401446],[15.828602,46.401888],[15.827294,46.402461],[15.825393,46.403339],[15.824913,46.403569],[15.824434,46.403807],[15.823487,46.404285],[15.822738,46.404664],[15.822015,46.405044],[15.821291,46.405435],[15.820583,46.405829],[15.819238,46.406585],[15.817928,46.407367],[15.817647,46.407536],[15.817363,46.40771],[15.816805,46.408057],[15.815711,46.408758],[15.814792,46.409362],[15.813613,46.410173],[15.813069,46.410559],[15.812306,46.411114],[15.811126,46.411996],[15.809297,46.413448],[15.80823,46.414352],[15.806874,46.415557],[15.805555,46.416784],[15.803075,46.419282],[15.801575,46.420944],[15.800129,46.422664],[15.798361,46.424879],[15.797415,46.426099],[15.797228,46.426335],[15.795994,46.42788],[15.794336,46.429879],[15.793837,46.430458],[15.792627,46.43179],[15.792233,46.432208],[15.791588,46.432902],[15.790725,46.433746],[15.789682,46.434711],[15.78952,46.434862],[15.788646,46.43567],[15.787542,46.436644],[15.785974,46.437978],[15.785199,46.438569],[15.784725,46.438939],[15.783519,46.439836],[15.782812,46.440364],[15.782452,46.440622],[15.781114,46.44156],[15.780801,46.441764],[15.780245,46.442091],[15.779642,46.442487],[15.778491,46.443236],[15.776852,46.444249],[15.775238,46.44516],[15.773769,46.445951],[15.770427,46.447643],[15.768254,46.448607],[15.767274,46.449037],[15.766697,46.449286],[15.765114,46.449941],[15.764379,46.450252],[15.762016,46.451243],[15.760988,46.451667],[15.759374,46.452342],[15.7578,46.452998],[15.755468,46.453908],[15.754312,46.454312],[15.753619,46.454549],[15.75301,46.454753],[15.751728,46.455142],[15.750843,46.455396],[15.749792,46.455686],[15.748885,46.455918],[15.746267,46.456564],[15.743686,46.45706],[15.741068,46.457449],[15.738012,46.457775],[15.735123,46.457994],[15.732607,46.458081],[15.730131,46.458101],[15.729543,46.4581],[15.728783,46.458094],[15.727493,46.458091],[15.726193,46.45808],[15.724281,46.458089],[15.723307,46.458104],[15.722311,46.458123],[15.721644,46.458141],[15.721324,46.458151],[15.720505,46.458192],[15.719429,46.458248],[15.718937,46.458284],[15.717136,46.458434],[15.71516,46.458654],[15.714007,46.458803],[15.712605,46.459004],[15.711189,46.459264],[15.709242,46.459645],[15.707318,46.460075],[15.70692,46.460172],[15.706394,46.4603],[15.705868,46.460433],[15.705399,46.460556],[15.704195,46.460885],[15.701891,46.461603],[15.699659,46.462374],[15.697722,46.463128],[15.697269,46.463319],[15.696043,46.463855],[15.694127,46.46474],[15.692527,46.465541],[15.691639,46.466006],[15.689208,46.467272],[15.6843,46.469826],[15.681462,46.471306],[15.679658,46.472241],[15.679009,46.472582],[15.678143,46.473041],[15.676119,46.474092],[15.675766,46.474277],[15.675072,46.474639],[15.674452,46.474972],[15.673745,46.475331],[15.672608,46.4759],[15.671864,46.47627],[15.671079,46.476631],[15.669894,46.477155],[15.669089,46.477479],[15.668683,46.477627],[15.667933,46.47789],[15.667321,46.478087],[15.666701,46.478264],[15.66601,46.478442],[15.665759,46.478502],[15.665323,46.478601],[15.664905,46.478695],[15.664473,46.478788],[15.663985,46.47889],[15.663827,46.478925],[15.663628,46.478972],[15.663439,46.479024],[15.663218,46.479092],[15.663001,46.479164],[15.662768,46.479248],[15.662486,46.479357],[15.662213,46.479477],[15.661843,46.479656],[15.661579,46.479809],[15.661353,46.479944],[15.66114,46.480093],[15.660846,46.480317],[15.660702,46.480434],[15.660599,46.480572],[15.660378,46.480798],[15.660231,46.480971],[15.660069,46.481173],[15.659914,46.481388],[15.659721,46.48171],[15.659589,46.481961],[15.659525,46.482127],[15.659423,46.482489],[15.659372,46.482766],[15.659353,46.482992],[15.659346,46.483104],[15.65934,46.483324],[15.659379,46.483752],[15.659461,46.484071],[15.659512,46.484244],[15.65962,46.484547],[15.659781,46.484844],[15.659965,46.485151],[15.660301,46.485588],[15.660568,46.485889],[15.660582,46.486023],[15.66085,46.486296],[15.661195,46.486612],[15.661591,46.486969],[15.66198,46.487307],[15.662344,46.487619],[15.663429,46.488451],[15.663917,46.488802],[15.664546,46.489244],[15.664895,46.48949],[15.666309,46.49054],[15.666901,46.49103],[15.667463,46.491517],[15.667997,46.492024],[15.668444,46.492495],[15.66872,46.492822],[15.668982,46.493153],[15.669187,46.493442],[15.669387,46.493754],[15.669642,46.494201],[15.669851,46.494635],[15.670042,46.495115],[15.670198,46.495592],[15.67027,46.495893],[15.670343,46.49637],[15.67039,46.496904],[15.67041,46.497336],[15.670401,46.497713],[15.670369,46.498195],[15.670321,46.498514],[15.670225,46.499123],[15.670093,46.499733],[15.670015,46.500052],[15.669876,46.500535],[15.669713,46.501089],[15.669645,46.501315],[15.669468,46.501954],[15.669211,46.502748],[15.66907,46.503268],[15.668908,46.50391],[15.66879,46.504543],[15.66872,46.505025],[15.66868,46.50551],[15.66867,46.505993],[15.668681,46.506259],[15.668713,46.506874],[15.668771,46.507427],[15.668859,46.507908],[15.668969,46.508386],[15.669095,46.508845],[15.669327,46.509516],[15.669416,46.509738],[15.669659,46.510312],[15.669912,46.510808],[15.670195,46.511299],[15.670504,46.511781],[15.670802,46.512205],[15.67105,46.512529],[15.671179,46.512692],[15.671308,46.512854],[15.671617,46.513211],[15.671943,46.513566],[15.672341,46.513959],[15.672758,46.514349],[15.673115,46.514651],[15.673475,46.514944],[15.673989,46.515336],[15.674409,46.51563],[15.674837,46.515908],[15.675484,46.516316],[15.675637,46.516412],[15.676141,46.5167],[15.676762,46.517019],[15.677565,46.517405],[15.67796,46.517585],[15.678278,46.517719],[15.679573,46.51824],[15.680876,46.518726],[15.682315,46.519236],[15.682967,46.519458],[15.683625,46.519682],[15.68416,46.519865],[15.685074,46.520171],[15.685909,46.520461],[15.686779,46.520784],[15.687447,46.521046],[15.688456,46.521462],[15.689707,46.522027],[15.69071,46.522521],[15.691433,46.522898],[15.691965,46.523198],[15.692689,46.523619],[15.693059,46.523848],[15.69352,46.524138],[15.694332,46.524681],[15.694836,46.525033],[15.695479,46.525525],[15.696095,46.526021],[15.696735,46.526571],[15.697261,46.527086],[15.697637,46.527489],[15.697812,46.527706],[15.698018,46.52796],[15.698064,46.528012],[15.698104,46.528062],[15.698345,46.528369],[15.698377,46.528412],[15.698646,46.528771],[15.698908,46.529172],[15.699178,46.529603],[15.699385,46.529981],[15.699629,46.53048],[15.699789,46.530839],[15.700014,46.531432],[15.700173,46.531908],[15.700303,46.532391],[15.700389,46.532777],[15.700464,46.53318],[15.700519,46.53359],[15.700547,46.533928],[15.700577,46.534266],[15.700576,46.534794],[15.700562,46.535195],[15.700541,46.535518],[15.700509,46.535792],[15.700462,46.536128],[15.700383,46.536551],[15.700307,46.536895],[15.700137,46.53751],[15.700037,46.537812],[15.699951,46.538047],[15.699816,46.538391],[15.699688,46.538683],[15.699445,46.539181],[15.699109,46.539783],[15.698819,46.540252],[15.698522,46.540685],[15.698233,46.541086],[15.697972,46.54143],[15.697534,46.541979],[15.697107,46.542502],[15.696993,46.542637],[15.696876,46.542778],[15.696759,46.54292],[15.696641,46.543061],[15.696525,46.543203],[15.696407,46.543344],[15.696291,46.543483],[15.696175,46.543622],[15.696059,46.543763],[15.695944,46.543905],[15.695828,46.544046],[15.695715,46.544185],[15.6956,46.544328],[15.695485,46.544471],[15.695372,46.544612],[15.695261,46.544756],[15.695148,46.544899],[15.695037,46.545042],[15.694928,46.545183],[15.69482,46.545325],[15.694711,46.545471],[15.694604,46.545614],[15.694498,46.545758],[15.694391,46.545906],[15.694289,46.54605],[15.694188,46.546196],[15.694086,46.546342],[15.693987,46.546486],[15.693886,46.546636],[15.693789,46.546785],[15.693695,46.54693],[15.6936,46.547079],[15.693506,46.547226],[15.693414,46.547376],[15.693323,46.547525],[15.693233,46.547675],[15.693146,46.547822],[15.693057,46.547975],[15.692972,46.548126],[15.692887,46.548279],[15.692804,46.548429],[15.692721,46.548581],[15.692641,46.548733],[15.692561,46.548885],[15.692477,46.549046],[15.692403,46.549188],[15.692323,46.549345],[15.692247,46.549496],[15.692171,46.549646],[15.692096,46.549799],[15.692017,46.549956],[15.691951,46.550093],[15.691867,46.550264],[15.691765,46.550468],[15.691055,46.551916],[15.690429,46.553192],[15.689899,46.55426],[15.689226,46.555646],[15.688955,46.556183],[15.688704,46.556685],[15.688587,46.556922],[15.688544,46.557013],[15.688408,46.557288],[15.687638,46.558855],[15.687571,46.558982],[15.687361,46.559418],[15.687099,46.559954],[15.686841,46.560496],[15.686489,46.561319],[15.686125,46.562206],[15.685974,46.562734],[15.685884,46.563313],[15.685804,46.563749],[15.685748,46.564129],[15.685709,46.564565],[15.6857,46.564788],[15.685632,46.565274],[15.685665,46.565996],[15.68573,46.566361],[15.685795,46.566719],[15.685818,46.5669],[15.685931,46.567375],[15.686051,46.567829],[15.686121,46.568071],[15.68624,46.568456],[15.686456,46.569087],[15.686708,46.569767],[15.686812,46.570023],[15.687012,46.570509],[15.687344,46.571237],[15.687615,46.571839],[15.687768,46.572169],[15.687972,46.572622],[15.68817,46.573058],[15.688412,46.573588],[15.688755,46.574371],[15.688959,46.574857],[15.689182,46.575441],[15.689249,46.575638],[15.689331,46.575883],[15.689438,46.57625],[15.68948,46.576409],[15.689638,46.577036],[15.689757,46.577709],[15.689813,46.57822],[15.689851,46.578525],[15.689877,46.579024],[15.689878,46.579592],[15.689864,46.579957],[15.689858,46.580187],[15.689724,46.581137],[15.68965,46.58161],[15.689538,46.582093],[15.689442,46.582465],[15.689342,46.582774],[15.689284,46.582969],[15.688939,46.583913],[15.68868,46.584491],[15.688216,46.585349],[15.688065,46.585615],[15.687782,46.586067],[15.687502,46.586474],[15.686968,46.587192],[15.686468,46.587779],[15.686112,46.588183],[15.685724,46.588584],[15.685333,46.588954],[15.68502,46.589246],[15.684728,46.589509],[15.68426,46.589911],[15.683492,46.590492],[15.682984,46.590851],[15.682472,46.591191],[15.681928,46.591529],[15.68117,46.591995],[15.680317,46.592432],[15.679685,46.592753],[15.678928,46.593101],[15.6777,46.593615],[15.676593,46.59405],[15.676285,46.594162],[15.676076,46.59424],[15.675661,46.594393],[15.675452,46.59447],[15.675247,46.594544],[15.675035,46.594621],[15.674822,46.594698],[15.674617,46.594773],[15.674412,46.594847],[15.674181,46.594932],[15.673995,46.595],[15.673785,46.595078],[15.673578,46.595155],[15.673373,46.595232],[15.673168,46.595312],[15.672887,46.595421],[15.672744,46.595476],[15.672708,46.59549],[15.672524,46.595564],[15.672321,46.595646],[15.672115,46.595731],[15.671916,46.595816],[15.671713,46.595904],[15.671511,46.595992],[15.671309,46.596084],[15.671113,46.596172],[15.670916,46.596265],[15.670716,46.596361],[15.670527,46.596454],[15.670332,46.59655],[15.670138,46.596648],[15.669942,46.596749],[15.669758,46.596845],[15.66957,46.596946],[15.669382,46.59705],[15.669201,46.597152],[15.669012,46.597258],[15.668832,46.597363],[15.66865,46.59747],[15.668471,46.597578],[15.66829,46.597688],[15.668114,46.597798],[15.668038,46.597846],[15.667938,46.59791],[15.667766,46.598022],[15.667598,46.598132],[15.667427,46.598246],[15.667237,46.598376],[15.66693,46.598592],[15.666767,46.598712],[15.666607,46.59883],[15.666447,46.598952],[15.666292,46.599073],[15.666139,46.599197],[15.665989,46.599321],[15.665839,46.599447],[15.665694,46.599575],[15.665552,46.599705],[15.66541,46.599837],[15.665274,46.59997],[15.665141,46.600105],[15.665029,46.600222],[15.664911,46.60035],[15.664801,46.600473],[15.664681,46.600613],[15.664566,46.600754],[15.664456,46.600893],[15.664349,46.601035],[15.664246,46.60118],[15.664145,46.601326],[15.66405,46.601473],[15.663956,46.601621],[15.663869,46.601769],[15.663784,46.601921],[15.663626,46.602223],[15.663553,46.602376],[15.663484,46.602531],[15.663393,46.602756],[15.663272,46.603088],[15.66325,46.603153],[15.663201,46.603312],[15.663158,46.603468],[15.663116,46.603629],[15.663081,46.603786],[15.66305,46.603946],[15.663021,46.604108],[15.662997,46.604265],[15.66297,46.604474],[15.662957,46.604602],[15.662932,46.604909],[15.662915,46.60523],[15.662903,46.605553],[15.662907,46.606045],[15.66291,46.606196],[15.662914,46.606358],[15.662919,46.606519],[15.662923,46.606683],[15.662927,46.606845],[15.662933,46.607005],[15.662938,46.607168],[15.662943,46.607328],[15.662947,46.607488],[15.662952,46.607652],[15.662954,46.607812],[15.662959,46.607972],[15.66296,46.608137],[15.662961,46.608297],[15.662962,46.608457],[15.662961,46.608621],[15.662959,46.608782],[15.662956,46.608941],[15.66295,46.609103],[15.662946,46.609264],[15.662934,46.609426],[15.662925,46.609585],[15.662913,46.609749],[15.6629,46.609908],[15.662883,46.61007],[15.662865,46.610232],[15.662845,46.610391],[15.662822,46.610554],[15.662797,46.610715],[15.66277,46.610875],[15.662742,46.611032],[15.662712,46.611195],[15.662679,46.611354],[15.662644,46.611512],[15.662607,46.611673],[15.662568,46.611832],[15.662528,46.61199],[15.662485,46.612148],[15.662438,46.612308],[15.662392,46.612464],[15.662342,46.612622],[15.662292,46.612777],[15.662239,46.612932],[15.662185,46.613086],[15.662128,46.613242],[15.662069,46.613397],[15.662008,46.61355],[15.661945,46.613706],[15.661881,46.613857],[15.661815,46.614011],[15.661749,46.614162],[15.661679,46.614314],[15.661606,46.614468],[15.661534,46.614619],[15.661462,46.61477],[15.661386,46.614921],[15.661312,46.615071],[15.661235,46.615222],[15.661156,46.615374],[15.661079,46.615523],[15.661001,46.615673],[15.66092,46.615823],[15.66084,46.615973],[15.66076,46.616124],[15.660678,46.616274],[15.66058,46.616452],[15.660518,46.616571],[15.659992,46.617534],[15.659854,46.617797],[15.659452,46.618606],[15.659206,46.619138],[15.658889,46.619908],[15.658635,46.620615],[15.658347,46.621566],[15.658114,46.622553],[15.657969,46.623376],[15.657913,46.623803],[15.657842,46.624487],[15.657798,46.625458],[15.657804,46.626548],[15.657831,46.627652],[15.657861,46.628796],[15.657864,46.629581],[15.657824,46.630428],[15.657736,46.631224],[15.65763,46.631866],[15.657499,46.632482],[15.657335,46.63309],[15.657067,46.633901],[15.656821,46.634521],[15.656599,46.635014],[15.656325,46.635573],[15.655901,46.636334],[15.655507,46.636961],[15.65513,46.637511],[15.654485,46.638384],[15.654049,46.638946],[15.65361,46.639507],[15.652704,46.640672],[15.652091,46.641516],[15.651707,46.642086],[15.651141,46.642993],[15.650718,46.643766],[15.650147,46.644978],[15.649951,46.645454],[15.649727,46.646052],[15.649569,46.646544],[15.649385,46.64716],[15.649183,46.647969],[15.649031,46.648764],[15.648925,46.649428],[15.64881,46.650264],[15.648759,46.650754],[15.648639,46.65174],[15.648627,46.65186],[15.648545,46.65253],[15.648484,46.652973],[15.648404,46.653585],[15.648249,46.654587],[15.648154,46.655082],[15.647959,46.655985],[15.647804,46.656602],[15.647718,46.656904],[15.647602,46.657312],[15.647446,46.65781],[15.647172,46.658624],[15.646933,46.659271],[15.646703,46.659901],[15.64583,46.66223],[15.645581,46.66294],[15.645349,46.663726],[15.645183,46.664375],[15.645092,46.664833],[15.645005,46.665297],[15.644934,46.665792],[15.644899,46.66614],[15.644866,46.666575],[15.644846,46.667021],[15.644839,46.667656],[15.644864,46.66824],[15.644913,46.668864],[15.644988,46.669482],[15.64511,46.670131],[15.645212,46.670625],[15.645397,46.671318],[15.645534,46.671743],[15.645696,46.672225],[15.646106,46.673258],[15.646427,46.67391],[15.646731,46.674486],[15.647105,46.675121],[15.647397,46.675585],[15.647655,46.675963],[15.647891,46.676287],[15.648013,46.676359],[15.64823,46.676637],[15.648421,46.676808],[15.648653,46.67698],[15.648845,46.677092],[15.649076,46.677212],[15.649357,46.677286],[15.649782,46.677355],[15.650186,46.677389],[15.650353,46.67741],[15.650522,46.677454],[15.650622,46.677488],[15.650758,46.677548],[15.650884,46.677631],[15.650995,46.677752],[15.651055,46.677888],[15.651085,46.678033],[15.651078,46.678193],[15.651053,46.678323],[15.650937,46.678697],[15.650868,46.678958],[15.650858,46.67909],[15.650859,46.679218],[15.650871,46.679311],[15.650902,46.67944],[15.650931,46.679511],[15.651005,46.679653],[15.651123,46.679683],[15.651168,46.679719],[15.651226,46.679761],[15.651283,46.679799],[15.651318,46.679829],[15.651405,46.679878],[15.651488,46.679915],[15.651446,46.68002],[15.651456,46.680073],[15.651463,46.680127],[15.651462,46.680173],[15.651432,46.680293],[15.651328,46.680615],[15.651297,46.680695],[15.651227,46.680853],[15.651134,46.68106],[15.651077,46.681196],[15.650945,46.681505],[15.650755,46.681975],[15.650602,46.68232],[15.650514,46.682482],[15.650415,46.682637],[15.65023,46.682878],[15.649967,46.683148],[15.649708,46.683391],[15.649378,46.683705],[15.649057,46.684009],[15.64903,46.684035],[15.648946,46.684121],[15.648806,46.684258],[15.648688,46.684369],[15.648635,46.684422],[15.648365,46.684696],[15.648169,46.684894],[15.648086,46.684953],[15.64803,46.685011],[15.647943,46.685104],[15.647845,46.685204],[15.647739,46.685315],[15.647475,46.685588],[15.647002,46.686075],[15.646567,46.686513],[15.646207,46.686891],[15.645113,46.688014],[15.644026,46.689136],[15.643404,46.689777],[15.643086,46.690093],[15.642997,46.690179],[15.642879,46.690274],[15.642797,46.690347],[15.642722,46.690418],[15.64265,46.690492],[15.64258,46.690565],[15.642434,46.69071],[15.642288,46.690867],[15.641842,46.691348],[15.641567,46.691648],[15.641446,46.691761],[15.641281,46.691903],[15.641232,46.69197],[15.640999,46.692247],[15.640994,46.692348],[15.640985,46.692403],[15.640944,46.692533],[15.640818,46.692728],[15.640849,46.692748],[15.640866,46.692781],[15.640882,46.692841],[15.640872,46.692898],[15.640812,46.69302],[15.640609,46.693119],[15.640519,46.693049],[15.64034,46.693234],[15.640284,46.69327],[15.640191,46.693314],[15.64009,46.693363],[15.640053,46.693413],[15.639972,46.693501],[15.639703,46.693794],[15.639344,46.694161],[15.639244,46.694256],[15.638936,46.694562],[15.638845,46.694651],[15.638631,46.694875],[15.638312,46.695283],[15.638118,46.695566],[15.637865,46.695948],[15.637719,46.696201],[15.637639,46.696336],[15.637454,46.696695],[15.637374,46.696856],[15.637251,46.697151],[15.637085,46.697607],[15.636761,46.698699],[15.636701,46.699008],[15.636616,46.699389],[15.636597,46.699486],[15.636552,46.699746],[15.636524,46.699907],[15.636515,46.699973],[15.636431,46.700529],[15.636348,46.701058],[15.636338,46.701127],[15.636313,46.701312],[15.636274,46.701657],[15.63621,46.702187],[15.636149,46.702559],[15.636028,46.703138],[15.635915,46.703555],[15.635774,46.704001],[15.635624,46.704382],[15.635432,46.70478],[15.635339,46.70496],[15.63518,46.70521],[15.635025,46.705452],[15.634734,46.70588],[15.63468,46.705959],[15.634459,46.706308],[15.634283,46.706582],[15.634176,46.706842],[15.634161,46.706892],[15.63422,46.706906],[15.634271,46.706932],[15.634307,46.706967],[15.634327,46.707008],[15.634494,46.707081],[15.634622,46.707124],[15.63494,46.707221],[15.635093,46.707256],[15.635187,46.707275],[15.635434,46.70731],[15.635654,46.707325],[15.635926,46.707312],[15.636395,46.707258],[15.636857,46.707172],[15.637293,46.707065],[15.637713,46.70694],[15.638475,46.706638],[15.638826,46.70647],[15.639203,46.706318],[15.639604,46.70617],[15.640196,46.705968],[15.640424,46.705878],[15.64062,46.705771],[15.640773,46.705661],[15.640845,46.705581],[15.640873,46.705531],[15.640891,46.705478],[15.640901,46.705425],[15.640902,46.705371],[15.640895,46.70531],[15.640878,46.705262],[15.640855,46.705211],[15.640827,46.705165],[15.640798,46.705134],[15.640752,46.70509],[15.640704,46.705056],[15.640642,46.70502],[15.640567,46.704984],[15.640496,46.704957],[15.640416,46.704938],[15.64033,46.704927],[15.640255,46.704925],[15.640173,46.70493],[15.640088,46.70494],[15.640018,46.704954],[15.639936,46.704979],[15.639859,46.70501],[15.639812,46.705037],[15.639778,46.705059],[15.639713,46.705112],[15.639655,46.705175],[15.639616,46.705226],[15.639599,46.705264],[15.639583,46.705317],[15.63958,46.705377],[15.639586,46.70542],[15.639591,46.705456],[15.639551,46.705579],[15.639834,46.706011],[15.64037,46.706713],[15.640661,46.707057],[15.640889,46.707316],[15.641663,46.708169],[15.64193,46.708478],[15.642819,46.70946],[15.643789,46.710591],[15.644375,46.711314],[15.645064,46.712233],[15.645602,46.713018],[15.646079,46.713786],[15.646375,46.714325],[15.646657,46.714886],[15.646946,46.715533],[15.647207,46.716231],[15.647438,46.716954],[15.647626,46.717694],[15.647738,46.718241],[15.647834,46.718888],[15.647905,46.719579],[15.647937,46.720189],[15.647927,46.720943],[15.647884,46.721578],[15.647814,46.722228],[15.647722,46.722761],[15.64757,46.723461],[15.647381,46.724136],[15.647201,46.724694],[15.647017,46.725198],[15.646837,46.725645],[15.646521,46.726317],[15.646057,46.72718],[15.645812,46.727589],[15.645473,46.728102],[15.645056,46.728687],[15.644719,46.72913],[15.644128,46.72982],[15.643738,46.730254],[15.643342,46.730663],[15.642786,46.731194],[15.642161,46.731756],[15.641533,46.73227],[15.640939,46.732727],[15.640252,46.733216],[15.639705,46.733582],[15.638939,46.734062],[15.638086,46.734555],[15.637428,46.734898],[15.636833,46.735185],[15.636148,46.735491],[15.635447,46.73578],[15.634812,46.736014],[15.634154,46.73624],[15.633453,46.736457],[15.632614,46.736684],[15.631721,46.736899],[15.631015,46.737045],[15.629975,46.737226],[15.627457,46.737603],[15.62641,46.737787],[15.625429,46.737988],[15.624496,46.738212],[15.623579,46.73846],[15.622555,46.73877],[15.622456,46.738804],[15.620958,46.739311],[15.61927,46.739957],[15.617667,46.740619],[15.616919,46.740941],[15.615864,46.741409],[15.61414,46.742226],[15.613734,46.742425],[15.613179,46.742704],[15.612491,46.743058],[15.611925,46.743362],[15.611042,46.743839],[15.610119,46.744359],[15.609081,46.744967],[15.60796,46.745654],[15.606873,46.746352],[15.606045,46.746908],[15.605214,46.747482],[15.604168,46.748238],[15.602966,46.749149],[15.601652,46.75021],[15.600585,46.75112],[15.599688,46.751926],[15.598651,46.752903],[15.597595,46.753967],[15.596318,46.755335],[15.595582,46.756187],[15.594638,46.757323],[15.593729,46.758515],[15.593147,46.759306],[15.592431,46.760313],[15.592007,46.760919],[15.591381,46.761826],[15.590711,46.762797],[15.589768,46.764146],[15.588971,46.765258],[15.588192,46.766316],[15.587306,46.767466],[15.586015,46.769062],[15.584556,46.770801],[15.584311,46.771087],[15.582813,46.772886],[15.581534,46.774539],[15.58029,46.77629],[15.579407,46.777603],[15.578486,46.77913],[15.578206,46.779596],[15.577075,46.781695],[15.576641,46.782609],[15.57657,46.78275],[15.576351,46.783221],[15.57585,46.784357],[15.575405,46.785445],[15.575041,46.786365],[15.574171,46.788838],[15.573848,46.789811],[15.573038,46.792435],[15.572533,46.794153],[15.572121,46.795579],[15.571712,46.797007],[15.570943,46.799638],[15.570479,46.801245],[15.56991,46.803197],[15.569727,46.803796],[15.569547,46.804403],[15.56931,46.805149],[15.568959,46.806243],[15.568598,46.807312],[15.568145,46.808583],[15.567683,46.809803],[15.567106,46.8112],[15.566788,46.811931],[15.566569,46.812419],[15.566194,46.813222],[15.565813,46.813997],[15.565206,46.81515],[15.564646,46.816137],[15.564073,46.81711],[15.563392,46.818186],[15.562724,46.81919],[15.561945,46.820295],[15.56099,46.82157],[15.560125,46.822658],[15.559172,46.823789],[15.558337,46.824731],[15.557329,46.825818],[15.5562,46.82696],[15.555571,46.827581],[15.554722,46.828376],[15.553961,46.829071],[15.553877,46.829145],[15.553379,46.829586],[15.552282,46.830526],[15.551209,46.8314],[15.550216,46.832174],[15.549315,46.832859],[15.548316,46.833586],[15.547225,46.834352],[15.545927,46.835229],[15.544643,46.836063],[15.544026,46.836456],[15.543124,46.837019],[15.541707,46.837883],[15.540515,46.838588],[15.539875,46.838972],[15.535025,46.841734],[15.534519,46.842023],[15.529682,46.844742],[15.527621,46.845894],[15.526706,46.846401],[15.526491,46.846526],[15.523405,46.848255],[15.521173,46.849511],[15.520612,46.849823],[15.519116,46.850663],[15.518061,46.851254],[15.516964,46.851869],[15.516534,46.852112],[15.515631,46.852617],[15.514623,46.853181],[15.513369,46.853884],[15.511816,46.854756],[15.510759,46.855346],[15.506123,46.857948],[15.505043,46.858555],[15.503659,46.859334],[15.502376,46.860082],[15.501177,46.860799],[15.499717,46.861715],[15.499623,46.861777],[15.498922,46.862244],[15.497753,46.863043],[15.496151,46.864205],[15.494528,46.865441],[15.493653,46.866118],[15.493429,46.866298],[15.492166,46.867278],[15.490115,46.868897],[15.488184,46.870425],[15.486118,46.872072],[15.484508,46.87337],[15.481954,46.875477],[15.48032,46.87684],[15.479751,46.877352],[15.479276,46.877794],[15.478736,46.878297],[15.47841,46.878603],[15.47749,46.87956],[15.476952,46.880154],[15.476605,46.880561],[15.476245,46.881005],[15.475935,46.881401],[15.475581,46.881886],[15.475186,46.882463],[15.47491,46.882899],[15.474643,46.88335],[15.473984,46.884577],[15.473631,46.885339],[15.473421,46.885836],[15.473113,46.886678],[15.472927,46.887269],[15.472745,46.887939],[15.472573,46.888713],[15.472434,46.889518],[15.472351,46.890149],[15.472253,46.891088],[15.4722,46.891974],[15.472173,46.892766],[15.472164,46.893429],[15.472162,46.894223],[15.472164,46.894577],[15.472165,46.89472],[15.472168,46.895036],[15.472192,46.896365],[15.472198,46.896608],[15.472206,46.896996],[15.472242,46.898809],[15.472325,46.903046],[15.472347,46.904914],[15.472343,46.906065],[15.472311,46.907723],[15.472264,46.90894],[15.47219,46.910203],[15.472082,46.911531],[15.471966,46.912561],[15.471797,46.913793],[15.471773,46.91395],[15.471561,46.915173],[15.471323,46.916331],[15.471091,46.917302],[15.47075,46.918577],[15.470369,46.91983],[15.470053,46.920774],[15.469715,46.921699],[15.469194,46.92301],[15.468646,46.924267],[15.468116,46.925382],[15.467605,46.926392],[15.467125,46.927288],[15.467005,46.927504],[15.46648,46.928421],[15.466011,46.929194],[15.46572,46.92966],[15.465286,46.930336],[15.464673,46.931243],[15.464152,46.931991],[15.463552,46.932822],[15.462904,46.933683],[15.462168,46.934631],[15.461905,46.934968],[15.461033,46.936042],[15.460509,46.936677],[15.459637,46.937718],[15.458737,46.938762],[15.457937,46.939687],[15.456409,46.941419],[15.453265,46.944987],[15.450169,46.948478],[15.447404,46.951621],[15.444101,46.955343],[15.444048,46.955402],[15.441392,46.958407],[15.440736,46.959147],[15.440256,46.959689],[15.439139,46.960953],[15.438874,46.961258],[15.43852,46.961652],[15.438104,46.962124],[15.437987,46.962257],[15.437909,46.962346],[15.437703,46.962576],[15.436573,46.963854],[15.434725,46.965943],[15.434303,46.966428],[15.433887,46.966899],[15.43236,46.968624],[15.432057,46.968971],[15.430559,46.970655],[15.430219,46.971039],[15.429432,46.971926],[15.42851,46.972969],[15.428044,46.973497],[15.426889,46.974802],[15.425562,46.976299],[15.424907,46.97704],[15.424174,46.977867],[15.423556,46.978568],[15.421932,46.98041],[15.420782,46.981703],[15.419483,46.983181],[15.418466,46.984359],[15.417127,46.985953],[15.416416,46.986834],[15.415774,46.987649],[15.415113,46.988515],[15.414726,46.98903],[15.414173,46.989789],[15.413646,46.990538],[15.412994,46.991523],[15.412676,46.99202],[15.411814,46.993484],[15.411645,46.993796],[15.411493,46.994077],[15.411339,46.994345],[15.410871,46.995267],[15.410401,46.996263],[15.410329,46.996413],[15.409765,46.997751],[15.409744,46.997812],[15.409624,46.998118],[15.409504,46.998409],[15.40926,46.999069],[15.408918,47.000104],[15.408691,47.00088],[15.408339,47.002165],[15.408028,47.003535],[15.407866,47.004441],[15.407743,47.005348],[15.407739,47.005375],[15.407644,47.006095],[15.407623,47.006306],[15.407564,47.006938],[15.407539,47.007417],[15.407482,47.008708],[15.407505,47.01029],[15.407518,47.010589],[15.40753,47.010914],[15.407587,47.011548],[15.407639,47.012054],[15.407666,47.012314],[15.407756,47.012987],[15.407869,47.013527],[15.407923,47.013937],[15.408222,47.015395],[15.408302,47.015727],[15.408383,47.016149],[15.408738,47.017388],[15.408908,47.017913],[15.409038,47.018253],[15.409166,47.018622],[15.409663,47.019935],[15.409824,47.020375],[15.41,47.020779],[15.410166,47.021138],[15.41055,47.021986],[15.411423,47.023762],[15.411926,47.024803],[15.412056,47.025074],[15.412544,47.026124],[15.412593,47.026232],[15.412752,47.026596],[15.412884,47.0269],[15.412996,47.027181],[15.413147,47.027556],[15.413267,47.028034],[15.413342,47.028483],[15.413408,47.028969],[15.413476,47.02943],[15.413541,47.02988],[15.413635,47.030591],[15.413669,47.030908],[15.41366,47.031302],[15.413628,47.031496],[15.413569,47.03166],[15.413514,47.031766],[15.413348,47.03201],[15.413219,47.032152],[15.413062,47.032283],[15.412898,47.032393],[15.412767,47.032471],[15.412637,47.032543],[15.412519,47.032592],[15.412368,47.032651],[15.412145,47.032722],[15.411644,47.032848],[15.411128,47.032939],[15.410835,47.032981],[15.41063,47.033004],[15.410343,47.033049],[15.409497,47.033131],[15.408745,47.033173],[15.408185,47.033187],[15.407742,47.033183],[15.407492,47.033178],[15.407062,47.033162],[15.40698,47.033157],[15.406821,47.033147],[15.406634,47.033134],[15.406269,47.033106],[15.405932,47.033074],[15.403394,47.032825],[15.402864,47.032774],[15.402335,47.032724],[15.401798,47.032674],[15.400884,47.032596],[15.400297,47.032553],[15.399708,47.032518],[15.399201,47.032492],[15.398659,47.03247],[15.398175,47.032462],[15.397746,47.032459],[15.397251,47.032465],[15.396723,47.032477],[15.396275,47.032497],[15.395792,47.032528],[15.395176,47.032576],[15.394319,47.032669],[15.393857,47.032731],[15.393319,47.032814],[15.392695,47.032922],[15.392184,47.033023],[15.391763,47.033115],[15.391301,47.033224],[15.390833,47.033343],[15.390324,47.033485],[15.389748,47.03366],[15.389167,47.03385],[15.388757,47.033997],[15.388351,47.034149],[15.387957,47.034307],[15.387602,47.034454],[15.387094,47.034681],[15.386629,47.034899],[15.386234,47.035101],[15.385802,47.03533],[15.385377,47.035569],[15.384887,47.035866],[15.384575,47.036065],[15.384139,47.036356],[15.383772,47.03662],[15.383391,47.03691],[15.383027,47.037206],[15.382717,47.037466],[15.382443,47.037711],[15.382014,47.038117],[15.381555,47.038599],[15.38126,47.038934],[15.381016,47.039232],[15.380762,47.039554],[15.380544,47.039858],[15.380298,47.040222],[15.380107,47.040533],[15.3799,47.040886],[15.379708,47.041243],[15.379558,47.041552],[15.379339,47.042052],[15.379181,47.042473],[15.37903,47.04296],[15.378919,47.043369],[15.378826,47.043784],[15.378746,47.044277],[15.378704,47.044625],[15.378666,47.045004],[15.378631,47.045669],[15.378623,47.046104],[15.378621,47.046831],[15.378644,47.047742],[15.378887,47.057213],[15.379133,47.066794],[15.37933,47.074463],[15.379521,47.081888],[15.37972,47.089634],[15.379916,47.097263],[15.380078,47.103533],[15.380082,47.10399],[15.380074,47.104311],[15.380059,47.104631],[15.380024,47.105032],[15.379974,47.105356],[15.379915,47.10567],[15.379838,47.105988],[15.379747,47.106277],[15.379732,47.106324],[15.379657,47.106533],[15.379552,47.106805],[15.37944,47.107063],[15.379293,47.107357],[15.3791,47.107701],[15.378988,47.107887],[15.378932,47.107977],[15.378476,47.108643],[15.378242,47.108942],[15.377852,47.109422],[15.377502,47.109861],[15.377336,47.110066],[15.377084,47.110379],[15.376982,47.110505],[15.376669,47.110925],[15.376071,47.111725],[15.375679,47.112296],[15.37522,47.112964],[15.375048,47.113264],[15.374462,47.114163],[15.373393,47.115835],[15.373063,47.116356],[15.372965,47.116512],[15.372528,47.11721],[15.372212,47.117716],[15.372007,47.118034],[15.371598,47.118679],[15.371476,47.118872],[15.37099,47.119606],[15.370914,47.119712],[15.370609,47.120134],[15.370353,47.120447],[15.370036,47.120875],[15.369705,47.121296],[15.369637,47.121377],[15.36947,47.121574],[15.369326,47.121735],[15.369024,47.122098],[15.368883,47.122267],[15.368779,47.1224],[15.367441,47.12384],[15.366142,47.125104],[15.364659,47.126493],[15.362683,47.128261],[15.362199,47.128682],[15.36186,47.12898],[15.361767,47.129066],[15.361503,47.129312],[15.361265,47.129525],[15.360132,47.1306],[15.359201,47.131586],[15.358543,47.132342],[15.357837,47.133195],[15.357188,47.134045],[15.355908,47.135732],[15.355511,47.1362],[15.354771,47.13692],[15.354061,47.1375],[15.353021,47.138197],[15.351892,47.13881],[15.351583,47.138954],[15.351363,47.139055],[15.351289,47.13909],[15.3509,47.139254],[15.35039,47.139459],[15.349574,47.139764],[15.349212,47.139889],[15.349028,47.139953],[15.348542,47.140103],[15.347425,47.140446],[15.345956,47.140833],[15.34501,47.141057],[15.344306,47.141227],[15.344025,47.141293],[15.341976,47.141804],[15.33983,47.142289],[15.335984,47.143305],[15.335811,47.143363],[15.335405,47.143499],[15.335185,47.143589],[15.334161,47.144034],[15.333711,47.144259],[15.333123,47.144569],[15.332679,47.144857],[15.332319,47.145101],[15.332138,47.14524],[15.331348,47.145846],[15.331099,47.146044],[15.330792,47.146344],[15.330042,47.147183],[15.329659,47.147711],[15.329195,47.148478],[15.327978,47.150581],[15.327349,47.151664],[15.327295,47.15176],[15.326863,47.152503],[15.326148,47.15374],[15.325865,47.154281],[15.325784,47.154436],[15.325562,47.154979],[15.325379,47.155536],[15.32527,47.156042],[15.325205,47.156549],[15.325158,47.157146],[15.3252,47.157748],[15.325292,47.158328],[15.325451,47.158976],[15.325651,47.159551],[15.325908,47.160109],[15.325992,47.160253],[15.326218,47.160647],[15.326487,47.161028],[15.327089,47.161798],[15.327936,47.162671],[15.330005,47.164673],[15.330787,47.165596],[15.331458,47.166598],[15.331814,47.167282],[15.332111,47.167982],[15.332184,47.168196],[15.332354,47.168786],[15.332448,47.1692],[15.33251,47.16961],[15.332584,47.170631],[15.332556,47.171096],[15.332532,47.171395],[15.332499,47.171731],[15.33235,47.172582],[15.332083,47.173986],[15.331791,47.175594],[15.331676,47.176259],[15.331546,47.177198],[15.331404,47.17786],[15.331362,47.178288],[15.331281,47.179511],[15.33125,47.180268],[15.331238,47.180711],[15.33124,47.180982],[15.331258,47.18249],[15.331361,47.183978],[15.331521,47.185806],[15.331524,47.186294],[15.331454,47.186961],[15.331379,47.187367],[15.331193,47.187988],[15.331129,47.188174],[15.331061,47.188341],[15.330934,47.188621],[15.330809,47.188867],[15.3307,47.189067],[15.330614,47.189207],[15.330415,47.189524],[15.330213,47.189801],[15.329979,47.1901],[15.329839,47.190266],[15.329513,47.190621],[15.329131,47.19099],[15.328545,47.191534],[15.327598,47.192425],[15.326424,47.193878],[15.325618,47.195417],[15.325311,47.196683],[15.325108,47.198141],[15.324701,47.199843],[15.32424,47.200846],[15.323883,47.201378],[15.323671,47.201648],[15.323325,47.20206],[15.322955,47.202467],[15.322626,47.202776],[15.322366,47.203014],[15.322113,47.203234],[15.321729,47.203521],[15.32138,47.203783],[15.321288,47.20385],[15.321123,47.203967],[15.32083,47.20415],[15.320549,47.204323],[15.319946,47.204653],[15.319266,47.204989],[15.318548,47.205299],[15.317497,47.20567],[15.316445,47.206023],[15.315893,47.206236],[15.315542,47.20636],[15.314183,47.206923],[15.313778,47.207104],[15.313422,47.207295],[15.313128,47.207459],[15.312677,47.20773],[15.312061,47.208145],[15.311506,47.208581],[15.310939,47.209082],[15.310402,47.209615],[15.309119,47.211041],[15.308959,47.211226],[15.307013,47.213448],[15.305389,47.215267],[15.304555,47.216104],[15.303963,47.216609],[15.303313,47.217084],[15.30271,47.217473],[15.302065,47.217836],[15.301164,47.218276],[15.30049,47.218558],[15.299429,47.218929],[15.298551,47.219177],[15.297663,47.219379],[15.296561,47.219566],[15.295456,47.219691],[15.294389,47.219742],[15.293962,47.21974],[15.293255,47.219737],[15.292385,47.219692],[15.291523,47.2196],[15.290436,47.219445],[15.290211,47.219413],[15.288698,47.219144],[15.284872,47.218423],[15.283508,47.21811],[15.28093,47.217396],[15.278875,47.216876],[15.276606,47.216454],[15.274279,47.216187],[15.273092,47.21611],[15.271947,47.216062],[15.269889,47.216012],[15.267614,47.215984],[15.267268,47.215993],[15.266588,47.215986],[15.265902,47.215957],[15.264662,47.215945],[15.264062,47.215938],[15.262506,47.215938],[15.261419,47.215957],[15.260759,47.215999],[15.25948,47.216068],[15.259064,47.21609],[15.257806,47.216187],[15.256454,47.216338],[15.255109,47.216527],[15.253485,47.216823],[15.251893,47.217158],[15.250286,47.217529],[15.24866,47.217932],[15.247043,47.218374],[15.245442,47.218841],[15.244046,47.219266],[15.24267,47.219708],[15.238796,47.221034],[15.237162,47.221612],[15.231885,47.223563],[15.230589,47.224066],[15.230063,47.224268],[15.229617,47.224439],[15.229276,47.224576],[15.227571,47.225247],[15.227268,47.225368],[15.226878,47.225517],[15.226627,47.225622],[15.226061,47.225844],[15.223118,47.227056],[15.221872,47.227595],[15.221041,47.227958],[15.219813,47.228534],[15.218546,47.22918],[15.217585,47.229716],[15.216703,47.230238],[15.215692,47.230883],[15.214726,47.231544],[15.214173,47.231944],[15.212456,47.233228],[15.210962,47.234287],[15.209978,47.234897],[15.208838,47.23553],[15.207676,47.236088],[15.206373,47.236636],[15.205366,47.237003],[15.204355,47.237331],[15.203458,47.237606],[15.202298,47.23797],[15.201257,47.238332],[15.200615,47.238596],[15.200245,47.238758],[15.199937,47.238905],[15.199626,47.239064],[15.199248,47.239273],[15.198787,47.23954],[15.197893,47.240141],[15.196911,47.240871],[15.196125,47.241426],[15.19599,47.241509],[15.195298,47.241934],[15.194281,47.24246],[15.193133,47.242946],[15.192308,47.243221],[15.191206,47.243528],[15.190272,47.243731],[15.189039,47.243919],[15.187631,47.244044],[15.185931,47.244122],[15.184433,47.244229],[15.183675,47.244311],[15.182913,47.244414],[15.182105,47.244552],[15.181158,47.244748],[15.180131,47.245],[15.179075,47.245321],[15.177596,47.245773],[15.176632,47.24605],[15.175549,47.246301],[15.174935,47.246407],[15.174135,47.24652],[15.172687,47.246659],[15.172336,47.246693],[15.171642,47.246753],[15.17077,47.246852],[15.169622,47.247034],[15.16889,47.247187],[15.168111,47.247377],[15.167472,47.247533],[15.167008,47.247661],[15.166172,47.247862],[15.165507,47.248011],[15.165053,47.248108],[15.164625,47.248189],[15.163909,47.248303],[15.163132,47.248417],[15.163025,47.248432],[15.162846,47.248457],[15.162667,47.248481],[15.162138,47.24855],[15.160985,47.248683],[15.160935,47.248688],[15.160845,47.248696],[15.160369,47.248744],[15.159849,47.24879],[15.159599,47.248807],[15.159385,47.248821],[15.158762,47.248852],[15.158226,47.248865],[15.15775,47.248869],[15.157262,47.24886],[15.156703,47.248836],[15.155803,47.248782],[15.154629,47.248705],[15.153811,47.24866],[15.153025,47.248627],[15.152299,47.248615],[15.151696,47.248615],[15.150901,47.248638],[15.150256,47.248675],[15.149558,47.248731],[15.148988,47.248787],[15.148204,47.248881],[15.14756,47.248972],[15.147108,47.249046],[15.146615,47.249134],[15.145937,47.249279],[15.14543,47.249405],[15.144791,47.249572],[15.144229,47.249737],[15.143622,47.249919],[15.143034,47.250119],[15.14258,47.250281],[15.142044,47.250486],[15.141431,47.250733],[15.140682,47.251068],[15.140218,47.251285],[15.13986,47.251453],[15.13924,47.251762],[15.138195,47.252287],[15.137463,47.252665],[15.134968,47.253956],[15.132206,47.255385],[15.129744,47.256659],[15.12764,47.257747],[15.127068,47.258044],[15.125066,47.259079],[15.123557,47.25986],[15.122935,47.260182],[15.121843,47.260746],[15.119215,47.262106],[15.116465,47.263529],[15.113964,47.264823],[15.111213,47.266247],[15.108716,47.267539],[15.107053,47.268398],[15.106169,47.268862],[15.10524,47.26936],[15.104584,47.269722],[15.104033,47.270039],[15.103636,47.270276],[15.103086,47.270602],[15.102525,47.27095],[15.101896,47.271356],[15.101231,47.271806],[15.100569,47.272271],[15.099812,47.272828],[15.099082,47.273412],[15.098518,47.273877],[15.09798,47.274329],[15.097472,47.274794],[15.097034,47.275212],[15.096725,47.275513],[15.096018,47.276212],[15.09555,47.276709],[15.095307,47.276978],[15.094925,47.277406],[15.09453,47.277854],[15.093771,47.278724],[15.093536,47.278996],[15.092062,47.280743],[15.090432,47.282674],[15.088877,47.284519],[15.08738,47.286291],[15.086716,47.287067],[15.086036,47.287835],[15.085619,47.288293],[15.084748,47.289219],[15.08417,47.289796],[15.083881,47.290078],[15.083407,47.290527],[15.082893,47.290995],[15.082381,47.291441],[15.081872,47.291871],[15.08161,47.292085],[15.081057,47.292521],[15.080485,47.29295],[15.079885,47.293389],[15.079376,47.293735],[15.078844,47.294094],[15.07812,47.294576],[15.077558,47.294928],[15.077261,47.29511],[15.076713,47.295438],[15.076164,47.295764],[15.0756,47.296088],[15.075065,47.296392],[15.074078,47.29695],[15.073535,47.297242],[15.072752,47.297671],[15.072357,47.297882],[15.070855,47.298719],[15.070469,47.298934],[15.06822,47.300184],[15.067376,47.300689],[15.066736,47.301086],[15.066168,47.301457],[15.065671,47.301796],[15.064309,47.302803],[15.06272,47.304149],[15.061304,47.305543],[15.059843,47.307143],[15.058383,47.308844],[15.05539,47.312415],[15.0547,47.313214],[15.05392,47.314057],[15.053309,47.314643],[15.052957,47.31496],[15.052263,47.315527],[15.051549,47.316031],[15.050951,47.31641],[15.050296,47.316784],[15.049605,47.317136],[15.049033,47.317399],[15.048405,47.317661],[15.047597,47.317961],[15.046881,47.318193],[15.046119,47.318408],[15.045413,47.318578],[15.044907,47.318689],[15.044331,47.318791],[15.04408,47.318834],[15.043582,47.318915],[15.042951,47.319004],[15.042254,47.319098],[15.041006,47.319265],[15.040673,47.319316],[15.039944,47.319429],[15.038898,47.319624],[15.03848,47.319722],[15.037771,47.319888],[15.036653,47.320196],[15.03568,47.320511],[15.034816,47.320828],[15.034153,47.3211],[15.033931,47.321194],[15.032968,47.321654],[15.032059,47.322162],[15.030446,47.323295],[15.0303,47.323404],[15.030233,47.323457],[15.030164,47.323512],[15.028919,47.324357],[15.028058,47.32519],[15.027696,47.325551],[15.027102,47.32624],[15.026232,47.327303],[15.025328,47.328504],[15.024656,47.329436],[15.024216,47.330056],[15.023484,47.330978],[15.022789,47.331661],[15.022062,47.332205],[15.021194,47.33272],[15.02063,47.332991],[15.020023,47.333242],[15.019689,47.333361],[15.018807,47.333633],[15.017862,47.33388],[15.016771,47.334141],[15.015173,47.334556],[15.014716,47.334664],[15.013908,47.334898],[15.012867,47.335233],[15.012746,47.33528],[15.012274,47.335456],[15.011849,47.335653],[15.011209,47.335964],[15.01052,47.336361],[15.01009,47.336643],[15.009649,47.336985],[15.009386,47.337213],[15.009013,47.337549],[15.008672,47.337896],[15.008184,47.33851],[15.00788,47.33898],[15.007536,47.339676],[15.007405,47.340039],[15.007365,47.340216],[15.007343,47.340299],[15.007305,47.340445],[15.007236,47.340775],[15.007187,47.341111],[15.007172,47.34124],[15.00716,47.341374],[15.00715,47.341641],[15.007174,47.34226],[15.007216,47.342822],[15.007256,47.343381],[15.007272,47.343577],[15.007374,47.344742],[15.007386,47.345457],[15.007336,47.346093],[15.007301,47.346348],[15.007135,47.347152],[15.006864,47.348009],[15.006459,47.348899],[15.005881,47.349848],[15.005522,47.350352],[15.004635,47.35151],[15.003957,47.352347],[15.003406,47.353058],[15.003215,47.353312],[15.002878,47.35383],[15.00246,47.354456],[15.002232,47.354845],[15.00195,47.355294],[15.001581,47.356046],[15.001352,47.356551],[15.001185,47.357009],[15.000932,47.357653],[15.000646,47.358435],[15.000287,47.359174],[14.999801,47.36046],[14.999483,47.361214],[14.999198,47.361863],[14.998767,47.362769],[14.99827,47.363674],[14.997842,47.364363],[14.997497,47.36486],[14.996946,47.365565],[14.996669,47.365897],[14.996343,47.366261],[14.995985,47.366635],[14.995414,47.36719],[14.99516,47.367418],[14.994825,47.367705],[14.994518,47.367958],[14.99419,47.368212],[14.993758,47.368536],[14.993405,47.368784],[14.993033,47.369037],[14.992616,47.369308],[14.992084,47.369632],[14.991327,47.370059],[14.990713,47.37038],[14.990084,47.370686],[14.989442,47.370977],[14.988809,47.37124],[14.988176,47.371485],[14.987652,47.37168],[14.987022,47.371889],[14.985847,47.372242],[14.985242,47.372406],[14.984257,47.372642],[14.983316,47.372833],[14.982159,47.37303],[14.981936,47.373062],[14.981325,47.373147],[14.980342,47.373253],[14.979347,47.373333],[14.97819,47.373387],[14.977081,47.373405],[14.975878,47.373409],[14.973842,47.373418],[14.97223,47.373459],[14.97038,47.373565],[14.969077,47.373675],[14.96778,47.373815],[14.966552,47.373975],[14.965326,47.374158],[14.963804,47.374428],[14.962319,47.374729],[14.959342,47.375383],[14.956184,47.3761],[14.954806,47.37646],[14.953448,47.376854],[14.951118,47.377626],[14.949877,47.378091],[14.948623,47.378606],[14.944561,47.380372],[14.942807,47.381058],[14.941054,47.381633],[14.940183,47.381878],[14.93929,47.382106],[14.937461,47.382495],[14.935512,47.382813],[14.930391,47.383503],[14.926344,47.384044],[14.924468,47.384331],[14.923519,47.384517],[14.922396,47.384783],[14.921306,47.385092],[14.920255,47.385432],[14.918257,47.386107],[14.916936,47.386503],[14.915571,47.386833],[14.914239,47.387085],[14.913468,47.387202],[14.912284,47.387338],[14.911068,47.387429],[14.910116,47.387459],[14.909384,47.387464],[14.908505,47.387446],[14.907504,47.387395],[14.906726,47.387333],[14.906072,47.387267],[14.905567,47.387214],[14.903466,47.386984],[14.90306,47.38694],[14.902187,47.386858],[14.900559,47.386719],[14.898901,47.386617],[14.897337,47.386568],[14.896696,47.386562],[14.895996,47.386574],[14.89577,47.386587],[14.89518,47.386607],[14.89386,47.386678],[14.892444,47.386787],[14.891584,47.386888],[14.890816,47.386995],[14.890221,47.387084],[14.889218,47.387269],[14.888278,47.387462],[14.887872,47.387556],[14.88684,47.387803],[14.885586,47.388151],[14.884349,47.388545],[14.883304,47.388918],[14.882022,47.389415],[14.880194,47.39012],[14.879602,47.390326],[14.878826,47.390565],[14.877932,47.390811],[14.876791,47.391073],[14.875625,47.391286],[14.874206,47.391473],[14.872831,47.391613],[14.871583,47.391749],[14.870401,47.391917],[14.868131,47.392348],[14.863296,47.393306],[14.859858,47.393988],[14.857469,47.394427],[14.855952,47.394663],[14.854422,47.394857],[14.853004,47.394999],[14.851583,47.395104],[14.850371,47.39517],[14.849184,47.395208],[14.84787,47.395223],[14.846554,47.395205],[14.845426,47.39517],[14.844262,47.39511],[14.842088,47.394975],[14.839863,47.394832],[14.837687,47.394692],[14.835627,47.394574],[14.834622,47.394547],[14.833661,47.394545],[14.832296,47.394592],[14.831279,47.394667],[14.830099,47.394789],[14.82892,47.394955],[14.827865,47.395134],[14.826821,47.395327],[14.824575,47.395737],[14.824213,47.395796],[14.823141,47.395957],[14.822198,47.396074],[14.821251,47.396167],[14.821006,47.396193],[14.819117,47.396305],[14.818168,47.396317],[14.811235,47.396481],[14.810378,47.396514],[14.80861,47.396562],[14.807225,47.3966],[14.805553,47.39671],[14.803422,47.396917],[14.803185,47.396947],[14.801251,47.397218],[14.799397,47.397544],[14.798403,47.39775],[14.797687,47.397899],[14.795986,47.398315],[14.794989,47.398588],[14.793998,47.398878],[14.79314,47.399144],[14.791795,47.3996],[14.790477,47.400089],[14.789301,47.400567],[14.788082,47.4011],[14.785903,47.402119],[14.784696,47.402641],[14.783424,47.403109],[14.782144,47.403515],[14.780155,47.404107],[14.778903,47.404546],[14.778435,47.404737],[14.778217,47.404829],[14.777289,47.40527],[14.776457,47.405721],[14.775697,47.406195],[14.77517,47.406565],[14.774667,47.40695],[14.77407,47.407462],[14.773522,47.407998],[14.773043,47.408531],[14.772612,47.40908],[14.772206,47.409666],[14.77181,47.4103],[14.771181,47.411252],[14.770705,47.411852],[14.770116,47.412472],[14.769547,47.412989],[14.768223,47.414076],[14.76448,47.417115],[14.763109,47.41823],[14.762665,47.418584],[14.761713,47.419332],[14.760717,47.420067],[14.759539,47.420854],[14.758288,47.421618],[14.757754,47.421917],[14.7576,47.422001],[14.757125,47.422259],[14.756621,47.42252],[14.755604,47.423031],[14.754396,47.423564],[14.753656,47.423858],[14.752718,47.42422],[14.750912,47.424875],[14.750304,47.425087],[14.747441,47.426088],[14.746865,47.426303],[14.746127,47.426566],[14.74555,47.426768],[14.744641,47.427083],[14.743942,47.427309],[14.742805,47.427687],[14.742124,47.427888],[14.741304,47.428098],[14.740393,47.428291],[14.739617,47.428429],[14.738973,47.428516],[14.738341,47.428589],[14.73692,47.428675],[14.735728,47.428688],[14.734575,47.428648],[14.733459,47.428552],[14.732624,47.428441],[14.731718,47.428287],[14.730996,47.428139],[14.728831,47.427598],[14.727685,47.427305],[14.726154,47.426937],[14.725608,47.426839],[14.724765,47.426729],[14.723988,47.426671],[14.723071,47.426661],[14.722172,47.426706],[14.721633,47.42676],[14.720956,47.426859],[14.720305,47.426985],[14.719613,47.427145],[14.718789,47.427362],[14.717367,47.427708],[14.716545,47.427898],[14.715831,47.428062],[14.715287,47.428181],[14.714743,47.4283],[14.714239,47.428426],[14.713404,47.428654],[14.712623,47.428914],[14.711786,47.429218],[14.711069,47.4295],[14.710353,47.429818],[14.709813,47.430088],[14.709228,47.430406],[14.70863,47.43077],[14.708349,47.430955],[14.707703,47.431387],[14.706452,47.432213],[14.705036,47.433081],[14.704547,47.433362],[14.704433,47.433427],[14.70438,47.433458],[14.702824,47.434279],[14.701376,47.434968],[14.700259,47.435472],[14.700153,47.435516],[14.699241,47.435916],[14.697949,47.436517],[14.697676,47.436668],[14.697243,47.436906],[14.695734,47.43788],[14.694572,47.438868],[14.692314,47.440984],[14.68999,47.443186],[14.688516,47.444553],[14.687724,47.445162],[14.686943,47.445701],[14.685803,47.446393],[14.684621,47.44698],[14.683269,47.447503],[14.681081,47.448272],[14.679393,47.448881],[14.677235,47.449774],[14.675888,47.450445],[14.674753,47.451016],[14.67372,47.451469],[14.672495,47.451917],[14.67066,47.45251],[14.668941,47.453068],[14.668462,47.453213],[14.667941,47.453341],[14.667394,47.453444],[14.66668,47.453557],[14.665236,47.453746],[14.664853,47.453796],[14.663871,47.453932],[14.663278,47.454037],[14.662719,47.454162],[14.662173,47.454309],[14.661639,47.454474],[14.66101,47.454715],[14.660236,47.45508],[14.659565,47.455446],[14.658919,47.455837],[14.658197,47.456322],[14.658093,47.456397],[14.657477,47.456862],[14.656295,47.45791],[14.655177,47.459164],[14.654255,47.460474],[14.653394,47.461802],[14.65278,47.462648],[14.652373,47.463133],[14.652175,47.463353],[14.651567,47.463932],[14.650904,47.464485],[14.64994,47.465171],[14.648944,47.465733],[14.648249,47.466088],[14.648062,47.466175],[14.647421,47.466445],[14.646882,47.466665],[14.646039,47.466953],[14.645092,47.467231],[14.642714,47.467778],[14.640174,47.468223],[14.638542,47.468469],[14.636921,47.468679],[14.636512,47.46872],[14.635246,47.468836],[14.628256,47.469474],[14.627655,47.469546],[14.62553,47.469855],[14.622794,47.470324],[14.620485,47.470844],[14.618182,47.471425],[14.614571,47.472505],[14.613239,47.472919],[14.611945,47.473261],[14.610499,47.473597],[14.6098,47.47374],[14.609093,47.473858],[14.607929,47.474034],[14.607209,47.474119],[14.606707,47.474168],[14.605307,47.474263],[14.60472,47.474276],[14.603569,47.474289],[14.60264,47.47427],[14.601713,47.474225],[14.600742,47.474151],[14.599883,47.474061],[14.59898,47.473938],[14.597355,47.47366],[14.5955,47.473292],[14.594821,47.473163],[14.593816,47.472975],[14.593092,47.472863],[14.592425,47.472768],[14.591744,47.472692],[14.590879,47.472625],[14.590139,47.47259],[14.589504,47.472568],[14.588066,47.472588],[14.587775,47.4726],[14.587339,47.472624],[14.586838,47.472663],[14.586298,47.472711],[14.585752,47.472775],[14.585182,47.47285],[14.583902,47.473071],[14.582629,47.473354],[14.581516,47.473664],[14.580649,47.473946],[14.579948,47.474192],[14.578782,47.474571],[14.577611,47.47488],[14.575107,47.475412],[14.574433,47.47559],[14.573763,47.475802],[14.573552,47.475869],[14.572779,47.476153],[14.571713,47.476576],[14.570048,47.477231],[14.568352,47.477881],[14.56721,47.478265],[14.566638,47.47844],[14.566395,47.478507],[14.565047,47.478863],[14.56466,47.478935],[14.563204,47.479223],[14.56171,47.479444],[14.560467,47.479574],[14.559517,47.479643],[14.55921,47.47966],[14.558715,47.479681],[14.557872,47.479703],[14.557185,47.479705],[14.556145,47.479685],[14.553856,47.479596],[14.553348,47.479592],[14.552846,47.479603],[14.55249,47.479622],[14.552132,47.479642],[14.551329,47.47972],[14.551246,47.479731],[14.550504,47.479845],[14.549485,47.480042],[14.548208,47.480289],[14.547627,47.480389],[14.547037,47.480464],[14.54656,47.480521],[14.546097,47.480562],[14.545718,47.48059],[14.545342,47.48061],[14.544653,47.480633],[14.543399,47.480658],[14.542465,47.480701],[14.541528,47.480779],[14.540599,47.480902],[14.539848,47.481031],[14.538985,47.481207],[14.538176,47.481406],[14.537049,47.48174],[14.536356,47.481987],[14.535972,47.482125],[14.534897,47.482583],[14.53407,47.482997],[14.532482,47.483863],[14.531322,47.484483],[14.530671,47.484804],[14.530019,47.485092],[14.529319,47.485366],[14.528536,47.48564],[14.527627,47.485915],[14.526752,47.486137],[14.525718,47.486357],[14.524687,47.486547],[14.521864,47.487013],[14.519562,47.487429],[14.519004,47.487546],[14.51876,47.487597],[14.517284,47.487905],[14.515034,47.488432],[14.513249,47.488894],[14.511498,47.489394],[14.509382,47.490044],[14.507314,47.490739],[14.506313,47.491111],[14.503928,47.491997],[14.500414,47.493335],[14.498304,47.494134],[14.496176,47.494943],[14.49394,47.495786],[14.492795,47.496176],[14.49194,47.496422],[14.490954,47.496645],[14.49013,47.496789],[14.489431,47.496891],[14.488911,47.496952],[14.488238,47.497],[14.487572,47.497023],[14.486732,47.497012],[14.486252,47.497003],[14.483939,47.496905],[14.483318,47.49689],[14.482115,47.496832],[14.48126,47.496798],[14.480176,47.496729],[14.47975,47.496715],[14.478822,47.496673],[14.477547,47.496628],[14.476302,47.496629],[14.475403,47.496646],[14.474517,47.496699],[14.473438,47.496796],[14.472358,47.496928],[14.470567,47.497233],[14.468981,47.497616],[14.467752,47.497981],[14.466972,47.498242],[14.466225,47.498524],[14.465448,47.498839],[14.464691,47.499178],[14.464193,47.499422],[14.463725,47.499664],[14.463251,47.499922],[14.462802,47.50018],[14.461918,47.500726],[14.461063,47.501287],[14.458733,47.502913],[14.456824,47.504178],[14.45619,47.504553],[14.455537,47.504911],[14.455155,47.505113],[14.454782,47.505296],[14.454028,47.505643],[14.453617,47.505816],[14.453078,47.506032],[14.452528,47.506238],[14.451659,47.506528],[14.45111,47.506698],[14.450556,47.506853],[14.449495,47.507114],[14.448344,47.507344],[14.447172,47.507527],[14.445529,47.507727],[14.443854,47.507897],[14.440243,47.508326],[14.436725,47.508845],[14.434225,47.509276],[14.433452,47.509414],[14.430453,47.510009],[14.430221,47.51006],[14.427722,47.510616],[14.425096,47.511263],[14.41887,47.512971],[14.416631,47.513501],[14.414534,47.513916],[14.41433,47.513948],[14.414172,47.513973],[14.412436,47.514246],[14.410867,47.51444],[14.410465,47.514482],[14.410035,47.514526],[14.408628,47.51464],[14.407202,47.514717],[14.405604,47.514774],[14.404404,47.514791],[14.404103,47.514796],[14.398864,47.514787],[14.396151,47.514813],[14.394551,47.51488],[14.393163,47.515022],[14.392773,47.515077],[14.392238,47.51516],[14.391346,47.515333],[14.390724,47.515473],[14.390114,47.515634],[14.389593,47.515789],[14.388949,47.516001],[14.388181,47.516283],[14.387548,47.516542],[14.38556,47.517406],[14.385074,47.517621],[14.38272,47.51864],[14.382258,47.518842],[14.380876,47.51942],[14.379856,47.519835],[14.378993,47.520192],[14.376725,47.521153],[14.374469,47.522142],[14.37428,47.522221],[14.373705,47.522451],[14.373125,47.522658],[14.372492,47.522857],[14.371857,47.523033],[14.371232,47.523178],[14.370598,47.523298],[14.369909,47.523404],[14.369221,47.523485],[14.368516,47.523545],[14.367805,47.523587],[14.367093,47.523604],[14.366379,47.5236],[14.365674,47.523579],[14.364945,47.52353],[14.36418,47.523453],[14.363477,47.523361],[14.362757,47.523247],[14.361752,47.523055],[14.359614,47.522614],[14.358541,47.522426],[14.357317,47.522226],[14.356568,47.52216],[14.355638,47.52212],[14.35472,47.522138],[14.354095,47.522177],[14.353468,47.522244],[14.35204,47.522445],[14.347876,47.523066],[14.34564,47.523401],[14.344177,47.523629],[14.343893,47.523678],[14.343537,47.523738],[14.342668,47.52389],[14.341817,47.52405],[14.340849,47.524255],[14.340015,47.524441],[14.33832,47.524843],[14.336687,47.525293],[14.336128,47.525458],[14.335595,47.525614],[14.334581,47.525937],[14.333851,47.526177],[14.333099,47.526446],[14.332695,47.526594],[14.331827,47.526918],[14.330975,47.527257],[14.330301,47.527531],[14.330104,47.527613],[14.328688,47.528241],[14.328509,47.528323],[14.326977,47.529071],[14.326222,47.529456],[14.325501,47.529849],[14.32428,47.530502],[14.322864,47.531226],[14.322591,47.53135],[14.321998,47.53161],[14.321252,47.531898],[14.320473,47.532152],[14.319589,47.532388],[14.318698,47.532589],[14.317827,47.532748],[14.316949,47.532897],[14.316098,47.533051],[14.315248,47.533221],[14.314414,47.533432],[14.313615,47.533678],[14.312965,47.533903],[14.312319,47.534167],[14.311686,47.534462],[14.311053,47.534786],[14.310528,47.535093],[14.309976,47.535455],[14.309535,47.535769],[14.309182,47.536053],[14.308968,47.536236],[14.308827,47.536355],[14.308683,47.536496],[14.308205,47.536977],[14.307897,47.537323],[14.307723,47.537553],[14.307279,47.538145],[14.306861,47.538858],[14.306581,47.539348],[14.306324,47.539793],[14.305308,47.541487],[14.304186,47.543173],[14.302369,47.545603],[14.301759,47.546429],[14.300994,47.547608],[14.300956,47.54768],[14.300688,47.548357],[14.300603,47.548616],[14.300517,47.548872],[14.300296,47.549715],[14.300186,47.550386],[14.300149,47.550662],[14.300141,47.550719],[14.300117,47.551002],[14.300102,47.55128],[14.300087,47.551698],[14.300089,47.552186],[14.300125,47.552684],[14.300189,47.553173],[14.300249,47.553572],[14.300369,47.554112],[14.300534,47.554711],[14.300711,47.555202],[14.300986,47.555918],[14.301249,47.556463],[14.30149,47.556894],[14.301873,47.557525],[14.302445,47.558393],[14.302939,47.55907],[14.304071,47.560534],[14.305593,47.562476],[14.305953,47.562943],[14.306183,47.563243],[14.306242,47.563319],[14.306519,47.563678],[14.308196,47.565833],[14.308409,47.566104],[14.308526,47.566253],[14.309832,47.567915],[14.311649,47.570245],[14.312579,47.571431],[14.312927,47.571868],[14.313829,47.572951],[14.314319,47.573511],[14.314937,47.574178],[14.315009,47.57426],[14.315191,47.574459],[14.315469,47.574747],[14.315813,47.575102],[14.316429,47.575728],[14.316491,47.575787],[14.316794,47.576028],[14.316992,47.576184],[14.317694,47.576799],[14.318091,47.577178],[14.318137,47.577221],[14.318186,47.577267],[14.318591,47.577634],[14.319167,47.578151],[14.319689,47.578614],[14.320035,47.578905],[14.320608,47.57937],[14.321286,47.579908],[14.321697,47.580214],[14.322064,47.580473],[14.322207,47.580576],[14.322539,47.580799],[14.322863,47.581006],[14.323256,47.581245],[14.323631,47.581461],[14.324051,47.581689],[14.32436,47.581847],[14.324707,47.582021],[14.325102,47.582209],[14.325524,47.582397],[14.325896,47.582557],[14.326319,47.582728],[14.326759,47.582896],[14.327169,47.583044],[14.327609,47.583193],[14.327989,47.583316],[14.328522,47.583476],[14.329038,47.583624],[14.329562,47.583769],[14.330306,47.583965],[14.334001,47.584932],[14.334613,47.585093],[14.335987,47.585455],[14.336878,47.585689],[14.338904,47.58622],[14.339828,47.586463],[14.340571,47.586659],[14.341459,47.586902],[14.341981,47.587058],[14.342378,47.587188],[14.342812,47.587341],[14.343221,47.587498],[14.343599,47.587653],[14.343899,47.587785],[14.344231,47.58794],[14.344597,47.588122],[14.344939,47.588303],[14.34523,47.588469],[14.345553,47.58866],[14.345802,47.588817],[14.346029,47.588965],[14.346392,47.589227],[14.346688,47.58945],[14.346892,47.589613],[14.347194,47.58987],[14.34734,47.589994],[14.347849,47.590503],[14.34828,47.590955],[14.348568,47.591327],[14.348932,47.591834],[14.349111,47.592126],[14.349358,47.592573],[14.349513,47.592899],[14.349664,47.593275],[14.349798,47.593673],[14.349924,47.594089],[14.349996,47.594433],[14.350059,47.594821],[14.350106,47.595357],[14.350122,47.595935],[14.350176,47.599942],[14.350289,47.60722],[14.350325,47.610272],[14.350322,47.610844],[14.350299,47.611343],[14.350258,47.611752],[14.350207,47.612139],[14.350132,47.612549],[14.350021,47.613],[14.349887,47.613484],[14.349791,47.613779],[14.349672,47.614099],[14.349489,47.614546],[14.349252,47.615043],[14.34903,47.61546],[14.348792,47.615865],[14.348554,47.61624],[14.348162,47.616792],[14.347848,47.617199],[14.347455,47.617665],[14.3468,47.618399],[14.343806,47.621705],[14.340079,47.625823],[14.33757,47.628595],[14.333188,47.633443],[14.33262,47.634068],[14.331911,47.634881],[14.331585,47.635265],[14.331151,47.635812],[14.330676,47.636463],[14.33058,47.636606],[14.330523,47.636694],[14.330316,47.637013],[14.33018,47.637243],[14.33003,47.6375],[14.329854,47.637826],[14.32973,47.638076],[14.329624,47.638319],[14.329554,47.638493],[14.329484,47.638696],[14.329413,47.638925],[14.329356,47.639138],[14.329312,47.639333],[14.32927,47.639657],[14.329227,47.640089],[14.329222,47.640456],[14.329238,47.640743],[14.329283,47.641089],[14.329363,47.641474],[14.329457,47.641802],[14.329562,47.642094],[14.329641,47.642288],[14.329789,47.642605],[14.329983,47.642951],[14.330125,47.643181],[14.330307,47.643442],[14.330525,47.643727],[14.330758,47.643999],[14.331092,47.644348],[14.331788,47.645062],[14.332362,47.645692],[14.332866,47.646355],[14.33312,47.646743],[14.333483,47.647401],[14.333807,47.648138],[14.333958,47.648591],[14.334041,47.648883],[14.334091,47.649115],[14.334175,47.649552],[14.334226,47.649959],[14.334249,47.650357],[14.334252,47.650788],[14.334236,47.65125],[14.334212,47.651708],[14.334206,47.652048],[14.33421,47.652357],[14.334232,47.652695],[14.334253,47.652894],[14.334302,47.653211],[14.334367,47.653527],[14.334454,47.653856],[14.334534,47.65411],[14.334661,47.65445],[14.335142,47.655594],[14.335314,47.65604],[14.335446,47.656437],[14.335568,47.656868],[14.335618,47.657094],[14.335719,47.657602],[14.335768,47.657963],[14.335805,47.658384],[14.335815,47.658828],[14.33581,47.659196],[14.335786,47.659542],[14.33575,47.65987],[14.335691,47.660261],[14.335632,47.660561],[14.335537,47.660977],[14.335457,47.661284],[14.335357,47.661605],[14.335234,47.661975],[14.335053,47.662456],[14.334792,47.663088],[14.334507,47.663693],[14.334146,47.664389],[14.33373,47.66513],[14.333218,47.66599],[14.333062,47.666243],[14.332459,47.667205],[14.332075,47.667804],[14.331742,47.668339],[14.331381,47.668921],[14.331106,47.669374],[14.330751,47.669976],[14.330402,47.670602],[14.330111,47.671159],[14.329928,47.671508],[14.329712,47.671968],[14.329704,47.671986],[14.329443,47.672553],[14.329179,47.673165],[14.328973,47.673647],[14.328782,47.67412],[14.327981,47.676125],[14.327665,47.676892],[14.32731,47.677719],[14.327118,47.678145],[14.327011,47.678382],[14.326782,47.678866],[14.326571,47.679292],[14.326282,47.679847],[14.325878,47.680591],[14.325457,47.681301],[14.32505,47.681952],[14.324642,47.682564],[14.324253,47.683133],[14.323796,47.683774],[14.323241,47.684505],[14.322707,47.685154],[14.321683,47.686386],[14.320966,47.687191],[14.320436,47.687768],[14.319717,47.68857],[14.319098,47.689267],[14.318841,47.689581],[14.318033,47.690629],[14.317527,47.691406],[14.317073,47.692244],[14.317022,47.692362],[14.316624,47.693342],[14.316315,47.694345],[14.315498,47.697594],[14.315126,47.698651],[14.314754,47.699499],[14.314157,47.700629],[14.313502,47.701677],[14.31291,47.702528],[14.31122,47.704791],[14.310244,47.706097],[14.309467,47.707173],[14.309341,47.707355],[14.308694,47.708304],[14.308111,47.709232],[14.307417,47.710426],[14.307063,47.711074],[14.306735,47.711725],[14.306322,47.712564],[14.305987,47.71332],[14.305524,47.714468],[14.305021,47.715861],[14.304701,47.716919],[14.30467,47.717032],[14.304628,47.717173],[14.304608,47.717252],[14.304463,47.717734],[14.304352,47.718198],[14.303764,47.720531],[14.303568,47.721295],[14.303342,47.722107],[14.303206,47.722503],[14.302861,47.723399],[14.302785,47.723578],[14.302597,47.723991],[14.302362,47.724448],[14.3021,47.724923],[14.301933,47.72521],[14.301739,47.72552],[14.301553,47.725805],[14.301348,47.726104],[14.301057,47.726499],[14.300807,47.726833],[14.30058,47.727113],[14.30035,47.727392],[14.299765,47.728044],[14.29951,47.728304],[14.299241,47.728585],[14.298742,47.729056],[14.298549,47.72923],[14.298146,47.729585],[14.297492,47.730115],[14.296973,47.730516],[14.296413,47.730925],[14.295845,47.731326],[14.295012,47.731903],[14.294465,47.732287],[14.29307,47.733335],[14.292303,47.733995],[14.291719,47.734548],[14.289898,47.736406],[14.289558,47.736711],[14.289162,47.73704],[14.288665,47.737416],[14.288011,47.737853],[14.287368,47.738217],[14.287202,47.738311],[14.286603,47.738612],[14.286025,47.738867],[14.285429,47.739107],[14.284853,47.739307],[14.284166,47.739521],[14.283552,47.739686],[14.28294,47.739825],[14.282229,47.73996],[14.28152,47.740066],[14.280922,47.740137],[14.280321,47.740189],[14.279339,47.740231],[14.278222,47.740223],[14.277333,47.740197],[14.276916,47.740183],[14.275479,47.740135],[14.274889,47.740131],[14.274272,47.740136],[14.27374,47.740146],[14.273182,47.740168],[14.272567,47.740199],[14.270965,47.740339],[14.269815,47.740492],[14.268549,47.740693],[14.267778,47.740845],[14.267024,47.741017],[14.265825,47.741353],[14.265138,47.7416],[14.264887,47.741691],[14.264338,47.741922],[14.263659,47.742258],[14.263127,47.742557],[14.262725,47.74281],[14.26234,47.743079],[14.26197,47.743359],[14.261425,47.74384],[14.261075,47.744193],[14.260579,47.744774],[14.26001,47.745544],[14.259632,47.746056],[14.259319,47.746452],[14.25906,47.746756],[14.258795,47.747018],[14.258488,47.747311],[14.258161,47.747584],[14.258014,47.747697],[14.257816,47.747849],[14.257374,47.74815],[14.257037,47.748358],[14.25662,47.748592],[14.256458,47.748673],[14.256016,47.748893],[14.255476,47.74913],[14.254967,47.749323],[14.254412,47.749508],[14.253683,47.749713],[14.253017,47.749867],[14.252808,47.749915],[14.252048,47.75007],[14.249842,47.750509],[14.248091,47.750857],[14.247581,47.750958],[14.246813,47.751111],[14.245589,47.751354],[14.244398,47.751595],[14.243742,47.751716],[14.243581,47.751746],[14.242495,47.751917],[14.241547,47.752041],[14.240721,47.752115],[14.23947,47.752185],[14.238509,47.752207],[14.23765,47.752199],[14.234634,47.75207],[14.233656,47.752049],[14.232778,47.752056],[14.231625,47.752104],[14.230628,47.752182],[14.22976,47.752277],[14.228838,47.752406],[14.227749,47.752596],[14.226578,47.752857],[14.225417,47.753166],[14.224305,47.75352],[14.222992,47.754016],[14.22196,47.754467],[14.221253,47.754819],[14.220351,47.755316],[14.219426,47.755881],[14.218717,47.756364],[14.218132,47.756781],[14.217241,47.757399],[14.216755,47.757709],[14.21639,47.757925],[14.216206,47.758034],[14.215705,47.758301],[14.215602,47.758356],[14.214904,47.758671],[14.213516,47.759273],[14.213015,47.759444],[14.21246,47.759633],[14.211255,47.760025],[14.210466,47.760261],[14.208027,47.761022],[14.206537,47.761487],[14.202682,47.762691],[14.202577,47.762724],[14.201056,47.763196],[14.200198,47.763464],[14.199167,47.763785],[14.198189,47.764089],[14.19682,47.76452],[14.195614,47.764897],[14.193805,47.76546],[14.193602,47.765523],[14.193486,47.765559],[14.191139,47.766292],[14.189562,47.766799],[14.187961,47.767381],[14.186882,47.767829],[14.186129,47.76816],[14.185045,47.768621],[14.183067,47.769464],[14.182086,47.769882],[14.181369,47.770188],[14.180068,47.770748],[14.179227,47.771109],[14.17861,47.77137],[14.178221,47.771544],[14.177786,47.771774],[14.17727,47.7721],[14.176928,47.772364],[14.17658,47.772679],[14.17636,47.772905],[14.176109,47.773226],[14.175968,47.773413],[14.175768,47.773786],[14.175665,47.774017],[14.175528,47.774399],[14.175454,47.774758],[14.175431,47.775002],[14.175437,47.77526],[14.175493,47.775943],[14.175533,47.77628],[14.175595,47.77669],[14.175655,47.777087],[14.175704,47.777457],[14.175742,47.777753],[14.175757,47.778008],[14.175761,47.778321],[14.175747,47.778588],[14.175742,47.778611],[14.175699,47.778922],[14.175625,47.779257],[14.175494,47.779685],[14.175319,47.780075],[14.175054,47.780601],[14.174708,47.781304],[14.174493,47.781931],[14.17439,47.782498],[14.174386,47.782925],[14.174435,47.783554],[14.174507,47.783869],[14.174669,47.784389],[14.175002,47.785159],[14.175117,47.785408],[14.175198,47.785584],[14.175235,47.785662],[14.175273,47.785745],[14.175555,47.786382],[14.1756,47.786474],[14.175621,47.786518],[14.176019,47.787565],[14.176362,47.788436],[14.176692,47.789442],[14.17693,47.790304],[14.177299,47.791999],[14.177469,47.793317],[14.177529,47.79507],[14.177496,47.796025],[14.177388,47.797205],[14.177209,47.798356],[14.176936,47.799589],[14.176604,47.800748],[14.175866,47.802666],[14.175246,47.803953],[14.174407,47.805386],[14.173484,47.806771],[14.172736,47.807819],[14.171943,47.808883],[14.171215,47.809829],[14.170892,47.810346],[14.170721,47.810705],[14.170524,47.81116],[14.170429,47.81152],[14.170379,47.811739],[14.170344,47.811894],[14.17033,47.811965],[14.170306,47.812092],[14.170298,47.812175],[14.17028,47.812366],[14.170274,47.812434],[14.170242,47.812847],[14.170253,47.813283],[14.17041,47.814609],[14.170415,47.815265],[14.170389,47.815705],[14.170319,47.816137],[14.1702,47.816533],[14.170128,47.816737],[14.170056,47.81694],[14.170025,47.817003],[14.169963,47.817135],[14.169846,47.817367],[14.169745,47.817554],[14.169626,47.817773],[14.169524,47.817951],[14.169432,47.818105],[14.169351,47.818235],[14.16928,47.818342],[14.168748,47.819131],[14.168648,47.819282],[14.16859,47.81937],[14.168532,47.819458],[14.168068,47.820162],[14.16753,47.821083],[14.167057,47.82199],[14.166719,47.822895],[14.166427,47.824283],[14.166354,47.825073],[14.166413,47.825848],[14.166492,47.826556],[14.166699,47.827343],[14.166885,47.827972],[14.167361,47.829012],[14.167797,47.829766],[14.16836,47.830566],[14.169873,47.83242],[14.170265,47.832975],[14.170656,47.833781],[14.170872,47.83429],[14.170955,47.834767],[14.170996,47.835143],[14.171018,47.835624],[14.170913,47.837204],[14.170739,47.838858],[14.170725,47.839207],[14.170709,47.839387],[14.170533,47.84137],[14.170521,47.841545],[14.1705,47.841725],[14.170394,47.84271],[14.170378,47.842921],[14.170354,47.843126],[14.170332,47.843259],[14.17026,47.843578],[14.170187,47.843858],[14.170113,47.844112],[14.170013,47.844453],[14.169996,47.844514],[14.169907,47.844735],[14.169861,47.844831],[14.169783,47.845002],[14.169668,47.845226],[14.169617,47.845326],[14.169446,47.845625],[14.16937,47.845737],[14.169213,47.845973],[14.169027,47.846227],[14.168879,47.846416],[14.168702,47.846624],[14.168532,47.846812],[14.16828,47.84707],[14.168044,47.847298],[14.16776,47.847549],[14.167533,47.847735],[14.167222,47.847972],[14.166873,47.848221],[14.166502,47.848461],[14.166045,47.848731],[14.165474,47.849046],[14.164976,47.849308],[14.164853,47.849372],[14.164384,47.849616],[14.162555,47.850577],[14.162023,47.850873],[14.161957,47.85091],[14.161823,47.850985],[14.161203,47.851354],[14.16083,47.8516],[14.160427,47.851876],[14.160093,47.85212],[14.15977,47.852366],[14.159352,47.852705],[14.159031,47.852986],[14.158787,47.853208],[14.15851,47.853478],[14.15828,47.853712],[14.157997,47.854011],[14.157791,47.854248],[14.157604,47.854469],[14.157383,47.854746],[14.157195,47.854995],[14.156908,47.855409],[14.15668,47.855766],[14.156322,47.856361],[14.155705,47.857464],[14.155453,47.857881],[14.155184,47.858305],[14.154873,47.858766],[14.15464,47.859087],[14.154463,47.859322],[14.154254,47.859586],[14.154056,47.859831],[14.15369,47.860254],[14.153419,47.860552],[14.153131,47.860857],[14.152767,47.861224],[14.152374,47.861601],[14.151884,47.862051],[14.15092,47.862839],[14.150705,47.862999],[14.15005,47.863482],[14.14871,47.86436],[14.147915,47.864828],[14.147059,47.86529],[14.146446,47.865603],[14.145491,47.866051],[14.144872,47.866316],[14.144271,47.866561],[14.143707,47.866752],[14.143339,47.866854],[14.143242,47.86688],[14.14297,47.866942],[14.142717,47.866997],[14.14245,47.867043],[14.141924,47.867117],[14.141477,47.867163],[14.141158,47.867183],[14.141028,47.867185],[14.140517,47.867191],[14.140122,47.867181],[14.13978,47.867161],[14.139371,47.867118],[14.139036,47.867071],[14.138569,47.866994],[14.138052,47.866887],[14.136842,47.866595],[14.136612,47.866543],[14.135782,47.866348],[14.13514,47.866232],[14.135077,47.86622],[14.134657,47.866161],[14.134243,47.86612],[14.133736,47.866088],[14.133277,47.866073],[14.132826,47.866072],[14.132294,47.866091],[14.131789,47.866129],[14.13132,47.866177],[14.130819,47.866253],[14.130295,47.866352],[14.129734,47.86648],[14.129226,47.866619],[14.128724,47.866782],[14.128317,47.866937],[14.127871,47.867124],[14.127485,47.86731],[14.127127,47.867497],[14.126787,47.867699],[14.126465,47.86791],[14.126122,47.868155],[14.125775,47.868432],[14.125293,47.868843],[14.124914,47.869159],[14.124289,47.869667],[14.123561,47.870191],[14.122803,47.870647],[14.122015,47.871073],[14.121339,47.871392],[14.120633,47.871695],[14.117419,47.873026],[14.116592,47.873416],[14.116054,47.873727],[14.115772,47.873913],[14.115571,47.874045],[14.114968,47.874517],[14.114544,47.874921],[14.114471,47.87499],[14.114218,47.875269],[14.114011,47.875542],[14.113777,47.875897],[14.113657,47.87609],[14.113523,47.876343],[14.113289,47.876854],[14.112972,47.877574],[14.11249,47.878669],[14.110488,47.883213],[14.110267,47.883681],[14.110038,47.884141],[14.109828,47.88454],[14.10954,47.885031],[14.109327,47.885377],[14.109074,47.885754],[14.108804,47.886139],[14.108475,47.886584],[14.108112,47.88705],[14.107113,47.888288],[14.106659,47.888863],[14.106429,47.889186],[14.106261,47.889462],[14.106233,47.889512],[14.106099,47.889749],[14.10595,47.89007],[14.105819,47.890394],[14.105732,47.890636],[14.105658,47.890909],[14.105581,47.891278],[14.105527,47.891537],[14.105459,47.891938],[14.10534,47.892458],[14.105177,47.892981],[14.104978,47.893496],[14.103921,47.896077],[14.103579,47.896908],[14.103432,47.897274],[14.103037,47.898291],[14.102705,47.899219],[14.102345,47.900335],[14.102052,47.901355],[14.101772,47.902491],[14.101577,47.903423],[14.101406,47.904357],[14.101368,47.904579],[14.101228,47.905551],[14.101126,47.906508],[14.101103,47.90678],[14.101046,47.907594],[14.101008,47.908455],[14.100999,47.909264],[14.101006,47.910063],[14.101018,47.910491],[14.101111,47.912249],[14.101344,47.914783],[14.101381,47.915105],[14.10144,47.915724],[14.101652,47.917621],[14.101858,47.919552],[14.101865,47.919619],[14.101974,47.920605],[14.102,47.921056],[14.102003,47.921431],[14.101992,47.921688],[14.101952,47.922024],[14.1019,47.922326],[14.101856,47.922503],[14.101774,47.922792],[14.101618,47.923233],[14.101381,47.923738],[14.101078,47.924284],[14.09935,47.927191],[14.098907,47.927943],[14.09854,47.928551],[14.098147,47.929212],[14.098107,47.929279],[14.097929,47.92959],[14.097047,47.93107],[14.096964,47.93122],[14.096769,47.931556],[14.096492,47.932057],[14.096292,47.932453],[14.096126,47.932819],[14.095948,47.933337],[14.095846,47.933654],[14.095815,47.933781],[14.095753,47.934025],[14.095704,47.934273],[14.095651,47.934624],[14.095618,47.934993],[14.095603,47.935392],[14.09561,47.935741],[14.095642,47.936145],[14.095703,47.936588],[14.095793,47.937022],[14.095905,47.937427],[14.096003,47.937726],[14.09614,47.938084],[14.096334,47.938517],[14.096546,47.93895],[14.096805,47.939428],[14.097172,47.940085],[14.097363,47.940424],[14.098521,47.942509],[14.099609,47.944453],[14.099847,47.944889],[14.100029,47.945238],[14.100418,47.945998],[14.100617,47.946429],[14.100815,47.9469],[14.101009,47.947404],[14.101112,47.947706],[14.101249,47.94816],[14.101387,47.94868],[14.101484,47.949113],[14.101537,47.949375],[14.101553,47.949456],[14.101582,47.9496],[14.101665,47.950232],[14.10172,47.950892],[14.101723,47.950975],[14.101739,47.951375],[14.101735,47.951852],[14.1017,47.952549],[14.101658,47.952994],[14.101592,47.953477],[14.101435,47.954277],[14.101308,47.954802],[14.101118,47.955444],[14.100916,47.956025],[14.100586,47.956804],[14.100309,47.957414],[14.100177,47.957683],[14.099466,47.959016],[14.098973,47.95992],[14.09863,47.960562],[14.098155,47.961435],[14.097222,47.963226],[14.096582,47.964531],[14.096532,47.964637],[14.096484,47.96474],[14.096087,47.965587],[14.095664,47.966572],[14.095075,47.968069],[14.094727,47.969034],[14.094579,47.9695],[14.094361,47.970137],[14.094084,47.97107],[14.093806,47.972075],[14.093558,47.973094],[14.093544,47.973153],[14.093085,47.975464],[14.09303,47.975837],[14.092922,47.97657],[14.09286,47.977046],[14.092801,47.977539],[14.092625,47.979391],[14.092427,47.981851],[14.092355,47.982629],[14.09231,47.983106],[14.092245,47.98365],[14.09212,47.984441],[14.091963,47.985212],[14.091849,47.985677],[14.091718,47.986157],[14.091572,47.986633],[14.091451,47.987001],[14.091166,47.98778],[14.090919,47.988378],[14.090696,47.988868],[14.090503,47.989272],[14.090239,47.989793],[14.089988,47.990246],[14.089731,47.990694],[14.089452,47.991145],[14.088961,47.991879],[14.088677,47.992289],[14.088441,47.992618],[14.088142,47.993],[14.087764,47.99347],[14.087201,47.994125],[14.086537,47.994853],[14.086348,47.995046],[14.086007,47.9954],[14.085203,47.996144],[14.084141,47.997092],[14.082963,47.998095],[14.08166,47.9992],[14.080721,48.000011],[14.079477,48.001111],[14.079327,48.001245],[14.078361,48.00213],[14.077691,48.002766],[14.076635,48.003811],[14.075997,48.00448],[14.075363,48.005171],[14.074893,48.005695],[14.074542,48.006107],[14.074075,48.006664],[14.073387,48.007514],[14.072932,48.008103],[14.072605,48.008538],[14.072311,48.008952],[14.072138,48.009192],[14.071692,48.009847],[14.071294,48.010444],[14.070921,48.011036],[14.070374,48.011939],[14.069923,48.012737],[14.06961,48.013309],[14.069289,48.013926],[14.06907,48.014363],[14.068636,48.015285],[14.068144,48.016421],[14.067597,48.017785],[14.067344,48.018461],[14.067177,48.018936],[14.066855,48.019836],[14.066192,48.021684],[14.065773,48.022865],[14.065381,48.023952],[14.064655,48.026018],[14.063998,48.027847],[14.063961,48.027952],[14.063936,48.02802],[14.063435,48.029433],[14.063031,48.030581],[14.062419,48.032302],[14.061349,48.035318],[14.060563,48.037519],[14.060174,48.038572],[14.059689,48.039809],[14.059289,48.040758],[14.058944,48.041521],[14.058646,48.04215],[14.058261,48.042916],[14.057945,48.043516],[14.057603,48.04413],[14.057214,48.044803],[14.056504,48.045947],[14.056127,48.046526],[14.055802,48.047008],[14.055313,48.047702],[14.054966,48.048185],[14.054535,48.048755],[14.053894,48.04957],[14.053065,48.050565],[14.052672,48.051015],[14.05221,48.051534],[14.051669,48.05213],[14.051015,48.052811],[14.050343,48.053483],[14.049701,48.054105],[14.04948,48.054311],[14.048374,48.055326],[14.04779,48.055837],[14.047032,48.056465],[14.046113,48.057218],[14.045644,48.057588],[14.044649,48.058344],[14.044498,48.058458],[14.043877,48.058911],[14.043011,48.059537],[14.041866,48.060331],[14.041613,48.060592],[14.041578,48.060628],[14.041131,48.061055],[14.040804,48.061449],[14.040667,48.061685],[14.040501,48.061956],[14.04038,48.062203],[14.040283,48.062439],[14.040204,48.062707],[14.040151,48.062942],[14.040123,48.063197],[14.040121,48.063486],[14.040143,48.06373],[14.040188,48.06394],[14.040266,48.0642],[14.040362,48.064425],[14.040477,48.06465],[14.04064,48.0649],[14.040835,48.065153],[14.041044,48.065438],[14.042355,48.066679],[14.042799,48.0671],[14.043809,48.068053],[14.045348,48.069515],[14.047082,48.071131],[14.047634,48.071642],[14.048148,48.072119],[14.048287,48.072262],[14.048802,48.072767],[14.049067,48.073088],[14.049802,48.073699],[14.050213,48.074053],[14.052002,48.075587],[14.052229,48.075789],[14.052435,48.075966],[14.053687,48.077045],[14.057013,48.079896],[14.060302,48.082711],[14.06447,48.086276],[14.066057,48.087633],[14.06864,48.089817],[14.069924,48.090847],[14.071058,48.091699],[14.072394,48.092642],[14.073804,48.093591],[14.074772,48.094219],[14.076274,48.095212],[14.077351,48.095881],[14.08134,48.098457],[14.085918,48.101413],[14.08774,48.10262],[14.08953,48.103855],[14.093748,48.106948],[14.097222,48.109742],[14.098916,48.111191],[14.099264,48.111496],[14.106023,48.11735],[14.115004,48.125121],[14.118589,48.128232],[14.120995,48.130172],[14.123202,48.131658],[14.124474,48.132464],[14.125775,48.13318],[14.12699,48.133792],[14.127336,48.133964],[14.128454,48.134496],[14.132329,48.136263],[14.132565,48.13637],[14.134621,48.137294],[14.137776,48.138784],[14.13917,48.139515],[14.140309,48.140176],[14.140576,48.14033],[14.140842,48.140508],[14.141947,48.141231],[14.143099,48.142017],[14.144162,48.14287],[14.145356,48.14382],[14.150829,48.148591],[14.153154,48.150629],[14.154149,48.151497],[14.154758,48.152029],[14.155251,48.152444],[14.156295,48.153362],[14.156599,48.15362],[14.157009,48.15399],[14.157286,48.15425],[14.15814,48.155045],[14.158854,48.155739],[14.159607,48.156512],[14.160212,48.157144],[14.16093,48.157946],[14.161629,48.158754],[14.162802,48.160161],[14.165225,48.163067],[14.17038,48.169235],[14.171438,48.17038],[14.172636,48.171548],[14.173398,48.172212],[14.173542,48.172338],[14.173817,48.172573],[14.175286,48.173726],[14.176348,48.174485],[14.177666,48.175344],[14.17863,48.175934],[14.179642,48.176502],[14.180831,48.177125],[14.185333,48.179263],[14.185727,48.179446],[14.187171,48.180124],[14.191362,48.182087],[14.193286,48.182988],[14.19542,48.183988],[14.19682,48.184629],[14.19776,48.185059],[14.198357,48.185316],[14.199914,48.185938],[14.200964,48.186321],[14.201838,48.18662],[14.20271,48.186898],[14.203776,48.187221],[14.205107,48.187587],[14.20647,48.187925],[14.207637,48.188183],[14.208909,48.188436],[14.209776,48.18859],[14.211282,48.188831],[14.212723,48.189017],[14.214132,48.189172],[14.217545,48.189526],[14.219406,48.189718],[14.221325,48.189917],[14.224143,48.190209],[14.225303,48.190335],[14.226456,48.190484],[14.22733,48.190608],[14.228091,48.19073],[14.229993,48.191074],[14.230626,48.191203],[14.231371,48.191364],[14.232556,48.19164],[14.23388,48.191992],[14.234871,48.192277],[14.235843,48.192578],[14.236599,48.192826],[14.237426,48.193108],[14.238303,48.193434],[14.239045,48.19372],[14.239957,48.194092],[14.240828,48.194468],[14.24163,48.194833],[14.242573,48.195289],[14.243236,48.195611],[14.244146,48.196057],[14.244406,48.196184],[14.245104,48.196527],[14.245614,48.196775],[14.247067,48.19749],[14.248008,48.197952],[14.248935,48.198402],[14.250217,48.199035],[14.250664,48.199254],[14.252125,48.199965],[14.252418,48.200107],[14.253382,48.200583],[14.254403,48.201062],[14.255586,48.201612],[14.256758,48.202126],[14.259951,48.203532],[14.260316,48.203689],[14.26241,48.204623],[14.264268,48.20544],[14.265293,48.205892],[14.269981,48.207962],[14.274263,48.209856],[14.275945,48.210594],[14.276605,48.210885],[14.277606,48.211329],[14.279083,48.211984],[14.279609,48.212215],[14.2837,48.214022],[14.28522,48.21469],[14.286067,48.215066],[14.287849,48.215855],[14.289242,48.216489],[14.290954,48.217308],[14.291805,48.217717],[14.293052,48.218311],[14.293237,48.218401],[14.294425,48.218973],[14.295723,48.219598],[14.296866,48.220146],[14.297217,48.220246],[14.297585,48.220361],[14.297959,48.220484],[14.298276,48.220581],[14.298763,48.220716],[14.299141,48.220802],[14.299567,48.220892],[14.300072,48.220978],[14.301662,48.221172],[14.302091,48.221238],[14.302456,48.221314],[14.302818,48.221403],[14.303043,48.221474],[14.303312,48.22159],[14.303587,48.221735],[14.303804,48.221885],[14.304,48.22208],[14.304131,48.222244],[14.304225,48.222438],[14.304273,48.222593],[14.304299,48.22277],[14.304299,48.222919],[14.304255,48.22314],[14.304187,48.22333],[14.304095,48.223519],[14.303998,48.223672],[14.303865,48.223825],[14.303694,48.223986],[14.30354,48.224105],[14.303381,48.224208],[14.303208,48.224298],[14.302999,48.224395],[14.302766,48.224484],[14.302536,48.224562],[14.301998,48.224722],[14.301834,48.224771],[14.301465,48.224896],[14.301222,48.224996],[14.300907,48.225143],[14.300652,48.225283],[14.300376,48.225459],[14.300155,48.225622],[14.299956,48.225792],[14.299823,48.225918],[14.299692,48.226056],[14.29959,48.226177],[14.299478,48.226327],[14.299246,48.226683],[14.299056,48.22706],[14.298859,48.227522],[14.298666,48.228034],[14.298495,48.228545],[14.298346,48.229075],[14.29818,48.22976],[14.298122,48.23011],[14.298071,48.23042],[14.298063,48.230465],[14.297983,48.231135],[14.297921,48.232146],[14.297873,48.233555],[14.297864,48.233706],[14.297864,48.233816],[14.297768,48.237061],[14.297744,48.237919],[14.297719,48.238695],[14.297714,48.238931],[14.297699,48.239439],[14.297663,48.240425],[14.297657,48.240616],[14.297651,48.240847],[14.297595,48.242392],[14.297592,48.242605],[14.297589,48.242879],[14.297588,48.243167],[14.297585,48.243226],[14.297583,48.243284],[14.297558,48.243856],[14.297524,48.244916],[14.297511,48.24539],[14.297482,48.246361],[14.29745,48.247359],[14.297389,48.249282],[14.297366,48.250221],[14.297272,48.253154],[14.297226,48.254527],[14.297154,48.256914],[14.297141,48.257606],[14.297139,48.258288],[14.297149,48.258841],[14.29716,48.259297],[14.297196,48.259963],[14.297206,48.260193],[14.29724,48.260521],[14.297282,48.260873],[14.297333,48.261172],[14.297395,48.26145],[14.297511,48.261879],[14.29776,48.262727],[14.297873,48.26314],[14.297948,48.263471],[14.298,48.263779],[14.298033,48.264081],[14.298045,48.264472],[14.298031,48.264804],[14.297997,48.265066],[14.297945,48.265353],[14.297854,48.265713],[14.297779,48.265947],[14.297704,48.266156],[14.297616,48.266359],[14.29752,48.266553],[14.297472,48.266651],[14.297398,48.266794],[14.297361,48.266863],[14.297121,48.267301],[14.296517,48.268315],[14.29628,48.268723],[14.29626,48.268758],[14.296087,48.269033],[14.296008,48.269184],[14.295988,48.269225],[14.295942,48.269348],[14.295869,48.269544],[14.295794,48.269794],[14.295765,48.269891],[14.295645,48.270456],[14.29557,48.271102],[14.295485,48.273367],[14.295452,48.273814],[14.295407,48.274187],[14.2952,48.275131],[14.295099,48.275719],[14.295066,48.275979],[14.295048,48.276217],[14.295046,48.276402],[14.295096,48.276667],[14.29513,48.276838],[14.295166,48.276993],[14.295217,48.277143],[14.295292,48.277317],[14.295372,48.27747],[14.295471,48.277629],[14.295587,48.277779],[14.295716,48.277916],[14.295872,48.278067],[14.296039,48.278212],[14.29623,48.278348],[14.296538,48.278533],[14.296658,48.278598],[14.296763,48.278647],[14.29694,48.278725],[14.297149,48.278808],[14.297351,48.278876],[14.297642,48.27896],[14.297989,48.279045],[14.29857,48.279179],[14.298907,48.279268],[14.299229,48.279365],[14.299523,48.279464],[14.299823,48.279578],[14.300074,48.279683],[14.300308,48.279789],[14.300488,48.279881],[14.300742,48.280022],[14.301194,48.280298],[14.301841,48.28072],[14.302075,48.280876],[14.302373,48.28107],[14.302509,48.28115],[14.302791,48.281309],[14.303038,48.281441],[14.303338,48.281585],[14.303708,48.281751],[14.303997,48.281866],[14.304487,48.282046],[14.304974,48.282209],[14.305909,48.282513],[14.306551,48.282718],[14.30687,48.282824],[14.307608,48.283059],[14.30804,48.283199],[14.308266,48.28327],[14.309048,48.283512],[14.309658,48.28369],[14.310148,48.283825],[14.310641,48.283953],[14.311067,48.284058],[14.311455,48.284146],[14.311781,48.284218],[14.31189,48.284242],[14.312018,48.28427],[14.312914,48.284459],[14.313329,48.284547],[14.313926,48.284675],[14.314409,48.284794],[14.314668,48.284868],[14.314816,48.284916],[14.314916,48.284948],[14.315388,48.285128],[14.315552,48.285203],[14.315851,48.285346],[14.316242,48.285571],[14.316603,48.285808],[14.316812,48.28597],[14.317022,48.286147],[14.317086,48.286203],[14.317338,48.28645],[14.317552,48.28669],[14.317694,48.286879],[14.318043,48.2874],[14.318297,48.287865],[14.318437,48.288147],[14.318506,48.288311],[14.318648,48.288667],[14.318751,48.288985],[14.31878,48.289081],[14.318831,48.289289],[14.318896,48.289576],[14.318974,48.290011],[14.31901,48.290324],[14.319035,48.290544],[14.319051,48.290791],[14.319059,48.291024],[14.319064,48.291268],[14.319059,48.291591],[14.319044,48.291964],[14.319013,48.292354],[14.318974,48.292673],[14.318929,48.292991],[14.318875,48.293308],[14.318814,48.293625],[14.31877,48.29382],[14.318713,48.294057],[14.31865,48.294294],[14.318584,48.294536],[14.318485,48.294873],[14.31837,48.295219],[14.318171,48.295752],[14.318017,48.296134],[14.317837,48.296538],[14.317732,48.296759],[14.317578,48.29706],[14.317439,48.297313],[14.317226,48.297679],[14.316945,48.298149],[14.316652,48.298628],[14.316468,48.29893],[14.316278,48.299228],[14.316049,48.299603],[14.315699,48.300187],[14.315506,48.300516],[14.315268,48.300956],[14.315,48.301462],[14.314765,48.301949],[14.314547,48.302417],[14.314325,48.302932],[14.314178,48.303317],[14.314086,48.303561],[14.313975,48.303869],[14.313888,48.30413],[14.313759,48.304527],[14.313607,48.305005],[14.31352,48.305276],[14.31335,48.30579],[14.313216,48.306168],[14.313014,48.306652],[14.31282,48.307079],[14.312678,48.307376],[14.312449,48.307826],[14.312211,48.30827],[14.312085,48.308496],[14.311453,48.309623],[14.310922,48.310556],[14.310715,48.310901],[14.310547,48.311169],[14.310361,48.311432],[14.310206,48.31163],[14.310007,48.311872],[14.309878,48.312011],[14.309741,48.312155],[14.309544,48.312342],[14.309373,48.312497],[14.309174,48.312666],[14.308897,48.312882],[14.308595,48.313106],[14.307756,48.313729],[14.307502,48.313928],[14.307153,48.314226],[14.306672,48.314666],[14.306228,48.315069],[14.30605,48.315221],[14.305857,48.315383],[14.305667,48.315531],[14.305478,48.315676],[14.305296,48.31581],[14.305027,48.315999],[14.304719,48.316202],[14.30438,48.316412],[14.304091,48.316584],[14.303822,48.316741],[14.303524,48.316914],[14.303227,48.317088],[14.302915,48.317269],[14.30278,48.317349],[14.302489,48.31752],[14.302049,48.31778],[14.301304,48.318218],[14.300684,48.318584],[14.300402,48.318749],[14.297518,48.320436],[14.297097,48.320678],[14.296813,48.320846],[14.296763,48.320875],[14.296639,48.320948],[14.296493,48.321042],[14.296382,48.321122],[14.296295,48.321193],[14.296222,48.321264],[14.296095,48.321403],[14.296037,48.321478],[14.295979,48.321571],[14.295932,48.321652],[14.295898,48.321734],[14.295861,48.321833],[14.295844,48.321906],[14.29583,48.321978],[14.295824,48.322038],[14.295822,48.322124],[14.295826,48.322217],[14.295837,48.322316],[14.29586,48.322412],[14.295892,48.322506],[14.295931,48.322596],[14.295998,48.322715],[14.296072,48.322824],[14.296135,48.322899],[14.296229,48.322996],[14.296298,48.323062],[14.296384,48.323133],[14.296476,48.323195],[14.296552,48.323242],[14.296661,48.323308],[14.296785,48.323368],[14.2969,48.323421],[14.297054,48.323472],[14.297197,48.323511],[14.297268,48.323534],[14.297612,48.323604],[14.297779,48.323623],[14.298009,48.323638],[14.298154,48.323642],[14.298547,48.32364],[14.298781,48.323641],[14.298942,48.323645],[14.29904,48.32365],[14.299145,48.323657],[14.299298,48.323672],[14.299502,48.323699],[14.299708,48.323741],[14.299864,48.323779],[14.299985,48.323816],[14.300146,48.323869],[14.300218,48.323896],[14.300467,48.323999],[14.300777,48.324145],[14.301627,48.324547],[14.302022,48.324726],[14.302374,48.324876],[14.302666,48.324993],[14.303018,48.32513],[14.303426,48.325277],[14.303634,48.325348],[14.304062,48.325492],[14.30436,48.325579],[14.304588,48.325646],[14.304934,48.325744],[14.305192,48.325814],[14.305426,48.325871],[14.30574,48.325945],[14.306176,48.326047],[14.306642,48.326142],[14.307113,48.32623],[14.307585,48.326305],[14.308057,48.326379],[14.308542,48.326444],[14.30902,48.326504],[14.309504,48.326551],[14.309986,48.326592],[14.310439,48.326624],[14.311157,48.32666],[14.311402,48.326669],[14.31167,48.326677],[14.312147,48.326685],[14.312501,48.326686],[14.312721,48.326684],[14.313025,48.326681],[14.31478,48.326653],[14.314986,48.326652],[14.315278,48.326651],[14.315667,48.326653],[14.315966,48.326659],[14.316447,48.32668],[14.316936,48.326712],[14.317409,48.326761],[14.317893,48.326822],[14.318372,48.326906],[14.318632,48.326954],[14.318813,48.326987],[14.319025,48.327027],[14.319322,48.327079],[14.319554,48.327128],[14.319949,48.327227],[14.32023,48.327306],[14.32052,48.327392],[14.320755,48.327465],[14.321024,48.327558],[14.321293,48.327657],[14.321699,48.327813],[14.322113,48.327987],[14.322633,48.328237],[14.322899,48.328371],[14.323249,48.328562],[14.323591,48.328764],[14.323984,48.329012],[14.324323,48.329247],[14.324668,48.329504],[14.324969,48.329752],[14.325054,48.329815],[14.325542,48.33027],[14.325795,48.330536],[14.326042,48.330815],[14.326273,48.331105],[14.326532,48.331433],[14.32674,48.331699],[14.326937,48.33196],[14.327161,48.33225],[14.327377,48.332537],[14.327808,48.333091],[14.328194,48.333587],[14.328488,48.333935],[14.328684,48.334146],[14.328843,48.334315],[14.328971,48.334439],[14.329117,48.334572],[14.329416,48.334829],[14.329675,48.335042],[14.329934,48.33524],[14.330205,48.335432],[14.33047,48.335611],[14.330931,48.335896],[14.331401,48.336151],[14.331809,48.336363],[14.332162,48.336529],[14.332518,48.33668],[14.332958,48.336853],[14.333378,48.337004],[14.333901,48.337172],[14.334459,48.337329],[14.334948,48.337445],[14.33546,48.337555],[14.335872,48.33763],[14.336175,48.337681],[14.336579,48.337736],[14.337007,48.337786],[14.337384,48.337818],[14.337419,48.337821],[14.337809,48.337851],[14.33835,48.337874],[14.338789,48.337882],[14.339343,48.337875],[14.339822,48.337857],[14.340731,48.337781],[14.340868,48.337769],[14.341214,48.337726],[14.341659,48.337661],[14.342151,48.337575],[14.342604,48.337481],[14.343013,48.337387],[14.343451,48.337274],[14.343955,48.337129],[14.3448,48.336863],[14.345816,48.336535],[14.346549,48.336308],[14.347272,48.336086],[14.347988,48.335882],[14.348787,48.335674],[14.349484,48.335505],[14.350254,48.33534],[14.350991,48.335194],[14.351762,48.33506],[14.352428,48.334956],[14.352924,48.334886],[14.353507,48.334812],[14.35409,48.334746],[14.355115,48.334651],[14.355977,48.334584],[14.356849,48.334523],[14.357686,48.33447],[14.358775,48.334409],[14.359573,48.33437],[14.360256,48.334339],[14.36108,48.334309],[14.36216,48.334271],[14.362984,48.334235],[14.363751,48.334218],[14.364691,48.334215],[14.36717,48.334226],[14.367788,48.334233],[14.368717,48.334246],[14.370462,48.33429],[14.371419,48.334323],[14.372255,48.334362],[14.372894,48.3344],[14.373603,48.334449],[14.37418,48.334498],[14.374936,48.334567],[14.376021,48.334682],[14.377157,48.334826],[14.377761,48.33491],[14.37883,48.335076],[14.379556,48.335203],[14.380376,48.335354],[14.380862,48.335448],[14.381878,48.335651],[14.384063,48.336097],[14.384634,48.336213],[14.385649,48.336413],[14.386661,48.336602],[14.387915,48.336823],[14.38964,48.337101],[14.391277,48.337341],[14.393191,48.337584],[14.394658,48.337748],[14.39546,48.337826],[14.396583,48.33793],[14.397416,48.338001],[14.398535,48.338083],[14.399395,48.338139],[14.400025,48.338175],[14.401202,48.338233],[14.402311,48.338277],[14.40311,48.338305],[14.404012,48.338325],[14.404994,48.338336],[14.405563,48.338343],[14.406116,48.338344],[14.407258,48.33834],[14.408432,48.338319],[14.409434,48.338297],[14.410396,48.338263],[14.411053,48.338237],[14.411883,48.338193],[14.412582,48.338143],[14.413285,48.338078],[14.413822,48.33802],[14.414358,48.337949],[14.415096,48.337835],[14.415565,48.337754],[14.416201,48.337626],[14.416908,48.337474],[14.417952,48.337228],[14.418995,48.33698],[14.419974,48.336766],[14.420594,48.336645],[14.421369,48.336515],[14.421903,48.336436],[14.422503,48.336361],[14.42328,48.336282],[14.423802,48.336241],[14.424371,48.336207],[14.42503,48.33618],[14.425767,48.336167],[14.426391,48.336169],[14.427001,48.336185],[14.427664,48.336215],[14.428379,48.336262],[14.429021,48.336321],[14.429638,48.336386],[14.430482,48.336493],[14.431389,48.336628],[14.432235,48.336769],[14.432873,48.336881],[14.433886,48.337082],[14.434634,48.337243],[14.435303,48.337396],[14.435934,48.33755],[14.436816,48.337778],[14.437761,48.338043],[14.438383,48.338227],[14.43923,48.338493],[14.439991,48.338748],[14.440728,48.339007],[14.441477,48.339285],[14.442378,48.33964],[14.443052,48.339922],[14.443811,48.340252],[14.444691,48.34066],[14.445383,48.340998],[14.446063,48.341347],[14.4465,48.341577],[14.446825,48.341755],[14.44715,48.341938],[14.447626,48.342211],[14.448148,48.34252],[14.44882,48.34294],[14.449553,48.343419],[14.450209,48.34387],[14.450858,48.344341],[14.451526,48.344854],[14.452101,48.345319],[14.452664,48.345789],[14.453179,48.346247],[14.453677,48.34671],[14.454293,48.347318],[14.454776,48.347817],[14.455295,48.34839],[14.45574,48.348907],[14.456189,48.349458],[14.456552,48.349935],[14.456905,48.350417],[14.457289,48.350976],[14.457699,48.351613],[14.458096,48.352253],[14.459083,48.353906],[14.459527,48.354632],[14.460037,48.355418],[14.460316,48.355819],[14.460606,48.356216],[14.460846,48.356528],[14.461039,48.356763],[14.461263,48.357001],[14.461503,48.357218],[14.461795,48.357452],[14.462059,48.357637],[14.462396,48.357849],[14.462779,48.358055],[14.463117,48.358211],[14.463576,48.358398],[14.464025,48.358548],[14.464511,48.358678],[14.46489,48.358761],[14.465366,48.358843],[14.465844,48.3589],[14.466345,48.358935],[14.466771,48.358944],[14.467225,48.358934],[14.467764,48.3589],[14.468654,48.358824],[14.469649,48.358736],[14.470262,48.358687],[14.471329,48.3586],[14.471835,48.358573],[14.472213,48.358564],[14.472649,48.358564],[14.473113,48.358576],[14.473505,48.358599],[14.473917,48.35863],[14.474399,48.358681],[14.474952,48.358757],[14.475342,48.358824],[14.475719,48.358901],[14.476113,48.358987],[14.47655,48.359098],[14.47701,48.359233],[14.47748,48.359387],[14.47786,48.359527],[14.478234,48.359677],[14.478749,48.359916],[14.479072,48.360088],[14.47937,48.360259],[14.479656,48.360447],[14.479944,48.36065],[14.48022,48.360866],[14.48049,48.361102],[14.480743,48.361351],[14.480978,48.361621],[14.481204,48.361919],[14.481398,48.362213],[14.481587,48.362553],[14.481665,48.362718],[14.481743,48.362904],[14.481826,48.363136],[14.481916,48.363463],[14.481976,48.363812],[14.482,48.364071],[14.482003,48.364325],[14.481993,48.364556],[14.481967,48.364789],[14.481928,48.365],[14.481865,48.365264],[14.481813,48.36545],[14.481717,48.365699],[14.481635,48.365887],[14.481535,48.366087],[14.481438,48.366259],[14.481309,48.366464],[14.481186,48.366647],[14.481024,48.366864],[14.480931,48.366986],[14.480868,48.367069],[14.480526,48.367514],[14.480351,48.367772],[14.480188,48.368042],[14.480007,48.368346],[14.479821,48.368694],[14.479715,48.368942],[14.479607,48.369222],[14.47953,48.369449],[14.479478,48.369641],[14.479425,48.369838],[14.479371,48.370117],[14.479342,48.370284],[14.479315,48.37049],[14.479299,48.370706],[14.479289,48.371125],[14.479318,48.371669],[14.479405,48.372207],[14.479526,48.372664],[14.4797,48.373151],[14.479921,48.373651],[14.480256,48.374219],[14.4806,48.374706],[14.480982,48.375173],[14.481717,48.375987],[14.482127,48.376471],[14.482469,48.376896],[14.482902,48.377471],[14.483311,48.378072],[14.483621,48.378552],[14.483908,48.379045],[14.484316,48.379805],[14.484662,48.380545],[14.484956,48.381272],[14.485128,48.381774],[14.485305,48.382347],[14.485471,48.382994],[14.485597,48.383612],[14.485698,48.384231],[14.485764,48.384768],[14.485806,48.385235],[14.485825,48.385896],[14.485821,48.386479],[14.485772,48.387242],[14.485702,48.387864],[14.485582,48.388577],[14.485446,48.389215],[14.485304,48.389753],[14.485102,48.390406],[14.484866,48.391043],[14.48455,48.391797],[14.484303,48.392315],[14.483957,48.392962],[14.483668,48.393462],[14.482689,48.395],[14.482428,48.395491],[14.482252,48.395899],[14.482078,48.396369],[14.48193,48.396936],[14.481843,48.397434],[14.481796,48.397995],[14.481794,48.39851],[14.481845,48.399042],[14.481943,48.399567],[14.482118,48.400202],[14.482495,48.401207],[14.482732,48.401895],[14.482924,48.402607],[14.483063,48.403205],[14.483188,48.404009],[14.483262,48.404817],[14.483286,48.405572],[14.483246,48.406765],[14.483262,48.407548],[14.483321,48.40811],[14.483335,48.408242],[14.483425,48.408772],[14.483553,48.409276],[14.483667,48.40967],[14.483785,48.410032],[14.483934,48.410415],[14.484277,48.411245],[14.484402,48.411575],[14.484497,48.411887],[14.484568,48.412174],[14.484638,48.412564],[14.484674,48.412926],[14.484735,48.413536],[14.484778,48.413805],[14.484851,48.414104],[14.484914,48.414304],[14.485003,48.414537],[14.485097,48.414749],[14.485189,48.414925],[14.485308,48.415129],[14.485464,48.415367],[14.485667,48.415639],[14.485871,48.415879],[14.486059,48.416073],[14.486318,48.416316],[14.486547,48.416507],[14.486803,48.416705],[14.487027,48.416861],[14.487293,48.417031],[14.487557,48.417186],[14.4878,48.417323],[14.488214,48.417552],[14.488818,48.417905],[14.489021,48.418031],[14.489191,48.418156],[14.489395,48.418322],[14.489627,48.418531],[14.489829,48.418739],[14.489985,48.418926],[14.490122,48.419113],[14.490249,48.419309],[14.490364,48.419524],[14.490464,48.419725],[14.490789,48.420497],[14.491188,48.421508],[14.491521,48.422383],[14.491623,48.422701],[14.49169,48.422995],[14.491737,48.423253],[14.491769,48.4236],[14.491771,48.42391],[14.491734,48.424312],[14.491686,48.424595],[14.491612,48.424882],[14.491519,48.425164],[14.491404,48.42545],[14.49128,48.425711],[14.4911,48.42602],[14.49093,48.426275],[14.490725,48.426545],[14.490515,48.426785],[14.49028,48.427035],[14.489999,48.427299],[14.489756,48.427502],[14.489482,48.427711],[14.489168,48.427933],[14.488788,48.428182],[14.488381,48.428428],[14.487939,48.428674],[14.487527,48.428886],[14.486918,48.429168],[14.485924,48.429589],[14.485566,48.429751],[14.485256,48.429906],[14.484942,48.430079],[14.484657,48.430247],[14.484316,48.430472],[14.484038,48.430679],[14.483739,48.430918],[14.48351,48.431124],[14.483304,48.431326],[14.483094,48.431552],[14.482882,48.431808],[14.482671,48.432094],[14.48246,48.43243],[14.482297,48.432744],[14.482155,48.433068],[14.482064,48.43333],[14.481939,48.433805],[14.481855,48.434103],[14.481761,48.43439],[14.481676,48.434613],[14.481544,48.434894],[14.481385,48.435205],[14.481007,48.435915],[14.480845,48.436354],[14.480765,48.436618],[14.480693,48.436948],[14.480655,48.437292],[14.480642,48.437665],[14.480679,48.438063],[14.480745,48.43842],[14.480818,48.438686],[14.480938,48.438999],[14.481062,48.439287],[14.481218,48.439576],[14.481416,48.43988],[14.481623,48.440154],[14.481838,48.440416],[14.482035,48.440624],[14.482378,48.440971],[14.482645,48.44122],[14.482961,48.441507],[14.483346,48.441831],[14.483706,48.442119],[14.484066,48.442388],[14.484541,48.442724],[14.484947,48.442994],[14.485373,48.443266],[14.485842,48.443545],[14.486356,48.443833],[14.486997,48.444162],[14.487584,48.444442],[14.488711,48.444948],[14.489234,48.445189],[14.489817,48.445468],[14.49036,48.445748],[14.490705,48.445933],[14.491077,48.446146],[14.491599,48.446468],[14.49221,48.446867],[14.49257,48.447122],[14.492958,48.447413],[14.493399,48.447762],[14.493952,48.448243],[14.494307,48.448571],[14.494579,48.448844],[14.494863,48.44914],[14.495173,48.449481],[14.495493,48.449862],[14.495844,48.450318],[14.496101,48.450681],[14.496487,48.451246],[14.496637,48.451472],[14.496698,48.451569],[14.496853,48.451812],[14.497474,48.452724],[14.498696,48.454552],[14.499199,48.45535],[14.499798,48.456365],[14.499986,48.456692],[14.500083,48.456861],[14.500556,48.457727],[14.500986,48.458572],[14.501479,48.459621],[14.501647,48.45999],[14.502084,48.461055],[14.502346,48.46174],[14.502569,48.462366],[14.502745,48.462877],[14.502942,48.463546],[14.502958,48.463599],[14.503047,48.46389],[14.503118,48.464266],[14.503165,48.464671],[14.503182,48.465059],[14.503163,48.465517],[14.503131,48.465772],[14.503086,48.466008],[14.503004,48.466371],[14.502932,48.466625],[14.502757,48.467236],[14.502459,48.468262],[14.502285,48.468914],[14.502159,48.469426],[14.502012,48.470082],[14.501882,48.470711],[14.501791,48.471195],[14.50164,48.47215],[14.501553,48.472817],[14.50146,48.473679],[14.501407,48.474349],[14.501369,48.474977],[14.501347,48.475582],[14.501317,48.476255],[14.501293,48.47667],[14.50125,48.477045],[14.501172,48.477461],[14.501064,48.47787],[14.500972,48.478157],[14.500691,48.478852],[14.50053,48.47931],[14.500435,48.47961],[14.500369,48.479886],[14.500327,48.480185],[14.500305,48.480613],[14.500328,48.480912],[14.500363,48.481175],[14.50042,48.481466],[14.500488,48.481692],[14.500599,48.481994],[14.500728,48.482284],[14.500905,48.482587],[14.501137,48.482929],[14.501427,48.483281],[14.501653,48.483527],[14.501897,48.48375],[14.502059,48.483896],[14.502106,48.483933],[14.50226,48.484072],[14.50242,48.484212],[14.502618,48.484369],[14.502916,48.484609],[14.503143,48.484786],[14.503389,48.484977],[14.503674,48.485196],[14.504055,48.485474],[14.504581,48.485854],[14.504644,48.485898],[14.504735,48.485962],[14.504847,48.48604],[14.505286,48.486336],[14.505362,48.486387],[14.50567,48.486594],[14.506113,48.48689],[14.506539,48.48718],[14.506964,48.487461],[14.507546,48.487831],[14.508096,48.488178],[14.508778,48.48862],[14.509504,48.489097],[14.509948,48.489384],[14.510118,48.489494],[14.51104,48.490094],[14.512094,48.490768],[14.512816,48.491234],[14.513169,48.491449],[14.513466,48.491649],[14.514084,48.492066],[14.514572,48.492437],[14.514957,48.492777],[14.51526,48.493087],[14.515525,48.493427],[14.515738,48.49373],[14.51578,48.493789],[14.515935,48.494031],[14.516047,48.494206],[14.516229,48.494542],[14.516279,48.494663],[14.516539,48.495352],[14.516657,48.495799],[14.516709,48.496234],[14.516737,48.496649],[14.516743,48.497113],[14.516751,48.497279],[14.516761,48.497471],[14.516776,48.497637],[14.516801,48.497812],[14.516837,48.498],[14.51688,48.498181],[14.516937,48.49837],[14.517027,48.498628],[14.517157,48.498975],[14.5174,48.499517],[14.517604,48.499943],[14.517665,48.500071],[14.51788,48.500463],[14.517886,48.500474],[14.518112,48.500869],[14.51815,48.50093],[14.518283,48.501137],[14.518355,48.501251],[14.518456,48.501394],[14.518531,48.501501],[14.518639,48.501659],[14.518992,48.502164],[14.519257,48.502561],[14.519343,48.502707],[14.519667,48.503294],[14.519904,48.503907],[14.520024,48.504283],[14.520132,48.50468],[14.520198,48.50514],[14.520233,48.505654],[14.520228,48.50608],[14.520215,48.50637],[14.520187,48.506797],[14.520138,48.507102],[14.520046,48.50743],[14.519889,48.507869],[14.519692,48.508301],[14.519482,48.5087],[14.519187,48.509158],[14.518757,48.509728],[14.518418,48.510113],[14.518041,48.510525],[14.517746,48.510896],[14.517469,48.511292],[14.517281,48.511596],[14.516936,48.512227],[14.516739,48.512583],[14.516626,48.512831],[14.516559,48.513011],[14.516486,48.513258],[14.516417,48.513551],[14.516354,48.513897],[14.516313,48.51427],[14.516297,48.51466],[14.516309,48.515222],[14.516318,48.515423],[14.51633,48.515848],[14.516303,48.516333],[14.516265,48.516594],[14.516205,48.516902],[14.516167,48.517044],[14.516119,48.517223],[14.516029,48.5175],[14.51592,48.517777],[14.515763,48.518119],[14.51564,48.518356],[14.51555,48.518521],[14.515487,48.518616],[14.515217,48.519001],[14.515026,48.519254],[14.51478,48.519541],[14.51458,48.519753],[14.514337,48.51999],[14.514074,48.520229],[14.513796,48.520464],[14.51362,48.5206],[14.513438,48.520732],[14.513374,48.52078],[14.513117,48.520954],[14.512888,48.521102],[14.512549,48.521302],[14.512174,48.521508],[14.511809,48.521696],[14.511319,48.521927],[14.510403,48.52236],[14.510129,48.522491],[14.509594,48.522742],[14.509236,48.522912],[14.508615,48.523206],[14.508019,48.52351],[14.507504,48.523757],[14.507165,48.524021],[14.507046,48.524138],[14.506969,48.524228],[14.506908,48.524313],[14.506861,48.524391],[14.506817,48.524485],[14.506782,48.524577],[14.506754,48.524666],[14.506732,48.524768],[14.506693,48.524954],[14.506665,48.525032],[14.506629,48.525102],[14.50658,48.525167],[14.506517,48.52522],[14.506449,48.525262],[14.506376,48.525296],[14.506304,48.525322],[14.506218,48.525343],[14.506133,48.525353],[14.50604,48.525356],[14.505939,48.525348],[14.505835,48.52533],[14.505731,48.525305],[14.505548,48.525243],[14.505422,48.525201],[14.505337,48.52518],[14.505258,48.525169],[14.505173,48.525162],[14.50511,48.525196],[14.505019,48.525218],[14.5049,48.525523],[14.504887,48.525814],[14.504896,48.526023],[14.504926,48.526204],[14.50495,48.526297],[14.504986,48.526416],[14.505056,48.526593],[14.50515,48.526789],[14.50533,48.527152],[14.505444,48.527392],[14.505532,48.527598],[14.505611,48.527846],[14.505644,48.527985],[14.505662,48.528127],[14.505665,48.528286],[14.505638,48.528488],[14.505618,48.528562],[14.505587,48.528658],[14.505554,48.528745],[14.505493,48.528872],[14.505403,48.529031],[14.505007,48.529654],[14.504555,48.530361],[14.504047,48.531159],[14.503966,48.531308],[14.503888,48.531491],[14.503431,48.532747],[14.503399,48.532836],[14.503346,48.53298],[14.503311,48.533065],[14.503269,48.533148],[14.503222,48.533225],[14.503164,48.533291],[14.503099,48.533345],[14.503026,48.533397],[14.502795,48.533533],[14.502552,48.533668],[14.502401,48.533745],[14.502227,48.533824],[14.502081,48.533884],[14.501903,48.533954],[14.501686,48.534036],[14.501516,48.534097],[14.501281,48.534171],[14.50115,48.534207],[14.500954,48.534251],[14.500798,48.53428],[14.500614,48.534308],[14.500449,48.534325],[14.500267,48.534332],[14.49986,48.534336],[14.499444,48.534336],[14.498982,48.534338],[14.498679,48.534351],[14.498457,48.534372],[14.498179,48.534406],[14.497786,48.534464],[14.497422,48.534536],[14.497094,48.534623],[14.496729,48.534731],[14.496304,48.534863],[14.495364,48.535156],[14.492635,48.535989],[14.492349,48.536077],[14.491991,48.536193],[14.491771,48.536278],[14.491595,48.536355],[14.491434,48.536441],[14.491245,48.536554],[14.491079,48.536668],[14.490912,48.536788],[14.490858,48.536836],[14.490739,48.536958],[14.490619,48.537097],[14.490508,48.537256],[14.490451,48.537357],[14.490356,48.53756],[14.490308,48.537666],[14.489853,48.538733],[14.489695,48.53911],[14.489523,48.539512],[14.489457,48.539665],[14.48936,48.539861],[14.489269,48.540024],[14.489166,48.540179],[14.489026,48.540363],[14.4889,48.540511],[14.488761,48.540658],[14.488659,48.540754],[14.488525,48.540868],[14.488173,48.541159],[14.487988,48.541322],[14.487855,48.541461],[14.487753,48.541588],[14.48763,48.541772],[14.487536,48.541945],[14.487456,48.542135],[14.487411,48.542295],[14.487384,48.542462],[14.487379,48.542642],[14.487395,48.54287],[14.487441,48.543292],[14.487451,48.543485],[14.487438,48.543633],[14.487411,48.543778],[14.487379,48.543896],[14.487324,48.544056],[14.487231,48.544244],[14.487141,48.544402],[14.487041,48.544554],[14.486979,48.544646],[14.486919,48.544736],[14.486887,48.544783],[14.486095,48.545971],[14.486035,48.546064],[14.485959,48.54619],[14.485842,48.546428],[14.485777,48.546574],[14.485723,48.546753],[14.485688,48.546942],[14.485672,48.547125],[14.48568,48.547313],[14.485724,48.548326],[14.485747,48.548832],[14.485743,48.549017],[14.485722,48.549242],[14.485703,48.549366],[14.485694,48.549426],[14.485645,48.549621],[14.485594,48.549774],[14.485524,48.549982],[14.485455,48.550145],[14.485354,48.550336],[14.485242,48.55053],[14.484867,48.551143],[14.484649,48.551497],[14.484421,48.551866],[14.484277,48.552075],[14.484145,48.552247],[14.484006,48.552411],[14.483878,48.552555],[14.483669,48.552779],[14.483482,48.552963],[14.483301,48.553134],[14.483067,48.553339],[14.482971,48.553417],[14.48273,48.553597],[14.4825,48.553763],[14.482287,48.55391],[14.482113,48.554023],[14.481884,48.554158],[14.481615,48.554312],[14.481348,48.554456],[14.481099,48.554576],[14.48087,48.554682],[14.480584,48.554806],[14.480252,48.554939],[14.479642,48.555157],[14.479166,48.555318],[14.478963,48.555395],[14.478859,48.555439],[14.478774,48.555483],[14.4787,48.555532],[14.478621,48.555601],[14.478585,48.55565],[14.478554,48.5557],[14.478526,48.555762],[14.478511,48.555827],[14.478509,48.555899],[14.478512,48.556024],[14.478533,48.556329],[14.478546,48.55653],[14.478552,48.556614],[14.478574,48.556946],[14.478573,48.557077],[14.478557,48.55716],[14.478529,48.557235],[14.478492,48.5573],[14.478439,48.557384],[14.478352,48.55747],[14.47825,48.557544],[14.478131,48.557609],[14.477735,48.557819],[14.47769,48.557843],[14.477275,48.558057],[14.477137,48.558128],[14.477035,48.558185],[14.476941,48.558252],[14.47688,48.558318],[14.47685,48.558366],[14.476828,48.558417],[14.4768,48.558505],[14.476783,48.558564],[14.476765,48.558623],[14.476691,48.558878],[14.47663,48.55908],[14.476577,48.559251],[14.476542,48.559351],[14.476501,48.55943],[14.476406,48.559533],[14.476264,48.559665],[14.476102,48.559813],[14.475904,48.559975],[14.475836,48.560031],[14.475775,48.560088],[14.47569,48.560178],[14.475524,48.560351],[14.475447,48.560441],[14.475393,48.560511],[14.475313,48.560635],[14.475124,48.560977],[14.475065,48.561083],[14.474035,48.562923],[14.473652,48.563626],[14.473371,48.564175],[14.473242,48.564451],[14.473129,48.564735],[14.473054,48.56495],[14.47298,48.565211],[14.472909,48.565521],[14.472873,48.565726],[14.472834,48.566022],[14.472814,48.566323],[14.472786,48.567102],[14.472769,48.567489],[14.472748,48.567763],[14.472707,48.568051],[14.472655,48.568316],[14.472576,48.568618],[14.472464,48.568965],[14.472393,48.569188],[14.472307,48.569455],[14.472298,48.569485],[14.472195,48.569849],[14.472039,48.570195],[14.471979,48.570301],[14.471888,48.570415],[14.471829,48.570479],[14.471757,48.570542],[14.471679,48.570599],[14.471609,48.570644],[14.47152,48.570691],[14.471378,48.570754],[14.471215,48.570824],[14.471094,48.570883],[14.470996,48.570936],[14.470886,48.570997],[14.470791,48.571056],[14.470693,48.571127],[14.470608,48.571194],[14.470521,48.571277],[14.470451,48.571351],[14.470352,48.57147],[14.470277,48.571576],[14.47022,48.571678],[14.47018,48.571771],[14.470157,48.571856],[14.470145,48.571939],[14.470147,48.572021],[14.470161,48.572119],[14.470186,48.572205],[14.47022,48.572283],[14.47026,48.572352],[14.470317,48.572423],[14.470405,48.572507],[14.47049,48.572572],[14.470588,48.572642],[14.470717,48.572723],[14.470857,48.572801],[14.471068,48.572906],[14.471515,48.573111],[14.471922,48.573318],[14.472243,48.573509],[14.47249,48.573675],[14.472725,48.573848],[14.472931,48.574007],[14.473119,48.574168],[14.473198,48.574241],[14.473272,48.574315],[14.473319,48.574359],[14.473378,48.574421],[14.473427,48.574487],[14.473536,48.574813],[14.473607,48.575151],[14.473651,48.575509],[14.473657,48.575754],[14.473649,48.576049],[14.47362,48.576305],[14.473582,48.576514],[14.473542,48.576699],[14.473493,48.576881],[14.473412,48.577131],[14.473288,48.577456],[14.472858,48.57845],[14.472748,48.578737],[14.472661,48.579021],[14.472576,48.579316],[14.472509,48.579632],[14.472452,48.579994],[14.472416,48.580329],[14.472403,48.580657],[14.472406,48.581051],[14.472438,48.581416],[14.47248,48.581734],[14.472534,48.582018],[14.472611,48.582341],[14.472718,48.582699],[14.472851,48.583059],[14.472972,48.583351],[14.473117,48.583652],[14.473264,48.583922],[14.473366,48.584096],[14.473553,48.584398],[14.473697,48.58463],[14.474008,48.585136],[14.4745,48.585927],[14.474675,48.586226],[14.47482,48.5865],[14.474876,48.586613],[14.474895,48.586656],[14.475004,48.5869],[14.475141,48.587251],[14.475243,48.58755],[14.47539,48.588086],[14.475396,48.588126],[14.475453,48.588482],[14.47549,48.588854],[14.475547,48.589457],[14.475596,48.589934],[14.475646,48.590353],[14.475676,48.590544],[14.475734,48.59083],[14.475808,48.591122],[14.475902,48.591433],[14.476033,48.591786],[14.476136,48.592031],[14.476347,48.592465],[14.476547,48.592819],[14.476718,48.593088],[14.476917,48.593375],[14.477143,48.593671],[14.477371,48.593953],[14.477693,48.594363],[14.478059,48.594827],[14.47825,48.595089],[14.478395,48.595301],[14.478513,48.595481],[14.478723,48.595813],[14.47888,48.596089],[14.479013,48.596359],[14.479113,48.596592],[14.479189,48.596781],[14.479291,48.597047],[14.479389,48.597348],[14.47948,48.597652],[14.47953,48.597861],[14.479581,48.598128],[14.479632,48.598465],[14.479676,48.598855],[14.479708,48.599281],[14.479708,48.599566],[14.479702,48.599874],[14.479683,48.600135],[14.479651,48.600377],[14.47961,48.600618],[14.479538,48.600948],[14.479453,48.601286],[14.479354,48.601623],[14.479225,48.602005],[14.479022,48.602567],[14.478885,48.602919],[14.478779,48.603184],[14.478608,48.603588],[14.478378,48.604093],[14.4781,48.604658],[14.477933,48.604978],[14.477692,48.605416],[14.47734,48.606019],[14.477033,48.606516],[14.476658,48.607098],[14.476136,48.607889],[14.475788,48.608408],[14.475636,48.608635],[14.475537,48.608784],[14.47516,48.609346],[14.474848,48.609816],[14.474255,48.610675],[14.473856,48.611287],[14.47362,48.611666],[14.473478,48.611914],[14.473297,48.612239],[14.473051,48.612715],[14.472838,48.613157],[14.472704,48.613453],[14.472435,48.614101],[14.472246,48.614602],[14.472054,48.615178],[14.471902,48.615677],[14.471811,48.616012],[14.471737,48.616323],[14.471627,48.616808],[14.471558,48.617206],[14.471512,48.617543],[14.47149,48.617894],[14.471481,48.618201],[14.471483,48.618508],[14.4715,48.618843],[14.471521,48.619033],[14.471524,48.619062],[14.471569,48.619347],[14.471627,48.619618],[14.471686,48.619857],[14.471777,48.620173],[14.471839,48.620385],[14.471965,48.620828],[14.472035,48.621119],[14.472099,48.621435],[14.472132,48.621626],[14.472166,48.621892],[14.472192,48.622251],[14.472195,48.622553],[14.472185,48.622869],[14.472168,48.623051],[14.472142,48.623294],[14.472109,48.623508],[14.472062,48.623762],[14.471993,48.624046],[14.471936,48.624249],[14.471866,48.624458],[14.471814,48.624609],[14.471733,48.624821],[14.471624,48.625079],[14.471501,48.625338],[14.471326,48.625663],[14.471175,48.625915],[14.47097,48.626228],[14.470797,48.626465],[14.470586,48.626739],[14.47041,48.626952],[14.470247,48.627134],[14.470025,48.627369],[14.469878,48.627518],[14.469743,48.627648],[14.469461,48.627905],[14.469035,48.628258],[14.468751,48.628477],[14.468519,48.628641],[14.468334,48.628772],[14.468155,48.628891],[14.467748,48.629148],[14.467423,48.629337],[14.467054,48.629538],[14.466722,48.629708],[14.466305,48.629905],[14.465865,48.630102],[14.465412,48.630292],[14.464785,48.63056],[14.464336,48.630759],[14.463803,48.631029],[14.463386,48.631257],[14.463128,48.631408],[14.462785,48.631618],[14.462513,48.631795],[14.462172,48.632037],[14.461872,48.632262],[14.461524,48.632543],[14.461286,48.632754],[14.461005,48.633017],[14.460792,48.63323],[14.46051,48.633537],[14.460296,48.633792],[14.460117,48.634009],[14.460009,48.634152],[14.459871,48.634342],[14.459676,48.634646],[14.459651,48.63469],[14.459362,48.635181],[14.459244,48.635388],[14.459101,48.635618],[14.458952,48.635813],[14.458824,48.635963],[14.458669,48.63612],[14.458478,48.636291],[14.458352,48.63639],[14.458222,48.636481],[14.458206,48.636493],[14.458016,48.63662],[14.457826,48.636737],[14.457748,48.636785],[14.457022,48.637229],[14.45689,48.637313],[14.456508,48.637559],[14.45618,48.637791],[14.455933,48.63798],[14.455638,48.638214],[14.45535,48.638459],[14.455019,48.638764],[14.45474,48.639047],[14.454406,48.639417],[14.454167,48.639708],[14.454032,48.639897],[14.453972,48.639981],[14.453774,48.6403],[14.453662,48.640533],[14.453578,48.640759],[14.453524,48.640992],[14.453508,48.641176],[14.453507,48.641328],[14.453527,48.641502],[14.453577,48.641688],[14.453669,48.641866],[14.453717,48.641938],[14.453806,48.642043],[14.453908,48.642152],[14.453985,48.642239],[14.454176,48.642444],[14.454415,48.642689],[14.454515,48.642807],[14.454605,48.642958],[14.454679,48.643113],[14.454723,48.643238],[14.454736,48.643322],[14.454736,48.643425],[14.454719,48.643539],[14.454631,48.643952],[14.454614,48.644013],[14.454589,48.644061],[14.454556,48.644117],[14.454511,48.644172],[14.454458,48.644233],[14.454191,48.644491],[14.454127,48.644552],[14.454041,48.644636],[14.453968,48.644706],[14.453894,48.644778],[14.453631,48.644936],[14.453324,48.645105],[14.453049,48.645241],[14.45276,48.645415],[14.452476,48.645587],[14.452296,48.645696],[14.451691,48.646049],[14.450628,48.646669],[14.449946,48.647064],[14.449398,48.647549],[14.448833,48.648059],[14.448055,48.648524],[14.446989,48.649182],[14.446183,48.649671],[14.445555,48.650071],[14.444826,48.650597],[14.444117,48.651207],[14.443691,48.651646],[14.443494,48.651876],[14.443309,48.652118],[14.443154,48.652342],[14.443005,48.652574],[14.442863,48.652824],[14.442739,48.653067],[14.442626,48.653313],[14.442552,48.653503],[14.442463,48.65376],[14.442408,48.653946],[14.442347,48.654196],[14.442307,48.654394],[14.442269,48.654653],[14.442247,48.654851],[14.442239,48.655038],[14.442232,48.655235],[14.442235,48.655389],[14.442252,48.655654],[14.442285,48.655914],[14.442328,48.656163],[14.4424,48.656478],[14.44248,48.65674],[14.442551,48.656936],[14.442621,48.657116],[14.442692,48.657288],[14.442787,48.657486],[14.44288,48.657681],[14.44304,48.657991],[14.443173,48.658232],[14.443278,48.658421],[14.443449,48.658726],[14.443575,48.658958],[14.443719,48.659216],[14.443846,48.659451],[14.444042,48.659817],[14.444234,48.660184],[14.444451,48.660614],[14.444612,48.660946],[14.444749,48.661234],[14.444891,48.661542],[14.445001,48.661789],[14.445118,48.662053],[14.445293,48.662466],[14.445399,48.662725],[14.445572,48.663155],[14.445708,48.663512],[14.445811,48.663793],[14.445946,48.66417],[14.446112,48.66467],[14.446228,48.665019],[14.446318,48.665313],[14.446471,48.665829],[14.446563,48.666163],[14.446654,48.666519],[14.446773,48.666988],[14.446867,48.667402],[14.446968,48.66787],[14.447043,48.668249],[14.447128,48.668722],[14.447187,48.66907],[14.447265,48.669604],[14.447347,48.670207],[14.447449,48.671025],[14.447471,48.671206],[14.447526,48.671652],[14.447577,48.672069],[14.447629,48.672457],[14.447695,48.672972],[14.447766,48.673452],[14.448088,48.674329],[14.448232,48.674599],[14.44858,48.675121],[14.449342,48.67609],[14.449883,48.676793],[14.450092,48.677065],[14.450635,48.677855],[14.451195,48.678619],[14.451325,48.678813],[14.451522,48.679096],[14.452037,48.679815],[14.452325,48.68021],[14.4524,48.680305],[14.452499,48.680426],[14.452593,48.680535],[14.452651,48.680593],[14.452721,48.680664],[14.452909,48.680842],[14.453458,48.68133],[14.45517,48.682829],[14.455569,48.683183],[14.456426,48.683943],[14.456672,48.684171],[14.456799,48.684296],[14.456928,48.684436],[14.457135,48.684669],[14.457301,48.684874],[14.457397,48.684997],[14.457543,48.685197],[14.457691,48.685404],[14.457857,48.685645],[14.458006,48.685884],[14.458096,48.686046],[14.458229,48.686287],[14.458564,48.68689],[14.458863,48.687429],[14.459235,48.688097],[14.459342,48.688299],[14.459464,48.688537],[14.459576,48.688782],[14.459929,48.689603],[14.460424,48.690751],[14.460706,48.691367],[14.460845,48.691671],[14.460911,48.691798],[14.460994,48.691938],[14.461085,48.692077],[14.461185,48.692214],[14.46129,48.692346],[14.461406,48.692477],[14.461479,48.692552],[14.461681,48.692758],[14.461931,48.692979],[14.462209,48.69319],[14.462269,48.693234],[14.462516,48.693414],[14.462937,48.693721],[14.463594,48.694185],[14.464382,48.694761],[14.464807,48.695094],[14.465092,48.695336],[14.465402,48.695617],[14.465672,48.695869],[14.465863,48.696061],[14.466071,48.696283],[14.466241,48.696474],[14.466404,48.696661],[14.46659,48.696888],[14.466858,48.697243],[14.467111,48.697617],[14.467324,48.697936],[14.467711,48.698513],[14.467873,48.698768],[14.467964,48.698907],[14.468091,48.699118],[14.468178,48.699272],[14.468249,48.699414],[14.468323,48.699574],[14.468404,48.699767],[14.468471,48.699949],[14.468542,48.700162],[14.468591,48.700341],[14.468641,48.700547],[14.468711,48.700948],[14.468886,48.702058],[14.468936,48.702401],[14.468987,48.702734],[14.469074,48.703326],[14.469151,48.703835],[14.469179,48.703968],[14.469216,48.704125],[14.469258,48.704261],[14.469296,48.704374],[14.469368,48.704579],[14.469431,48.704732],[14.469527,48.704924],[14.469636,48.705123],[14.469734,48.705271],[14.469869,48.705453],[14.470013,48.705626],[14.47023,48.705862],[14.470404,48.706025],[14.470598,48.706197],[14.470805,48.706364],[14.471461,48.706877],[14.471993,48.707302],[14.47512,48.709769],[14.475452,48.710037],[14.476085,48.710556],[14.476221,48.710677],[14.476338,48.710784],[14.476481,48.710926],[14.476525,48.710977],[14.476566,48.711028],[14.476605,48.711088],[14.47665,48.711166],[14.476685,48.711234],[14.476742,48.711351],[14.476839,48.711582],[14.476885,48.711703],[14.476918,48.711812],[14.477007,48.712154],[14.477052,48.712396],[14.477289,48.713638],[14.477794,48.716107],[14.477983,48.716995],[14.478156,48.717723],[14.478261,48.718222],[14.478328,48.718538],[14.478419,48.71899],[14.478508,48.719453],[14.478643,48.720204],[14.478681,48.720392],[14.478711,48.720538],[14.478734,48.720647],[14.47875,48.720726],[14.478851,48.721219],[14.479254,48.723154],[14.479276,48.723278],[14.479407,48.723929],[14.479589,48.724831],[14.479782,48.725802],[14.479899,48.726416],[14.479995,48.726876],[14.480072,48.727253],[14.48017,48.727825],[14.48033,48.727974],[14.480464,48.728037],[14.480546,48.728031],[14.480627,48.728038],[14.480721,48.728061],[14.480802,48.7281],[14.480865,48.728151],[14.480897,48.728195],[14.480915,48.728241],[14.480915,48.728318],[14.480879,48.72839],[14.480837,48.728434],[14.480782,48.728471],[14.480716,48.7285],[14.480643,48.728519],[14.480514,48.728631],[14.480382,48.728818],[14.48039,48.728871],[14.480438,48.729217],[14.480634,48.730573],[14.480651,48.730709],[14.480669,48.73083],[14.480901,48.732644],[14.480944,48.732987],[14.481138,48.734545],[14.481242,48.735378],[14.481378,48.736501],[14.481466,48.737202],[14.481544,48.737661],[14.481599,48.737873],[14.481645,48.738019],[14.48177,48.738351],[14.481991,48.738733],[14.482194,48.739029],[14.482418,48.739287],[14.482799,48.739669],[14.483609,48.740308],[14.48398,48.740605],[14.484591,48.741094],[14.485086,48.741625],[14.485329,48.741911],[14.485603,48.742346],[14.485798,48.742754],[14.485943,48.743172],[14.486028,48.743752],[14.486015,48.744036],[14.485968,48.744398],[14.485821,48.744978],[14.485603,48.74571],[14.485501,48.746058],[14.485384,48.746484],[14.485233,48.747109],[14.485028,48.748027],[14.484901,48.748475],[14.484586,48.749311],[14.484387,48.7497],[14.484269,48.749904],[14.484042,48.750253],[14.48392,48.750437],[14.483805,48.750594],[14.483645,48.750802],[14.483404,48.751073],[14.482901,48.751633],[14.482454,48.752163],[14.482259,48.752431],[14.48209,48.752703],[14.481848,48.753161],[14.481329,48.754143],[14.481043,48.754578],[14.480578,48.755226],[14.479791,48.756305],[14.479419,48.756819],[14.477899,48.758916],[14.475986,48.761524],[14.475613,48.762029],[14.475516,48.762161],[14.475249,48.762522],[14.474973,48.762904],[14.473456,48.764976],[14.472134,48.766762],[14.47199,48.766961],[14.468748,48.77138],[14.468431,48.771816],[14.467881,48.772566],[14.467638,48.772895],[14.467608,48.772935],[14.467456,48.773146],[14.467238,48.773449],[14.467202,48.7735],[14.466979,48.773805],[14.466925,48.773879],[14.466803,48.774048],[14.466685,48.774207],[14.466439,48.774557],[14.466366,48.774653],[14.466297,48.774718],[14.466234,48.774768],[14.466149,48.774817],[14.466069,48.774841],[14.465962,48.774867],[14.4658,48.77488],[14.465564,48.77488],[14.465376,48.774882],[14.465163,48.774884],[14.464918,48.774886],[14.464283,48.774893],[14.464207,48.7749],[14.464165,48.774904],[14.464058,48.774926],[14.46398,48.774956],[14.463906,48.774995],[14.463849,48.775048],[14.463808,48.775106],[14.463775,48.775197],[14.46377,48.775257],[14.463761,48.775377],[14.463758,48.775413],[14.463762,48.775449],[14.463772,48.775484],[14.463788,48.775518],[14.46381,48.775549],[14.463838,48.77558],[14.463774,48.775599],[14.463708,48.775613],[14.463635,48.775621],[14.463555,48.775621],[14.46349,48.775615],[14.463139,48.775586],[14.462854,48.775561],[14.462098,48.775488],[14.461871,48.775472],[14.461679,48.775461],[14.461267,48.775449],[14.459935,48.775479],[14.458937,48.775514],[14.458149,48.775557],[14.457707,48.77559],[14.457674,48.775593],[14.455953,48.775735],[14.454521,48.775838],[14.454317,48.775889],[14.454312,48.77589],[14.454221,48.775918],[14.454155,48.775945],[14.454119,48.775964],[14.454088,48.775987],[14.454062,48.776017],[14.454046,48.77605],[14.454011,48.77611],[14.453964,48.776167],[14.453904,48.776218],[14.453858,48.776264],[14.453818,48.776312],[14.453788,48.776361],[14.453718,48.776503],[14.453652,48.776637],[14.453601,48.776728],[14.453546,48.776818],[14.453466,48.776935],[14.453378,48.777049],[14.453208,48.777264],[14.453086,48.777428],[14.452964,48.777588],[14.452871,48.777725],[14.45279,48.77785],[14.45272,48.777961],[14.452653,48.778079],[14.45258,48.778216],[14.452527,48.77831],[14.452166,48.778924],[14.451343,48.780768],[14.451108,48.781291],[14.450261,48.783171],[14.44992,48.78389],[14.44968,48.784381],[14.449437,48.784864],[14.449241,48.785249],[14.449038,48.785637],[14.448832,48.786017],[14.448503,48.786601],[14.448182,48.787169],[14.447739,48.787911],[14.447509,48.788283],[14.447274,48.788657],[14.447038,48.789029],[14.446795,48.7894],[14.446568,48.789746],[14.446301,48.790147],[14.446103,48.790442],[14.4459,48.790741],[14.445432,48.791424],[14.444969,48.792096],[14.444481,48.7928],[14.444188,48.793215],[14.441478,48.797129],[14.43839,48.80159],[14.437801,48.802439],[14.437288,48.803189],[14.436856,48.80381],[14.43641,48.804454],[14.435757,48.805397],[14.435196,48.806208],[14.434597,48.80707],[14.434005,48.807942],[14.433417,48.808825],[14.43285,48.809721],[14.432485,48.810323],[14.432134,48.810926],[14.431772,48.811583],[14.431399,48.812297],[14.431126,48.812855],[14.430864,48.81342],[14.43073,48.81372],[14.430575,48.814066],[14.430304,48.814711],[14.430194,48.814988],[14.430087,48.815266],[14.429982,48.815544],[14.42988,48.815824],[14.429681,48.816388],[14.429571,48.816716],[14.429468,48.817042],[14.429284,48.817653],[14.429115,48.818264],[14.428901,48.819115],[14.428818,48.819491],[14.428735,48.819874],[14.428595,48.820594],[14.428468,48.821315],[14.428361,48.82198],[14.42826,48.822645],[14.428062,48.824027],[14.427958,48.82478],[14.427821,48.825754],[14.427698,48.826629],[14.427618,48.827198],[14.427503,48.828012],[14.427369,48.828966],[14.427117,48.830753],[14.42703,48.831396],[14.426944,48.832036],[14.426875,48.832613],[14.426812,48.833209],[14.426769,48.833683],[14.426733,48.834157],[14.426715,48.8345],[14.426704,48.834849],[14.426694,48.835381],[14.426695,48.835785],[14.426703,48.836187],[14.426722,48.836599],[14.426745,48.837004],[14.426806,48.837688],[14.426851,48.838077],[14.426902,48.838459],[14.427008,48.839117],[14.427123,48.839725],[14.427232,48.840222],[14.427388,48.840866],[14.427561,48.841489],[14.427758,48.842119],[14.427949,48.842678],[14.428148,48.843217],[14.428306,48.843613],[14.428564,48.844218],[14.428666,48.844455],[14.428901,48.844952],[14.429409,48.845968],[14.429949,48.846921],[14.430134,48.847218],[14.431104,48.848695],[14.4319,48.849772],[14.432422,48.850421],[14.432902,48.850979],[14.433954,48.852154],[14.435095,48.85329],[14.436043,48.854234],[14.437983,48.856101],[14.438322,48.856416],[14.440799,48.858872],[14.441632,48.859808],[14.441973,48.860213],[14.443899,48.862492],[14.445383,48.864401],[14.446703,48.866014],[14.447601,48.867095],[14.448508,48.86811],[14.449312,48.868967],[14.450113,48.869793],[14.450487,48.870147],[14.450987,48.870599],[14.451918,48.871456],[14.45259,48.87203],[14.453586,48.872846],[14.454606,48.873666],[14.455175,48.874132],[14.45555,48.874438],[14.457205,48.875757],[14.457656,48.876127],[14.457892,48.87633],[14.458399,48.876754],[14.459317,48.877552],[14.459687,48.87788],[14.460885,48.878975],[14.461557,48.87965],[14.462223,48.880355],[14.462985,48.881183],[14.463544,48.881818],[14.464509,48.882984],[14.46499,48.883603],[14.465422,48.884227],[14.465772,48.884714],[14.466312,48.885512],[14.466821,48.886304],[14.46775,48.887935],[14.468189,48.888797],[14.468629,48.889722],[14.46908,48.89082],[14.46935,48.891501],[14.469525,48.891975],[14.469693,48.892462],[14.469848,48.892953],[14.469992,48.893434],[14.47013,48.893921],[14.47026,48.89442],[14.470375,48.894905],[14.470485,48.895391],[14.47067,48.896355],[14.470834,48.897421],[14.470962,48.898683],[14.471059,48.900115],[14.471056,48.901014],[14.471051,48.901489],[14.471006,48.902405],[14.470912,48.903587],[14.470821,48.904594],[14.470454,48.907598],[14.470262,48.909484],[14.470271,48.910245],[14.470326,48.910902],[14.470711,48.913063],[14.471107,48.914302],[14.471558,48.915475],[14.471825,48.916021],[14.47211,48.916531],[14.472672,48.917474],[14.473147,48.918193],[14.473823,48.919094],[14.474053,48.919362],[14.474954,48.920381],[14.475544,48.920948],[14.476159,48.921534],[14.476958,48.922224],[14.477823,48.922873],[14.478643,48.923454],[14.479515,48.924035],[14.479941,48.924297],[14.48088,48.924837],[14.481855,48.925377],[14.482327,48.92563],[14.483666,48.926329],[14.484698,48.926863],[14.486861,48.927984],[14.487926,48.928576],[14.488993,48.929225],[14.489769,48.929706],[14.490582,48.930248],[14.490971,48.930527],[14.491355,48.93081],[14.491733,48.931097],[14.492105,48.931387],[14.492471,48.931681],[14.49272,48.931889],[14.493265,48.932357],[14.493654,48.932705],[14.494126,48.933143],[14.494559,48.933557],[14.494969,48.933975],[14.495317,48.93434],[14.495638,48.93468],[14.497205,48.936426],[14.498116,48.937485],[14.498185,48.937565],[14.498999,48.938489],[14.500049,48.939602],[14.501278,48.94082],[14.502444,48.941907],[14.502689,48.942146],[14.503576,48.942951],[14.504985,48.944216],[14.505663,48.944837],[14.50606,48.945228],[14.506489,48.945673],[14.507028,48.946354],[14.507513,48.947036],[14.507964,48.947842],[14.508254,48.948531],[14.508479,48.949199],[14.508663,48.950043],[14.508728,48.950641],[14.508761,48.951123],[14.508734,48.951895],[14.508613,48.952849],[14.508562,48.953519],[14.508551,48.954222],[14.508561,48.954438],[14.508587,48.954732],[14.508616,48.954946],[14.508677,48.95531],[14.50875,48.955595],[14.508815,48.955848],[14.508936,48.956174],[14.509179,48.956708],[14.509361,48.957077],[14.509696,48.957598],[14.510069,48.958066],[14.510509,48.95854],[14.510886,48.958904],[14.511003,48.959017],[14.511708,48.959616],[14.512038,48.959896],[14.512804,48.960527],[14.513162,48.960844],[14.513625,48.961283],[14.513959,48.961627],[14.514228,48.961926],[14.514477,48.962227],[14.514764,48.962602],[14.515211,48.963271],[14.515425,48.963645],[14.515694,48.96418],[14.515921,48.964732],[14.516108,48.965284],[14.516252,48.965838],[14.51637,48.966417],[14.516462,48.966955],[14.516647,48.968068],[14.516739,48.968564],[14.516862,48.969125],[14.516965,48.969514],[14.517201,48.970248],[14.517237,48.970354],[14.51728,48.970478],[14.517444,48.970883],[14.517643,48.971334],[14.517965,48.972016],[14.518449,48.972786],[14.518955,48.973534],[14.519533,48.97427],[14.520012,48.974833],[14.521027,48.976024],[14.521737,48.976953],[14.522231,48.977786],[14.522622,48.97859],[14.522853,48.979178],[14.52303,48.979809],[14.52313,48.980275],[14.5232,48.980746],[14.523219,48.980908],[14.523245,48.981465],[14.523239,48.981844],[14.52322,48.9822],[14.523183,48.982537],[14.523073,48.983172],[14.522915,48.983852],[14.522866,48.983995],[14.52233,48.985586],[14.522104,48.986282],[14.521802,48.987191],[14.521075,48.989328],[14.520228,48.991892],[14.519729,48.993326],[14.519336,48.994363],[14.519132,48.994861],[14.518929,48.995359],[14.518647,48.995993],[14.518567,48.99619],[14.518126,48.997257],[14.518076,48.997377],[14.51766,48.99835],[14.517327,48.999305],[14.517081,49.000037],[14.516783,49.001041],[14.516695,49.001464],[14.516617,49.001903],[14.516518,49.00248],[14.516447,49.003018],[14.516388,49.003619],[14.516378,49.004281],[14.516386,49.004864],[14.516529,49.007015],[14.516541,49.00722],[14.516662,49.008443],[14.516702,49.008951],[14.516788,49.009962],[14.516872,49.010977],[14.516904,49.01153],[14.516905,49.012084],[14.516906,49.012252],[14.516884,49.012702],[14.516849,49.013109],[14.51677,49.013651],[14.516634,49.014306],[14.516497,49.014818],[14.516354,49.015288],[14.516075,49.016032],[14.515723,49.016781],[14.515524,49.017161],[14.515219,49.017674],[14.514897,49.018171],[14.514494,49.018725],[14.514056,49.019269],[14.513556,49.01984],[14.513034,49.020411],[14.512489,49.020986],[14.511978,49.021528],[14.511467,49.0221],[14.511035,49.022627],[14.510636,49.023168],[14.510523,49.023332],[14.510261,49.023739],[14.510027,49.024143],[14.509778,49.024621],[14.509549,49.025129],[14.509367,49.025589],[14.50922,49.026024],[14.509086,49.026521],[14.509004,49.026872],[14.508928,49.027261],[14.508866,49.027623],[14.508825,49.027958],[14.508806,49.028152],[14.508786,49.028796],[14.508804,49.029281],[14.508856,49.029776],[14.508891,49.030105],[14.508953,49.030456],[14.509037,49.030858],[14.50913,49.031192],[14.509318,49.031785],[14.509536,49.032368],[14.509786,49.032957],[14.510051,49.033563],[14.510672,49.034935],[14.511298,49.036299],[14.512321,49.038407],[14.512565,49.038878],[14.512879,49.039499],[14.51341,49.040499],[14.513569,49.04079],[14.514538,49.04261],[14.515507,49.044488],[14.516425,49.046483],[14.517264,49.048563],[14.517778,49.050038],[14.518091,49.051064],[14.518425,49.052211],[14.518677,49.053038],[14.518856,49.053681],[14.518927,49.053914],[14.519127,49.054513],[14.519405,49.055238],[14.519657,49.055812],[14.519978,49.056445],[14.520272,49.056967],[14.520567,49.05747],[14.520903,49.057954],[14.521368,49.058601],[14.521897,49.059215],[14.5229,49.060343],[14.523503,49.060923],[14.524159,49.061497],[14.524832,49.062055],[14.52551,49.06256],[14.526043,49.06294],[14.526565,49.063294],[14.527638,49.064008],[14.528286,49.064438],[14.53023,49.065764],[14.531645,49.06679],[14.533012,49.067824],[14.534696,49.069105],[14.535876,49.070002],[14.536727,49.070649],[14.537901,49.071541],[14.539915,49.073081],[14.541391,49.074187],[14.542382,49.074875],[14.543093,49.07534],[14.543824,49.075784],[14.544767,49.076319],[14.545153,49.076535],[14.546222,49.077111],[14.547431,49.077761],[14.548698,49.078458],[14.549332,49.078842],[14.549966,49.07924],[14.550493,49.079592],[14.550992,49.079937],[14.551429,49.080263],[14.551825,49.080582],[14.552493,49.081136],[14.552903,49.0815],[14.5533,49.081875],[14.553815,49.082381],[14.554205,49.0828],[14.554604,49.083247],[14.554849,49.083542],[14.555095,49.08385],[14.555405,49.084259],[14.555679,49.084667],[14.556186,49.085444],[14.556407,49.08583],[14.556608,49.08621],[14.556906,49.086779],[14.557163,49.087351],[14.55751,49.088402],[14.557772,49.08933],[14.558134,49.090975],[14.558302,49.092005],[14.558607,49.093596],[14.55904,49.095942],[14.559316,49.097413],[14.559613,49.098805],[14.559893,49.099791],[14.559968,49.100004],[14.560189,49.100617],[14.560399,49.101135],[14.560677,49.10169],[14.561024,49.102329],[14.561339,49.102836],[14.561739,49.103443],[14.562502,49.104422],[14.562978,49.104966],[14.563486,49.105514],[14.564373,49.106357],[14.564948,49.106853],[14.565519,49.107307],[14.566085,49.107737],[14.566633,49.108118],[14.56734,49.108574],[14.567948,49.108941],[14.568718,49.109367],[14.569528,49.109781],[14.570431,49.110228],[14.5716,49.110737],[14.572497,49.111079],[14.57329,49.111364],[14.574134,49.111638],[14.574721,49.111813],[14.575337,49.111989],[14.576022,49.112161],[14.576704,49.112322],[14.577401,49.112476],[14.578141,49.11262],[14.578709,49.112721],[14.579305,49.112819],[14.580384,49.112987],[14.583026,49.113359],[14.583852,49.113493],[14.584713,49.113645],[14.585519,49.113814],[14.586252,49.113985],[14.587211,49.114244],[14.588049,49.1145],[14.588943,49.114819],[14.58979,49.115132],[14.59038,49.115389],[14.591134,49.115737],[14.591871,49.116104],[14.592526,49.116478],[14.593151,49.116854],[14.593838,49.117292],[14.594506,49.117735],[14.595314,49.118295],[14.596331,49.119013],[14.597898,49.12016],[14.600023,49.121785],[14.601247,49.122766],[14.602464,49.123765],[14.603987,49.125057],[14.60529,49.126218],[14.605931,49.12681],[14.607657,49.128438],[14.608276,49.129054],[14.609606,49.130408],[14.611304,49.132149],[14.613165,49.134112],[14.614809,49.13582],[14.618077,49.139242],[14.620607,49.141886],[14.620996,49.14229],[14.622949,49.144309],[14.624364,49.145782],[14.625561,49.147039],[14.626777,49.148273],[14.627582,49.149063],[14.628448,49.149849],[14.629581,49.150832],[14.630793,49.151805],[14.631594,49.15241],[14.632432,49.15302],[14.633296,49.153609],[14.634187,49.154201],[14.635513,49.155051],[14.636994,49.155966],[14.638624,49.156948],[14.63955,49.157481],[14.640468,49.157992],[14.641323,49.158453],[14.642229,49.158903],[14.643149,49.159361],[14.644114,49.159812],[14.645049,49.160232],[14.646122,49.160695],[14.647264,49.161157],[14.648434,49.161616],[14.649645,49.162048],[14.652012,49.162853],[14.653372,49.163306],[14.654771,49.16377],[14.657371,49.164637],[14.659975,49.165499],[14.6649,49.167132],[14.668444,49.168315],[14.669103,49.168542],[14.66969,49.168761],[14.670624,49.169145],[14.671463,49.169526],[14.672324,49.169962],[14.673371,49.170566],[14.674212,49.171108],[14.674979,49.171663],[14.675394,49.172006],[14.67583,49.172374],[14.676946,49.173458],[14.67769,49.174341],[14.678019,49.174793],[14.678395,49.175352],[14.678607,49.175731],[14.678832,49.176127],[14.679145,49.176805],[14.679449,49.177556],[14.679742,49.178305],[14.680155,49.179395],[14.681052,49.181788],[14.681919,49.184046],[14.682413,49.185267],[14.682611,49.185756],[14.682833,49.186218],[14.683179,49.18687],[14.683574,49.187488],[14.683944,49.187982],[14.684325,49.188475],[14.684979,49.189208],[14.685407,49.189638],[14.68587,49.190049],[14.686161,49.190297],[14.686541,49.190609],[14.687024,49.19098],[14.687626,49.191406],[14.688391,49.191889],[14.689275,49.192402],[14.690216,49.192874],[14.691232,49.193355],[14.69279,49.194054],[14.69411,49.194653],[14.694603,49.194897],[14.695079,49.195139],[14.696111,49.195705],[14.696844,49.196139],[14.697416,49.196489],[14.697734,49.196701],[14.698244,49.197052],[14.698574,49.197291],[14.698975,49.197588],[14.699521,49.198018],[14.700006,49.198423],[14.700433,49.1988],[14.700769,49.199108],[14.701563,49.199857],[14.702669,49.20092],[14.703387,49.201633],[14.704233,49.202425],[14.704373,49.202549],[14.705,49.203101],[14.705634,49.203625],[14.706488,49.204279],[14.706752,49.204471],[14.70702,49.204662],[14.708323,49.205553],[14.709391,49.206252],[14.710623,49.207042],[14.711525,49.207608],[14.713284,49.208751],[14.714856,49.209786],[14.716042,49.210541],[14.718493,49.212132],[14.719247,49.212618],[14.719746,49.212949],[14.720172,49.213262],[14.720914,49.213796],[14.721312,49.214108],[14.721603,49.214343],[14.721887,49.21458],[14.722318,49.214957],[14.722735,49.215339],[14.723257,49.21584],[14.723691,49.216287],[14.724074,49.216709],[14.724639,49.21737],[14.724977,49.217799],[14.725306,49.218247],[14.725552,49.218595],[14.725798,49.218963],[14.72617,49.219593],[14.726532,49.220206],[14.726772,49.220686],[14.726989,49.221146],[14.727216,49.221684],[14.727339,49.222002],[14.727441,49.222308],[14.727578,49.2227],[14.72772,49.223188],[14.727866,49.223779],[14.727944,49.22415],[14.728008,49.224485],[14.728104,49.225118],[14.728162,49.22572],[14.72819,49.226101],[14.7282,49.226715],[14.728188,49.227362],[14.728157,49.227851],[14.728061,49.228988],[14.728019,49.229445],[14.728011,49.229532],[14.727941,49.230317],[14.727819,49.231666],[14.727636,49.233667],[14.727578,49.234438],[14.727539,49.235095],[14.727518,49.235503],[14.727515,49.235746],[14.727504,49.236353],[14.72752,49.237022],[14.727556,49.237704],[14.727609,49.238349],[14.727656,49.238767],[14.727717,49.239185],[14.727794,49.239675],[14.727848,49.239961],[14.72798,49.240669],[14.728205,49.241589],[14.728354,49.242167],[14.728516,49.242685],[14.728748,49.243379],[14.728996,49.244038],[14.72929,49.244764],[14.729632,49.245527],[14.730028,49.246323],[14.73009,49.246445],[14.730179,49.246614],[14.73033,49.246892],[14.730646,49.247458],[14.731066,49.248155],[14.731527,49.248891],[14.732007,49.249622],[14.732441,49.250284],[14.732877,49.250921],[14.734179,49.252873],[14.734584,49.253487],[14.73495,49.254084],[14.735314,49.254727],[14.735586,49.255245],[14.735845,49.255811],[14.736067,49.256354],[14.736337,49.257124],[14.736455,49.257528],[14.736554,49.257907],[14.736651,49.258341],[14.73675,49.258865],[14.736822,49.259375],[14.736876,49.259942],[14.736898,49.260354],[14.736903,49.260774],[14.73689,49.261483],[14.7368,49.262522],[14.736729,49.263327],[14.736716,49.263467],[14.736617,49.264539],[14.736586,49.264889],[14.736573,49.265029],[14.736546,49.265375],[14.736512,49.266094],[14.736492,49.266835],[14.736512,49.267574],[14.736551,49.26852],[14.736642,49.270076],[14.736673,49.270585],[14.736722,49.271302],[14.736817,49.272658],[14.736888,49.2738],[14.736997,49.275501],[14.737087,49.276915],[14.737116,49.27786],[14.737111,49.278453],[14.737085,49.278893],[14.736942,49.280103],[14.736853,49.280586],[14.736754,49.281148],[14.73662,49.281708],[14.736485,49.282213],[14.736357,49.282683],[14.735893,49.284117],[14.735464,49.285452],[14.73519,49.286397],[14.734999,49.287148],[14.73491,49.287687],[14.734833,49.28815],[14.734774,49.2886],[14.734706,49.28942],[14.734687,49.289941],[14.734681,49.290457],[14.734712,49.291196],[14.734766,49.291865],[14.734858,49.292566],[14.734978,49.293229],[14.735128,49.293911],[14.735362,49.294769],[14.735693,49.295922],[14.735788,49.296311],[14.735999,49.296988],[14.736319,49.298085],[14.736962,49.300311],[14.737286,49.301423],[14.737663,49.302725],[14.737968,49.303791],[14.738143,49.304437],[14.738468,49.305696],[14.738611,49.30634],[14.738743,49.307012],[14.738787,49.307271],[14.738877,49.307817],[14.738954,49.308453],[14.739007,49.309013],[14.73905,49.309582],[14.739074,49.31023],[14.73908,49.310749],[14.73907,49.311346],[14.739044,49.312042],[14.739013,49.312468],[14.738999,49.312624],[14.738935,49.313297],[14.738853,49.313952],[14.738792,49.31439],[14.738685,49.315148],[14.73861,49.315635],[14.738511,49.316272],[14.738404,49.316927],[14.738312,49.317525],[14.738221,49.318107],[14.738116,49.318772],[14.738003,49.319501],[14.737904,49.320168],[14.737789,49.320913],[14.737703,49.321472],[14.737575,49.322339],[14.737482,49.323047],[14.73737,49.32403],[14.737321,49.324648],[14.737294,49.325133],[14.737274,49.326137],[14.737295,49.326891],[14.737329,49.327551],[14.737354,49.327877],[14.737403,49.328358],[14.737454,49.32883],[14.73753,49.329417],[14.737706,49.330655],[14.737882,49.331924],[14.737958,49.332701],[14.737986,49.333167],[14.737988,49.333699],[14.737975,49.334072],[14.737947,49.334452],[14.737896,49.334842],[14.737836,49.335266],[14.737732,49.335782],[14.737658,49.33609],[14.737582,49.336376],[14.737482,49.336715],[14.73737,49.337047],[14.73725,49.33737],[14.737119,49.337691],[14.736989,49.337992],[14.736859,49.338271],[14.736684,49.338638],[14.736517,49.338933],[14.736296,49.33932],[14.736079,49.339656],[14.735782,49.340099],[14.735459,49.34054],[14.735155,49.340924],[14.734882,49.341252],[14.734423,49.341768],[14.733912,49.342312],[14.733499,49.342738],[14.73306,49.34318],[14.732661,49.343589],[14.732307,49.343953],[14.731912,49.344366],[14.731447,49.344859],[14.731049,49.345294],[14.730727,49.345657],[14.730436,49.346002],[14.73014,49.346355],[14.729762,49.346829],[14.72949,49.34718],[14.729229,49.347531],[14.72893,49.347943],[14.728573,49.348457],[14.728057,49.349252],[14.727581,49.350042],[14.727243,49.350634],[14.726902,49.351303],[14.726567,49.351986],[14.726287,49.352606],[14.726088,49.353078],[14.725903,49.353534],[14.725776,49.353889],[14.725613,49.354363],[14.725438,49.354879],[14.725293,49.355365],[14.725147,49.355891],[14.725025,49.356419],[14.724972,49.356655],[14.724824,49.357367],[14.724725,49.357951],[14.724679,49.358243],[14.724593,49.358841],[14.72444,49.360026],[14.724374,49.360553],[14.724276,49.361273],[14.724198,49.36182],[14.7241,49.362347],[14.723952,49.362989],[14.723853,49.363346],[14.723721,49.363763],[14.72362,49.364059],[14.723457,49.364467],[14.723214,49.365014],[14.722956,49.365525],[14.722766,49.365875],[14.722558,49.366231],[14.722254,49.366736],[14.721905,49.367259],[14.721576,49.367756],[14.72132,49.368149],[14.721073,49.368541],[14.72088,49.368865],[14.720706,49.369187],[14.720524,49.369569],[14.720404,49.369869],[14.7203,49.370168],[14.720203,49.370495],[14.720141,49.370742],[14.720092,49.370997],[14.720046,49.371326],[14.720018,49.371568],[14.720007,49.37181],[14.720004,49.372096],[14.720012,49.372375],[14.720046,49.37274],[14.720095,49.373054],[14.720193,49.373512],[14.720241,49.373685],[14.720271,49.373778],[14.720394,49.374145],[14.72053,49.374481],[14.72066,49.374766],[14.720838,49.375095],[14.721081,49.375499],[14.721378,49.375934],[14.72168,49.376322],[14.722083,49.376791],[14.72225,49.376986],[14.722838,49.37763],[14.723343,49.378199],[14.723829,49.378779],[14.724053,49.379058],[14.724259,49.379335],[14.724525,49.379711],[14.724767,49.380087],[14.724981,49.380444],[14.725176,49.3808],[14.725288,49.381028],[14.725402,49.381265],[14.72551,49.381504],[14.725611,49.381744],[14.725705,49.381985],[14.725792,49.382227],[14.725907,49.382568],[14.726013,49.382908],[14.726172,49.383527],[14.726262,49.383924],[14.726339,49.384317],[14.72642,49.384823],[14.726485,49.38532],[14.726543,49.385813],[14.726573,49.386218],[14.726603,49.386753],[14.726614,49.387394],[14.726611,49.387902],[14.726589,49.388483],[14.726557,49.388896],[14.726527,49.389326],[14.726488,49.389659],[14.726453,49.389988],[14.726372,49.39053],[14.726289,49.391011],[14.726207,49.39144],[14.72608,49.391996],[14.72598,49.392427],[14.72588,49.392802],[14.725789,49.393129],[14.725688,49.39346],[14.725545,49.393904],[14.725384,49.394357],[14.725173,49.394883],[14.724939,49.395402],[14.724607,49.396064],[14.724381,49.396461],[14.724116,49.396917],[14.723695,49.397563],[14.72322,49.398267],[14.72284,49.398811],[14.722415,49.399402],[14.722022,49.399954],[14.721595,49.400557],[14.721451,49.400764],[14.721195,49.401128],[14.720805,49.401671],[14.72043,49.402199],[14.719946,49.402882],[14.719248,49.403862],[14.718708,49.40463],[14.717752,49.405968],[14.717474,49.406351],[14.7173,49.406581],[14.716751,49.407338],[14.716323,49.40786],[14.715897,49.408358],[14.715482,49.408832],[14.715128,49.409232],[14.71459,49.409779],[14.71398,49.410392],[14.712817,49.41152],[14.711621,49.412649],[14.711239,49.413013],[14.710492,49.413739],[14.709185,49.415038],[14.708399,49.415855],[14.707672,49.416649],[14.706938,49.417484],[14.706235,49.418319],[14.705554,49.419181],[14.704901,49.420041],[14.703986,49.421292],[14.703411,49.422108],[14.701585,49.424677],[14.700678,49.42596],[14.699728,49.427321],[14.699406,49.427773],[14.698359,49.429261],[14.697908,49.429942],[14.697685,49.430247],[14.697103,49.43104],[14.695662,49.433062],[14.6953,49.43356],[14.695088,49.433827],[14.694851,49.434094],[14.694536,49.434427],[14.694203,49.434745],[14.693469,49.435364],[14.693091,49.435662],[14.692732,49.435924],[14.692311,49.436211],[14.6919,49.436467],[14.691423,49.436751],[14.690977,49.436997],[14.690455,49.437257],[14.689953,49.437494],[14.689711,49.437598],[14.689247,49.437794],[14.688541,49.438074],[14.687647,49.438395],[14.686048,49.438975],[14.684188,49.439648],[14.680705,49.4409],[14.679383,49.441378],[14.678091,49.441857],[14.676939,49.442333],[14.676336,49.442619],[14.675759,49.44291],[14.675167,49.44324],[14.674611,49.443585],[14.673844,49.444106],[14.673179,49.444639],[14.672713,49.445054],[14.672223,49.445536],[14.67157,49.446272],[14.6712,49.446769],[14.670935,49.447192],[14.67061,49.447737],[14.670355,49.448239],[14.670108,49.448756],[14.669758,49.449626],[14.669227,49.451116],[14.667666,49.455587],[14.666829,49.458023],[14.666085,49.460053],[14.665878,49.460574],[14.665647,49.461115],[14.665426,49.461607],[14.665189,49.462107],[14.664338,49.463741],[14.66342,49.465347],[14.663059,49.465958],[14.662431,49.467021],[14.661575,49.468557],[14.661316,49.469071],[14.661008,49.469767],[14.660832,49.470187],[14.660645,49.47075],[14.660485,49.471286],[14.660318,49.471985],[14.660167,49.472843],[14.660075,49.473704],[14.660042,49.474506],[14.660076,49.47538],[14.660111,49.475826],[14.660158,49.476312],[14.660285,49.477424],[14.660386,49.478289],[14.660502,49.479472],[14.660558,49.480306],[14.660575,49.481152],[14.660566,49.481983],[14.660538,49.482633],[14.660481,49.483353],[14.660421,49.483917],[14.660319,49.484711],[14.660194,49.485457],[14.660115,49.485875],[14.659973,49.486494],[14.65993,49.486686],[14.659271,49.489243],[14.65895,49.490499],[14.658804,49.491194],[14.658703,49.491845],[14.658634,49.492581],[14.658607,49.493296],[14.658637,49.494124],[14.658677,49.494567],[14.65873,49.494978],[14.658855,49.495668],[14.658942,49.496055],[14.659041,49.49645],[14.659231,49.497077],[14.659475,49.497756],[14.659731,49.498364],[14.660017,49.498948],[14.660256,49.499405],[14.660497,49.499887],[14.661067,49.500752],[14.664035,49.504489],[14.664284,49.504802],[14.665204,49.505997],[14.665645,49.506587],[14.665956,49.507024],[14.66728,49.508953],[14.667897,49.50994],[14.668224,49.510471],[14.668533,49.511011],[14.669205,49.512223],[14.669552,49.512911],[14.66986,49.513573],[14.670057,49.514048],[14.670242,49.514516],[14.670533,49.515456],[14.670638,49.515942],[14.670718,49.516404],[14.670786,49.516946],[14.67081,49.517412],[14.670811,49.518065],[14.670765,49.518657],[14.670702,49.5191],[14.670607,49.519581],[14.670529,49.519948],[14.670356,49.52055],[14.670183,49.521018],[14.669967,49.521545],[14.669706,49.522069],[14.66935,49.522706],[14.668922,49.523364],[14.668475,49.523998],[14.668029,49.524607],[14.667882,49.524803],[14.666964,49.52606],[14.666488,49.52678],[14.66629,49.527097],[14.666102,49.527413],[14.665721,49.528112],[14.665415,49.528778],[14.665105,49.529544],[14.664939,49.530038],[14.664796,49.530555],[14.664693,49.530936],[14.664569,49.531519],[14.664467,49.532152],[14.664414,49.532661],[14.664378,49.533172],[14.664375,49.53396],[14.664394,49.534389],[14.664422,49.534803],[14.664462,49.535143],[14.664615,49.536051],[14.66471,49.536527],[14.664812,49.536952],[14.664985,49.537597],[14.665239,49.538527],[14.66536,49.539002],[14.665473,49.539472],[14.665539,49.539806],[14.665608,49.540213],[14.665637,49.540433],[14.665655,49.540623],[14.665679,49.54093],[14.665682,49.54108],[14.665687,49.541265],[14.665691,49.541436],[14.665687,49.541595],[14.665683,49.541751],[14.665676,49.541886],[14.665623,49.542169],[14.665492,49.542628],[14.665415,49.54291],[14.665286,49.54341],[14.665145,49.543958],[14.665031,49.544303],[14.66493,49.544594],[14.664865,49.544776],[14.664808,49.544945],[14.664702,49.545273],[14.664645,49.545466],[14.664601,49.545619],[14.664569,49.545747],[14.664549,49.545846],[14.664528,49.545956],[14.664507,49.546071],[14.664487,49.546215],[14.664463,49.546431],[14.664449,49.546827],[14.664449,49.54696],[14.664456,49.547081],[14.664473,49.547251],[14.664511,49.547529],[14.664684,49.548134],[14.665137,49.549738],[14.665337,49.550443],[14.665601,49.551356],[14.665691,49.551666],[14.665751,49.551878],[14.665923,49.552471],[14.666174,49.553339],[14.666238,49.553559],[14.666275,49.55371],[14.666295,49.553816],[14.666309,49.553926],[14.666319,49.554042],[14.666323,49.554133],[14.666324,49.554312],[14.666321,49.554409],[14.666314,49.554568],[14.6663,49.554704],[14.666281,49.554812],[14.66626,49.554892],[14.666225,49.555006],[14.66619,49.555088],[14.666123,49.555229],[14.666059,49.555347],[14.665983,49.555465],[14.665931,49.555548],[14.665837,49.555677],[14.66569,49.555856],[14.665566,49.556003],[14.665426,49.556163],[14.665199,49.556414],[14.664014,49.557708],[14.663421,49.558356],[14.66311,49.558714],[14.66298,49.558874],[14.662878,49.559009],[14.662775,49.559162],[14.662679,49.559322],[14.662598,49.559478],[14.66253,49.559624],[14.66247,49.559779],[14.662426,49.559933],[14.662385,49.560091],[14.66234,49.560311],[14.662289,49.56062],[14.662126,49.561613],[14.661862,49.563205],[14.661728,49.563854],[14.661654,49.564245],[14.661612,49.564466],[14.661588,49.56457],[14.661558,49.564667],[14.661525,49.564758],[14.661485,49.564851],[14.661432,49.564962],[14.661131,49.565552],[14.660592,49.566603],[14.660531,49.566723],[14.660471,49.566839],[14.660308,49.567155],[14.660183,49.567421],[14.660027,49.567779],[14.659813,49.568294],[14.65978,49.568379],[14.65965,49.568757],[14.659614,49.568845],[14.65946,49.569226],[14.659312,49.569572],[14.659271,49.569656],[14.65924,49.569729],[14.659193,49.569814],[14.659162,49.569866],[14.659116,49.569935],[14.659057,49.570018],[14.658907,49.570216],[14.658851,49.57029],[14.658785,49.570386],[14.658748,49.570448],[14.65871,49.570521],[14.658682,49.570587],[14.658632,49.570709],[14.658579,49.57086],[14.658543,49.570978],[14.65853,49.571038],[14.658517,49.571107],[14.658512,49.571182],[14.658515,49.571245],[14.658517,49.571319],[14.658526,49.57142],[14.658536,49.571494],[14.658552,49.571569],[14.65858,49.571672],[14.658595,49.571715],[14.658617,49.571781],[14.658641,49.571842],[14.658682,49.571886],[14.658781,49.571993],[14.658839,49.571963],[14.658909,49.571947],[14.658984,49.571946],[14.659055,49.571959],[14.659116,49.571987],[14.659144,49.572012],[14.65916,49.572026],[14.659184,49.572075],[14.659181,49.572126],[14.659153,49.572173],[14.659101,49.572212],[14.659033,49.572237],[14.658985,49.572243],[14.659037,49.57244],[14.659081,49.572482],[14.65912,49.572517],[14.659203,49.572589],[14.659267,49.572641],[14.659341,49.572695],[14.659451,49.572764],[14.659537,49.572818],[14.659614,49.572863],[14.660176,49.573177],[14.660312,49.573254],[14.660527,49.573377],[14.660685,49.573472],[14.660814,49.573559],[14.660884,49.57361],[14.660939,49.573653],[14.660997,49.573703],[14.661075,49.57378],[14.661141,49.573853],[14.661189,49.573907],[14.661258,49.573988],[14.66133,49.574084],[14.66138,49.574159],[14.661425,49.574234],[14.661468,49.574321],[14.661506,49.574416],[14.661536,49.574509],[14.661567,49.574622],[14.661584,49.574727],[14.661596,49.574822],[14.661599,49.57494],[14.661599,49.575081],[14.661597,49.575149],[14.661591,49.575267],[14.66158,49.575413],[14.661567,49.575598],[14.661562,49.575724],[14.661562,49.575797],[14.661564,49.575925],[14.661567,49.575978],[14.661572,49.576024],[14.661577,49.576059],[14.661585,49.576103],[14.661595,49.576165],[14.661608,49.576226],[14.661631,49.576312],[14.661671,49.576434],[14.661703,49.576525],[14.661734,49.576604],[14.661778,49.57671],[14.661874,49.576918],[14.661972,49.577123],[14.662064,49.577317],[14.662127,49.577464],[14.662182,49.577607],[14.662218,49.577705],[14.662249,49.57781],[14.662272,49.577911],[14.66229,49.578006],[14.662305,49.578102],[14.662316,49.578211],[14.66232,49.578287],[14.662319,49.578361],[14.662314,49.578433],[14.662302,49.578519],[14.66229,49.57858],[14.662268,49.578673],[14.662236,49.578766],[14.662194,49.57887],[14.662138,49.578987],[14.662066,49.579115],[14.661999,49.579218],[14.661903,49.579354],[14.661802,49.579477],[14.661698,49.579594],[14.661567,49.579735],[14.661051,49.580277],[14.66091,49.580439],[14.66079,49.580579],[14.660722,49.580671],[14.660657,49.580774],[14.660591,49.580896],[14.660544,49.58101],[14.660506,49.581138],[14.660481,49.581254],[14.660465,49.581369],[14.660457,49.581491],[14.66046,49.581593],[14.66047,49.581701],[14.660485,49.581798],[14.660512,49.581901],[14.660553,49.582024],[14.660598,49.582129],[14.660642,49.582212],[14.660704,49.58231],[14.660776,49.582414],[14.660855,49.582515],[14.660931,49.582602],[14.661015,49.582686],[14.661139,49.58279],[14.661248,49.582874],[14.661375,49.582965],[14.661515,49.583054],[14.661685,49.583156],[14.662037,49.583351],[14.662255,49.583474],[14.662376,49.583545],[14.662473,49.583601],[14.662582,49.58367],[14.66269,49.583744],[14.662802,49.583823],[14.662905,49.583905],[14.662979,49.58397],[14.663051,49.584034],[14.66312,49.584103],[14.663216,49.584217],[14.663296,49.58433],[14.663352,49.584422],[14.663388,49.584489],[14.663416,49.584548],[14.663459,49.584656],[14.6635,49.584772],[14.663526,49.584876],[14.663538,49.58496],[14.663545,49.585034],[14.663548,49.585132],[14.663543,49.585237],[14.663528,49.585353],[14.663501,49.585475],[14.663468,49.585581],[14.663426,49.585691],[14.663375,49.585805],[14.663336,49.585876],[14.663273,49.585977],[14.663212,49.58606],[14.663141,49.586143],[14.663004,49.586289],[14.662657,49.586639],[14.662055,49.587223],[14.661961,49.587323],[14.661871,49.587426],[14.661807,49.587504],[14.661739,49.587604],[14.661653,49.587735],[14.661597,49.587833],[14.66155,49.587927],[14.661507,49.588021],[14.661473,49.588102],[14.661432,49.588224],[14.661405,49.588317],[14.661389,49.588393],[14.661372,49.588516],[14.661362,49.588664],[14.661356,49.588799],[14.661358,49.588945],[14.661372,49.589212],[14.661417,49.590006],[14.661427,49.590231],[14.661442,49.590462],[14.661478,49.59111],[14.661482,49.591191],[14.661544,49.592289],[14.661602,49.593462],[14.661742,49.595995],[14.661771,49.596528],[14.661786,49.596809],[14.661789,49.596976],[14.661788,49.59707],[14.661781,49.597165],[14.661772,49.597277],[14.66176,49.597368],[14.661748,49.597439],[14.66173,49.597522],[14.661709,49.597607],[14.661681,49.597703],[14.661651,49.597786],[14.661621,49.597866],[14.661588,49.597951],[14.661546,49.598048],[14.66149,49.598162],[14.661365,49.598371],[14.661298,49.598471],[14.66119,49.59862],[14.661077,49.598754],[14.660977,49.59886],[14.660858,49.598984],[14.660609,49.599223],[14.660486,49.599344],[14.660406,49.599431],[14.660323,49.599522],[14.660256,49.59961],[14.660196,49.599687],[14.660136,49.599772],[14.66008,49.599861],[14.66005,49.599911],[14.660025,49.599957],[14.659982,49.600041],[14.659946,49.600122],[14.659899,49.600227],[14.659868,49.60032],[14.659844,49.600391],[14.659833,49.600442],[14.659821,49.600498],[14.659807,49.600592],[14.659799,49.600674],[14.659796,49.600793],[14.6598,49.600968],[14.659811,49.601108],[14.659831,49.601264],[14.659869,49.601524],[14.659918,49.601868],[14.659934,49.602108],[14.659954,49.602321],[14.659985,49.602785],[14.659988,49.602914],[14.659988,49.60301],[14.659983,49.603171],[14.65995,49.604222],[14.659931,49.604971],[14.659902,49.606058],[14.659856,49.607426],[14.659835,49.608063],[14.659832,49.608291],[14.659837,49.608486],[14.659844,49.608616],[14.659857,49.608749],[14.659882,49.608934],[14.659924,49.609156],[14.659978,49.609388],[14.660053,49.609624],[14.660134,49.609861],[14.660192,49.610021],[14.660207,49.610064],[14.660841,49.611596],[14.660902,49.611767],[14.66093,49.611855],[14.660947,49.61192],[14.660971,49.612024],[14.660989,49.612123],[14.661001,49.612212],[14.66101,49.612326],[14.661014,49.61248],[14.661007,49.61259],[14.660996,49.612682],[14.660986,49.612768],[14.660961,49.612924],[14.660939,49.613023],[14.660907,49.613131],[14.660874,49.613229],[14.660839,49.613329],[14.660787,49.613467],[14.660723,49.613614],[14.660674,49.613721],[14.660602,49.613862],[14.660514,49.614024],[14.660376,49.614255],[14.660059,49.614798],[14.659722,49.615407],[14.659481,49.615833],[14.65929,49.616186],[14.659094,49.616581],[14.65894,49.616911],[14.65888,49.617056],[14.658818,49.617221],[14.658718,49.617513],[14.658598,49.617889],[14.658417,49.618445],[14.658329,49.618701],[14.658161,49.6192],[14.657956,49.619792],[14.657891,49.619946],[14.657816,49.620101],[14.657722,49.620281],[14.657629,49.620431],[14.657531,49.620573],[14.657414,49.620731],[14.657236,49.620949],[14.65709,49.621117],[14.656973,49.621237],[14.656864,49.621336],[14.656637,49.621533],[14.656415,49.621709],[14.656166,49.621884],[14.655935,49.622031],[14.655639,49.622207],[14.655291,49.622403],[14.654654,49.622735],[14.653588,49.623276],[14.653143,49.623522],[14.652803,49.623728],[14.652537,49.623899],[14.652359,49.624026],[14.652225,49.624131],[14.652117,49.624222],[14.65193,49.62439],[14.65178,49.624541],[14.65165,49.624689],[14.651553,49.624808],[14.651454,49.62494],[14.651372,49.625065],[14.651298,49.625185],[14.651222,49.625315],[14.651153,49.625452],[14.651069,49.625655],[14.651022,49.62579],[14.65098,49.625939],[14.650946,49.62608],[14.650916,49.62626],[14.650896,49.626451],[14.650889,49.626566],[14.65089,49.62666],[14.650895,49.626812],[14.650903,49.626941],[14.650918,49.627093],[14.650955,49.62735],[14.651075,49.628067],[14.65114,49.628551],[14.651175,49.628852],[14.651185,49.62903],[14.651181,49.629224],[14.65117,49.629506],[14.651148,49.629844],[14.651109,49.630184],[14.65106,49.630534],[14.650987,49.631139],[14.65096,49.631498],[14.650957,49.631738],[14.650963,49.631926],[14.650981,49.632144],[14.651001,49.632325],[14.651037,49.632544],[14.651091,49.632828],[14.651183,49.633229],[14.651446,49.634357],[14.651499,49.634639],[14.651527,49.634848],[14.651552,49.635103],[14.651571,49.635357],[14.651568,49.635648],[14.651553,49.635871],[14.651535,49.636097],[14.65151,49.63628],[14.651485,49.636453],[14.651453,49.636632],[14.651395,49.63686],[14.651317,49.637074],[14.651231,49.637283],[14.65114,49.637492],[14.651043,49.637699],[14.650861,49.638022],[14.65072,49.638252],[14.650629,49.63839],[14.650533,49.638525],[14.650419,49.638682],[14.650228,49.638924],[14.650043,49.639135],[14.649834,49.639359],[14.64952,49.63966],[14.649349,49.63981],[14.649195,49.639944],[14.648965,49.640128],[14.648727,49.640303],[14.648656,49.640352],[14.648416,49.640516],[14.647988,49.640795],[14.647544,49.641073],[14.647331,49.641201],[14.645852,49.642083],[14.645209,49.642469],[14.641787,49.644522],[14.641174,49.644892],[14.640745,49.645158],[14.640243,49.645481],[14.63981,49.645765],[14.639219,49.646169],[14.63861,49.646605],[14.638341,49.646811],[14.638064,49.647033],[14.637479,49.64751],[14.637182,49.647759],[14.636407,49.648469],[14.63618,49.648689],[14.635775,49.649087],[14.635541,49.649334],[14.635241,49.649669],[14.634741,49.650253],[14.634488,49.650568],[14.634213,49.650939],[14.634023,49.651222],[14.633786,49.651624],[14.633584,49.651992],[14.633382,49.652423],[14.63327,49.652698],[14.633218,49.652839],[14.633166,49.653024],[14.633093,49.653308],[14.633067,49.653415],[14.633041,49.653533],[14.632975,49.653921],[14.632944,49.654159],[14.632917,49.654443],[14.63291,49.65459],[14.632904,49.654901],[14.632916,49.655104],[14.632945,49.655393],[14.632994,49.655761],[14.63307,49.656136],[14.6331,49.656244],[14.633196,49.65661],[14.633727,49.658262],[14.633928,49.65888],[14.633972,49.659003],[14.634425,49.660351],[14.635159,49.662611],[14.635439,49.663474],[14.635577,49.663966],[14.635763,49.664474],[14.635799,49.664551],[14.635904,49.664745],[14.635937,49.664815],[14.635976,49.664894],[14.636062,49.665064],[14.636146,49.665226],[14.636235,49.665388],[14.636371,49.665617],[14.636486,49.665795],[14.636596,49.665961],[14.636668,49.666065],[14.636796,49.666234],[14.637026,49.666527],[14.637103,49.666618],[14.637336,49.666883],[14.637517,49.667073],[14.637669,49.667224],[14.637854,49.667402],[14.63804,49.667569],[14.638323,49.66781],[14.638372,49.667851],[14.638633,49.668059],[14.638854,49.668226],[14.63912,49.668418],[14.639412,49.668614],[14.639733,49.66882],[14.640083,49.669038],[14.640497,49.669286],[14.641322,49.669783],[14.641506,49.669898],[14.641722,49.67003],[14.642257,49.670392],[14.642334,49.670451],[14.642771,49.670804],[14.642907,49.670901],[14.643065,49.671028],[14.643354,49.671288],[14.643515,49.671446],[14.643731,49.671668],[14.643948,49.671913],[14.644212,49.672238],[14.644358,49.672435],[14.644578,49.672758],[14.644637,49.672851],[14.644736,49.673022],[14.644827,49.673184],[14.644999,49.673529],[14.645125,49.673827],[14.645181,49.673977],[14.645221,49.674083],[14.645306,49.67435],[14.645376,49.674614],[14.645428,49.674862],[14.645474,49.675147],[14.645495,49.675328],[14.64551,49.675505],[14.645513,49.675608],[14.645518,49.675722],[14.645519,49.675868],[14.645512,49.676132],[14.645498,49.67632],[14.645475,49.676514],[14.645449,49.676692],[14.645403,49.67694],[14.645359,49.677128],[14.645321,49.677293],[14.645221,49.677649],[14.645112,49.678],[14.644887,49.678756],[14.644849,49.678885],[14.644757,49.679242],[14.64468,49.679595],[14.64462,49.679953],[14.64458,49.680313],[14.644562,49.680674],[14.644566,49.681032],[14.644593,49.68139],[14.644637,49.681749],[14.6447,49.682108],[14.644775,49.682459],[14.644857,49.682816],[14.644946,49.683171],[14.645042,49.68353],[14.645112,49.683783],[14.645139,49.683883],[14.645298,49.684411],[14.645408,49.684763],[14.645525,49.685119],[14.645649,49.685469],[14.645843,49.686012],[14.646008,49.686412],[14.646111,49.68669],[14.646239,49.686994],[14.646405,49.687386],[14.646555,49.687728],[14.646713,49.688068],[14.64688,49.688418],[14.64705,49.688762],[14.647306,49.68927],[14.647588,49.68979],[14.647676,49.689951],[14.647963,49.690457],[14.64816,49.690792],[14.648461,49.691297],[14.648847,49.691923],[14.64923,49.692528],[14.649345,49.692707],[14.649498,49.692944],[14.651188,49.695567],[14.652064,49.696927],[14.652699,49.697969],[14.652986,49.698481],[14.653279,49.699047],[14.653767,49.700087],[14.654099,49.700897],[14.654401,49.701744],[14.654575,49.702286],[14.654731,49.70284],[14.654858,49.70342],[14.654982,49.703995],[14.655109,49.704778],[14.655165,49.705186],[14.65522,49.705609],[14.655264,49.706359],[14.655296,49.707251],[14.655263,49.708091],[14.655208,49.708925],[14.655083,49.709791],[14.654952,49.710596],[14.654549,49.712891],[14.654455,49.713688],[14.654427,49.714135],[14.654417,49.714653],[14.654438,49.715143],[14.654508,49.715671],[14.654599,49.716147],[14.654768,49.716685],[14.654905,49.717076],[14.655092,49.717495],[14.655202,49.717719],[14.655286,49.717884],[14.655637,49.718534],[14.655693,49.718644],[14.655978,49.719139],[14.656868,49.720596],[14.657843,49.722257],[14.658169,49.722831],[14.65838,49.723208],[14.658397,49.723238],[14.658493,49.723411],[14.658811,49.724065],[14.65912,49.724788],[14.65925,49.725118],[14.659411,49.725537],[14.659641,49.726201],[14.659833,49.726817],[14.660069,49.727651],[14.660262,49.72851],[14.660361,49.728989],[14.660563,49.73012],[14.660796,49.731578],[14.660873,49.732035],[14.661016,49.732909],[14.661387,49.735201],[14.66164,49.73683],[14.661806,49.737761],[14.661851,49.738013],[14.661901,49.738234],[14.661971,49.738468],[14.662037,49.73868],[14.662136,49.73892],[14.662247,49.739152],[14.662301,49.739262],[14.662429,49.739468],[14.662496,49.739566],[14.662641,49.739765],[14.662729,49.739875],[14.662862,49.740017],[14.663026,49.740187],[14.663277,49.74042],[14.663512,49.740612],[14.66369,49.740741],[14.663903,49.740887],[14.664062,49.740985],[14.66428,49.741113],[14.664522,49.741247],[14.664739,49.741364],[14.664943,49.741467],[14.665232,49.741606],[14.665916,49.741919],[14.666221,49.742047],[14.666826,49.742317],[14.670112,49.74378],[14.670405,49.743934],[14.670621,49.744064],[14.67089,49.744238],[14.671232,49.744475],[14.671504,49.744693],[14.671819,49.744975],[14.672033,49.745185],[14.672239,49.745423],[14.672369,49.745589],[14.672583,49.7459],[14.672777,49.746234],[14.672919,49.746535],[14.672994,49.746723],[14.673084,49.74698],[14.673152,49.747257],[14.673196,49.747511],[14.673217,49.747737],[14.67322,49.748031],[14.673206,49.748265],[14.673188,49.748453],[14.673141,49.748696],[14.673076,49.74896],[14.673003,49.749197],[14.67275,49.74991],[14.672636,49.750259],[14.672561,49.750537],[14.672489,49.750846],[14.672443,49.751086],[14.672413,49.751288],[14.67239,49.751503],[14.672372,49.751767],[14.672367,49.751973],[14.672367,49.752242],[14.672382,49.75247],[14.672395,49.752659],[14.672419,49.752855],[14.672468,49.753152],[14.672505,49.753317],[14.672525,49.753417],[14.672573,49.753597],[14.67263,49.753775],[14.672682,49.753946],[14.673102,49.755144],[14.673158,49.755299],[14.673198,49.755439],[14.673233,49.755573],[14.673264,49.75571],[14.673281,49.755818],[14.673307,49.756],[14.673333,49.756229],[14.673377,49.756623],[14.673431,49.757094],[14.673469,49.757444],[14.673495,49.757797],[14.67353,49.758153],[14.673552,49.75834],[14.673584,49.758522],[14.673624,49.758699],[14.673677,49.758932],[14.673735,49.759146],[14.673785,49.759316],[14.673921,49.759751],[14.674615,49.76192],[14.674997,49.763191],[14.675352,49.764434],[14.67576,49.765975],[14.675787,49.766096],[14.675848,49.766099],[14.675879,49.766104],[14.675927,49.766131],[14.67603,49.766208],[14.676064,49.766241],[14.676091,49.766274],[14.676102,49.766312],[14.676103,49.766348],[14.676099,49.766377],[14.676085,49.766412],[14.676061,49.766443],[14.676035,49.766468],[14.676008,49.766487],[14.675977,49.766504],[14.675933,49.766521],[14.6759,49.766529],[14.675854,49.766536],[14.675872,49.766661],[14.675893,49.766888],[14.675928,49.767259],[14.676003,49.768015],[14.676241,49.770329],[14.676295,49.770944],[14.676305,49.771144],[14.676308,49.771321],[14.676307,49.771574],[14.676295,49.771816],[14.676253,49.772197],[14.676196,49.772565],[14.67569,49.775261],[14.675611,49.775666],[14.675489,49.776304],[14.675437,49.77658],[14.675331,49.777154],[14.675233,49.777672],[14.675208,49.7778],[14.675124,49.778258],[14.675092,49.778452],[14.675047,49.778777],[14.675026,49.778964],[14.675006,49.779245],[14.675006,49.779394],[14.675005,49.779586],[14.675018,49.779757],[14.675054,49.780066],[14.675084,49.780324],[14.675115,49.780522],[14.675256,49.781098],[14.675441,49.781654],[14.675849,49.782787],[14.676131,49.783631],[14.676164,49.783728],[14.676224,49.78391],[14.676418,49.784491],[14.676736,49.785431],[14.676942,49.786041],[14.677123,49.786586],[14.677145,49.786672],[14.67722,49.786892],[14.677253,49.786986],[14.677388,49.787363],[14.677462,49.787598],[14.677628,49.788079],[14.678229,49.789857],[14.678322,49.790132],[14.679084,49.792435],[14.679153,49.792706],[14.679208,49.792959],[14.679273,49.793184],[14.679372,49.793356],[14.679497,49.793516],[14.679538,49.793552],[14.679593,49.793593],[14.67965,49.793618],[14.679701,49.793649],[14.679742,49.793682],[14.679774,49.793719],[14.679793,49.793757],[14.679805,49.793793],[14.67981,49.793829],[14.679813,49.793862],[14.679808,49.793895],[14.679793,49.793935],[14.679768,49.793973],[14.679721,49.794025],[14.679683,49.79408],[14.679661,49.794125],[14.67962,49.794224],[14.679579,49.794333],[14.679572,49.794413],[14.679573,49.794486],[14.679605,49.794736],[14.679639,49.795342],[14.679665,49.795851],[14.679748,49.797146],[14.679779,49.797743],[14.679975,49.801534],[14.679981,49.80164],[14.680013,49.80201],[14.680118,49.803205],[14.680159,49.803585],[14.680317,49.80512],[14.680383,49.805632],[14.680619,49.806676],[14.680855,49.807657],[14.681826,49.811685],[14.681866,49.811855],[14.68196,49.812226],[14.682048,49.812571],[14.682108,49.812805],[14.683485,49.818262],[14.68484,49.823786],[14.685427,49.825898],[14.685591,49.826454],[14.685804,49.827177],[14.685913,49.827505],[14.686044,49.827941],[14.686156,49.828295],[14.686331,49.828848],[14.686413,49.829101],[14.686714,49.830055],[14.687103,49.831253],[14.687307,49.831924],[14.687365,49.832127],[14.687392,49.832258],[14.687421,49.832418],[14.687443,49.832598],[14.687456,49.832776],[14.68746,49.832944],[14.687453,49.833148],[14.687423,49.833386],[14.687361,49.833687],[14.687309,49.83388],[14.687231,49.834097],[14.687166,49.834256],[14.687083,49.834419],[14.686983,49.834612],[14.686823,49.834877],[14.686688,49.835055],[14.68655,49.835225],[14.68636,49.835436],[14.686195,49.835603],[14.685993,49.835795],[14.685317,49.836348],[14.684962,49.836589],[14.684594,49.836838],[14.684264,49.837073],[14.683918,49.837336],[14.683645,49.837573],[14.683377,49.837841],[14.683119,49.838142],[14.682894,49.838447],[14.682742,49.838698],[14.682558,49.839056],[14.682386,49.839469],[14.682232,49.839873],[14.68215,49.840091],[14.681596,49.841536],[14.681315,49.842274],[14.681053,49.843001],[14.680927,49.843415],[14.680826,49.84382],[14.680779,49.844022],[14.680721,49.844368],[14.680694,49.844688],[14.680689,49.844891],[14.680686,49.845424],[14.680698,49.84575],[14.68072,49.846045],[14.680795,49.846526],[14.680898,49.846991],[14.681011,49.847376],[14.681137,49.847753],[14.681265,49.848087],[14.681458,49.848507],[14.681794,49.849111],[14.681947,49.849372],[14.682085,49.849575],[14.682368,49.849999],[14.682713,49.850451],[14.683065,49.850827],[14.683488,49.851269],[14.683925,49.851672],[14.684447,49.852082],[14.685032,49.852516],[14.687701,49.854491],[14.690349,49.85644],[14.693667,49.858919],[14.695749,49.860459],[14.696667,49.861105],[14.697501,49.861668],[14.698065,49.86204],[14.698917,49.86257],[14.699633,49.863024],[14.700705,49.863693],[14.701155,49.863985],[14.702191,49.864621],[14.703036,49.86515],[14.70384,49.865723],[14.704404,49.866154],[14.70484,49.866533],[14.705226,49.866897],[14.705691,49.867384],[14.706021,49.867763],[14.706434,49.868326],[14.706833,49.86892],[14.707013,49.869257],[14.707158,49.869558],[14.707307,49.869858],[14.707421,49.870149],[14.707511,49.870385],[14.707684,49.870919],[14.707734,49.871096],[14.707872,49.871727],[14.70791,49.871945],[14.707949,49.872235],[14.707969,49.87255],[14.707972,49.872893],[14.707957,49.873173],[14.707934,49.873507],[14.707898,49.873812],[14.707846,49.874126],[14.707775,49.874445],[14.707702,49.874739],[14.70759,49.87511],[14.707443,49.875499],[14.70721,49.876135],[14.707044,49.876573],[14.706881,49.877097],[14.706763,49.877617],[14.706708,49.878119],[14.706706,49.878596],[14.706728,49.878893],[14.706763,49.879166],[14.706818,49.879457],[14.706875,49.879724],[14.707021,49.880189],[14.707195,49.880632],[14.707414,49.88109],[14.707641,49.881533],[14.708264,49.882664],[14.7087,49.883503],[14.708815,49.883721],[14.709053,49.884198],[14.710026,49.886016],[14.710479,49.886941],[14.710775,49.887545],[14.710956,49.88789],[14.711125,49.888206],[14.711295,49.888503],[14.711716,49.889298],[14.711949,49.88975],[14.712253,49.890323],[14.712446,49.890668],[14.712563,49.890903],[14.712769,49.891252],[14.712899,49.89149],[14.713024,49.89175],[14.713306,49.892308],[14.713465,49.892638],[14.713638,49.893008],[14.713755,49.893336],[14.713811,49.893534],[14.713883,49.893872],[14.713927,49.894203],[14.713939,49.894356],[14.713943,49.894597],[14.713925,49.894851],[14.713906,49.89509],[14.713894,49.895185],[14.713878,49.895303],[14.713844,49.895477],[14.713701,49.896149],[14.713627,49.896502],[14.713522,49.897001],[14.713474,49.897258],[14.713436,49.897495],[14.713419,49.897685],[14.71341,49.897829],[14.713411,49.898],[14.713432,49.898277],[14.713451,49.89845],[14.713486,49.898629],[14.713524,49.898784],[14.713565,49.89892],[14.713626,49.899067],[14.713671,49.899173],[14.71384,49.899507],[14.714148,49.900102],[14.714343,49.900477],[14.714577,49.900887],[14.714961,49.901582],[14.715151,49.901953],[14.715231,49.902126],[14.715282,49.902281],[14.715344,49.902538],[14.715367,49.902675],[14.715375,49.902744],[14.715388,49.902891],[14.715387,49.903045],[14.715379,49.903214],[14.71536,49.903321],[14.715359,49.90333],[14.715333,49.903472],[14.715297,49.90361],[14.715232,49.903796],[14.715181,49.903923],[14.715091,49.904104],[14.715,49.904253],[14.714894,49.904413],[14.714796,49.904544],[14.714682,49.904675],[14.714566,49.904797],[14.714422,49.904941],[14.714256,49.905081],[14.714102,49.905205],[14.713973,49.905298],[14.713822,49.905398],[14.713678,49.905487],[14.713542,49.905563],[14.713398,49.905643],[14.713189,49.905746],[14.713013,49.905825],[14.71277,49.905923],[14.712392,49.906076],[14.711882,49.906271],[14.711589,49.90639],[14.711355,49.906497],[14.711097,49.906624],[14.710891,49.906746],[14.710696,49.90687],[14.710601,49.906936],[14.710482,49.907023],[14.710366,49.907118],[14.710279,49.907231],[14.710177,49.907324],[14.71,49.907504],[14.709808,49.90773],[14.709672,49.907905],[14.70958,49.90804],[14.709457,49.908262],[14.7094,49.9084],[14.709353,49.908544],[14.709327,49.908653],[14.709308,49.908771],[14.709294,49.908951],[14.709291,49.909145],[14.709294,49.909304],[14.709311,49.90946],[14.709344,49.909635],[14.709402,49.90982],[14.709458,49.909961],[14.709499,49.910049],[14.709543,49.910135],[14.709606,49.910242],[14.709675,49.910348],[14.709789,49.910509],[14.709908,49.910668],[14.710032,49.910826],[14.710073,49.910876],[14.71016,49.910981],[14.710839,49.911819],[14.710964,49.911981],[14.711238,49.912313],[14.711562,49.912712],[14.711737,49.912927],[14.711968,49.913219],[14.712071,49.913374],[14.712152,49.91352],[14.712217,49.913662],[14.712271,49.913813],[14.712323,49.914095],[14.71232,49.914264],[14.712306,49.914425],[14.712273,49.914599],[14.712229,49.914742],[14.712137,49.914925],[14.712072,49.915047],[14.711994,49.915167],[14.711905,49.915284],[14.711804,49.915396],[14.711691,49.915506],[14.711567,49.915611],[14.711432,49.915711],[14.711288,49.915805],[14.711103,49.915915],[14.710822,49.916059],[14.710495,49.916204],[14.709546,49.916587],[14.709138,49.916774],[14.708867,49.916914],[14.70872,49.917005],[14.70858,49.9171],[14.708449,49.9172],[14.708321,49.917308],[14.708203,49.917421],[14.708095,49.917538],[14.707741,49.917895],[14.706517,49.919338],[14.705554,49.920437],[14.703373,49.922938],[14.702447,49.924015],[14.702,49.924504],[14.701523,49.925003],[14.70129,49.925246],[14.70103,49.925495],[14.700475,49.926024],[14.700085,49.926378],[14.69921,49.927138],[14.698406,49.927818],[14.697073,49.928912],[14.696099,49.92968],[14.69543,49.930186],[14.694864,49.930618],[14.694075,49.931188],[14.693524,49.931566],[14.692473,49.932251],[14.691424,49.932894],[14.689674,49.933954],[14.68829,49.934777],[14.687483,49.935257],[14.686714,49.935704],[14.686119,49.936021],[14.685578,49.936292],[14.685079,49.936525],[14.684518,49.936769],[14.683914,49.937018],[14.683356,49.937233],[14.682727,49.937452],[14.682182,49.937632],[14.681565,49.937819],[14.680949,49.937991],[14.678149,49.938748],[14.675236,49.939545],[14.673341,49.940059],[14.669452,49.941104],[14.668988,49.941226],[14.658963,49.943951],[14.657068,49.944459],[14.655886,49.944776],[14.655598,49.944856],[14.653943,49.945304],[14.653472,49.945431],[14.652187,49.945779],[14.651482,49.945973],[14.650865,49.946144],[14.650407,49.946271],[14.649986,49.946397],[14.649346,49.946605],[14.648716,49.946835],[14.64816,49.947064],[14.647681,49.947284],[14.647099,49.947581],[14.646597,49.947866],[14.646119,49.948161],[14.645683,49.948458],[14.644985,49.94896],[14.644421,49.949442],[14.643242,49.950423],[14.642863,49.950741],[14.638744,49.954123],[14.638362,49.954443],[14.630643,49.960809],[14.629556,49.961705],[14.623406,49.966777],[14.622903,49.967191],[14.622369,49.96763],[14.622042,49.967898],[14.621145,49.968607],[14.620511,49.969145],[14.620218,49.969393],[14.619556,49.969935],[14.618922,49.970453],[14.617654,49.971498],[14.616045,49.97284],[14.614609,49.97402],[14.613891,49.974607],[14.612659,49.975625],[14.611981,49.976184],[14.610936,49.977041],[14.609211,49.978464],[14.607847,49.979594],[14.606507,49.980695],[14.605894,49.981195],[14.602992,49.983591],[14.602569,49.983925],[14.602226,49.984196],[14.601867,49.984483],[14.601058,49.985092],[14.600584,49.985453],[14.600154,49.98577],[14.599684,49.986096],[14.599249,49.986407],[14.598739,49.986752],[14.598268,49.98707],[14.598136,49.987155],[14.597487,49.987584],[14.596663,49.988098],[14.596185,49.988391],[14.595318,49.988909],[14.594426,49.989426],[14.593817,49.989778],[14.592374,49.990605],[14.591797,49.990935],[14.591163,49.991301],[14.590985,49.991402],[14.590395,49.991739],[14.589496,49.99226],[14.588075,49.993072],[14.586962,49.993718],[14.585972,49.994287],[14.585153,49.994755],[14.584522,49.995114],[14.582584,49.996228],[14.579311,49.998114],[14.575992,50.000016],[14.575358,50.000382],[14.573946,50.001195],[14.573348,50.001535],[14.572957,50.001821],[14.572501,50.00211],[14.572129,50.00233],[14.571896,50.002473],[14.571562,50.00268],[14.571375,50.002791],[14.571162,50.00291],[14.570685,50.003156],[14.570026,50.003477],[14.569698,50.003632],[14.569382,50.003776],[14.56906,50.003921],[14.568599,50.004122],[14.568118,50.004324],[14.567841,50.004438],[14.567519,50.004568],[14.566849,50.004826],[14.566093,50.005102],[14.565743,50.005226],[14.565468,50.005319],[14.565278,50.005382],[14.565088,50.005445],[14.564508,50.005631],[14.564042,50.005822],[14.563939,50.00588],[14.563866,50.005931],[14.563816,50.005978],[14.56377,50.006044],[14.563748,50.006089],[14.563728,50.006139],[14.56372,50.006186],[14.563719,50.00623],[14.563724,50.006274],[14.563733,50.006312],[14.563744,50.006344],[14.563762,50.006379],[14.563785,50.006417],[14.563818,50.006457],[14.56386,50.006501],[14.563903,50.006538],[14.563969,50.006585],[14.564045,50.006622],[14.564106,50.006646],[14.56423,50.006684],[14.564333,50.006703],[14.564427,50.006714],[14.564696,50.006743],[14.565622,50.006834],[14.566067,50.006879],[14.566591,50.006907],[14.56664,50.006904],[14.566684,50.006892],[14.566721,50.006875],[14.566754,50.00685],[14.566785,50.00682],[14.566808,50.006791],[14.566829,50.006737],[14.566829,50.006709],[14.566818,50.006637],[14.566801,50.006585],[14.566779,50.006541],[14.566746,50.006501],[14.566719,50.006476],[14.566656,50.006436],[14.566633,50.006414],[14.566544,50.006322],[14.566165,50.006073],[14.565959,50.005935],[14.56583,50.005849],[14.565285,50.005484],[14.56465,50.005066],[14.564557,50.00503],[14.564301,50.004846],[14.564215,50.004784],[14.564157,50.004738],[14.564107,50.004694],[14.564059,50.004644],[14.563997,50.004569],[14.563949,50.004507],[14.56393,50.004487],[14.563909,50.004475],[14.563875,50.004463],[14.56384,50.004454],[14.563794,50.004447],[14.563762,50.004436],[14.563735,50.00442],[14.563715,50.004401],[14.5637,50.004374],[14.563685,50.004344],[14.563666,50.004326],[14.563634,50.004299],[14.56339,50.004153],[14.563362,50.004141],[14.5633,50.004106],[14.562881,50.003872],[14.562854,50.003857],[14.562712,50.003775],[14.562504,50.003656],[14.562482,50.003639],[14.56245,50.003604],[14.562426,50.003585],[14.562346,50.00349],[14.56223,50.003333],[14.562096,50.003141],[14.561969,50.002944],[14.561745,50.00262],[14.561617,50.002498],[14.561503,50.002409],[14.561454,50.002385],[14.56144,50.002379],[14.5613,50.002315],[14.561236,50.002282],[14.5612,50.002249],[14.561189,50.002219],[14.561205,50.002168],[14.561333,50.001896],[14.561335,50.001764],[14.561297,50.001762],[14.561257,50.001749],[14.561233,50.001731],[14.561219,50.001706],[14.561219,50.001682],[14.561228,50.001665],[14.561156,50.001659],[14.560825,50.001636],[14.560548,50.00162],[14.560413,50.001612]]}}