{"type":"Feature","properties":{"id":"hr-a","distanceKm":444.762,"drivingMinutes":284.06675},"geometry":{"type":"LineString","coordinates":[[14.585528,46.329279],[14.585616,46.329297],[14.585884,46.329354],[14.586069,46.329406],[14.586296,46.32946],[14.586578,46.3295],[14.586989,46.329524],[14.587058,46.329542],[14.587116,46.329552],[14.587234,46.329557],[14.587456,46.329552],[14.587666,46.329511],[14.587777,46.329469],[14.587851,46.329419],[14.587887,46.329369],[14.587912,46.329281],[14.587935,46.329178],[14.588019,46.329014],[14.588125,46.328878],[14.588199,46.328806],[14.588281,46.328756],[14.588377,46.328679],[14.588454,46.328624],[14.588588,46.328476],[14.588613,46.328443],[14.588686,46.328343],[14.588744,46.328267],[14.588801,46.328213],[14.588997,46.328077],[14.589174,46.327898],[14.589258,46.327812],[14.589418,46.327698],[14.589484,46.327631],[14.589536,46.327547],[14.589564,46.327456],[14.589578,46.327336],[14.589588,46.327253],[14.589569,46.327203],[14.5896,46.327152],[14.589673,46.327118],[14.589701,46.32711],[14.590094,46.327011],[14.590235,46.326977],[14.590349,46.326945],[14.590513,46.326855],[14.590676,46.326721],[14.590801,46.326596],[14.590961,46.326385],[14.591191,46.326083],[14.591707,46.325438],[14.591953,46.325116],[14.592138,46.324985],[14.592416,46.324852],[14.59268,46.324717],[14.592952,46.324525],[14.593127,46.324363],[14.59322,46.324255],[14.593299,46.324116],[14.59351,46.323472],[14.5939,46.322363],[14.594174,46.32186],[14.594325,46.321647],[14.594656,46.321389],[14.595177,46.321145],[14.595526,46.321047],[14.596569,46.320841],[14.597158,46.320676],[14.597744,46.320483],[14.597949,46.320369],[14.598376,46.320016],[14.598787,46.31966],[14.59915,46.319373],[14.599459,46.319128],[14.59958,46.319059],[14.599742,46.318983],[14.600126,46.318898],[14.600598,46.318756],[14.600662,46.318704],[14.600728,46.318646],[14.600753,46.318614],[14.600754,46.318594],[14.600768,46.318418],[14.600701,46.318194],[14.600666,46.318027],[14.600729,46.317836],[14.60084,46.317721],[14.601736,46.316928],[14.602458,46.316323],[14.60301,46.315787],[14.60323,46.31546],[14.603385,46.315198],[14.603464,46.315033],[14.603676,46.314447],[14.603863,46.314207],[14.604404,46.31372],[14.604789,46.313349],[14.604811,46.313327],[14.605048,46.3131],[14.605436,46.312743],[14.605847,46.312378],[14.606064,46.312184],[14.606321,46.311996],[14.606654,46.311777],[14.606794,46.311667],[14.606879,46.311596],[14.606906,46.311561],[14.606961,46.31149],[14.607072,46.311346],[14.607206,46.311142],[14.607373,46.310818],[14.607442,46.310676],[14.60763,46.310291],[14.60765,46.310252],[14.607801,46.309905],[14.607823,46.309857],[14.607893,46.309707],[14.607988,46.309431],[14.608035,46.309275],[14.608085,46.308955],[14.608101,46.308618],[14.608129,46.308324],[14.608154,46.307854],[14.608158,46.307659],[14.608128,46.307448],[14.608115,46.307396],[14.608009,46.30723],[14.607962,46.307163],[14.607925,46.307051],[14.607934,46.306885],[14.608034,46.306708],[14.608269,46.306411],[14.608442,46.306213],[14.608584,46.306074],[14.608838,46.305798],[14.608969,46.305644],[14.609031,46.305548],[14.609083,46.305447],[14.609094,46.305274],[14.609002,46.305039],[14.608922,46.304903],[14.608826,46.304649],[14.608797,46.304492],[14.608827,46.303895],[14.608835,46.303653],[14.608831,46.303347],[14.608798,46.303272],[14.608722,46.303053],[14.608745,46.30291],[14.608854,46.302717],[14.608976,46.302548],[14.609219,46.302372],[14.609388,46.302215],[14.609529,46.302054],[14.610105,46.301158],[14.610257,46.300902],[14.610296,46.300719],[14.610299,46.300422],[14.610334,46.300185],[14.610395,46.300035],[14.610706,46.299735],[14.610784,46.299566],[14.610809,46.299191],[14.610849,46.299101],[14.610923,46.299027],[14.611332,46.298811],[14.611652,46.29868],[14.612223,46.298569],[14.612357,46.298489],[14.612543,46.298353],[14.612595,46.298233],[14.612625,46.298111],[14.612609,46.297507],[14.612613,46.297341],[14.612661,46.297251],[14.612883,46.296937],[14.613017,46.296681],[14.613042,46.296526],[14.613038,46.296347],[14.613083,46.296181],[14.613241,46.295999],[14.613339,46.295902],[14.613956,46.295514],[14.614624,46.294757],[14.61471,46.294599],[14.614656,46.294157],[14.614653,46.293901],[14.614707,46.293698],[14.614835,46.293104],[14.615021,46.292549],[14.615233,46.292128],[14.615388,46.29196],[14.615581,46.291792],[14.615672,46.291628],[14.615712,46.291491],[14.615703,46.291376],[14.615591,46.291149],[14.615549,46.291017],[14.615556,46.290864],[14.615655,46.290682],[14.615849,46.290379],[14.616127,46.290181],[14.616304,46.290021],[14.616379,46.289863],[14.616394,46.289747],[14.616347,46.289619],[14.616233,46.289458],[14.616111,46.28929],[14.615844,46.288786],[14.615831,46.28865],[14.615879,46.288532],[14.615993,46.28839],[14.616309,46.288161],[14.616742,46.287907],[14.617152,46.287646],[14.617478,46.287415],[14.617671,46.287227],[14.617743,46.287104],[14.617831,46.286942],[14.617864,46.286783],[14.617875,46.286652],[14.617796,46.28643],[14.617447,46.285927],[14.617112,46.285448],[14.616931,46.285208],[14.616579,46.284875],[14.616058,46.284399],[14.61594,46.284291],[14.615827,46.284198],[14.615723,46.284054],[14.615594,46.283786],[14.615424,46.282823],[14.61532,46.282127],[14.615261,46.281842],[14.615219,46.281612],[14.615108,46.281061],[14.615065,46.28095],[14.614947,46.280746],[14.614834,46.280602],[14.614747,46.28051],[14.614552,46.280356],[14.614362,46.280209],[14.614238,46.280094],[14.614219,46.279978],[14.614255,46.279887],[14.614362,46.279755],[14.614477,46.279648],[14.614494,46.279632],[14.614652,46.279509],[14.61476,46.279365],[14.614814,46.279236],[14.614845,46.279064],[14.61479,46.278785],[14.614728,46.27866],[14.614598,46.278376],[14.61403,46.277552],[14.613846,46.277304],[14.613724,46.277174],[14.613529,46.276986],[14.613182,46.276644],[14.613,46.276431],[14.612901,46.27627],[14.61277,46.275984],[14.612707,46.275809],[14.612551,46.275369],[14.61247,46.275172],[14.612204,46.27483],[14.612135,46.27476],[14.611971,46.274639],[14.611796,46.274548],[14.611514,46.274465],[14.611185,46.274376],[14.610929,46.274263],[14.610796,46.274174],[14.610677,46.274069],[14.610583,46.273952],[14.610544,46.273844],[14.610457,46.273713],[14.610343,46.273614],[14.610104,46.273504],[14.609611,46.273387],[14.609455,46.27335],[14.608903,46.273218],[14.608397,46.273087],[14.608226,46.273031],[14.608044,46.272955],[14.607873,46.272822],[14.607622,46.27257],[14.606915,46.271813],[14.606744,46.271612],[14.60665,46.271476],[14.606621,46.27143],[14.606586,46.271363],[14.606521,46.271207],[14.606393,46.270792],[14.606318,46.270531],[14.606195,46.270067],[14.606132,46.269865],[14.606054,46.269666],[14.605947,46.269473],[14.605827,46.269291],[14.605686,46.269128],[14.605561,46.26899],[14.605365,46.268831],[14.604469,46.26824],[14.604002,46.267911],[14.603863,46.267753],[14.603779,46.26759],[14.603681,46.266826],[14.603601,46.266245],[14.603527,46.26556],[14.603382,46.265497],[14.603272,46.265435],[14.603172,46.265361],[14.603127,46.265311],[14.603088,46.265267],[14.603018,46.265174],[14.602957,46.265049],[14.602943,46.264912],[14.602953,46.264745],[14.602973,46.26464],[14.603031,46.26442],[14.603087,46.264273],[14.603182,46.264107],[14.603342,46.26388],[14.603569,46.263601],[14.60398,46.263124],[14.604106,46.262975],[14.604114,46.262962],[14.60421,46.262816],[14.604286,46.26264],[14.604347,46.262447],[14.604477,46.262003],[14.60457,46.261795],[14.604633,46.261672],[14.604796,46.261369],[14.604906,46.261159],[14.604978,46.26101],[14.605069,46.260806],[14.605137,46.26062],[14.605157,46.260493],[14.605149,46.260361],[14.605118,46.260258],[14.605074,46.260154],[14.605017,46.260073],[14.604917,46.259953],[14.604855,46.259882],[14.604695,46.259732],[14.604541,46.259593],[14.604395,46.259425],[14.604314,46.259272],[14.604234,46.259102],[14.604136,46.258951],[14.604064,46.258859],[14.603982,46.258733],[14.603938,46.258688],[14.603714,46.258453],[14.603557,46.258261],[14.603501,46.25815],[14.603483,46.258065],[14.603469,46.25794],[14.603485,46.257873],[14.603549,46.257674],[14.603608,46.257485],[14.603665,46.257301],[14.603689,46.257222],[14.603704,46.257176],[14.603749,46.256989],[14.603776,46.256851],[14.603783,46.256657],[14.603756,46.256468],[14.60371,46.256314],[14.603658,46.256185],[14.603572,46.256029],[14.603357,46.255713],[14.602925,46.255106],[14.602731,46.254838],[14.602664,46.254747],[14.602394,46.254366],[14.602274,46.254197],[14.602197,46.25406],[14.602148,46.253959],[14.602116,46.253865],[14.6021,46.25378],[14.602088,46.253637],[14.602093,46.253553],[14.602124,46.253132],[14.602118,46.25296],[14.60209,46.252734],[14.602048,46.252399],[14.602001,46.252053],[14.601921,46.25139],[14.6019,46.251097],[14.601891,46.250898],[14.601884,46.25071],[14.601888,46.250557],[14.601908,46.25041],[14.601946,46.250227],[14.601991,46.250059],[14.602026,46.249928],[14.602109,46.249608],[14.602148,46.249433],[14.602168,46.249237],[14.602159,46.249071],[14.602111,46.248853],[14.602082,46.24868],[14.602042,46.248521],[14.601996,46.24833],[14.60177,46.247461],[14.601733,46.247298],[14.601698,46.247124],[14.601657,46.246914],[14.601644,46.246725],[14.601641,46.246363],[14.601655,46.245933],[14.601687,46.2458],[14.601746,46.245677],[14.601821,46.245576],[14.602243,46.245092],[14.602492,46.244809],[14.602581,46.244697],[14.602706,46.244499],[14.602794,46.244375],[14.602881,46.244285],[14.602923,46.244247],[14.602949,46.244223],[14.603149,46.244098],[14.603293,46.244026],[14.603532,46.243917],[14.603844,46.243791],[14.604044,46.243726],[14.604203,46.243651],[14.604364,46.243541],[14.604464,46.243462],[14.604538,46.243384],[14.604613,46.243261],[14.604672,46.243114],[14.604698,46.243032],[14.604711,46.242885],[14.604709,46.242719],[14.604643,46.242212],[14.604607,46.2418],[14.604566,46.241238],[14.604566,46.241015],[14.604606,46.240779],[14.604686,46.240549],[14.604802,46.240262],[14.605217,46.239269],[14.605496,46.238645],[14.605627,46.238409],[14.605692,46.238312],[14.605727,46.23826],[14.605881,46.238066],[14.606049,46.23789],[14.606254,46.237712],[14.608089,46.236228],[14.608659,46.235762],[14.608865,46.235585],[14.609017,46.235429],[14.60912,46.235303],[14.609227,46.235146],[14.609334,46.234964],[14.60942,46.234776],[14.609462,46.234626],[14.609492,46.234389],[14.609547,46.23404],[14.609608,46.233664],[14.609653,46.233465],[14.609703,46.233305],[14.609799,46.233103],[14.609965,46.232787],[14.610366,46.232073],[14.610703,46.231453],[14.610772,46.231283],[14.610891,46.230941],[14.610911,46.230835],[14.610927,46.230745],[14.610871,46.230736],[14.610821,46.230717],[14.61078,46.230688],[14.610752,46.230654],[14.610739,46.230615],[14.610743,46.230572],[14.610765,46.230532],[14.610802,46.230499],[14.610853,46.230474],[14.610912,46.230461],[14.610973,46.230461],[14.611029,46.230472],[14.611078,46.230493],[14.611117,46.230523],[14.611142,46.230559],[14.611151,46.230598],[14.611533,46.230599],[14.611912,46.230591],[14.611978,46.230591],[14.612044,46.23059],[14.612936,46.230589],[14.613037,46.230582],[14.613103,46.230552],[14.613159,46.2305],[14.613186,46.23045],[14.613226,46.230364],[14.613324,46.230201],[14.613441,46.230046],[14.613688,46.229724],[14.61388,46.22947],[14.613972,46.229343],[14.614193,46.229039],[14.614432,46.228622],[14.614477,46.228543],[14.614514,46.228467],[14.614728,46.228015],[14.61515,46.226926],[14.615286,46.226568],[14.61534,46.226449],[14.615403,46.226309],[14.61549,46.226117],[14.615504,46.226078],[14.615527,46.226024],[14.61548,46.226003],[14.615325,46.225929],[14.615161,46.225841],[14.615077,46.225783],[14.614989,46.225714],[14.614839,46.225558],[14.614702,46.225423],[14.614631,46.22533],[14.614482,46.225136],[14.614087,46.224599],[14.613703,46.224074],[14.61352,46.223873],[14.613011,46.223379],[14.612475,46.222919],[14.612153,46.22265],[14.611854,46.222404],[14.611503,46.222127],[14.611258,46.221909],[14.611056,46.221705],[14.610809,46.221412],[14.610629,46.221111],[14.610488,46.220799],[14.610453,46.22071],[14.610419,46.220624],[14.610368,46.22046],[14.610287,46.220136],[14.610256,46.219811],[14.61024,46.219368],[14.61024,46.219212],[14.610193,46.218915],[14.610132,46.218727],[14.610038,46.218518],[14.609877,46.218245],[14.609708,46.218026],[14.609462,46.217692],[14.609311,46.217488],[14.608959,46.216914],[14.608802,46.216537],[14.608629,46.21605],[14.608557,46.215735],[14.608506,46.215414],[14.608495,46.215298],[14.608476,46.214373],[14.608471,46.213973],[14.60847,46.213864],[14.608469,46.213801],[14.608471,46.213719],[14.608482,46.213387],[14.608486,46.213247],[14.608488,46.213083],[14.608497,46.212215],[14.608477,46.211997],[14.608442,46.211678],[14.608409,46.211528],[14.60825,46.211078],[14.608139,46.210818],[14.607982,46.210533],[14.607845,46.210335],[14.607806,46.210273],[14.607669,46.210103],[14.607281,46.209674],[14.606897,46.209321],[14.606561,46.209038],[14.606379,46.208885],[14.606184,46.208717],[14.605931,46.208476],[14.605671,46.208185],[14.605511,46.207998],[14.605297,46.207707],[14.605079,46.207342],[14.604602,46.206512],[14.604366,46.206213],[14.604287,46.206124],[14.604266,46.206123],[14.604209,46.206107],[14.604162,46.20608],[14.604129,46.206044],[14.604113,46.206002],[14.604115,46.205978],[14.604116,46.20596],[14.604139,46.205919],[14.604132,46.205808],[14.60404,46.205555],[14.603921,46.205347],[14.603769,46.205076],[14.603575,46.204723],[14.60305,46.203817],[14.602462,46.202828],[14.602138,46.202256],[14.601641,46.201423],[14.601309,46.200922],[14.601033,46.200485],[14.600803,46.200105],[14.600696,46.199989],[14.60067,46.19998],[14.600648,46.199967],[14.600633,46.19995],[14.600623,46.199929],[14.600623,46.199908],[14.600631,46.199887],[14.600529,46.199733],[14.600338,46.199519],[14.600126,46.199331],[14.599922,46.199165],[14.59984,46.199084],[14.599559,46.198915],[14.59924,46.198763],[14.598959,46.198655],[14.598741,46.198584],[14.598476,46.198512],[14.598376,46.198492],[14.598142,46.198444],[14.597877,46.1984],[14.597588,46.198372],[14.597384,46.198358],[14.597051,46.19836],[14.59667,46.198372],[14.596185,46.198401],[14.596035,46.198412],[14.595921,46.198422],[14.595583,46.198448],[14.59493,46.19851],[14.594182,46.198579],[14.59421,46.198643],[14.594209,46.19871],[14.594179,46.198774],[14.594123,46.198828],[14.594056,46.198865],[14.593976,46.198888],[14.593891,46.198896],[14.593806,46.198887],[14.593755,46.19887],[14.593703,46.198852],[14.59366,46.19882],[14.593625,46.198794],[14.593581,46.19872],[14.593578,46.19864],[14.593608,46.198577],[14.593663,46.198522],[14.59374,46.198481],[14.59383,46.198458],[14.593825,46.198354],[14.593809,46.198249],[14.593775,46.197965],[14.593774,46.197944],[14.593769,46.197898],[14.593747,46.197679],[14.593748,46.197502],[14.59378,46.197319],[14.593835,46.197072],[14.59393,46.196849],[14.594461,46.195787],[14.594524,46.195651],[14.594652,46.195336],[14.594708,46.19513],[14.59473,46.194963],[14.594738,46.194773],[14.594717,46.194548],[14.594686,46.194268],[14.594641,46.193941],[14.594635,46.193666],[14.594655,46.19319],[14.594666,46.193045],[14.594747,46.192476],[14.594774,46.192251],[14.594782,46.192178],[14.594794,46.191985],[14.594779,46.191856],[14.594762,46.191674],[14.594739,46.191522],[14.594692,46.191351],[14.594639,46.191214],[14.594602,46.191098],[14.59457,46.190989],[14.594543,46.190874],[14.594524,46.190723],[14.59453,46.190537],[14.594542,46.190364],[14.594586,46.190036],[14.594605,46.189898],[14.594638,46.189677],[14.594644,46.189626],[14.594653,46.189559],[14.594713,46.189189],[14.594762,46.188961],[14.594795,46.188809],[14.594843,46.188563],[14.594872,46.188357],[14.594889,46.188241],[14.594905,46.188054],[14.594916,46.187737],[14.594929,46.187502],[14.594932,46.187222],[14.594935,46.187147],[14.594924,46.186824],[14.594921,46.18675],[14.594922,46.186721],[14.594929,46.186463],[14.594946,46.18626],[14.594961,46.186108],[14.594995,46.185822],[14.595051,46.185469],[14.595122,46.185025],[14.595144,46.184781],[14.595216,46.184353],[14.59529,46.183642],[14.595303,46.183464],[14.595306,46.183406],[14.5953,46.183059],[14.595269,46.182604],[14.595216,46.18222],[14.595124,46.181683],[14.595051,46.181316],[14.59494,46.180822],[14.594705,46.179554],[14.594606,46.179023],[14.594584,46.178908],[14.594521,46.178574],[14.594505,46.178491],[14.594471,46.178286],[14.59443,46.178066],[14.594401,46.177798],[14.594362,46.177323],[14.594339,46.177117],[14.594281,46.17659],[14.594236,46.176208],[14.594231,46.175989],[14.594248,46.175752],[14.594287,46.175547],[14.594359,46.175307],[14.594453,46.175084],[14.594546,46.174901],[14.594656,46.1747],[14.594801,46.174433],[14.594877,46.17426],[14.594917,46.174096],[14.595027,46.17353],[14.59511,46.1731],[14.595164,46.172814],[14.595233,46.172451],[14.595287,46.17208],[14.595304,46.171897],[14.595317,46.171714],[14.595316,46.171476],[14.595297,46.171233],[14.595291,46.171135],[14.595253,46.170865],[14.595216,46.17072],[14.5952,46.170634],[14.595149,46.17046],[14.59507,46.170235],[14.594995,46.170023],[14.594972,46.169926],[14.594893,46.169562],[14.594863,46.169431],[14.594762,46.168986],[14.594712,46.168726],[14.594646,46.168447],[14.594606,46.168229],[14.594573,46.167925],[14.594567,46.167789],[14.594546,46.167241],[14.59439,46.166504],[14.59431,46.166131],[14.594189,46.165574],[14.594169,46.16548],[14.594111,46.165201],[14.594086,46.165072],[14.593995,46.164657],[14.593932,46.164415],[14.593701,46.163429],[14.593616,46.163058],[14.593605,46.163013],[14.593552,46.162808],[14.593528,46.162705],[14.593498,46.162573],[14.593483,46.16243],[14.593462,46.162076],[14.593447,46.161813],[14.593435,46.161512],[14.593372,46.161002],[14.593348,46.160817],[14.593342,46.160773],[14.593279,46.160419],[14.593277,46.160358],[14.593243,46.160166],[14.593188,46.159775],[14.59315,46.159503],[14.593133,46.159345],[14.593103,46.158984],[14.593067,46.158458],[14.59304,46.158108],[14.593034,46.157785],[14.593037,46.157693],[14.593062,46.156778],[14.593037,46.156264],[14.593013,46.155925],[14.593006,46.155814],[14.592959,46.155179],[14.592932,46.154818],[14.592931,46.15462],[14.592923,46.154461],[14.592922,46.154346],[14.592925,46.154084],[14.592933,46.153668],[14.593002,46.151949],[14.592962,46.151542],[14.592956,46.151482],[14.592864,46.150887],[14.59281,46.150583],[14.59276,46.1503],[14.592711,46.149898],[14.592685,46.149599],[14.592676,46.149056],[14.592677,46.148891],[14.592667,46.1479],[14.59268,46.147255],[14.592721,46.146963],[14.592812,46.146676],[14.592932,46.146393],[14.5931,46.146127],[14.5931,46.146126],[14.593426,46.145587],[14.593499,46.145455],[14.593615,46.145268],[14.593631,46.145234],[14.59366,46.145167],[14.593929,46.144433],[14.593976,46.1443],[14.594057,46.144027],[14.594165,46.143556],[14.594275,46.143007],[14.594309,46.142865],[14.594393,46.142519],[14.59443,46.142265],[14.594399,46.142229],[14.594399,46.142155],[14.594373,46.142071],[14.594364,46.142038],[14.594323,46.142015],[14.594301,46.14199],[14.594289,46.141963],[14.594288,46.141934],[14.594298,46.141906],[14.59432,46.14188],[14.594351,46.14186],[14.594358,46.141736],[14.594335,46.141548],[14.594298,46.141345],[14.594324,46.141301],[14.594246,46.140813],[14.594232,46.14072],[14.594177,46.140285],[14.594116,46.139926],[14.594094,46.139692],[14.5941,46.139589],[14.594106,46.13947],[14.594118,46.139338],[14.594135,46.139072],[14.594143,46.138841],[14.594126,46.138621],[14.594077,46.138406],[14.594057,46.13831],[14.593995,46.138022],[14.593959,46.137848],[14.593954,46.13769],[14.593958,46.137467],[14.593982,46.137247],[14.593992,46.1372],[14.594021,46.137064],[14.594075,46.13677],[14.594128,46.136439],[14.594376,46.134979],[14.594585,46.134026],[14.594606,46.133929],[14.594674,46.133623],[14.594709,46.133491],[14.594841,46.133047],[14.594889,46.132885],[14.595035,46.132186],[14.595078,46.131947],[14.595112,46.131663],[14.595136,46.131272],[14.59512,46.130858],[14.595061,46.130225],[14.595044,46.130033],[14.59501,46.129537],[14.595006,46.129455],[14.594981,46.128716],[14.594964,46.127854],[14.594955,46.127575],[14.594936,46.127353],[14.594889,46.126851],[14.594855,46.126648],[14.594826,46.126492],[14.594802,46.126396],[14.594705,46.126044],[14.594514,46.125366],[14.594497,46.125304],[14.594141,46.124044],[14.594113,46.123951],[14.593955,46.123423],[14.59381,46.123081],[14.593631,46.12273],[14.593355,46.122307],[14.593193,46.122098],[14.59307,46.121892],[14.592962,46.121657],[14.592849,46.121338],[14.592584,46.120314],[14.592403,46.119203],[14.592231,46.118285],[14.592141,46.117739],[14.592123,46.117523],[14.592119,46.117285],[14.592178,46.116032],[14.592203,46.115787],[14.59231,46.114721],[14.592413,46.113838],[14.592458,46.113514],[14.592532,46.113012],[14.592535,46.112986],[14.592578,46.112691],[14.592586,46.112606],[14.592592,46.112512],[14.592604,46.112285],[14.592603,46.112164],[14.592591,46.111907],[14.592584,46.111829],[14.592562,46.111671],[14.592515,46.111382],[14.592503,46.111324],[14.592376,46.110604],[14.592306,46.110086],[14.592233,46.109176],[14.592222,46.10883],[14.592218,46.108418],[14.592232,46.108119],[14.592246,46.107822],[14.592277,46.107464],[14.592282,46.107404],[14.592303,46.107219],[14.592324,46.107029],[14.59236,46.106798],[14.592391,46.10665],[14.592411,46.106547],[14.592475,46.106287],[14.592521,46.106093],[14.592587,46.105835],[14.592621,46.105706],[14.592642,46.105586],[14.592649,46.10552],[14.592655,46.105336],[14.592639,46.105159],[14.592611,46.105032],[14.592606,46.105009],[14.592565,46.104893],[14.592501,46.104752],[14.592354,46.104502],[14.592223,46.104316],[14.592085,46.104135],[14.591762,46.103729],[14.591662,46.10359],[14.591563,46.103425],[14.591472,46.103256],[14.591348,46.103004],[14.591188,46.102689],[14.591076,46.102479],[14.590948,46.102282],[14.59084,46.10212],[14.59081,46.102091],[14.590625,46.101845],[14.590602,46.101814],[14.590233,46.101406],[14.58971,46.10086],[14.589673,46.100823],[14.589415,46.100564],[14.589081,46.100187],[14.588795,46.099864],[14.588507,46.099557],[14.588196,46.099264],[14.588057,46.099135],[14.587923,46.098995],[14.58756,46.098626],[14.587157,46.098199],[14.587082,46.098108],[14.587014,46.09803],[14.586937,46.097931],[14.586881,46.097878],[14.586761,46.097745],[14.586649,46.097624],[14.586317,46.097301],[14.586203,46.097188],[14.585981,46.096955],[14.585602,46.096569],[14.585225,46.096188],[14.585115,46.096072],[14.584987,46.095936],[14.584898,46.095827],[14.58489,46.095816],[14.584832,46.095729],[14.584779,46.095635],[14.584742,46.095552],[14.584697,46.095424],[14.584612,46.09515],[14.58459,46.095073],[14.584518,46.094817],[14.584423,46.094543],[14.584377,46.094417],[14.584217,46.093986],[14.584184,46.093898],[14.584113,46.093704],[14.584,46.093427],[14.583521,46.092349],[14.583395,46.092064],[14.583302,46.091855],[14.583271,46.091786],[14.583174,46.091539],[14.583128,46.091434],[14.583081,46.091306],[14.583544,46.091308],[14.583807,46.09131],[14.584604,46.091332],[14.585049,46.091343],[14.585527,46.091325],[14.585938,46.09132],[14.586037,46.091293],[14.586102,46.09127],[14.586138,46.09125],[14.586164,46.091232],[14.586206,46.091189],[14.586224,46.091165],[14.586247,46.091105],[14.58626,46.091032],[14.586161,46.09072],[14.586076,46.0904],[14.58589,46.089694],[14.585807,46.089389],[14.585732,46.08915],[14.585552,46.088693],[14.585574,46.088575],[14.585302,46.087962],[14.584988,46.08726],[14.584432,46.085978],[14.584109,46.085275],[14.583602,46.084135],[14.583082,46.082959],[14.582572,46.081822],[14.582038,46.080617],[14.581629,46.079701],[14.581312,46.078987],[14.580007,46.07601],[14.579553,46.07503],[14.578796,46.073285],[14.578268,46.072027],[14.577997,46.071347],[14.577567,46.070262],[14.57721,46.069326],[14.576978,46.068708],[14.57675,46.068083],[14.576581,46.067613],[14.575983,46.06589],[14.575826,46.06542],[14.575597,46.06474],[14.5755,46.064448],[14.575176,46.063472],[14.574925,46.062725],[14.574751,46.062208],[14.574547,46.061588],[14.574362,46.061005],[14.574257,46.060694],[14.574166,46.060393],[14.573995,46.059793],[14.573915,46.059492],[14.573794,46.05898],[14.573732,46.058676],[14.573707,46.058519],[14.573677,46.058372],[14.573627,46.058061],[14.573589,46.057759],[14.573556,46.057412],[14.573519,46.056675],[14.573536,46.056032],[14.573574,46.055554],[14.573636,46.055074],[14.573707,46.054651],[14.573949,46.053683],[14.574204,46.052698],[14.574427,46.051837],[14.57476,46.050619],[14.575015,46.049674],[14.575211,46.048944],[14.575308,46.048593],[14.575436,46.048127],[14.575506,46.047851],[14.575631,46.04739],[14.57573,46.047026],[14.575943,46.046299],[14.576123,46.045616],[14.576477,46.044258],[14.576561,46.04378],[14.576601,46.043475],[14.576618,46.043266],[14.576632,46.042947],[14.57663,46.042629],[14.576613,46.04231],[14.576578,46.041992],[14.576529,46.041677],[14.57646,46.041365],[14.576377,46.04105],[14.57628,46.040737],[14.576164,46.040428],[14.576101,46.040273],[14.576012,46.040074],[14.575868,46.03981],[14.575708,46.039532],[14.575529,46.039237],[14.575311,46.038907],[14.575103,46.038621],[14.575006,46.038492],[14.574915,46.038381],[14.57471,46.038143],[14.574264,46.037652],[14.57317,46.036473],[14.572922,46.036202],[14.572682,46.03593],[14.572449,46.035654],[14.572226,46.035379],[14.572004,46.035095],[14.571694,46.034665],[14.571493,46.034373],[14.571296,46.034071],[14.571044,46.033643],[14.570837,46.033275],[14.57035,46.032403],[14.569827,46.031462],[14.569254,46.030419],[14.568314,46.028735],[14.567688,46.027607],[14.567122,46.026599],[14.56684,46.026127],[14.566563,46.025689],[14.566165,46.025105],[14.565948,46.024805],[14.565788,46.024601],[14.565355,46.024061],[14.565018,46.023673],[14.564806,46.023443],[14.5646,46.023218],[14.564336,46.022946],[14.563861,46.022478],[14.563626,46.02226],[14.563465,46.022114],[14.563151,46.021843],[14.562366,46.021156],[14.561622,46.020593],[14.560735,46.019885],[14.560188,46.019461],[14.559545,46.018927],[14.559059,46.018438],[14.558686,46.018058],[14.55839,46.017732],[14.557984,46.017123],[14.557683,46.016629],[14.557472,46.016285],[14.557196,46.015717],[14.557144,46.015618],[14.557079,46.015463],[14.557021,46.015306],[14.556977,46.015148],[14.556946,46.014985],[14.556936,46.014827],[14.556948,46.014664],[14.556973,46.014494],[14.557028,46.014291],[14.557087,46.014137],[14.557166,46.013982],[14.557262,46.013827],[14.557364,46.013693],[14.557492,46.013552],[14.557628,46.01342],[14.557766,46.013307],[14.557957,46.013178],[14.558149,46.013064],[14.558376,46.012945],[14.558577,46.012856],[14.558776,46.01278],[14.558982,46.01271],[14.559196,46.012644],[14.559411,46.012582],[14.560273,46.01235],[14.56072,46.012227],[14.56115,46.012102],[14.561574,46.011969],[14.561998,46.011815],[14.562408,46.01165],[14.562804,46.011467],[14.563373,46.011185],[14.563853,46.010903],[14.564163,46.010721],[14.564529,46.010427],[14.565356,46.009683],[14.566167,46.008779],[14.566988,46.007708],[14.567351,46.007297],[14.56761,46.007031],[14.567863,46.006803],[14.568112,46.006595],[14.568514,46.006288],[14.568967,46.005974],[14.569435,46.005708],[14.569885,46.005461],[14.570471,46.005183],[14.571496,46.004739],[14.572615,46.004311],[14.574721,46.003641],[14.578117,46.002806],[14.579393,46.002427],[14.580393,46.002024],[14.580588,46.001923],[14.581187,46.001612],[14.582134,46.001023],[14.583072,46.000319],[14.584361,45.999008],[14.584902,45.998451],[14.5856,45.997828],[14.586525,45.997171],[14.587503,45.996578],[14.588345,45.996101],[14.589302,45.995438],[14.590181,45.994667],[14.590681,45.994151],[14.591064,45.993646],[14.591402,45.993175],[14.592156,45.991967],[14.592981,45.99061],[14.593639,45.989587],[14.594331,45.988573],[14.595127,45.987472],[14.595389,45.987131],[14.595652,45.986789],[14.59616,45.986163],[14.596686,45.985529],[14.597398,45.984696],[14.597773,45.984292],[14.598263,45.983806],[14.598808,45.983301],[14.599387,45.982801],[14.599995,45.982309],[14.600766,45.981745],[14.601823,45.981042],[14.602383,45.980708],[14.603299,45.980197],[14.604044,45.979821],[14.604954,45.979397],[14.605982,45.978958],[14.607416,45.97842],[14.608338,45.978113],[14.609245,45.977847],[14.609447,45.977787],[14.610636,45.977483],[14.612092,45.977163],[14.612944,45.97698],[14.613974,45.976745],[14.614635,45.976581],[14.615252,45.976413],[14.61631,45.976099],[14.616945,45.975901],[14.618717,45.975348],[14.619933,45.974998],[14.620833,45.974776],[14.621099,45.974718],[14.623906,45.97411],[14.624386,45.973991],[14.624911,45.973851],[14.625232,45.973758],[14.625996,45.9735],[14.626326,45.973379],[14.626689,45.97323],[14.627104,45.973046],[14.627479,45.972867],[14.628011,45.97259],[14.629893,45.97158],[14.630667,45.971197],[14.63108,45.971011],[14.631517,45.970823],[14.631774,45.970717],[14.632161,45.970568],[14.632591,45.97043],[14.63288,45.970337],[14.633374,45.970196],[14.633826,45.970089],[14.634231,45.969999],[14.634683,45.969902],[14.63506,45.969833],[14.635463,45.969776],[14.635877,45.969726],[14.63617,45.969693],[14.636327,45.969678],[14.636465,45.969665],[14.636816,45.969645],[14.637508,45.969616],[14.63822,45.969614],[14.639274,45.96961],[14.640792,45.969643],[14.641661,45.969632],[14.641958,45.969621],[14.64251,45.969601],[14.64379,45.969472],[14.646136,45.969152],[14.647021,45.969054],[14.647814,45.96899],[14.648567,45.968963],[14.649999,45.96897],[14.651644,45.968993],[14.652988,45.968984],[14.654275,45.968937],[14.656476,45.968845],[14.656679,45.968842],[14.65736,45.968835],[14.658195,45.968866],[14.659077,45.968909],[14.659712,45.968971],[14.660469,45.969056],[14.66118,45.969167],[14.661863,45.969279],[14.662556,45.96942],[14.663235,45.969586],[14.66425,45.969867],[14.665131,45.97015],[14.666007,45.970473],[14.666637,45.97073],[14.667293,45.970997],[14.669108,45.971777],[14.669831,45.972013],[14.670398,45.97217],[14.671199,45.972307],[14.671833,45.972362],[14.67239,45.97239],[14.672534,45.972392],[14.672945,45.97239],[14.673366,45.972367],[14.673874,45.972319],[14.674335,45.972233],[14.674859,45.972102],[14.675297,45.971959],[14.675764,45.971792],[14.676858,45.971385],[14.677367,45.971214],[14.677919,45.971047],[14.678559,45.970907],[14.679127,45.970814],[14.679843,45.970713],[14.680494,45.970618],[14.681017,45.970523],[14.681367,45.970444],[14.681772,45.970327],[14.682187,45.97018],[14.682453,45.970058],[14.682775,45.969894],[14.683177,45.969646],[14.683386,45.969504],[14.683704,45.969291],[14.684308,45.968879],[14.684874,45.968543],[14.685172,45.968404],[14.685403,45.968301],[14.685748,45.968179],[14.686294,45.967994],[14.68673,45.967886],[14.687276,45.967767],[14.687781,45.967651],[14.688203,45.967533],[14.688646,45.967388],[14.689003,45.967247],[14.689927,45.96684],[14.690327,45.966682],[14.690788,45.966523],[14.691137,45.966428],[14.6915,45.966339],[14.691826,45.966286],[14.692164,45.966242],[14.692533,45.966216],[14.692931,45.96621],[14.693288,45.966216],[14.693706,45.966245],[14.694091,45.966294],[14.69479,45.966439],[14.695443,45.9666],[14.696103,45.966742],[14.696679,45.966824],[14.697145,45.966854],[14.697789,45.966856],[14.698825,45.966801],[14.699754,45.966769],[14.700336,45.966779],[14.700884,45.966808],[14.701771,45.966896],[14.702584,45.966974],[14.703134,45.966995],[14.70361,45.966978],[14.704249,45.966913],[14.704738,45.966813],[14.705302,45.966663],[14.705844,45.966478],[14.706241,45.966286],[14.706627,45.966074],[14.706941,45.965845],[14.707354,45.965416],[14.707787,45.964965],[14.708403,45.964233],[14.708805,45.963816],[14.709216,45.96346],[14.709628,45.96317],[14.710052,45.962944],[14.710548,45.96272],[14.711169,45.96249],[14.711731,45.962343],[14.712194,45.962251],[14.712765,45.962182],[14.713262,45.962149],[14.713832,45.962155],[14.71536,45.962186],[14.716056,45.962172],[14.716441,45.962154],[14.716803,45.962115],[14.717723,45.961981],[14.718595,45.96182],[14.719194,45.961724],[14.719764,45.961666],[14.720358,45.961615],[14.722197,45.961556],[14.72287,45.961488],[14.723537,45.961389],[14.724284,45.961218],[14.724925,45.960993],[14.725515,45.960723],[14.726089,45.960419],[14.726859,45.960038],[14.727256,45.959865],[14.727656,45.959705],[14.72796,45.959608],[14.728341,45.959501],[14.728723,45.959428],[14.729025,45.959377],[14.729287,45.959346],[14.729589,45.95932],[14.729953,45.959314],[14.730403,45.959337],[14.730755,45.959374],[14.731028,45.959411],[14.731364,45.959476],[14.731663,45.959525],[14.732293,45.959679],[14.732915,45.959819],[14.733371,45.959919],[14.733828,45.960005],[14.734194,45.960052],[14.734643,45.960084],[14.734962,45.960098],[14.735512,45.960097],[14.735967,45.960077],[14.736775,45.960014],[14.737111,45.959971],[14.737517,45.959901],[14.738321,45.959718],[14.738648,45.959638],[14.738905,45.959566],[14.739217,45.959478],[14.739557,45.959374],[14.741265,45.958851],[14.742132,45.958617],[14.743038,45.958376],[14.74547,45.957799],[14.746487,45.957541],[14.747611,45.957205],[14.748405,45.95693],[14.74927,45.956597],[14.750383,45.956152],[14.751494,45.955634],[14.751835,45.955472],[14.752815,45.954933],[14.753998,45.954275],[14.755346,45.95346],[14.756412,45.952756],[14.757544,45.951949],[14.758707,45.95106],[14.759404,45.950528],[14.760088,45.950061],[14.760624,45.949735],[14.761143,45.949455],[14.76195,45.949072],[14.762697,45.948765],[14.763338,45.948539],[14.764015,45.948334],[14.764861,45.948121],[14.765284,45.948031],[14.765714,45.947949],[14.766379,45.947843],[14.767501,45.947722],[14.769398,45.947579],[14.770284,45.947506],[14.771149,45.947406],[14.771791,45.947309],[14.77242,45.947186],[14.773055,45.947037],[14.773664,45.946865],[14.774247,45.946684],[14.774759,45.946496],[14.775446,45.946216],[14.775997,45.945959],[14.776574,45.945656],[14.777061,45.945373],[14.777569,45.94504],[14.777884,45.94482],[14.778105,45.94465],[14.778388,45.944423],[14.778658,45.944193],[14.778953,45.943921],[14.779221,45.943651],[14.779453,45.943401],[14.779672,45.943145],[14.779873,45.942895],[14.780061,45.942642],[14.780347,45.942205],[14.780602,45.941761],[14.781154,45.940525],[14.781284,45.940206],[14.781483,45.939753],[14.781677,45.939375],[14.781874,45.939039],[14.782067,45.938749],[14.782387,45.93833],[14.782621,45.938068],[14.78312,45.937582],[14.783608,45.937192],[14.783907,45.936989],[14.784166,45.936825],[14.784598,45.936574],[14.78517,45.936267],[14.785759,45.935978],[14.786748,45.935581],[14.787419,45.935375],[14.788063,45.935212],[14.788781,45.935038],[14.789495,45.934888],[14.790866,45.934624],[14.791701,45.934496],[14.792593,45.934365],[14.793968,45.934225],[14.795357,45.934113],[14.796263,45.934092],[14.797381,45.934125],[14.798193,45.934189],[14.798945,45.934262],[14.80071,45.934443],[14.801596,45.934521],[14.802952,45.934605],[14.803521,45.934638],[14.804198,45.934664],[14.805801,45.934717],[14.807403,45.934741],[14.809625,45.934757],[14.811075,45.934742],[14.811922,45.934718],[14.813038,45.934681],[14.814116,45.934615],[14.814876,45.934544],[14.815709,45.934441],[14.816574,45.934311],[14.817773,45.934096],[14.818229,45.934023],[14.818513,45.933968],[14.819722,45.933755],[14.82093,45.93357],[14.821557,45.933494],[14.822052,45.933441],[14.822711,45.933388],[14.823358,45.933358],[14.824218,45.933362],[14.824937,45.933386],[14.825792,45.933466],[14.826651,45.933576],[14.828055,45.933846],[14.829947,45.934261],[14.831152,45.934508],[14.832063,45.934649],[14.832911,45.934742],[14.83381,45.934802],[14.834676,45.934809],[14.83515,45.934802],[14.835654,45.934779],[14.836151,45.934736],[14.836649,45.934689],[14.837672,45.934538],[14.838629,45.934344],[14.839362,45.934153],[14.839958,45.933977],[14.840681,45.933727],[14.841127,45.93354],[14.841915,45.933189],[14.842606,45.932824],[14.843098,45.93255],[14.843532,45.93228],[14.845002,45.93133],[14.845633,45.930927],[14.846352,45.9305],[14.84726,45.93003],[14.847765,45.929806],[14.848227,45.929613],[14.848947,45.929347],[14.849595,45.929139],[14.850398,45.928903],[14.85129,45.928697],[14.852333,45.928501],[14.853826,45.928247],[14.855422,45.927975],[14.855751,45.927919],[14.857122,45.92768],[14.858169,45.927468],[14.859161,45.927253],[14.860842,45.926839],[14.862478,45.926441],[14.863433,45.926233],[14.864411,45.926047],[14.865092,45.925937],[14.865807,45.925842],[14.867033,45.925716],[14.868099,45.925648],[14.869416,45.925577],[14.870737,45.925515],[14.872047,45.925433],[14.87327,45.925318],[14.874128,45.925215],[14.874957,45.925097],[14.875778,45.924942],[14.876647,45.924755],[14.879316,45.924118],[14.880094,45.923978],[14.880811,45.923853],[14.881671,45.923735],[14.88242,45.923653],[14.88337,45.923578],[14.884216,45.923544],[14.884751,45.92353],[14.885219,45.923534],[14.886377,45.923561],[14.88778,45.923608],[14.888469,45.923632],[14.889415,45.92364],[14.890325,45.923639],[14.891059,45.923617],[14.891716,45.923579],[14.892425,45.923531],[14.893109,45.923469],[14.893735,45.92341],[14.894438,45.923345],[14.894994,45.923313],[14.895549,45.923295],[14.896072,45.923297],[14.897056,45.923359],[14.89792,45.923479],[14.898625,45.923605],[14.899518,45.923838],[14.90051,45.924131],[14.901436,45.924423],[14.902056,45.924586],[14.902468,45.924672],[14.903214,45.924802],[14.903965,45.924903],[14.904754,45.925004],[14.905496,45.92511],[14.905863,45.925178],[14.906221,45.925248],[14.906574,45.925332],[14.907024,45.925452],[14.907389,45.925558],[14.907613,45.925626],[14.907905,45.925735],[14.908311,45.925889],[14.908656,45.92603],[14.909061,45.926229],[14.909518,45.926444],[14.910027,45.926739],[14.910533,45.927051],[14.912057,45.927993],[14.912404,45.928198],[14.912765,45.9284],[14.913037,45.928545],[14.913376,45.928709],[14.913691,45.92887],[14.914067,45.929036],[14.914455,45.929207],[14.914833,45.929354],[14.915163,45.929479],[14.915499,45.929599],[14.915873,45.929731],[14.91628,45.929852],[14.91666,45.929962],[14.917048,45.93007],[14.917465,45.930164],[14.917889,45.930266],[14.918263,45.930336],[14.918679,45.930412],[14.91909,45.930476],[14.919555,45.930541],[14.919925,45.930579],[14.920357,45.930615],[14.920908,45.930631],[14.921291,45.930643],[14.921725,45.930638],[14.922244,45.930634],[14.922649,45.930595],[14.922986,45.930564],[14.923348,45.930522],[14.923797,45.930454],[14.924133,45.930391],[14.924517,45.930317],[14.924838,45.930227],[14.925224,45.930119],[14.925532,45.93002],[14.925861,45.929904],[14.92618,45.929785],[14.926535,45.929637],[14.926889,45.929472],[14.927239,45.929305],[14.927558,45.929132],[14.92783,45.928964],[14.928187,45.928738],[14.928584,45.928435],[14.928901,45.928178],[14.929099,45.92801],[14.929306,45.927823],[14.930429,45.926752],[14.930865,45.926379],[14.931337,45.92603],[14.931617,45.925836],[14.932442,45.925362],[14.932955,45.925111],[14.933617,45.924825],[14.93391,45.924722],[14.93424,45.924607],[14.934329,45.924576],[14.935937,45.924089],[14.937353,45.923687],[14.938336,45.92324],[14.93899,45.922918],[14.939684,45.92253],[14.94036,45.922153],[14.941066,45.921775],[14.941787,45.921462],[14.942611,45.921169],[14.943642,45.920895],[14.944201,45.920789],[14.944741,45.920704],[14.945368,45.920638],[14.945986,45.920579],[14.947458,45.920464],[14.94812,45.920384],[14.948773,45.920271],[14.949544,45.920097],[14.950368,45.919844],[14.950939,45.919628],[14.951413,45.919427],[14.951918,45.919179],[14.952397,45.918904],[14.953034,45.918487],[14.953634,45.918009],[14.954171,45.917494],[14.954624,45.916959],[14.955034,45.916371],[14.955824,45.915094],[14.956402,45.914318],[14.956778,45.913883],[14.957227,45.91346],[14.957644,45.913103],[14.958099,45.912752],[14.958618,45.912392],[14.959193,45.912057],[14.959745,45.911761],[14.96044,45.911446],[14.960788,45.911298],[14.961233,45.911135],[14.961711,45.910973],[14.962067,45.910871],[14.96275,45.91069],[14.963376,45.91055],[14.964327,45.910376],[14.965234,45.910222],[14.966183,45.910067],[14.967019,45.909921],[14.967518,45.909827],[14.968115,45.909684],[14.96858,45.909573],[14.969117,45.909426],[14.969521,45.909306],[14.970165,45.909079],[14.97077,45.908839],[14.971305,45.9086],[14.971885,45.908321],[14.973173,45.907602],[14.97376,45.907264],[14.974352,45.906941],[14.974792,45.906715],[14.975237,45.906499],[14.975446,45.906398],[14.97595,45.90618],[14.976511,45.905956],[14.977375,45.905671],[14.978328,45.905367],[14.979158,45.905142],[14.980027,45.904934],[14.98091,45.90472],[14.982268,45.904532],[14.982945,45.904458],[14.983583,45.904404],[14.984083,45.904379],[14.984716,45.904356],[14.986738,45.904311],[14.987414,45.904275],[14.987997,45.904212],[14.988567,45.90413],[14.989155,45.904021],[14.98982,45.903865],[14.990442,45.903689],[14.991626,45.903246],[14.992731,45.902761],[14.993662,45.902373],[14.99413,45.902192],[14.994633,45.902036],[14.995217,45.901871],[14.995745,45.901752],[14.996204,45.901671],[14.996645,45.901599],[14.99733,45.901517],[14.997832,45.901481],[14.998341,45.901455],[14.998918,45.901449],[14.999495,45.901471],[15.000037,45.901507],[15.000581,45.901564],[15.001733,45.901753],[15.002866,45.901991],[15.003981,45.902182],[15.004556,45.902254],[15.005141,45.902278],[15.006053,45.902316],[15.006963,45.902294],[15.00782,45.902216],[15.009865,45.901911],[15.010829,45.901792],[15.011607,45.901747],[15.012628,45.901721],[15.013453,45.901751],[15.014888,45.901834],[15.015994,45.901873],[15.016966,45.901876],[15.017884,45.901821],[15.018696,45.901745],[15.019505,45.901634],[15.020251,45.901501],[15.021265,45.901285],[15.021985,45.901074],[15.024015,45.900354],[15.025209,45.899918],[15.026163,45.89962],[15.027029,45.899365],[15.028046,45.899122],[15.028761,45.898978],[15.029874,45.898779],[15.030748,45.89867],[15.031852,45.898569],[15.032558,45.898525],[15.033299,45.898508],[15.034391,45.898488],[15.035553,45.898526],[15.036776,45.898625],[15.037792,45.898752],[15.038549,45.898885],[15.039937,45.899186],[15.042286,45.899807],[15.043842,45.900155],[15.044356,45.900245],[15.045087,45.900336],[15.046051,45.900397],[15.04708,45.900406],[15.048578,45.900327],[15.049678,45.900176],[15.05015,45.900082],[15.051309,45.899787],[15.051945,45.899579],[15.052767,45.89927],[15.053322,45.899015],[15.053849,45.898745],[15.054341,45.898457],[15.054894,45.8981],[15.055271,45.897841],[15.05573,45.897465],[15.05616,45.897074],[15.056569,45.896642],[15.056878,45.896266],[15.056991,45.896129],[15.057337,45.895629],[15.057619,45.895159],[15.057907,45.894561],[15.058263,45.89384],[15.058446,45.893501],[15.058655,45.893154],[15.058827,45.89289],[15.059025,45.892588],[15.05946,45.892032],[15.060116,45.89136],[15.06079,45.890767],[15.061499,45.890256],[15.062194,45.889811],[15.0637,45.889011],[15.064527,45.88863],[15.065558,45.888188],[15.067537,45.887388],[15.069328,45.886607],[15.070359,45.886118],[15.070801,45.885897],[15.071509,45.885531],[15.072417,45.885034],[15.073288,45.884531],[15.074908,45.883493],[15.075742,45.882926],[15.076593,45.882272],[15.077765,45.881372],[15.07901,45.880338],[15.0799,45.879641],[15.080724,45.879048],[15.081392,45.878596],[15.082206,45.878058],[15.083358,45.877377],[15.084453,45.876785],[15.085421,45.87631],[15.085871,45.876088],[15.087208,45.87551],[15.088434,45.875018],[15.089272,45.874722],[15.091076,45.874142],[15.091863,45.873916],[15.092321,45.873793],[15.093041,45.873622],[15.093957,45.873443],[15.094644,45.873345],[15.095249,45.873271],[15.095784,45.873238],[15.096399,45.873204],[15.097138,45.873201],[15.097786,45.873219],[15.098374,45.873261],[15.099653,45.873394],[15.100288,45.873474],[15.101267,45.873589],[15.101968,45.87366],[15.102635,45.873696],[15.103719,45.873688],[15.104278,45.873648],[15.104802,45.873601],[15.105499,45.873509],[15.106359,45.873345],[15.107233,45.873115],[15.108071,45.872844],[15.108672,45.87261],[15.109263,45.872343],[15.109826,45.872056],[15.110358,45.871734],[15.111158,45.871213],[15.111825,45.870757],[15.112487,45.870332],[15.11343,45.869776],[15.114374,45.869298],[15.114892,45.869067],[15.115338,45.868881],[15.116297,45.86853],[15.117919,45.868059],[15.119594,45.867682],[15.121174,45.867415],[15.122423,45.867123],[15.123603,45.866711],[15.124602,45.866249],[15.126083,45.86545],[15.12674,45.865128],[15.127313,45.86488],[15.12804,45.864625],[15.128621,45.864469],[15.129541,45.864264],[15.130154,45.864175],[15.130579,45.864118],[15.131258,45.864061],[15.131903,45.864021],[15.132467,45.863986],[15.133149,45.863931],[15.133884,45.863861],[15.134524,45.863775],[15.135216,45.863638],[15.135872,45.863476],[15.136303,45.863345],[15.136665,45.863225],[15.137277,45.862988],[15.137842,45.862726],[15.138208,45.862536],[15.13859,45.86232],[15.138928,45.862104],[15.139403,45.861763],[15.139704,45.86152],[15.140049,45.861221],[15.140518,45.860732],[15.140858,45.860302],[15.141159,45.859853],[15.141402,45.85941],[15.141542,45.859104],[15.141675,45.85875],[15.141801,45.858266],[15.14188,45.857838],[15.141923,45.85745],[15.14197,45.856818],[15.142025,45.85621],[15.142085,45.855683],[15.142167,45.855194],[15.142305,45.854724],[15.142473,45.854311],[15.142638,45.853953],[15.142876,45.853544],[15.143125,45.853196],[15.143328,45.852926],[15.143596,45.85263],[15.143809,45.852402],[15.144663,45.851575],[15.145019,45.851238],[15.145298,45.85097],[15.145594,45.850668],[15.145841,45.850399],[15.146161,45.850024],[15.146468,45.849595],[15.146972,45.848811],[15.147358,45.848216],[15.147626,45.847826],[15.147851,45.847544],[15.148122,45.847218],[15.148384,45.846935],[15.148727,45.8466],[15.149064,45.846293],[15.149587,45.845871],[15.149894,45.845652],[15.150171,45.845456],[15.150556,45.845207],[15.151079,45.844898],[15.151748,45.844551],[15.152311,45.844275],[15.153891,45.843524],[15.1547,45.843094],[15.155483,45.842633],[15.15598,45.842319],[15.156368,45.842052],[15.156813,45.841736],[15.157455,45.841222],[15.157984,45.840793],[15.158778,45.840121],[15.159674,45.839381],[15.160292,45.838929],[15.160896,45.838522],[15.16133,45.83827],[15.161652,45.838083],[15.161913,45.837949],[15.162352,45.837732],[15.162869,45.837502],[15.163376,45.837301],[15.16412,45.837045],[15.164618,45.836895],[15.165198,45.836738],[15.166528,45.836375],[15.167131,45.836201],[15.167746,45.836002],[15.168553,45.835704],[15.169349,45.835373],[15.169915,45.835106],[15.170285,45.834921],[15.170824,45.834619],[15.171399,45.834275],[15.172416,45.833614],[15.173437,45.832945],[15.174409,45.832325],[15.174974,45.831968],[15.175493,45.831664],[15.176331,45.831191],[15.177329,45.830695],[15.177528,45.830604],[15.177923,45.830425],[15.179054,45.829934],[15.179735,45.829668],[15.180493,45.829398],[15.180727,45.829315],[15.181155,45.829174],[15.181756,45.828989],[15.182643,45.828736],[15.183919,45.828407],[15.184579,45.828257],[15.185514,45.828041],[15.18563,45.828018],[15.186367,45.827877],[15.18753,45.82766],[15.187722,45.827624],[15.18795,45.827583],[15.189219,45.827383],[15.189815,45.827302],[15.19041,45.827235],[15.190902,45.827194],[15.191319,45.827173],[15.192112,45.827173],[15.192555,45.827192],[15.192931,45.827217],[15.193269,45.827249],[15.193658,45.827299],[15.194254,45.827395],[15.195064,45.827564],[15.195213,45.827596],[15.196087,45.827867],[15.196728,45.828112],[15.197464,45.828456],[15.197867,45.828698],[15.198194,45.828894],[15.19877,45.829308],[15.199129,45.829595],[15.19941,45.829874],[15.199665,45.830096],[15.199939,45.830399],[15.200524,45.831077],[15.201132,45.831721],[15.201328,45.831902],[15.20171,45.832195],[15.202303,45.832629],[15.20273,45.832897],[15.203072,45.833091],[15.203561,45.833333],[15.204031,45.83355],[15.204644,45.833782],[15.205597,45.834124],[15.206516,45.834458],[15.206985,45.834652],[15.207386,45.834832],[15.207955,45.835122],[15.208486,45.835433],[15.209177,45.83592],[15.209588,45.836264],[15.210116,45.836769],[15.210458,45.837119],[15.211058,45.837731],[15.211338,45.838007],[15.211646,45.838297],[15.211978,45.838587],[15.212226,45.8388],[15.212569,45.839073],[15.213185,45.839531],[15.213666,45.839853],[15.214303,45.840253],[15.214659,45.840454],[15.215315,45.840805],[15.216108,45.841191],[15.216823,45.841501],[15.217622,45.841811],[15.218465,45.842096],[15.219166,45.842307],[15.219697,45.842442],[15.220203,45.842567],[15.22127,45.842796],[15.222218,45.842968],[15.222342,45.842989],[15.222893,45.843085],[15.22359,45.843205],[15.224444,45.843387],[15.225149,45.843585],[15.226004,45.843875],[15.226782,45.844203],[15.227495,45.844572],[15.229554,45.84582],[15.230228,45.846182],[15.230899,45.846496],[15.231528,45.84676],[15.23226,45.847022],[15.233137,45.847287],[15.2341,45.847519],[15.235828,45.847885],[15.236639,45.848084],[15.237418,45.848304],[15.238269,45.848591],[15.239222,45.848969],[15.239952,45.849298],[15.240685,45.849673],[15.241499,45.850112],[15.242616,45.850714],[15.243387,45.851098],[15.24383,45.851301],[15.244551,45.851634],[15.245188,45.851908],[15.245581,45.852075],[15.245741,45.852144],[15.246729,45.852571],[15.247544,45.852936],[15.248443,45.853385],[15.249063,45.853719],[15.249697,45.854086],[15.250366,45.854502],[15.250878,45.854845],[15.251595,45.855363],[15.252195,45.855807],[15.253159,45.856557],[15.253876,45.857127],[15.255242,45.858261],[15.256564,45.859409],[15.257123,45.85988],[15.25754,45.860196],[15.257969,45.860493],[15.258439,45.86078],[15.258909,45.861033],[15.259515,45.861321],[15.26007,45.861556],[15.260741,45.861805],[15.261712,45.862115],[15.261957,45.862186],[15.26291,45.86244],[15.263769,45.862628],[15.264684,45.862795],[15.26721,45.863221],[15.268716,45.863481],[15.269708,45.863671],[15.270856,45.863929],[15.271606,45.864114],[15.272499,45.864355],[15.273444,45.864636],[15.274409,45.864947],[15.275375,45.865292],[15.276229,45.865618],[15.277202,45.866023],[15.277892,45.866331],[15.279083,45.866884],[15.280406,45.867514],[15.28117,45.867864],[15.282217,45.868316],[15.283219,45.868708],[15.28414,45.869019],[15.28488,45.86924],[15.285626,45.869439],[15.286415,45.869618],[15.287321,45.869797],[15.288102,45.869919],[15.288734,45.870007],[15.289588,45.870104],[15.290493,45.870184],[15.29168,45.870276],[15.29383,45.870438],[15.295059,45.870567],[15.295997,45.870698],[15.29692,45.870874],[15.29777,45.871075],[15.298615,45.871344],[15.299172,45.871555],[15.299865,45.871853],[15.300503,45.872179],[15.30101,45.872478],[15.301619,45.872881],[15.302271,45.873374],[15.302964,45.873972],[15.3037,45.874667],[15.304305,45.875328],[15.304861,45.876005],[15.305349,45.876682],[15.305793,45.877385],[15.306166,45.878076],[15.306489,45.878783],[15.306686,45.879274],[15.306852,45.879788],[15.306981,45.880223],[15.307026,45.8804],[15.307353,45.881709],[15.307621,45.88265],[15.307823,45.883304],[15.308029,45.88384],[15.308331,45.884532],[15.308571,45.88503],[15.308918,45.885662],[15.309264,45.886242],[15.309474,45.886566],[15.310039,45.887368],[15.31042,45.887844],[15.310493,45.887933],[15.310694,45.888165],[15.310839,45.888339],[15.311422,45.888984],[15.311895,45.88946],[15.3127,45.890202],[15.313196,45.890624],[15.314026,45.891266],[15.314741,45.891819],[15.315421,45.892315],[15.315628,45.892466],[15.315919,45.892665],[15.316263,45.892903],[15.317012,45.893419],[15.317902,45.894018],[15.318987,45.894712],[15.319946,45.895303],[15.320718,45.895768],[15.321561,45.896259],[15.322502,45.896793],[15.323212,45.897186],[15.325122,45.898198],[15.326447,45.898854],[15.327185,45.89921],[15.328925,45.900016],[15.330202,45.900573],[15.331143,45.900972],[15.332347,45.901466],[15.333961,45.902092],[15.335544,45.902672],[15.336949,45.903161],[15.33844,45.903653],[15.33952,45.90399],[15.340537,45.904301],[15.341961,45.90471],[15.343178,45.905039],[15.3442,45.905296],[15.345403,45.905579],[15.346448,45.905805],[15.347577,45.906033],[15.348659,45.906241],[15.349741,45.906428],[15.351038,45.906631],[15.352238,45.906796],[15.353431,45.906946],[15.354766,45.907088],[15.355905,45.907192],[15.357049,45.907282],[15.358208,45.907354],[15.359347,45.907408],[15.360492,45.907443],[15.361659,45.90746],[15.362802,45.907461],[15.363499,45.907457],[15.364401,45.907445],[15.365571,45.907413],[15.366617,45.907369],[15.367625,45.907331],[15.368331,45.907303],[15.368887,45.907281],[15.370292,45.907229],[15.371552,45.907181],[15.372601,45.90714],[15.374076,45.907106],[15.375367,45.907081],[15.376821,45.907074],[15.378193,45.907076],[15.380773,45.907118],[15.382311,45.907166],[15.383827,45.907225],[15.385079,45.907289],[15.386691,45.907389],[15.38777,45.907461],[15.389475,45.907594],[15.391335,45.907765],[15.392519,45.90789],[15.393783,45.90803],[15.396287,45.908336],[15.398762,45.908691],[15.400543,45.908967],[15.401356,45.909106],[15.402366,45.909277],[15.403326,45.909452],[15.404467,45.909666],[15.405773,45.909926],[15.407036,45.910183],[15.409089,45.910637],[15.410717,45.91102],[15.412611,45.911445],[15.414176,45.911777],[15.41541,45.912026],[15.417264,45.912379],[15.419149,45.912709],[15.420583,45.912942],[15.422291,45.913199],[15.42379,45.913414],[15.425038,45.913575],[15.42662,45.913765],[15.428229,45.913941],[15.42958,45.914075],[15.4309,45.914193],[15.432481,45.914319],[15.433652,45.914397],[15.435377,45.914503],[15.436593,45.914561],[15.438379,45.914635],[15.439882,45.914676],[15.44145,45.914703],[15.443111,45.914717],[15.444642,45.914711],[15.44636,45.914686],[15.447814,45.914651],[15.449614,45.914586],[15.451648,45.914487],[15.453039,45.9144],[15.454653,45.914286],[15.457007,45.914085],[15.458805,45.913906],[15.460064,45.913765],[15.461104,45.91364],[15.462297,45.91349],[15.464596,45.913174],[15.468046,45.912629],[15.468219,45.912603],[15.470064,45.912314],[15.472037,45.912032],[15.473262,45.911869],[15.474418,45.911714],[15.476938,45.911402],[15.478764,45.911201],[15.480487,45.911021],[15.480749,45.910997],[15.48328,45.910754],[15.484575,45.910649],[15.486144,45.910528],[15.488185,45.910386],[15.490376,45.910257],[15.491697,45.910186],[15.494242,45.910076],[15.496389,45.910012],[15.497936,45.909975],[15.499578,45.909944],[15.501964,45.909925],[15.503734,45.909928],[15.505118,45.909941],[15.505304,45.909941],[15.507081,45.909971],[15.508751,45.910009],[15.510429,45.910061],[15.51194,45.910121],[15.515722,45.910307],[15.51592,45.910313],[15.517228,45.910367],[15.518899,45.910417],[15.520125,45.910444],[15.521305,45.910456],[15.523557,45.910458],[15.524473,45.910447],[15.524693,45.910444],[15.526254,45.910413],[15.527453,45.910378],[15.528804,45.910327],[15.530462,45.910248],[15.533128,45.910082],[15.535066,45.909924],[15.537179,45.909729],[15.538685,45.909569],[15.539836,45.909438],[15.542047,45.909158],[15.544458,45.908815],[15.546215,45.908533],[15.548299,45.908173],[15.549081,45.908033],[15.551177,45.907626],[15.552108,45.907433],[15.553689,45.90709],[15.555265,45.906733],[15.557068,45.906298],[15.557648,45.906151],[15.557877,45.906092],[15.560173,45.905486],[15.56156,45.905091],[15.563046,45.904661],[15.564294,45.904276],[15.565119,45.904015],[15.566022,45.903718],[15.567135,45.903331],[15.568089,45.90298],[15.569086,45.902595],[15.570499,45.902017],[15.571664,45.901506],[15.572658,45.901046],[15.573727,45.900525],[15.574788,45.899974],[15.575785,45.899434],[15.576986,45.898744],[15.577669,45.898326],[15.578569,45.897769],[15.579536,45.897137],[15.580951,45.89621],[15.581981,45.895541],[15.583292,45.894694],[15.584371,45.894066],[15.584772,45.893854],[15.5857,45.893405],[15.585758,45.893381],[15.58617,45.89321],[15.586823,45.892949],[15.587141,45.892833],[15.587505,45.892705],[15.588014,45.892537],[15.588456,45.892417],[15.588942,45.892303],[15.589614,45.892177],[15.590295,45.892091],[15.590824,45.892048],[15.591395,45.892025],[15.591956,45.892019],[15.592518,45.892044],[15.593096,45.89209],[15.593665,45.892158],[15.594579,45.892293],[15.595696,45.892454],[15.596318,45.892519],[15.59705,45.89258],[15.597766,45.89261],[15.598586,45.892612],[15.599254,45.892585],[15.600072,45.892515],[15.600469,45.892472],[15.600876,45.892414],[15.60138,45.892327],[15.601968,45.892212],[15.60233,45.892137],[15.603191,45.891932],[15.603736,45.891796],[15.604173,45.89168],[15.605089,45.891424],[15.606113,45.891111],[15.606902,45.89085],[15.607743,45.89056],[15.608403,45.89032],[15.609345,45.889956],[15.610012,45.889681],[15.61063,45.889421],[15.611333,45.889105],[15.612039,45.888771],[15.613017,45.888291],[15.614081,45.887724],[15.614688,45.887381],[15.615541,45.886879],[15.616124,45.886517],[15.616693,45.886149],[15.6177,45.885466],[15.618573,45.884824],[15.620126,45.883632],[15.620886,45.883029],[15.622093,45.882115],[15.622794,45.881633],[15.623485,45.881199],[15.624294,45.880734],[15.62511,45.880314],[15.626099,45.879858],[15.626729,45.879598],[15.627303,45.879378],[15.628087,45.879105],[15.628956,45.878831],[15.630746,45.878338],[15.631852,45.878115],[15.632989,45.878002],[15.633529,45.877958],[15.634066,45.877929],[15.634687,45.877903],[15.635232,45.877872],[15.635668,45.877836],[15.635871,45.877818],[15.636164,45.877778],[15.636574,45.877711],[15.637016,45.877632],[15.637375,45.877556],[15.637791,45.877449],[15.638576,45.877207],[15.639653,45.876853],[15.639989,45.876749],[15.640381,45.876631],[15.640939,45.876482],[15.641345,45.876394],[15.641851,45.876284],[15.642287,45.876208],[15.642858,45.876122],[15.643499,45.876046],[15.644256,45.875971],[15.645587,45.875837],[15.646202,45.875754],[15.646717,45.875669],[15.647416,45.875537],[15.647964,45.87541],[15.649413,45.875049],[15.649922,45.874905],[15.650598,45.874696],[15.651225,45.874488],[15.652421,45.874053],[15.653366,45.873662],[15.654102,45.87334],[15.654645,45.873078],[15.656108,45.872358],[15.656447,45.87221],[15.656931,45.872014],[15.656931,45.872014],[15.657209,45.871918],[15.657676,45.871768],[15.657998,45.871675],[15.65846,45.871563],[15.658842,45.871477],[15.659436,45.871368],[15.659883,45.871297],[15.660824,45.871159],[15.661439,45.871052],[15.662344,45.870889],[15.662817,45.870772],[15.663556,45.870579],[15.664057,45.870433],[15.664706,45.870229],[15.665442,45.869954],[15.666078,45.869686],[15.666531,45.869475],[15.667,45.869236],[15.66755,45.868941],[15.668129,45.868617],[15.668875,45.868143],[15.669631,45.867654],[15.670658,45.867003],[15.671576,45.866432],[15.672671,45.8658],[15.673811,45.865217],[15.674921,45.864661],[15.675899,45.864186],[15.677058,45.863596],[15.677745,45.863229],[15.678373,45.862858],[15.678842,45.862564],[15.679363,45.862215],[15.679971,45.861767],[15.680488,45.861356],[15.680788,45.861114],[15.681071,45.860847],[15.68144,45.860483],[15.681822,45.860105],[15.682118,45.859772],[15.682384,45.859448],[15.682866,45.858819],[15.683442,45.857929],[15.683821,45.857273],[15.684495,45.856112],[15.685052,45.855145],[15.68569,45.854155],[15.686338,45.853224],[15.686807,45.852598],[15.687307,45.851906],[15.687626,45.851526],[15.688405,45.850664],[15.688699,45.85035],[15.689335,45.849683],[15.690359,45.84864],[15.691236,45.847861],[15.691674,45.847492],[15.692463,45.846814],[15.692967,45.846337],[15.693796,45.845703],[15.694587,45.845166],[15.694867,45.84498],[15.695831,45.844314],[15.696016,45.844194],[15.697052,45.843507],[15.698491,45.842581],[15.700768,45.84123],[15.701265,45.840946],[15.702048,45.840498],[15.702842,45.840026],[15.703613,45.839553],[15.703816,45.839444],[15.704005,45.839343],[15.704431,45.839123],[15.704857,45.838902],[15.705032,45.838809],[15.705209,45.838715],[15.705944,45.838392],[15.706864,45.837987],[15.708732,45.837101],[15.710108,45.836471],[15.710747,45.836189],[15.711875,45.835702],[15.713857,45.834883],[15.715069,45.834406],[15.715687,45.834172],[15.716772,45.83377],[15.717864,45.833373],[15.71869,45.833086],[15.718788,45.833052],[15.719152,45.832927],[15.721255,45.832204],[15.722837,45.831671],[15.723671,45.831395],[15.72555,45.830773],[15.727287,45.830189],[15.729236,45.829546],[15.732669,45.828351],[15.732994,45.828234],[15.733728,45.827971],[15.734662,45.827625],[15.735712,45.827229],[15.736782,45.826807],[15.738378,45.826175],[15.73906,45.825893],[15.741632,45.82481],[15.742481,45.824445],[15.743864,45.82383],[15.745806,45.822929],[15.74796,45.821893],[15.750221,45.820763],[15.7522,45.819729],[15.753671,45.818921],[15.754993,45.818193],[15.75707,45.816987],[15.758187,45.816321],[15.75905,45.815783],[15.760093,45.81514],[15.761463,45.81426],[15.762587,45.813523],[15.763426,45.812967],[15.764139,45.812478],[15.76528,45.811682],[15.766257,45.810986],[15.767247,45.810294],[15.768434,45.80946],[15.769273,45.808869],[15.769524,45.808687],[15.770436,45.808044],[15.771665,45.807178],[15.775081,45.804764],[15.777829,45.802823],[15.778437,45.802399],[15.780607,45.800863],[15.781409,45.800295],[15.782944,45.799218],[15.7843,45.798263],[15.784592,45.798059],[15.78562,45.79733],[15.786982,45.796376],[15.787865,45.795751],[15.788179,45.795531],[15.788999,45.794952],[15.78969,45.794456],[15.79143,45.793238],[15.792271,45.792665],[15.793151,45.792074],[15.794025,45.791526],[15.79484,45.79104],[15.795599,45.79061],[15.795954,45.790411],[15.795954,45.790411],[15.796288,45.790234],[15.797073,45.789827],[15.797826,45.789445],[15.798779,45.789022],[15.799701,45.788604],[15.801431,45.787863],[15.802458,45.787458],[15.803542,45.787072],[15.804351,45.786798],[15.805185,45.786526],[15.806313,45.786186],[15.808617,45.785587],[15.811032,45.785029],[15.812369,45.784773],[15.813705,45.784557],[15.814856,45.784379],[15.815718,45.784262],[15.817074,45.784108],[15.818559,45.783979],[15.819687,45.783898],[15.820648,45.783846],[15.821338,45.78382],[15.822155,45.783797],[15.824011,45.783777],[15.825411,45.783803],[15.826286,45.783836],[15.827263,45.783888],[15.828848,45.783989],[15.829771,45.784079],[15.830755,45.784177],[15.83273,45.78443],[15.833649,45.784574],[15.834335,45.784685],[15.835059,45.784818],[15.837407,45.785299],[15.838268,45.785502],[15.839108,45.785709],[15.840816,45.786147],[15.841711,45.786379],[15.842676,45.786617],[15.843599,45.786817],[15.844469,45.786964],[15.845128,45.787063],[15.845593,45.78712],[15.846361,45.787207],[15.846739,45.787241],[15.847258,45.787267],[15.847815,45.78729],[15.848288,45.787306],[15.849196,45.787313],[15.849901,45.787288],[15.850675,45.787253],[15.851377,45.78719],[15.852655,45.787039],[15.853324,45.786937],[15.853998,45.786816],[15.854455,45.786715],[15.855318,45.786519],[15.856408,45.786212],[15.857021,45.786019],[15.857868,45.78572],[15.858341,45.785538],[15.858753,45.785361],[15.859173,45.785182],[15.86001,45.784784],[15.860992,45.784291],[15.861529,45.784008],[15.862235,45.783633],[15.863031,45.783219],[15.864475,45.782445],[15.866536,45.781357],[15.873323,45.777784],[15.874679,45.777072],[15.879083,45.774746],[15.879655,45.774445],[15.881525,45.773456],[15.883164,45.77255],[15.884598,45.77173],[15.885802,45.770991],[15.886619,45.770476],[15.88691,45.770276],[15.88761,45.769816],[15.88952,45.768447],[15.890688,45.767558],[15.891869,45.766571],[15.892315,45.766188],[15.892721,45.765831],[15.893275,45.76533],[15.893717,45.764915],[15.89439,45.764263],[15.894547,45.763986],[15.895232,45.763309],[15.89553,45.762963],[15.895697,45.762761],[15.896106,45.762306],[15.896663,45.761718],[15.896801,45.761539],[15.896987,45.761276],[15.897084,45.761099],[15.89716,45.760895],[15.897213,45.760683],[15.897226,45.760463],[15.897216,45.760251],[15.897195,45.760071],[15.897123,45.759845],[15.897031,45.759609],[15.89689,45.759358],[15.896774,45.75917],[15.896634,45.758981],[15.896441,45.758756],[15.896224,45.758538],[15.896028,45.758372],[15.895717,45.75814],[15.895493,45.757997],[15.895258,45.757866],[15.89502,45.757747],[15.894798,45.757654],[15.894548,45.757555],[15.894079,45.757355],[15.893638,45.757143],[15.893369,45.756993],[15.893108,45.756808],[15.892725,45.75649],[15.892468,45.756212],[15.892137,45.755869],[15.891805,45.75557],[15.891667,45.755468],[15.891476,45.755325],[15.891059,45.755048],[15.890489,45.754674],[15.889838,45.754239],[15.889301,45.753858],[15.889056,45.753676],[15.888853,45.753432],[15.888369,45.753052],[15.887946,45.752712],[15.887823,45.75261],[15.887509,45.75235],[15.887429,45.752284],[15.887105,45.752007],[15.886301,45.751287],[15.88593,45.75094],[15.885684,45.750702],[15.885634,45.750653],[15.885491,45.750514],[15.885164,45.750184],[15.885083,45.750101],[15.884884,45.749899],[15.884701,45.749702],[15.884496,45.749476],[15.884127,45.749069],[15.884081,45.749014],[15.88403,45.748955],[15.883648,45.748498],[15.883271,45.74803],[15.883144,45.747855],[15.882992,45.747645],[15.882825,45.747415],[15.882572,45.747065],[15.882276,45.746653],[15.881992,45.746215],[15.881546,45.74553],[15.880981,45.744529],[15.880965,45.744501],[15.880864,45.744306],[15.880813,45.744204],[15.880704,45.743993],[15.880306,45.74317],[15.879976,45.742409],[15.879724,45.741785],[15.879464,45.741123],[15.87915,45.740313],[15.879105,45.740203],[15.878614,45.738998],[15.878532,45.738802],[15.878078,45.737769],[15.877727,45.737004],[15.877229,45.735968],[15.87713,45.735762],[15.876505,45.734539],[15.875592,45.732878],[15.875237,45.732255],[15.874854,45.731611],[15.874118,45.730403],[15.873708,45.729759],[15.873192,45.728986],[15.872254,45.727613],[15.87217,45.727502],[15.87177,45.726907],[15.871353,45.726328],[15.87088,45.725724],[15.870445,45.725167],[15.870079,45.724658],[15.869353,45.723743],[15.868656,45.722915],[15.867943,45.722115],[15.867827,45.721983],[15.867144,45.721207],[15.86631,45.720295],[15.865831,45.719784],[15.865416,45.719341],[15.864495,45.718395],[15.863921,45.717825],[15.863075,45.717002],[15.862335,45.716307],[15.861368,45.71541],[15.860565,45.714697],[15.859528,45.713794],[15.858991,45.713337],[15.858306,45.712768],[15.858276,45.712744],[15.858041,45.712555],[15.856847,45.711594],[15.855267,45.710371],[15.852377,45.708241],[15.85074,45.70709],[15.849222,45.706066],[15.848902,45.70585],[15.847064,45.704653],[15.845794,45.703854],[15.845274,45.703527],[15.843682,45.702565],[15.842318,45.701763],[15.840759,45.700869],[15.839574,45.700209],[15.839191,45.699996],[15.835307,45.697956],[15.83323,45.696931],[15.831262,45.695987],[15.829135,45.695014],[15.826843,45.694015],[15.824651,45.693105],[15.822415,45.692205],[15.820538,45.691484],[15.818793,45.690839],[15.817956,45.690546],[15.816912,45.690182],[15.81507,45.689552],[15.813505,45.689035],[15.81186,45.688511],[15.810326,45.688037],[15.808731,45.687569],[15.806271,45.686876],[15.806135,45.686838],[15.804811,45.686476],[15.80349,45.686133],[15.800787,45.685463],[15.797997,45.684819],[15.794072,45.68401],[15.791075,45.683391],[15.787305,45.682627],[15.787163,45.682599],[15.784004,45.681961],[15.781768,45.681507],[15.769473,45.679012],[15.769179,45.678952],[15.75717,45.676506],[15.756528,45.676375],[15.756312,45.676329],[15.75431,45.675903],[15.751319,45.67524],[15.749265,45.67475],[15.746536,45.674095],[15.74492,45.673677],[15.743695,45.67336],[15.738106,45.671844],[15.735348,45.671033],[15.733039,45.670325],[15.732583,45.670185],[15.728079,45.668725],[15.723541,45.667164],[15.721482,45.666395],[15.718978,45.665461],[15.71651,45.664497],[15.714515,45.663692],[15.712197,45.662725],[15.710278,45.661908],[15.707803,45.660833],[15.705719,45.659898],[15.702117,45.65821],[15.699582,45.656975],[15.698808,45.656598],[15.693997,45.654103],[15.689376,45.651511],[15.689342,45.651492],[15.687606,45.650509],[15.685779,45.649427],[15.683699,45.64813],[15.682327,45.647253],[15.680312,45.645963],[15.679808,45.645632],[15.679575,45.645479],[15.678924,45.645051],[15.67744,45.644078],[15.675831,45.642982],[15.674166,45.641818],[15.670712,45.639257],[15.668446,45.637576],[15.663888,45.633932],[15.662165,45.632434],[15.659408,45.630036],[15.65691,45.627734],[15.655642,45.626531],[15.654404,45.62533],[15.654368,45.625295],[15.651717,45.622608],[15.649037,45.619764],[15.647326,45.617827],[15.646501,45.616894],[15.643938,45.613829],[15.64138,45.610578],[15.640982,45.610036],[15.638838,45.607116],[15.636916,45.604339],[15.63538,45.60197],[15.634989,45.601366],[15.632867,45.597818],[15.630844,45.59423],[15.630671,45.593882],[15.630462,45.593465],[15.630437,45.593415],[15.627988,45.588453],[15.626752,45.585934],[15.626318,45.5851],[15.625477,45.583484],[15.624234,45.581318],[15.623063,45.579308],[15.621769,45.577212],[15.621623,45.576989],[15.621573,45.576908],[15.621551,45.576869],[15.620459,45.575199],[15.618326,45.572126],[15.616117,45.569107],[15.615809,45.568719],[15.613736,45.566115],[15.611274,45.563153],[15.610979,45.562781],[15.609927,45.561596],[15.609271,45.560881],[15.607152,45.558605],[15.605567,45.556951],[15.60442,45.555811],[15.603342,45.554746],[15.602076,45.553556],[15.59981,45.551427],[15.59778,45.549619],[15.597364,45.549248],[15.59603,45.548112],[15.594713,45.547007],[15.594048,45.546473],[15.591185,45.544163],[15.589557,45.542927],[15.586944,45.540987],[15.585621,45.540039],[15.585343,45.539838],[15.584284,45.539076],[15.576439,45.53343],[15.574532,45.532058],[15.569502,45.528445],[15.567604,45.527085],[15.567552,45.527047],[15.564259,45.524688],[15.56353,45.524159],[15.562171,45.523188],[15.560958,45.522322],[15.559538,45.521281],[15.558761,45.52072],[15.558642,45.520635],[15.558204,45.52032],[15.557229,45.51962],[15.555981,45.518721],[15.554793,45.517882],[15.553774,45.517189],[15.553064,45.51675],[15.552527,45.516437],[15.551406,45.515838],[15.551147,45.515713],[15.550585,45.515443],[15.550027,45.515194],[15.549383,45.514923],[15.54887,45.514713],[15.548678,45.514635],[15.548119,45.514422],[15.547471,45.514202],[15.54682,45.513994],[15.546433,45.513876],[15.546169,45.513797],[15.545847,45.513708],[15.5457,45.513667],[15.545338,45.513573],[15.544788,45.513432],[15.54425,45.513308],[15.543324,45.513107],[15.542344,45.512904],[15.541189,45.512678],[15.539834,45.512426],[15.538978,45.512271],[15.537139,45.511956],[15.535378,45.511668],[15.533849,45.511437],[15.532206,45.5112],[15.531325,45.51108],[15.529245,45.510816],[15.52834,45.510707],[15.527529,45.510618],[15.526743,45.51053],[15.5259,45.510443],[15.525004,45.510354],[15.523831,45.510243],[15.522361,45.510116],[15.520995,45.510011],[15.519324,45.509893],[15.518602,45.509851],[15.518202,45.509825],[15.517801,45.509803],[15.517062,45.509774],[15.516024,45.509753],[15.515347,45.509756],[15.514405,45.509769],[15.51341,45.509804],[15.512256,45.509876],[15.511638,45.509925],[15.511035,45.509987],[15.509924,45.510124],[15.508823,45.510268],[15.507207,45.510555],[15.505618,45.510895],[15.504356,45.511208],[15.503759,45.511376],[15.503404,45.511476],[15.503118,45.511557],[15.501501,45.512082],[15.499914,45.512651],[15.499231,45.512901],[15.498814,45.513053],[15.495823,45.514145],[15.493619,45.514874],[15.492745,45.515119],[15.491881,45.515326],[15.49175,45.515357],[15.490072,45.515678],[15.488499,45.515897],[15.486924,45.516033],[15.485551,45.516094],[15.484202,45.516089],[15.483048,45.516061],[15.482021,45.515989],[15.481116,45.515892],[15.480235,45.515774],[15.479494,45.515667],[15.479434,45.515656],[15.478619,45.515511],[15.477043,45.515157],[15.475912,45.514842],[15.475585,45.514745],[15.47475,45.514483],[15.474023,45.514208],[15.473421,45.513995],[15.472511,45.513606],[15.471564,45.513171],[15.470539,45.512633],[15.469412,45.511975],[15.468378,45.511278],[15.467393,45.510576],[15.466607,45.509953],[15.465523,45.509062],[15.465251,45.508838],[15.464964,45.508603],[15.462652,45.506672],[15.462492,45.506541],[15.462019,45.506155],[15.461056,45.505357],[15.460599,45.504986],[15.459995,45.504567],[15.459758,45.504404],[15.458574,45.503592],[15.457085,45.502661],[15.456471,45.502316],[15.456095,45.502097],[15.453305,45.500519],[15.451892,45.499709],[15.451127,45.499277],[15.450524,45.498892],[15.450462,45.498852],[15.449896,45.498476],[15.449455,45.498114],[15.448893,45.497595],[15.448636,45.497321],[15.44834,45.49696],[15.448179,45.496738],[15.447973,45.496461],[15.447632,45.495835],[15.447546,45.495631],[15.447225,45.494773],[15.446743,45.49318],[15.446385,45.49208],[15.446112,45.491405],[15.445808,45.490813],[15.445424,45.490192],[15.445126,45.489782],[15.444813,45.489384],[15.444413,45.488963],[15.444027,45.488576],[15.443678,45.488275],[15.443052,45.487797],[15.44263,45.487504],[15.442082,45.487169],[15.441561,45.486878],[15.441138,45.486643],[15.440309,45.486257],[15.439204,45.48576],[15.438024,45.485257],[15.437246,45.484923],[15.436737,45.484687],[15.436531,45.484591],[15.435945,45.484307],[15.435381,45.483997],[15.434369,45.483399],[15.433578,45.482869],[15.432592,45.482136],[15.431298,45.481083],[15.428059,45.478495],[15.427744,45.478238],[15.426414,45.477183],[15.425334,45.476347],[15.424136,45.475542],[15.423713,45.475279],[15.423181,45.474974],[15.422172,45.474469],[15.421652,45.474237],[15.421009,45.473959],[15.41961,45.473439],[15.418166,45.47293],[15.417709,45.472769],[15.41679,45.472444],[15.41557,45.471958],[15.415131,45.471779],[15.414611,45.471549],[15.413668,45.471052],[15.412966,45.470631],[15.412487,45.470306],[15.411411,45.469509],[15.410279,45.468596],[15.409465,45.468003],[15.408506,45.467402],[15.407934,45.467091],[15.407767,45.467],[15.407146,45.466702],[15.406359,45.466358],[15.405543,45.46605],[15.404767,45.465791],[15.404138,45.465605],[15.403447,45.465417],[15.402628,45.465227],[15.401294,45.465],[15.399927,45.464806],[15.397003,45.464397],[15.396605,45.464341],[15.394078,45.463987],[15.392474,45.463752],[15.391111,45.463566],[15.389095,45.463245],[15.388156,45.46306],[15.387159,45.462829],[15.386418,45.462624],[15.385577,45.462363],[15.38542,45.462306],[15.384708,45.462053],[15.384052,45.461796],[15.383208,45.461423],[15.382443,45.461054],[15.381688,45.46064],[15.380902,45.460175],[15.380311,45.459776],[15.37968,45.459323],[15.379195,45.45894],[15.378853,45.458635],[15.378459,45.458283],[15.378095,45.457925],[15.377438,45.457251],[15.376953,45.456672],[15.376725,45.456386],[15.376288,45.455803],[15.375894,45.45525],[15.375867,45.45521],[15.375167,45.454155],[15.374467,45.453132],[15.374123,45.452665],[15.373629,45.452052],[15.373188,45.45155],[15.372515,45.450846],[15.37195,45.450305],[15.371355,45.449806],[15.37051,45.449129],[15.369486,45.448404],[15.36872,45.447957],[15.367775,45.447406],[15.366847,45.44692],[15.366012,45.446541],[15.365239,45.446218],[15.364432,45.445906],[15.36365,45.445637],[15.362721,45.445346],[15.362169,45.445183],[15.360822,45.44485],[15.359507,45.444597],[15.357457,45.444278],[15.356806,45.444193],[15.355178,45.44398],[15.350619,45.443396],[15.347419,45.442942],[15.345603,45.442601],[15.344603,45.442379],[15.344146,45.442277],[15.342405,45.441845],[15.340795,45.441383],[15.339954,45.441115],[15.339192,45.440865],[15.33844,45.440586],[15.337625,45.440275],[15.336547,45.439842],[15.335452,45.43936],[15.334263,45.438802],[15.333586,45.438461],[15.333344,45.438339],[15.331258,45.437208],[15.329092,45.435988],[15.326153,45.434348],[15.324683,45.433562],[15.323162,45.43275],[15.32306,45.432696],[15.320196,45.43133],[15.318722,45.430696],[15.317336,45.430139],[15.314473,45.429052],[15.313021,45.428501],[15.312252,45.428213],[15.311623,45.427978],[15.307919,45.426595],[15.305467,45.425671],[15.304655,45.425368],[15.303722,45.425021],[15.301516,45.424201],[15.301359,45.424142],[15.300185,45.423681],[15.299104,45.423247],[15.297986,45.422757],[15.296455,45.42205],[15.295056,45.421367],[15.293615,45.420586],[15.29215,45.419749],[15.290876,45.418987],[15.289879,45.418377],[15.288759,45.41775],[15.287521,45.417108],[15.285418,45.416296],[15.283689,45.415583],[15.283,45.415262],[15.282616,45.415067],[15.282234,45.414865],[15.281867,45.414653],[15.281501,45.414442],[15.281133,45.414215],[15.280818,45.414012],[15.280492,45.413788],[15.279845,45.413316],[15.279557,45.413094],[15.278278,45.412106],[15.277646,45.411639],[15.277234,45.411349],[15.2768,45.411069],[15.276204,45.410741],[15.275893,45.410583],[15.275267,45.410288],[15.275091,45.410216],[15.274578,45.410007],[15.27395,45.409781],[15.273175,45.409551],[15.272315,45.40934],[15.27168,45.409208],[15.270709,45.409061],[15.269798,45.408974],[15.268113,45.408877],[15.267184,45.408826],[15.266544,45.408785],[15.26537,45.40867],[15.264581,45.40856],[15.264111,45.408487],[15.263623,45.408405],[15.263089,45.408306],[15.262409,45.408186],[15.261612,45.408053],[15.261121,45.407988],[15.260734,45.407949],[15.260254,45.407901],[15.259767,45.407879],[15.259163,45.40788],[15.258631,45.407902],[15.257543,45.40799],[15.256548,45.408076],[15.256275,45.408097],[15.255804,45.408116],[15.25522,45.408108],[15.254873,45.408086],[15.254537,45.408047],[15.253807,45.407932],[15.252999,45.40772],[15.252628,45.407591],[15.252308,45.407468],[15.251971,45.407314],[15.251683,45.407163],[15.251328,45.406951],[15.251002,45.406739],[15.250623,45.406447],[15.250299,45.406139],[15.250047,45.405874],[15.249788,45.405544],[15.249572,45.405181],[15.24938,45.404767],[15.249277,45.404445],[15.249204,45.404184],[15.249157,45.403852],[15.249149,45.403528],[15.249179,45.403203],[15.24922,45.402899],[15.249282,45.402616],[15.249383,45.402341],[15.249583,45.401938],[15.249796,45.401583],[15.250151,45.401129],[15.25052,45.400753],[15.251023,45.400353],[15.251341,45.400155],[15.251477,45.40006],[15.25192,45.399816],[15.252326,45.399637],[15.252587,45.399524],[15.252679,45.399484],[15.253594,45.399138],[15.25423,45.398889],[15.254725,45.398672],[15.255516,45.398244],[15.256148,45.397821],[15.256774,45.397327],[15.257321,45.396809],[15.257633,45.39644],[15.257942,45.396029],[15.258192,45.395626],[15.258428,45.395143],[15.258613,45.394672],[15.258718,45.394318],[15.258792,45.393959],[15.258864,45.393473],[15.258877,45.392576],[15.258857,45.391843],[15.258844,45.391408],[15.258846,45.390798],[15.258859,45.39025],[15.258915,45.389728],[15.258971,45.38928],[15.259048,45.388873],[15.259173,45.388353],[15.259288,45.387974],[15.259523,45.387284],[15.259728,45.386778],[15.259927,45.386368],[15.26031,45.385671],[15.260704,45.385036],[15.2614,45.384107],[15.261775,45.383694],[15.262372,45.383034],[15.262962,45.382458],[15.264227,45.381374],[15.265415,45.380344],[15.266062,45.379738],[15.266684,45.379076],[15.267124,45.378564],[15.267605,45.377909],[15.268045,45.377223],[15.268527,45.376359],[15.268616,45.376151],[15.268936,45.375397],[15.269286,45.374268],[15.269493,45.373164],[15.269547,45.372758],[15.269643,45.371697],[15.269715,45.370804],[15.269818,45.369901],[15.269925,45.369193],[15.270059,45.368614],[15.27035,45.367614],[15.27056,45.36707],[15.270698,45.366711],[15.271165,45.365744],[15.271516,45.365127],[15.271999,45.364398],[15.27253,45.363674],[15.274067,45.361775],[15.274684,45.361026],[15.27529,45.360177],[15.275773,45.359422],[15.276,45.359034],[15.276187,45.358712],[15.276696,45.357637],[15.277114,45.356555],[15.277302,45.355931],[15.277564,45.354863],[15.277714,45.353899],[15.277796,45.352894],[15.277791,45.352068],[15.27775,45.351363],[15.277677,45.350683],[15.277622,45.350335],[15.27757,45.350002],[15.277421,45.349345],[15.277277,45.348809],[15.277078,45.348186],[15.276877,45.347635],[15.276672,45.347119],[15.276286,45.346203],[15.275795,45.345039],[15.275508,45.344271],[15.275181,45.343267],[15.274974,45.342489],[15.274882,45.341982],[15.27478,45.341381],[15.274709,45.34087],[15.274645,45.339812],[15.274628,45.339162],[15.274664,45.338403],[15.274736,45.337526],[15.27488,45.336634],[15.275061,45.33579],[15.275328,45.334862],[15.275442,45.334476],[15.275607,45.334081],[15.275935,45.333277],[15.276164,45.332803],[15.276419,45.332273],[15.276806,45.331563],[15.277344,45.33071],[15.277517,45.330442],[15.278291,45.329377],[15.279465,45.327843],[15.280308,45.326704],[15.280848,45.32592],[15.28166,45.324615],[15.281717,45.324516],[15.282006,45.323988],[15.282332,45.323386],[15.282893,45.322152],[15.283255,45.321278],[15.283436,45.320704],[15.283584,45.320171],[15.283686,45.319632],[15.283765,45.319068],[15.283784,45.31809],[15.283764,45.317611],[15.283693,45.317083],[15.283443,45.316018],[15.2834,45.315889],[15.283283,45.315542],[15.283075,45.315031],[15.282725,45.314321],[15.282349,45.31368],[15.281672,45.312673],[15.281308,45.312118],[15.281,45.311648],[15.280603,45.311013],[15.280107,45.31003],[15.279639,45.308988],[15.279276,45.307868],[15.27912,45.307272],[15.27897,45.306597],[15.27882,45.305544],[15.278769,45.304946],[15.278737,45.304232],[15.278788,45.301547],[15.278756,45.300966],[15.278705,45.300492],[15.278618,45.299934],[15.278471,45.299296],[15.278301,45.298715],[15.27821,45.298461],[15.278108,45.298186],[15.277992,45.29789],[15.277854,45.297575],[15.277629,45.297124],[15.277493,45.296854],[15.277102,45.296216],[15.276708,45.29562],[15.276197,45.294913],[15.275853,45.294437],[15.275473,45.293882],[15.275207,45.293455],[15.274808,45.2927],[15.274511,45.291976],[15.274303,45.291303],[15.274169,45.290789],[15.274086,45.290334],[15.274055,45.290047],[15.274014,45.289664],[15.274002,45.289182],[15.274013,45.288853],[15.274079,45.288033],[15.274271,45.287071],[15.274462,45.286459],[15.274639,45.285987],[15.274881,45.285347],[15.275088,45.28481],[15.275247,45.28434],[15.275437,45.283742],[15.275625,45.282802],[15.275699,45.281845],[15.27568,45.281128],[15.275663,45.280981],[15.275625,45.280659],[15.275483,45.27984],[15.275188,45.278904],[15.274901,45.278201],[15.274712,45.277824],[15.274459,45.277378],[15.27402,45.276694],[15.273689,45.276252],[15.27336,45.275847],[15.272724,45.275165],[15.272165,45.274599],[15.271673,45.274096],[15.271264,45.273667],[15.2708,45.273094],[15.270402,45.272502],[15.269921,45.271636],[15.269814,45.271348],[15.269662,45.270939],[15.269492,45.270382],[15.269388,45.269897],[15.269325,45.269206],[15.269317,45.268766],[15.269335,45.268292],[15.269411,45.267764],[15.26956,45.267103],[15.269689,45.266673],[15.270152,45.265604],[15.270323,45.265316],[15.27044,45.265126],[15.270614,45.264876],[15.270984,45.2644],[15.27146,45.263846],[15.271995,45.263309],[15.272566,45.262802],[15.273379,45.262076],[15.273947,45.261521],[15.274558,45.260823],[15.27486,45.260426],[15.275244,45.259877],[15.275756,45.258974],[15.276035,45.258361],[15.276283,45.257658],[15.276399,45.257209],[15.276472,45.256922],[15.276575,45.256288],[15.276628,45.255611],[15.276629,45.25495],[15.276541,45.254044],[15.276445,45.253543],[15.276328,45.253067],[15.275984,45.252134],[15.275786,45.251668],[15.27554,45.251205],[15.275251,45.250705],[15.27488,45.250169],[15.274309,45.249436],[15.274287,45.249411],[15.273461,45.248452],[15.272989,45.24792],[15.272611,45.247473],[15.27185,45.24654],[15.271478,45.24604],[15.270718,45.244965],[15.270404,45.244452],[15.270072,45.243864],[15.2696,45.24297],[15.26917,45.242013],[15.26879,45.240989],[15.268724,45.240802],[15.268573,45.240271],[15.268478,45.239906],[15.268398,45.239491],[15.268228,45.238673],[15.268106,45.237706],[15.268007,45.236564],[15.267869,45.235084],[15.267783,45.234385],[15.267696,45.233859],[15.267595,45.233359],[15.267473,45.232829],[15.267337,45.23235],[15.267284,45.232168],[15.267162,45.231775],[15.266971,45.231251],[15.266735,45.230668],[15.266523,45.230183],[15.266316,45.229732],[15.266037,45.229195],[15.265716,45.228633],[15.265418,45.228161],[15.265218,45.227866],[15.264793,45.227252],[15.264338,45.226653],[15.263829,45.226026],[15.262964,45.225053],[15.262349,45.224391],[15.261823,45.223804],[15.26166,45.223628],[15.261064,45.222946],[15.260807,45.222607],[15.26053,45.222227],[15.260249,45.22182],[15.259957,45.221347],[15.259712,45.220891],[15.259504,45.220465],[15.259293,45.219978],[15.25911,45.219517],[15.258965,45.219063],[15.258848,45.218632],[15.258776,45.218355],[15.258708,45.218051],[15.258606,45.217401],[15.258556,45.216885],[15.258534,45.216301],[15.258531,45.216034],[15.258543,45.21578],[15.258578,45.215289],[15.258616,45.214999],[15.258651,45.21473],[15.258713,45.214363],[15.258826,45.213858],[15.259095,45.212958],[15.259303,45.212429],[15.259507,45.211956],[15.259753,45.211461],[15.260078,45.210892],[15.260464,45.210294],[15.260916,45.209676],[15.261447,45.209037],[15.262012,45.208411],[15.263097,45.207219],[15.263567,45.206609],[15.264045,45.205989],[15.264417,45.205339],[15.264607,45.204972],[15.264765,45.20462],[15.264897,45.20429],[15.26504,45.203852],[15.265151,45.203467],[15.265247,45.203051],[15.265333,45.202507],[15.265382,45.201905],[15.265395,45.201601],[15.265389,45.201324],[15.26536,45.200683],[15.265259,45.200098],[15.265143,45.199484],[15.265022,45.198857],[15.264924,45.198257],[15.264886,45.197887],[15.264865,45.197352],[15.264881,45.196911],[15.264924,45.196539],[15.265009,45.1961],[15.265095,45.195766],[15.265191,45.195477],[15.265321,45.19513],[15.265515,45.1947],[15.265674,45.194403],[15.266023,45.193821],[15.266694,45.192743],[15.266939,45.192283],[15.267145,45.191847],[15.26727,45.191542],[15.267384,45.19123],[15.26754,45.190721],[15.267658,45.190248],[15.267735,45.18981],[15.267798,45.189296],[15.267836,45.188797],[15.267876,45.188325],[15.267917,45.187878],[15.267969,45.187545],[15.268028,45.18724],[15.268166,45.18675],[15.268342,45.186275],[15.268571,45.185777],[15.268892,45.185218],[15.269187,45.184792],[15.269436,45.184466],[15.269794,45.184059],[15.270084,45.183765],[15.270499,45.183381],[15.271943,45.182145],[15.27292,45.181325],[15.274121,45.180296],[15.275209,45.179363],[15.275929,45.178671],[15.276272,45.178287],[15.276601,45.177886],[15.276912,45.17746],[15.277199,45.17702],[15.27753,45.176411],[15.277755,45.175927],[15.27803,45.175152],[15.278187,45.174524],[15.278251,45.174159],[15.278284,45.173864],[15.278315,45.173389],[15.278312,45.172956],[15.27829,45.172577],[15.278233,45.17212],[15.278169,45.171762],[15.278059,45.171283],[15.277809,45.170515],[15.277494,45.169801],[15.27726,45.1694],[15.276923,45.168867],[15.276521,45.168299],[15.275864,45.16743],[15.275453,45.166864],[15.2752,45.1665],[15.274894,45.166008],[15.274675,45.165616],[15.27441,45.165077],[15.27416,45.16451],[15.273993,45.164063],[15.273835,45.163561],[15.273688,45.163028],[15.273564,45.162432],[15.273374,45.161588],[15.273214,45.160727],[15.273038,45.160005],[15.272483,45.157395],[15.272267,45.156335],[15.272152,45.155711],[15.272091,45.155259],[15.272071,45.155054],[15.272046,45.154634],[15.27205,45.154182],[15.272068,45.153916],[15.272101,45.153632],[15.272197,45.1531],[15.272268,45.1528],[15.272351,45.15251],[15.272527,45.151976],[15.272882,45.151086],[15.273082,45.150579],[15.273257,45.150144],[15.273471,45.149554],[15.273657,45.14893],[15.273762,45.148413],[15.273806,45.148103],[15.273832,45.147767],[15.273845,45.147498],[15.273798,45.146791],[15.273796,45.146761],[15.273724,45.146308],[15.273611,45.145875],[15.273338,45.145092],[15.272951,45.144349],[15.272456,45.143614],[15.272119,45.143203],[15.271703,45.142759],[15.271282,45.142379],[15.2707,45.14191],[15.269878,45.14136],[15.269369,45.141069],[15.268847,45.140803],[15.268327,45.140592],[15.267717,45.140356],[15.267142,45.140158],[15.266679,45.140011],[15.266153,45.139866],[15.265634,45.139722],[15.264845,45.139487],[15.264149,45.139265],[15.263708,45.139096],[15.26333,45.138939],[15.263003,45.138787],[15.26243,45.13849],[15.261662,45.138019],[15.261339,45.137808],[15.261125,45.137652],[15.260652,45.13731],[15.260368,45.13706],[15.260027,45.136748],[15.259683,45.136403],[15.259153,45.135858],[15.258647,45.135336],[15.258065,45.134843],[15.25776,45.134615],[15.257306,45.1343],[15.257081,45.134167],[15.256608,45.133887],[15.256339,45.133747],[15.255932,45.13354],[15.255347,45.133296],[15.255049,45.133173],[15.254516,45.132974],[15.253512,45.132667],[15.249776,45.131678],[15.249289,45.131515],[15.248815,45.131359],[15.248149,45.131097],[15.247678,45.130876],[15.247103,45.130582],[15.246603,45.130286],[15.246186,45.130013],[15.24598,45.129847],[15.245366,45.129353],[15.24475,45.128725],[15.244578,45.128529],[15.244366,45.128254],[15.243884,45.127503],[15.243744,45.127224],[15.243605,45.126904],[15.243371,45.126233],[15.243273,45.125815],[15.24321,45.125324],[15.243189,45.124778],[15.243231,45.12419],[15.243284,45.123868],[15.243385,45.123499],[15.243527,45.123021],[15.243651,45.1227],[15.24385,45.122246],[15.24415,45.121675],[15.244249,45.121501],[15.244402,45.121234],[15.244694,45.120703],[15.245239,45.119722],[15.245486,45.119252],[15.245597,45.119032],[15.245711,45.118805],[15.245844,45.1185],[15.245977,45.118193],[15.246097,45.117882],[15.246214,45.117574],[15.246252,45.117454],[15.246296,45.117313],[15.246429,45.11687],[15.246495,45.11662],[15.246547,45.116354],[15.246584,45.116125],[15.246617,45.115889],[15.246627,45.115737],[15.246646,45.115155],[15.246658,45.114639],[15.246541,45.113895],[15.24629,45.113065],[15.246059,45.112514],[15.245545,45.111615],[15.245276,45.111197],[15.244891,45.110679],[15.244356,45.110074],[15.243844,45.109552],[15.243322,45.10907],[15.242826,45.108648],[15.242414,45.108302],[15.241966,45.107922],[15.241042,45.107162],[15.23926,45.105758],[15.237474,45.104323],[15.233412,45.101026],[15.229864,45.098168],[15.226558,45.095439],[15.222437,45.092125],[15.216923,45.087687],[15.213683,45.085036],[15.211566,45.08333],[15.210968,45.082873],[15.210367,45.082392],[15.209337,45.081553],[15.20872,45.081001],[15.208108,45.080428],[15.207698,45.079992],[15.207279,45.07951],[15.206984,45.079089],[15.206768,45.078681],[15.206451,45.078104],[15.206221,45.077673],[15.205958,45.076968],[15.205658,45.075672],[15.205425,45.073922],[15.205426,45.073661],[15.205431,45.073408],[15.205432,45.073395],[15.205442,45.073191],[15.205459,45.072917],[15.205489,45.072698],[15.205535,45.072362],[15.205591,45.072041],[15.205639,45.071819],[15.20586,45.070976],[15.206032,45.070485],[15.206362,45.069729],[15.206748,45.068981],[15.206902,45.06865],[15.207209,45.068023],[15.20731,45.067777],[15.207511,45.067226],[15.207662,45.066767],[15.207723,45.066475],[15.20778,45.066149],[15.207808,45.065805],[15.207791,45.065021],[15.207749,45.064593],[15.207641,45.06412],[15.20753,45.063723],[15.207476,45.063573],[15.20731,45.063156],[15.207095,45.062687],[15.206814,45.062205],[15.206418,45.061641],[15.205885,45.061024],[15.205836,45.060975],[15.203328,45.058468],[15.201776,45.056935],[15.201137,45.056307],[15.200595,45.055823],[15.200179,45.055505],[15.199684,45.055159],[15.198851,45.054657],[15.198229,45.054342],[15.197837,45.054166],[15.197615,45.054067],[15.196824,45.053789],[15.196191,45.0536],[15.195632,45.053451],[15.195101,45.053335],[15.194558,45.053228],[15.193839,45.05313],[15.193162,45.053072],[15.192408,45.053036],[15.191433,45.053012],[15.190362,45.052996],[15.189449,45.05296],[15.18877,45.052903],[15.187888,45.052786],[15.187279,45.052678],[15.186807,45.05259],[15.186143,45.052427],[15.185644,45.052286],[15.185561,45.052263],[15.185165,45.052133],[15.184748,45.051991],[15.184148,45.051755],[15.183333,45.051385],[15.182645,45.051025],[15.182259,45.050808],[15.181921,45.050584],[15.18147,45.050273],[15.180963,45.049888],[15.180576,45.049548],[15.18012,45.049117],[15.179739,45.048711],[15.179391,45.048281],[15.179015,45.047755],[15.178722,45.047267],[15.178503,45.046872],[15.178354,45.046509],[15.178125,45.045894],[15.178008,45.045485],[15.177972,45.045315],[15.177913,45.045029],[15.177849,45.044492],[15.177815,45.043979],[15.177795,45.04317],[15.177779,45.042569],[15.17769,45.041568],[15.177564,45.040812],[15.177418,45.040282],[15.177164,45.039574],[15.176954,45.039105],[15.176697,45.038601],[15.176338,45.038009],[15.175971,45.037499],[15.175511,45.036939],[15.175349,45.036757],[15.175108,45.03649],[15.174615,45.036],[15.173471,45.035088],[15.173006,45.034758],[15.172115,45.03419],[15.171493,45.033852],[15.169473,45.032962],[15.166978,45.032107],[15.165329,45.031446],[15.16514,45.03137],[15.164114,45.030913],[15.163393,45.030559],[15.162398,45.030016],[15.161662,45.029596],[15.160834,45.029065],[15.160193,45.028634],[15.15951,45.028126],[15.158549,45.027337],[15.157699,45.026557],[15.156792,45.025626],[15.156619,45.025419],[15.155951,45.02462],[15.155189,45.02358],[15.154445,45.022356],[15.153714,45.02109],[15.153278,45.020464],[15.15304,45.020168],[15.152799,45.019902],[15.152384,45.019499],[15.152068,45.019223],[15.151621,45.018878],[15.151166,45.018578],[15.150654,45.018264],[15.150283,45.01807],[15.150224,45.018039],[15.149724,45.017805],[15.149294,45.017616],[15.148712,45.017378],[15.147305,45.016796],[15.144265,45.015545],[15.14251,45.014821],[15.141146,45.014261],[15.13979,45.013702],[15.138946,45.013348],[15.13839,45.013114],[15.137866,45.012876],[15.137356,45.012619],[15.13676,45.012273],[15.136386,45.01205],[15.136063,45.011828],[15.135353,45.01126],[15.13478,45.010758],[15.133977,45.01001],[15.133279,45.009381],[15.132816,45.009006],[15.132003,45.008412],[15.131315,45.007999],[15.130546,45.007567],[15.129929,45.007261],[15.129608,45.007129],[15.128389,45.006643],[15.127345,45.006304],[15.125829,45.005879],[15.125328,45.005729],[15.124737,45.005557],[15.124104,45.005339],[15.123428,45.005086],[15.122735,45.004802],[15.121943,45.004433],[15.120975,45.003922],[15.119905,45.003275],[15.119463,45.002956],[15.11675,45.000999],[15.115612,45.000368],[15.114569,44.999877],[15.112112,44.998953],[15.111088,44.998529],[15.110277,44.998142],[15.109275,44.997577],[15.109254,44.997565],[15.107964,44.996699],[15.106808,44.995892],[15.10616,44.99548],[15.105328,44.995035],[15.104762,44.994766],[15.104434,44.994612],[15.103793,44.99435],[15.103023,44.994052],[15.101629,44.993515],[15.100852,44.993178],[15.099963,44.992698],[15.099184,44.992224],[15.099145,44.9922],[15.098636,44.99184],[15.098149,44.99145],[15.097477,44.99086],[15.097171,44.990569],[15.096912,44.990285],[15.096561,44.989861],[15.096195,44.989396],[15.095809,44.988784],[15.095453,44.98813],[15.095348,44.987882],[15.095141,44.987356],[15.09503,44.986997],[15.094955,44.986603],[15.094921,44.985191],[15.095167,44.983594],[15.095189,44.983147],[15.095087,44.982232],[15.095016,44.981822],[15.094828,44.981191],[15.094627,44.98066],[15.091637,44.9745],[15.091331,44.973543],[15.091268,44.973243],[15.091159,44.972614],[15.091103,44.972053],[15.091092,44.97173],[15.091088,44.970809],[15.091153,44.970014],[15.091288,44.969274],[15.091424,44.968752],[15.091718,44.967857],[15.091842,44.967543],[15.092051,44.967098],[15.092395,44.966445],[15.092413,44.966411],[15.09267,44.965994],[15.092953,44.965567],[15.093285,44.965114],[15.093813,44.964471],[15.094494,44.963759],[15.095659,44.962745],[15.096257,44.962284],[15.096908,44.961844],[15.097688,44.961382],[15.098153,44.961114],[15.098708,44.960827],[15.0998,44.96033],[15.10104,44.959852],[15.102312,44.959449],[15.1036,44.95913],[15.104937,44.958867],[15.10612,44.958708],[15.107261,44.958603],[15.107591,44.958579],[15.108402,44.958515],[15.110142,44.958398],[15.111662,44.958269],[15.112934,44.95811],[15.113984,44.957943],[15.115577,44.957645],[15.117171,44.957348],[15.118692,44.957054],[15.119201,44.956962],[15.120106,44.956813],[15.12076,44.956714],[15.123056,44.956443],[15.124249,44.956305],[15.12587,44.956094],[15.12694,44.955921],[15.128023,44.955709],[15.129189,44.955438],[15.129908,44.955242],[15.130508,44.955072],[15.131111,44.954884],[15.131937,44.95461],[15.132981,44.954215],[15.133279,44.954101],[15.134247,44.953692],[15.135574,44.953127],[15.136912,44.952556],[15.138766,44.951764],[15.140724,44.950915],[15.141415,44.950635],[15.14219,44.950336],[15.142972,44.950043],[15.143805,44.94978],[15.144875,44.949491],[15.145899,44.949257],[15.146558,44.949134],[15.14722,44.949029],[15.147882,44.948939],[15.14859,44.948851],[15.149708,44.948772],[15.150779,44.948735],[15.151876,44.94871],[15.153074,44.948679],[15.15428,44.948612],[15.154803,44.948548],[15.155366,44.948471],[15.156463,44.948246],[15.157321,44.947996],[15.158101,44.947733],[15.158812,44.947443],[15.159378,44.947168],[15.159917,44.946884],[15.16054,44.9465],[15.161164,44.946028],[15.161789,44.945506],[15.162424,44.94488],[15.163155,44.944143],[15.163778,44.943526],[15.164208,44.943158],[15.164551,44.942868],[15.164991,44.942531],[15.16547,44.94219],[15.166445,44.941569],[15.1674,44.940996],[15.168352,44.940389],[15.168514,44.94029],[15.169153,44.939814],[15.169711,44.939324],[15.17012,44.938887],[15.170454,44.938486],[15.170925,44.937828],[15.171169,44.937394],[15.171478,44.936789],[15.171615,44.93636],[15.17177,44.935816],[15.17186,44.935338],[15.171892,44.934886],[15.171911,44.934481],[15.171884,44.934014],[15.171822,44.933548],[15.17174,44.933178],[15.171608,44.932727],[15.171514,44.932445],[15.171327,44.932016],[15.171079,44.931538],[15.170702,44.930949],[15.170199,44.930263],[15.169682,44.92973],[15.168849,44.928886],[15.168327,44.92831],[15.167884,44.927745],[15.167551,44.927243],[15.167296,44.926807],[15.167099,44.926365],[15.166961,44.926006],[15.166772,44.92537],[15.166678,44.924934],[15.166642,44.924605],[15.166606,44.924157],[15.166613,44.923734],[15.166652,44.923351],[15.166801,44.922504],[15.166916,44.92209],[15.167234,44.921323],[15.16748,44.920856],[15.168365,44.919486],[15.168795,44.918807],[15.169108,44.918248],[15.169395,44.917694],[15.169533,44.917406],[15.169784,44.916695],[15.170052,44.915861],[15.170265,44.91518],[15.170525,44.91456],[15.170711,44.914209],[15.170881,44.913916],[15.171263,44.913326],[15.171551,44.912976],[15.171836,44.912655],[15.172094,44.912396],[15.172509,44.912004],[15.172742,44.911806],[15.173046,44.911563],[15.173553,44.911197],[15.174071,44.910807],[15.174693,44.910331],[15.174924,44.91012],[15.175274,44.909798],[15.175583,44.90944],[15.175864,44.909069],[15.176021,44.90885],[15.176426,44.908151],[15.176739,44.90744],[15.177087,44.906679],[15.177287,44.906278],[15.177398,44.906093],[15.177576,44.905799],[15.177752,44.905553],[15.177948,44.905276],[15.178204,44.904969],[15.178804,44.904347],[15.179137,44.904047],[15.17954,44.903729],[15.180041,44.903354],[15.180553,44.902999],[15.181447,44.902382],[15.181855,44.902076],[15.182281,44.901691],[15.182702,44.901242],[15.183029,44.900837],[15.18342,44.900255],[15.183625,44.899839],[15.183791,44.899489],[15.184054,44.898752],[15.18432,44.898067],[15.184611,44.897436],[15.184851,44.897067],[15.185055,44.896771],[15.185334,44.896426],[15.185723,44.896019],[15.186304,44.895508],[15.186929,44.895044],[15.187893,44.894464],[15.18888,44.893973],[15.189419,44.893693],[15.190072,44.893336],[15.190734,44.892903],[15.191515,44.892332],[15.192556,44.891364],[15.192673,44.891221],[15.192933,44.890901],[15.193241,44.890483],[15.193531,44.890054],[15.193789,44.889607],[15.194008,44.889168],[15.194299,44.888561],[15.194613,44.887946],[15.194901,44.887417],[15.195323,44.886761],[15.195573,44.886416],[15.195889,44.886038],[15.196139,44.885724],[15.196498,44.885367],[15.197136,44.88476],[15.197706,44.884284],[15.198421,44.883743],[15.199266,44.883131],[15.200293,44.882377],[15.200805,44.881987],[15.201808,44.88114],[15.202353,44.88063],[15.202593,44.880396],[15.203203,44.879765],[15.203448,44.879499],[15.203587,44.879335],[15.204219,44.878579],[15.204876,44.877663],[15.205251,44.877049],[15.205647,44.876384],[15.205957,44.875775],[15.2062,44.875224],[15.20644,44.874648],[15.20668,44.874011],[15.206863,44.873407],[15.207003,44.87272],[15.207339,44.870396],[15.207428,44.869387],[15.207489,44.868776],[15.207571,44.8682],[15.207656,44.867699],[15.207768,44.867212],[15.207944,44.866601],[15.208144,44.866043],[15.208386,44.865502],[15.20862,44.865018],[15.209089,44.864218],[15.209656,44.863433],[15.210255,44.86272],[15.21096,44.861976],[15.211634,44.861364],[15.212403,44.86075],[15.212587,44.860619],[15.212922,44.860379],[15.213161,44.860214],[15.213328,44.860108],[15.213497,44.860003],[15.21384,44.859794],[15.214022,44.859686],[15.214193,44.859587],[15.214387,44.859479],[15.214553,44.859391],[15.214736,44.859293],[15.214932,44.859195],[15.215143,44.85909],[15.215309,44.859009],[15.21559,44.858874],[15.215882,44.858742],[15.216165,44.858613],[15.216423,44.8585],[15.216553,44.858443],[15.216821,44.858332],[15.217204,44.858169],[15.217469,44.858059],[15.217798,44.857918],[15.218243,44.857731],[15.218553,44.857598],[15.218813,44.857487],[15.21918,44.857321],[15.219437,44.857206],[15.219631,44.857117],[15.219954,44.856964],[15.220313,44.85679],[15.220612,44.856642],[15.221069,44.856413],[15.221417,44.856233],[15.221769,44.856046],[15.221947,44.855949],[15.222304,44.855753],[15.222635,44.855564],[15.222878,44.855427],[15.223069,44.855313],[15.223258,44.8552],[15.223511,44.855051],[15.223736,44.854912],[15.224049,44.854719],[15.224246,44.854599],[15.224916,44.854165],[15.225118,44.854026],[15.226818,44.852835],[15.227614,44.852262],[15.228416,44.851696],[15.229291,44.851089],[15.23014,44.850525],[15.231085,44.849924],[15.232132,44.849289],[15.234122,44.848139],[15.235979,44.84716],[15.237648,44.846286],[15.238491,44.845838],[15.239385,44.845319],[15.239444,44.845285],[15.239951,44.844969],[15.240458,44.844636],[15.241449,44.843936],[15.242527,44.843082],[15.243246,44.842468],[15.243889,44.84185],[15.244428,44.841317],[15.244962,44.840717],[15.245769,44.839813],[15.24663,44.838853],[15.24717,44.838301],[15.247831,44.837646],[15.248447,44.837078],[15.249117,44.836499],[15.249924,44.835853],[15.250887,44.835127],[15.251797,44.834488],[15.25272,44.833894],[15.253512,44.8334],[15.254308,44.83295],[15.255381,44.832365],[15.256485,44.83181],[15.257231,44.831442],[15.257592,44.831259],[15.257903,44.831093],[15.258378,44.830836],[15.258612,44.830695],[15.258853,44.830545],[15.259027,44.830433],[15.259158,44.830345],[15.259387,44.830187],[15.259593,44.830039],[15.259762,44.829911],[15.259937,44.829774],[15.260118,44.829624],[15.260293,44.829471],[15.260468,44.829315],[15.260651,44.82914],[15.26082,44.828973],[15.261023,44.828759],[15.261197,44.828563],[15.261354,44.828374],[15.261486,44.828209],[15.261619,44.828042],[15.261733,44.827883],[15.26187,44.827678],[15.261984,44.827503],[15.262084,44.827337],[15.262192,44.827148],[15.262346,44.826866],[15.262635,44.82629],[15.263243,44.825048],[15.26358,44.824468],[15.263835,44.824076],[15.264092,44.823736],[15.264342,44.82344],[15.26489,44.822874],[15.265144,44.822653],[15.265429,44.822408],[15.266,44.821968],[15.266301,44.82177],[15.266638,44.821558],[15.26711,44.821286],[15.26762,44.821011],[15.268188,44.820724],[15.268925,44.820366],[15.270576,44.819616],[15.271468,44.819237],[15.272464,44.818829],[15.27292,44.818647],[15.273225,44.818525],[15.276142,44.817451],[15.278168,44.816763],[15.280223,44.816143],[15.282422,44.815519],[15.284783,44.814986],[15.287851,44.814295],[15.289206,44.813962],[15.290469,44.813644],[15.291174,44.813432],[15.291939,44.813169],[15.293293,44.812665],[15.294766,44.81202],[15.295995,44.811402],[15.296645,44.811071],[15.297229,44.810758],[15.297534,44.810593],[15.29784,44.810402],[15.298131,44.810227],[15.29838,44.810077],[15.299068,44.809651],[15.299214,44.809554],[15.299577,44.809305],[15.29995,44.809036],[15.300393,44.808707],[15.300945,44.808275],[15.301677,44.807661],[15.302468,44.806949],[15.303296,44.806116],[15.304015,44.805337],[15.304958,44.804179],[15.305843,44.802964],[15.306771,44.801825],[15.30728,44.801245],[15.307872,44.800724],[15.308251,44.800402],[15.308734,44.800052],[15.309136,44.799776],[15.309659,44.799454],[15.310223,44.799156],[15.310642,44.798945],[15.311209,44.798695],[15.311719,44.798507],[15.312054,44.798384],[15.312609,44.79819],[15.313346,44.797987],[15.314016,44.797813],[15.315054,44.79756],[15.315956,44.797325],[15.316902,44.797026],[15.317726,44.796716],[15.318456,44.796392],[15.319379,44.795933],[15.319947,44.795599],[15.32065,44.795152],[15.321032,44.79489],[15.321409,44.794609],[15.322138,44.794018],[15.322548,44.793607],[15.322846,44.793311],[15.323706,44.792316],[15.323956,44.792008],[15.324309,44.791603],[15.324672,44.791224],[15.325089,44.790835],[15.325499,44.790495],[15.32586,44.790224],[15.326115,44.790046],[15.32637,44.789884],[15.326727,44.789665],[15.327079,44.789474],[15.327524,44.789238],[15.327835,44.789092],[15.328171,44.788939],[15.329064,44.788604],[15.329455,44.788479],[15.329891,44.788348],[15.330563,44.788168],[15.33217,44.787762],[15.333616,44.787363],[15.334728,44.787004],[15.335309,44.786786],[15.335847,44.78657],[15.336103,44.786456],[15.336442,44.786301],[15.337018,44.786014],[15.337481,44.785772],[15.337894,44.785529],[15.338239,44.785318],[15.338785,44.784961],[15.338818,44.784939],[15.339205,44.784666],[15.339562,44.784392],[15.340201,44.78388],[15.340788,44.783261],[15.341272,44.782426],[15.341694,44.781337],[15.342979,44.778043],[15.343886,44.776199],[15.345079,44.774022],[15.345505,44.773402],[15.345644,44.77322],[15.345931,44.772846],[15.346679,44.772015],[15.347507,44.77121],[15.348129,44.770687],[15.348713,44.770245],[15.349521,44.769684],[15.350395,44.769159],[15.351144,44.768692],[15.351977,44.768126],[15.352574,44.767699],[15.353084,44.767296],[15.353622,44.766837],[15.354088,44.766397],[15.354583,44.765883],[15.355045,44.765368],[15.355833,44.764327],[15.356684,44.763149],[15.357139,44.762599],[15.357474,44.762223],[15.357955,44.761746],[15.358558,44.761202],[15.35922,44.760682],[15.359639,44.760379],[15.36004,44.760121],[15.360401,44.759905],[15.360868,44.759642],[15.361469,44.759316],[15.362233,44.758956],[15.363917,44.758259],[15.365549,44.757541],[15.36649,44.7571],[15.367057,44.756798],[15.368306,44.756091],[15.368974,44.755675],[15.369654,44.755232],[15.370547,44.754588],[15.371251,44.754039],[15.371795,44.753601],[15.372193,44.753246],[15.372977,44.752504],[15.373796,44.751652],[15.374409,44.750943],[15.374784,44.750469],[15.375313,44.749737],[15.375838,44.748922],[15.376308,44.748132],[15.376738,44.747266],[15.377104,44.746434],[15.377393,44.745646],[15.377654,44.744817],[15.377865,44.743989],[15.378003,44.743232],[15.378134,44.742424],[15.378347,44.740954],[15.378502,44.740044],[15.378656,44.739407],[15.378923,44.738545],[15.379073,44.738118],[15.379245,44.737677],[15.379467,44.737179],[15.379754,44.736596],[15.380091,44.735996],[15.380744,44.734965],[15.381753,44.73346],[15.382455,44.732322],[15.382672,44.731964],[15.383338,44.730758],[15.383713,44.729982],[15.384067,44.729213],[15.384445,44.728292],[15.384806,44.727327],[15.384993,44.72676],[15.385151,44.726223],[15.385474,44.725089],[15.385679,44.724164],[15.385831,44.723373],[15.385934,44.72272],[15.386079,44.721578],[15.386258,44.719612],[15.386467,44.717614],[15.386803,44.715441],[15.387209,44.713823],[15.387676,44.712367],[15.388614,44.710014],[15.389721,44.70784],[15.39114,44.705561],[15.393132,44.702985],[15.394499,44.70146],[15.395255,44.700646],[15.395998,44.699876],[15.396915,44.698981],[15.397551,44.69831],[15.398385,44.697453],[15.399198,44.696544],[15.400126,44.695442],[15.401048,44.694316],[15.401952,44.693139],[15.402734,44.692032],[15.403461,44.690974],[15.404197,44.689779],[15.40447,44.689336],[15.404796,44.688796],[15.405305,44.687861],[15.405792,44.686947],[15.406332,44.685849],[15.406791,44.684917],[15.407288,44.683904],[15.407764,44.683014],[15.408286,44.682096],[15.408847,44.68117],[15.409439,44.68028],[15.410759,44.678468],[15.411386,44.677707],[15.411965,44.677027],[15.412548,44.676379],[15.413464,44.675403],[15.414545,44.674346],[15.415326,44.673621],[15.416177,44.672862],[15.417003,44.672135],[15.418384,44.670854],[15.418702,44.670549],[15.419532,44.669701],[15.420127,44.669041],[15.420667,44.668396],[15.42149,44.667399],[15.421915,44.666835],[15.422251,44.666346],[15.422647,44.665765],[15.423084,44.665075],[15.42346,44.664422],[15.423866,44.663718],[15.424587,44.662261],[15.425524,44.660292],[15.426079,44.659222],[15.426827,44.658041],[15.427679,44.656914],[15.428627,44.655844],[15.429548,44.654941],[15.430531,44.65405],[15.431017,44.653619],[15.431502,44.65313],[15.431872,44.652751],[15.432277,44.652294],[15.432722,44.65173],[15.433077,44.651175],[15.433504,44.650438],[15.433845,44.649667],[15.434117,44.648871],[15.434308,44.648028],[15.434376,44.647547],[15.434439,44.646942],[15.434515,44.64596],[15.434568,44.645423],[15.434686,44.644783],[15.434907,44.643988],[15.435091,44.643519],[15.43531,44.643057],[15.435552,44.642601],[15.435797,44.64219],[15.436317,44.64143],[15.436983,44.640475],[15.437554,44.639586],[15.438069,44.638682],[15.438321,44.638179],[15.438639,44.637458],[15.439105,44.636147],[15.439309,44.635353],[15.439456,44.634563],[15.439567,44.633653],[15.439623,44.632928],[15.439622,44.632302],[15.439572,44.631227],[15.439429,44.630032],[15.439269,44.629266],[15.439072,44.62858],[15.438652,44.627276],[15.438535,44.626903],[15.438254,44.625954],[15.438121,44.625401],[15.438,44.624786],[15.437892,44.624124],[15.437795,44.623103],[15.437776,44.622786],[15.437767,44.622259],[15.437787,44.621331],[15.437855,44.620536],[15.43802,44.619387],[15.438366,44.617935],[15.438866,44.616267],[15.439308,44.6146],[15.439609,44.613098],[15.439832,44.611595],[15.439943,44.610507],[15.440004,44.609321],[15.439984,44.608183],[15.439931,44.606879],[15.439707,44.604561],[15.439333,44.60224],[15.439017,44.600793],[15.438654,44.599348],[15.438407,44.598522],[15.438381,44.598438],[15.438022,44.597285],[15.437605,44.596111],[15.437163,44.594953],[15.436679,44.593827],[15.436148,44.592679],[15.43472,44.589954],[15.433106,44.587327],[15.431697,44.585263],[15.430398,44.583168],[15.429401,44.581378],[15.428948,44.580435],[15.428747,44.579963],[15.428545,44.579488],[15.427896,44.577774],[15.427619,44.576912],[15.427578,44.57677],[15.427395,44.576094],[15.427178,44.575241],[15.426973,44.574293],[15.426825,44.573417],[15.426779,44.573156],[15.426661,44.572284],[15.426554,44.571109],[15.426485,44.569723],[15.426489,44.568672],[15.426534,44.567845],[15.426712,44.565903],[15.426765,44.565521],[15.426858,44.564936],[15.427034,44.564017],[15.427222,44.563174],[15.427378,44.562592],[15.427511,44.562103],[15.427793,44.561163],[15.428117,44.56022],[15.428746,44.558643],[15.429408,44.557212],[15.430183,44.555733],[15.430988,44.554212],[15.431961,44.55239],[15.435026,44.546633],[15.436159,44.544503],[15.436739,44.543444],[15.437328,44.542403],[15.437652,44.541864],[15.438652,44.540333],[15.439279,44.539453],[15.439597,44.539028],[15.439919,44.538592],[15.44061,44.53771],[15.441192,44.537011],[15.442378,44.535672],[15.442541,44.535479],[15.443379,44.53461],[15.444219,44.533759],[15.445445,44.53261],[15.446122,44.532009],[15.44684,44.531394],[15.448191,44.530287],[15.449595,44.529215],[15.451095,44.528152],[15.45263,44.527134],[15.454482,44.525997],[15.456088,44.525082],[15.457602,44.524278],[15.458469,44.523839],[15.459402,44.523377],[15.460353,44.522929],[15.461364,44.522486],[15.462548,44.521977],[15.463681,44.521518],[15.465298,44.520901],[15.466915,44.520324],[15.468787,44.519714],[15.470875,44.519099],[15.472683,44.518614],[15.473467,44.518411],[15.474489,44.518181],[15.475267,44.518001],[15.476361,44.517765],[15.478944,44.517285],[15.480526,44.517032],[15.482817,44.516717],[15.483856,44.516599],[15.485566,44.516423],[15.487325,44.516287],[15.490602,44.516118],[15.492505,44.516018],[15.493982,44.515902],[15.494525,44.515855],[15.495189,44.51579],[15.495922,44.515715],[15.496978,44.515588],[15.498139,44.51544],[15.4996,44.515219],[15.500604,44.515048],[15.502131,44.514766],[15.504499,44.51427],[15.50499,44.514154],[15.507366,44.513563],[15.509231,44.51302],[15.510725,44.51255],[15.512107,44.512089],[15.514693,44.511124],[15.515999,44.510584],[15.517258,44.510041],[15.518389,44.509517],[15.519511,44.508973],[15.520796,44.508318],[15.522212,44.50755],[15.523259,44.50694],[15.524298,44.506317],[15.524544,44.506165],[15.526314,44.505],[15.527171,44.504406],[15.528088,44.503738],[15.529171,44.502908],[15.530226,44.502051],[15.531233,44.501181],[15.532226,44.50028],[15.533179,44.499367],[15.53412,44.4984],[15.534993,44.497436],[15.535486,44.496878],[15.535946,44.496327],[15.53737,44.494676],[15.538119,44.493847],[15.538882,44.493032],[15.539618,44.492312],[15.540312,44.491659],[15.54103,44.491021],[15.541816,44.490342],[15.543015,44.489381],[15.544287,44.488434],[15.545583,44.487538],[15.546368,44.487021],[15.547114,44.486558],[15.548692,44.485623],[15.549583,44.485123],[15.550495,44.484645],[15.551419,44.484172],[15.552549,44.483636],[15.553521,44.483196],[15.554666,44.4827],[15.555864,44.482216],[15.557071,44.481763],[15.558298,44.481323],[15.559539,44.480922],[15.56176,44.480258],[15.562904,44.479949],[15.563977,44.479683],[15.566568,44.479074],[15.567862,44.478771],[15.5691,44.47847],[15.571278,44.47789],[15.572538,44.477526],[15.573724,44.477167],[15.575863,44.476489],[15.578115,44.475704],[15.580266,44.474896],[15.581921,44.474233],[15.583503,44.473566],[15.58483,44.472974],[15.586165,44.472354],[15.587484,44.47172],[15.588798,44.47106],[15.590783,44.469999],[15.592722,44.468905],[15.594495,44.467828],[15.596172,44.466743],[15.59756,44.465817],[15.597769,44.46567],[15.598616,44.465064],[15.600014,44.46404],[15.601553,44.462828],[15.60259,44.461989],[15.604406,44.460405],[15.604559,44.460273],[15.605725,44.459185],[15.6068,44.458138],[15.607405,44.457531],[15.607883,44.457037],[15.608823,44.456017],[15.609715,44.455015],[15.610577,44.453997],[15.611289,44.453123],[15.611998,44.452203],[15.613342,44.450349],[15.614347,44.448855],[15.615326,44.447305],[15.616287,44.445777],[15.617288,44.444266],[15.618294,44.442883],[15.618517,44.442582],[15.618791,44.442212],[15.619633,44.44116],[15.620027,44.440665],[15.620519,44.44005],[15.621019,44.439461],[15.621504,44.438934],[15.622001,44.438386],[15.622486,44.437835],[15.623005,44.437305],[15.624139,44.436082],[15.624631,44.435584],[15.625694,44.434559],[15.62629,44.434007],[15.627691,44.432758],[15.628148,44.432362],[15.630415,44.430224],[15.630973,44.429648],[15.631389,44.42919],[15.631749,44.428794],[15.632633,44.427738],[15.633925,44.426058],[15.634456,44.425271],[15.635444,44.423628],[15.635955,44.422704],[15.636332,44.421934],[15.636708,44.421106],[15.637269,44.419703],[15.637761,44.41821],[15.638315,44.415969],[15.638416,44.415308],[15.63854,44.414485],[15.638618,44.413734],[15.638679,44.412991],[15.638716,44.41179],[15.63873,44.41077],[15.638674,44.409711],[15.63859,44.408921],[15.638414,44.4077],[15.638096,44.40607],[15.637641,44.404399],[15.637336,44.40351],[15.636969,44.402525],[15.636504,44.40145],[15.635863,44.400141],[15.635718,44.399863],[15.634898,44.398434],[15.634001,44.396923],[15.633815,44.396588],[15.633698,44.39637],[15.633074,44.395174],[15.632706,44.39439],[15.631903,44.392407],[15.631444,44.391011],[15.631301,44.390485],[15.631173,44.390004],[15.6309,44.388787],[15.63079,44.388161],[15.630593,44.386853],[15.630546,44.38637],[15.630488,44.385631],[15.630461,44.384884],[15.630451,44.384572],[15.630454,44.384225],[15.630507,44.383067],[15.630605,44.381912],[15.630682,44.381495],[15.630754,44.381059],[15.630908,44.380255],[15.631096,44.379488],[15.631341,44.378618],[15.631615,44.377815],[15.631912,44.376991],[15.632227,44.376258],[15.632602,44.375438],[15.633157,44.37436],[15.633701,44.373437],[15.634527,44.372098],[15.635087,44.371186],[15.635923,44.369742],[15.636408,44.36886],[15.637019,44.3677],[15.637428,44.366855],[15.638054,44.365397],[15.638582,44.363978],[15.638729,44.363572],[15.63889,44.363084],[15.639127,44.362357],[15.639451,44.361203],[15.640462,44.357249],[15.640838,44.355944],[15.641238,44.354689],[15.641679,44.353434],[15.642165,44.352153],[15.642556,44.351215],[15.643579,44.349005],[15.643955,44.348253],[15.644627,44.347013],[15.645096,44.346201],[15.645949,44.344782],[15.647036,44.343157],[15.648291,44.341436],[15.648949,44.340599],[15.64984,44.339465],[15.650665,44.338499],[15.651524,44.337547],[15.652018,44.337018],[15.652493,44.336532],[15.652907,44.336144],[15.653366,44.33574],[15.654121,44.335154],[15.654448,44.334913],[15.654901,44.334628],[15.655778,44.334113],[15.656744,44.333643],[15.65745,44.333339],[15.658098,44.333094],[15.658661,44.332907],[15.659108,44.332758],[15.660182,44.332481],[15.661001,44.33229],[15.661818,44.332125],[15.663343,44.331838],[15.6642,44.331666],[15.665019,44.331471],[15.665707,44.331304],[15.666535,44.331052],[15.667345,44.330769],[15.668252,44.330383],[15.668793,44.330115],[15.669302,44.329812],[15.670035,44.329356],[15.670497,44.329014],[15.670877,44.328702],[15.671498,44.328159],[15.672279,44.327271],[15.672844,44.326493],[15.673347,44.325662],[15.673852,44.324722],[15.674726,44.322957],[15.67522,44.32189],[15.67564,44.320818],[15.675965,44.319987],[15.676328,44.318941],[15.676847,44.317219],[15.677285,44.315327],[15.677606,44.313578],[15.677707,44.312782],[15.677789,44.312148],[15.67785,44.311504],[15.677897,44.310838],[15.677946,44.310016],[15.677964,44.309392],[15.677975,44.308839],[15.677958,44.307766],[15.677924,44.306857],[15.677898,44.306513],[15.677849,44.305987],[15.677815,44.305438],[15.677753,44.3049],[15.677703,44.304438],[15.677649,44.30395],[15.677575,44.303293],[15.677489,44.302733],[15.677351,44.301978],[15.677225,44.301234],[15.676869,44.299508],[15.676614,44.298554],[15.676329,44.297678],[15.675965,44.296723],[15.675488,44.295759],[15.674847,44.294689],[15.654792,44.262902],[15.65159,44.25814],[15.650504,44.256903],[15.649483,44.25597],[15.649029,44.255608],[15.648706,44.255351],[15.648141,44.254956],[15.647613,44.254618],[15.647406,44.254486],[15.647043,44.254277],[15.64658,44.254018],[15.645939,44.253691],[15.645534,44.253512],[15.645102,44.253318],[15.644805,44.253187],[15.644065,44.252896],[15.643386,44.252668],[15.642734,44.25247],[15.641627,44.252155],[15.640635,44.251868],[15.639807,44.251604],[15.639023,44.251322],[15.638367,44.251053],[15.637303,44.250595],[15.636591,44.250311],[15.635598,44.249948],[15.635055,44.249765],[15.634901,44.249719],[15.634585,44.249622],[15.634222,44.249516],[15.633734,44.24938],[15.632868,44.249189],[15.632435,44.249114],[15.63207,44.249062],[15.631626,44.249012],[15.631279,44.248981],[15.630861,44.248965],[15.630282,44.248959],[15.629834,44.248964],[15.629097,44.249011],[15.628222,44.249065],[15.627151,44.249205],[15.626428,44.249318],[15.625385,44.249506],[15.624731,44.249637],[15.624076,44.249758],[15.62334,44.24988],[15.622575,44.249961],[15.621673,44.250036],[15.620727,44.250074],[15.620209,44.250069],[15.619601,44.250051],[15.618915,44.250009],[15.617948,44.249923],[15.617328,44.249858],[15.616878,44.24981],[15.616501,44.249774],[15.615502,44.249731],[15.614836,44.249734],[15.614106,44.249772],[15.61315,44.249864],[15.612193,44.250043],[15.611579,44.250203],[15.610929,44.250424],[15.610059,44.250844],[15.60943,44.251203],[15.608796,44.251645],[15.608013,44.252262],[15.607783,44.252491],[15.607613,44.252685],[15.607386,44.252945],[15.607147,44.253269],[15.606911,44.253624],[15.606661,44.25408],[15.606518,44.254414],[15.6064,44.254729],[15.606255,44.255208],[15.606093,44.255735],[15.60592,44.256176],[15.605827,44.256388],[15.605654,44.256688],[15.60545,44.256982],[15.605328,44.257141],[15.6052,44.257274],[15.604927,44.257534],[15.604627,44.257787],[15.604343,44.257994],[15.604113,44.258131],[15.603782,44.25831],[15.603468,44.258465],[15.60316,44.258589],[15.602391,44.258872],[15.602139,44.258963],[15.601571,44.259163],[15.601172,44.2593],[15.600958,44.259387],[15.60077,44.259467],[15.600556,44.259563],[15.600371,44.259649],[15.600015,44.259831],[15.598763,44.260547],[15.598115,44.261032],[15.597565,44.261478],[15.59721,44.261803],[15.596321,44.262758],[15.595828,44.263178],[15.595333,44.263482],[15.594667,44.263767],[15.593695,44.264039],[15.593553,44.264071],[15.593231,44.264132],[15.592879,44.264178],[15.592426,44.264203],[15.591995,44.264201],[15.591551,44.264171],[15.591255,44.264128],[15.590808,44.264039],[15.59037,44.263918],[15.58994,44.263762],[15.589616,44.263608],[15.589284,44.263418],[15.589059,44.263271],[15.588799,44.263059],[15.588658,44.262929],[15.588479,44.262752],[15.588253,44.262463],[15.588155,44.262305],[15.588004,44.262037],[15.587879,44.261723],[15.587803,44.26141],[15.587772,44.261064],[15.587786,44.260841],[15.587819,44.260553],[15.587925,44.26019],[15.588038,44.259928],[15.588134,44.259756],[15.588361,44.259427],[15.588552,44.259205],[15.58873,44.259016],[15.588799,44.258958],[15.589042,44.258753],[15.589272,44.258584],[15.589328,44.258542],[15.589656,44.258324],[15.590105,44.258045],[15.591092,44.257533],[15.592404,44.256985],[15.592992,44.256789],[15.593556,44.256618],[15.594025,44.256488],[15.594697,44.256332],[15.595355,44.25619],[15.596001,44.256058],[15.596572,44.255929],[15.597102,44.255794],[15.597785,44.255612],[15.598411,44.255382],[15.598952,44.255142],[15.5993,44.254969],[15.600038,44.254532],[15.600413,44.254263],[15.600841,44.253929],[15.601086,44.253711],[15.601167,44.253634],[15.601525,44.253276],[15.601798,44.25294],[15.602024,44.252636],[15.602452,44.251962],[15.602675,44.251579],[15.602846,44.251291],[15.603211,44.250728],[15.603591,44.250268],[15.603833,44.250018],[15.604101,44.249757],[15.604231,44.249645],[15.604456,44.249471],[15.604811,44.24921],[15.605265,44.248923],[15.605668,44.248694],[15.606156,44.248422],[15.606584,44.248187],[15.60721,44.247824],[15.607695,44.247475],[15.60815,44.247101],[15.608436,44.24681],[15.608646,44.246569],[15.608956,44.246155],[15.609148,44.245849],[15.609319,44.24549],[15.609449,44.245182],[15.609557,44.244867],[15.609613,44.244588],[15.609676,44.244217],[15.609698,44.2439],[15.609685,44.243633],[15.609669,44.243415],[15.609626,44.24309],[15.609547,44.242767],[15.609445,44.24246],[15.609311,44.24215],[15.60915,44.241832],[15.608978,44.241548],[15.608781,44.241259],[15.60857,44.241014],[15.608298,44.240704],[15.607915,44.240356],[15.607299,44.239894],[15.6069,44.239653],[15.606526,44.239454],[15.606139,44.239273],[15.605765,44.239113],[15.605283,44.23895],[15.604525,44.238733],[15.604062,44.238636],[15.603508,44.238547],[15.60298,44.238498],[15.602308,44.238464],[15.601624,44.238456],[15.601031,44.238469],[15.60028,44.238508],[15.599741,44.238548],[15.598653,44.238638],[15.597724,44.238716],[15.596676,44.238823],[15.594616,44.239062],[15.593503,44.239204],[15.592389,44.239358],[15.590269,44.239689],[15.588733,44.239955],[15.587258,44.24023],[15.586481,44.240381],[15.585617,44.240559],[15.584175,44.240851],[15.583679,44.240948],[15.583086,44.241055],[15.582384,44.24115],[15.581959,44.241197],[15.581661,44.241225],[15.581287,44.241248],[15.580878,44.241266],[15.580156,44.241264],[15.579369,44.241233],[15.578759,44.241181],[15.578318,44.241138],[15.577361,44.241031],[15.575784,44.240855],[15.574497,44.240734],[15.573883,44.240677],[15.572779,44.240595],[15.571787,44.240539],[15.570469,44.240468],[15.569151,44.240435],[15.56707,44.240422],[15.56509,44.240468],[15.563681,44.240514],[15.562268,44.240603],[15.56111,44.240696],[15.560783,44.240726],[15.559359,44.240855],[15.558786,44.24092],[15.557169,44.241117],[15.555308,44.241395],[15.553326,44.241743],[15.552283,44.24193],[15.551481,44.24206],[15.550821,44.242149],[15.550431,44.242188],[15.549965,44.242229],[15.54958,44.242241],[15.549152,44.242251],[15.548547,44.242239],[15.547898,44.24219],[15.547178,44.242101],[15.546553,44.241994],[15.545731,44.241835],[15.545013,44.241681],[15.543984,44.241459],[15.542849,44.241222],[15.541132,44.240849],[15.537807,44.240132],[15.535438,44.239615],[15.53502,44.239525],[15.533768,44.239255],[15.532523,44.238986],[15.529706,44.238375],[15.529345,44.238297],[15.526419,44.237663],[15.526352,44.237649],[15.525362,44.23745],[15.524635,44.237293],[15.520406,44.236391],[15.519431,44.236186],[15.518972,44.236083],[15.517745,44.235764],[15.51684,44.235462],[15.515832,44.235035],[15.515283,44.234764],[15.514741,44.234467],[15.513877,44.233907],[15.513079,44.233277],[15.512327,44.232605],[15.511451,44.231578],[15.51096,44.23074],[15.510646,44.230184],[15.510454,44.22975],[15.51013,44.228952],[15.509993,44.228619],[15.509786,44.228159],[15.509636,44.227847],[15.509432,44.227459],[15.509215,44.227095],[15.508912,44.226636],[15.50861,44.226231],[15.508152,44.225681],[15.507757,44.225265],[15.507493,44.225007],[15.507177,44.224714],[15.506659,44.224277],[15.506258,44.223973],[15.505824,44.223669],[15.505344,44.223357],[15.50484,44.223058],[15.504123,44.222662],[15.503234,44.222188],[15.502346,44.221698],[15.501811,44.221388],[15.501442,44.221161],[15.498191,44.21911],[15.49694,44.218513],[15.495079,44.217905],[15.491952,44.217248],[15.488145,44.21686],[15.486863,44.216828],[15.485713,44.216834],[15.484741,44.21686],[15.483287,44.216962],[15.481983,44.217105],[15.480778,44.217293],[15.479246,44.217578],[15.478086,44.217862],[15.477594,44.217995],[15.475304,44.218626],[15.474253,44.218912],[15.473256,44.219167],[15.472544,44.219319],[15.471736,44.219475],[15.471069,44.219583],[15.470423,44.219671],[15.46945,44.219783],[15.468175,44.219882],[15.467195,44.219916],[15.466158,44.219919],[15.465407,44.2199],[15.464799,44.219871],[15.464048,44.219818],[15.463349,44.219758],[15.462673,44.219672],[15.461999,44.219578],[15.460743,44.219364],[15.459985,44.219205],[15.459281,44.219038],[15.458249,44.218756],[15.457268,44.218448],[15.456954,44.218337],[15.456219,44.218061],[15.455512,44.21779],[15.454744,44.217452],[15.453987,44.217089],[15.45362,44.216898],[15.452868,44.21649],[15.45174,44.2158],[15.450979,44.215275],[15.450417,44.214856],[15.449826,44.214367],[15.44908,44.213709],[15.448668,44.213301],[15.448201,44.212822],[15.447798,44.212364],[15.44738,44.211851],[15.447026,44.211373],[15.446662,44.210836],[15.446274,44.210208],[15.445882,44.209495],[15.445504,44.20869],[15.445174,44.207798],[15.44498,44.207157],[15.444764,44.20637],[15.444384,44.204944],[15.444189,44.20426],[15.443951,44.203512],[15.443545,44.202443],[15.443322,44.201898],[15.44308,44.201338],[15.442576,44.200267],[15.442095,44.199366],[15.441717,44.198713],[15.441295,44.198011],[15.440378,44.19663],[15.438334,44.19407],[15.436498,44.191998],[15.435668,44.191037],[15.435046,44.190257],[15.434731,44.189847],[15.434342,44.189315],[15.433438,44.187953],[15.432979,44.187201],[15.432896,44.187074],[15.43256,44.186471],[15.432256,44.185856],[15.431689,44.184664],[15.431238,44.183611],[15.431063,44.18316],[15.429592,44.179739],[15.428406,44.177598],[15.427093,44.175652],[15.426113,44.174378],[15.425079,44.173204],[15.423204,44.171077],[15.422147,44.169806],[15.421327,44.168608],[15.420606,44.167367],[15.420209,44.16654],[15.419869,44.165646],[15.419597,44.164823],[15.419373,44.163947],[15.419204,44.162979],[15.419148,44.162443],[15.419084,44.161502],[15.419102,44.160567],[15.419144,44.159893],[15.419233,44.1592],[15.419365,44.158499],[15.419507,44.157815],[15.419808,44.156494],[15.420098,44.155173],[15.420386,44.153681],[15.420586,44.151935],[15.420708,44.150175],[15.42074,44.148715],[15.420659,44.146913],[15.420529,44.145136],[15.420133,44.141505],[15.420163,44.139088],[15.420225,44.138455],[15.420446,44.136894],[15.421179,44.134472],[15.421775,44.133068],[15.422475,44.131701],[15.42358,44.129984],[15.424877,44.128359],[15.427245,44.126029],[15.428854,44.124745],[15.42928,44.124406],[15.430988,44.123273],[15.4328,44.122224],[15.435819,44.120612],[15.437263,44.119787],[15.438675,44.118913],[15.439716,44.118209],[15.440366,44.117729],[15.440627,44.117537],[15.440757,44.117441],[15.442391,44.116158],[15.442439,44.116053],[15.442869,44.115703],[15.443059,44.115422],[15.443115,44.115307],[15.44317,44.115146],[15.443199,44.114985],[15.44319,44.114799],[15.443171,44.114669],[15.443103,44.114437],[15.442858,44.114098],[15.442628,44.113879],[15.442196,44.113641],[15.441824,44.113534],[15.44142,44.113461],[15.441149,44.113445],[15.4409,44.113446],[15.440642,44.11346],[15.440351,44.113488],[15.439996,44.113555],[15.439656,44.113641],[15.439472,44.113699],[15.439266,44.113773],[15.438905,44.113927],[15.438364,44.114216],[15.437483,44.11467],[15.437095,44.114855],[15.436666,44.115058],[15.435962,44.115373],[15.435267,44.115686],[15.433407,44.116578],[15.432953,44.116795],[15.431159,44.117648],[15.430592,44.117919],[15.430141,44.118108],[15.42974,44.118263],[15.429438,44.118348],[15.429316,44.118382],[15.428871,44.118478],[15.428281,44.118562],[15.427393,44.118638],[15.424941,44.118852],[15.422402,44.119072],[15.421804,44.119109],[15.421374,44.11911],[15.420901,44.119085],[15.420471,44.119034],[15.420018,44.118949],[15.419324,44.11876],[15.418729,44.118579],[15.418377,44.118468],[15.416607,44.117906],[15.414755,44.117319],[15.412721,44.116673],[15.411133,44.116172],[15.409822,44.11576],[15.408775,44.115421],[15.407829,44.11512],[15.406999,44.114866],[15.405576,44.114408],[15.405084,44.114258],[15.404699,44.114123],[15.404533,44.114065],[15.40407,44.113881],[15.403691,44.11371],[15.403238,44.113461],[15.402887,44.113248],[15.40234,44.112867],[15.401751,44.11237],[15.401326,44.112014],[15.400145,44.111019],[15.39942,44.110405],[15.39772,44.108972],[15.396988,44.108361],[15.394596,44.106355],[15.39215,44.104294],[15.390664,44.103034],[15.389839,44.10236],[15.389262,44.101925],[15.388418,44.10138],[15.387547,44.100921],[15.387373,44.100832],[15.386359,44.100407],[15.384735,44.099775],[15.382264,44.098821],[15.378298,44.097275],[15.373751,44.095528],[15.371357,44.094599],[15.369048,44.093703],[15.36807,44.093309],[15.367475,44.093046],[15.367098,44.092871],[15.366368,44.092503],[15.36599,44.092306],[15.365479,44.091999],[15.364963,44.091682],[15.364412,44.091316],[15.363821,44.090895],[15.362564,44.089968],[15.36144,44.089142],[15.360454,44.088412],[15.359562,44.087749],[15.35794,44.086558],[15.356989,44.085859],[15.35558,44.084817],[15.355061,44.084415],[15.354423,44.083871],[15.354013,44.083501],[15.353662,44.083176],[15.353213,44.082723],[15.352304,44.081802],[15.351475,44.080948],[15.350985,44.080444],[15.349833,44.07926],[15.348758,44.078158],[15.347461,44.076827],[15.346159,44.075493],[15.345268,44.074571],[15.344861,44.074155],[15.34439,44.073675],[15.343933,44.073248],[15.343636,44.073002],[15.34335,44.072783],[15.342993,44.072528],[15.342756,44.07238],[15.342317,44.072136],[15.341811,44.071896],[15.341188,44.071657],[15.34081,44.071535],[15.340386,44.071421],[15.339949,44.071329],[15.339489,44.071246],[15.339143,44.071201],[15.338729,44.071162],[15.338472,44.071153],[15.337924,44.071141],[15.337473,44.071151],[15.336935,44.071196],[15.336502,44.071253],[15.33606,44.071325],[15.335369,44.071482],[15.334797,44.071659],[15.334274,44.071858],[15.333812,44.07207],[15.333287,44.072365],[15.33282,44.072655],[15.332478,44.07291],[15.332213,44.073143],[15.331771,44.073564],[15.331451,44.073918],[15.331055,44.074412],[15.330182,44.075546],[15.329346,44.076621],[15.32803,44.078326],[15.327382,44.07918],[15.32683,44.079889],[15.326182,44.080739],[15.325603,44.08145],[15.325371,44.081725],[15.325122,44.081995],[15.324728,44.082389],[15.324304,44.082768],[15.323414,44.083507],[15.322201,44.084469],[15.320956,44.085465],[15.32004,44.086188],[15.31898,44.087038],[15.318528,44.087394],[15.31792,44.087874],[15.31703,44.088583],[15.316583,44.08894],[15.315911,44.089469],[15.315868,44.08957],[15.315631,44.089767],[15.31558,44.089831],[15.315528,44.089908],[15.315478,44.090014],[15.31546,44.090146],[15.315467,44.090239],[15.315484,44.090353],[15.315538,44.09054],[15.315567,44.090658],[15.315581,44.090792],[15.315565,44.090925],[15.315538,44.090992],[15.31548,44.091093],[15.315401,44.091156],[15.315241,44.091323],[15.315193,44.091416],[15.315096,44.091542],[15.315005,44.091649],[15.314952,44.091705],[15.314909,44.091681],[15.314386,44.091415],[15.314065,44.091241],[15.313781,44.091091],[15.313426,44.090903],[15.312883,44.090621],[15.312448,44.090393],[15.312036,44.090173],[15.311725,44.089998],[15.311586,44.089925],[15.311388,44.089821],[15.311144,44.089693],[15.310626,44.089449],[15.310393,44.089339],[15.30986,44.089105],[15.308706,44.088486],[15.307965,44.088139],[15.307787,44.08806],[15.307414,44.087896],[15.307213,44.087808],[15.306915,44.087676],[15.306801,44.087626],[15.306149,44.087284],[15.305927,44.087168],[15.305788,44.087077],[15.305613,44.086964],[15.305479,44.086876],[15.305332,44.086781],[15.30524,44.086721],[15.305165,44.086648],[15.30516,44.086567],[15.305442,44.086114],[15.305589,44.085877],[15.305634,44.085804],[15.305767,44.085591],[15.305814,44.085515],[15.305826,44.085462],[15.305814,44.085418],[15.305786,44.085365],[15.305739,44.085334],[15.30512,44.085105],[15.30494,44.085039],[15.304736,44.084968],[15.30458,44.08492],[15.304461,44.084881],[15.304356,44.084837],[15.304194,44.084768],[15.304095,44.084758],[15.304031,44.084765],[15.303959,44.084779],[15.303852,44.084847],[15.303763,44.084893],[15.303676,44.084926],[15.303525,44.085026],[15.303247,44.085269],[15.303186,44.08531],[15.302879,44.085579],[15.302751,44.085692],[15.302688,44.08573],[15.302617,44.085754],[15.302556,44.085759],[15.302482,44.085748],[15.302406,44.085731],[15.302333,44.085707],[15.301867,44.085514],[15.301761,44.085471],[15.301651,44.085445],[15.301475,44.085442],[15.301255,44.085474],[15.301126,44.085499],[15.300983,44.085542],[15.300884,44.085584],[15.300748,44.085669],[15.300664,44.085738],[15.300294,44.086093],[15.299897,44.08645],[15.299752,44.086554],[15.299632,44.086607],[15.299509,44.086633],[15.299409,44.086637],[15.299302,44.086637],[15.299166,44.086604],[15.299059,44.086577],[15.29894,44.086534],[15.298817,44.086488],[15.298747,44.086446],[15.298342,44.086197],[15.297934,44.085896],[15.297872,44.085854],[15.297804,44.085831],[15.297747,44.085821],[15.29761,44.085811],[15.297486,44.085807],[15.297431,44.085797],[15.297403,44.085788],[15.297386,44.085775],[15.297374,44.085757],[15.297371,44.085742],[15.297375,44.085722],[15.297384,44.085708],[15.297408,44.08568],[15.297601,44.085607],[15.297826,44.085517],[15.297866,44.085499],[15.297895,44.085474],[15.297919,44.085428],[15.297934,44.085376],[15.297928,44.085343],[15.297917,44.085318],[15.29787,44.085252],[15.297722,44.085028],[15.297607,44.084779],[15.297443,44.084445],[15.297151,44.084027],[15.297,44.083792],[15.296899,44.08358],[15.296668,44.082852],[15.296346,44.082185],[15.296225,44.081973],[15.296067,44.081754],[15.295826,44.081496],[15.295203,44.08081],[15.295169,44.080755],[15.29508,44.080613],[15.295063,44.080518],[15.295048,44.080428],[15.295021,44.080239],[15.295003,44.080185],[15.29496,44.08014],[15.294911,44.080107],[15.294849,44.080093],[15.294715,44.080097],[15.294531,44.080117],[15.294286,44.080143],[15.293798,44.08007],[15.292801,44.079877],[15.292521,44.079823],[15.291657,44.079623],[15.291314,44.079502],[15.291228,44.079472],[15.290997,44.079364],[15.290896,44.079299],[15.290755,44.07916],[15.289152,44.077614],[15.288891,44.077346],[15.288736,44.077278],[15.288625,44.077261],[15.288536,44.077267],[15.288483,44.077276],[15.288428,44.077274],[15.288376,44.077259],[15.288333,44.077234],[15.288303,44.077201],[15.288288,44.077161],[15.288291,44.07712],[15.288311,44.077082],[15.288349,44.07705],[15.288357,44.076991],[15.288348,44.0768],[15.288274,44.076602],[15.288209,44.076428],[15.288163,44.076213],[15.288148,44.075931],[15.288174,44.07554],[15.288224,44.074976],[15.288213,44.074805],[15.288159,44.074644],[15.288053,44.074485],[15.28791,44.074357],[15.287521,44.074211],[15.28714,44.074124],[15.286937,44.074052],[15.286702,44.073942],[15.286499,44.073764],[15.28578,44.073145],[15.285757,44.073126],[15.285331,44.072697],[15.284851,44.072275],[15.284755,44.072173],[15.283739,44.073071],[15.283574,44.073252],[15.283521,44.073307],[15.283476,44.073354],[15.283227,44.073644],[15.283093,44.073891],[15.283076,44.07393],[15.282991,44.074129],[15.282927,44.07423],[15.282479,44.074727],[15.282364,44.074853],[15.282011,44.075204],[15.281724,44.075465],[15.281184,44.075185],[15.281063,44.075094],[15.280996,44.075009],[15.280808,44.074747],[15.280725,44.074676],[15.280595,44.074617],[15.280554,44.074599],[15.280044,44.074394],[15.279904,44.074541],[15.279813,44.074747],[15.279615,44.075165],[15.279462,44.075366],[15.279277,44.075537],[15.279191,44.075623],[15.279041,44.075774],[15.279012,44.075807],[15.278791,44.076061],[15.278644,44.076306],[15.278062,44.077347],[15.277839,44.077834],[15.277726,44.078197],[15.27757,44.07815],[15.277393,44.078077],[15.277343,44.078082],[15.277065,44.078334]]}}