{"type":"Feature","properties":{"id":"hr-b","distanceKm":449.326,"drivingMinutes":319.79928333333334},"geometry":{"type":"LineString","coordinates":[[14.585528,46.329279],[14.585616,46.329297],[14.585884,46.329354],[14.586069,46.329406],[14.586296,46.32946],[14.586578,46.3295],[14.586989,46.329524],[14.587058,46.329542],[14.587116,46.329552],[14.587234,46.329557],[14.587456,46.329552],[14.587666,46.329511],[14.587777,46.329469],[14.587851,46.329419],[14.587887,46.329369],[14.587912,46.329281],[14.587935,46.329178],[14.588019,46.329014],[14.588125,46.328878],[14.588199,46.328806],[14.588281,46.328756],[14.588377,46.328679],[14.588454,46.328624],[14.588588,46.328476],[14.588613,46.328443],[14.588686,46.328343],[14.588744,46.328267],[14.588801,46.328213],[14.588997,46.328077],[14.589174,46.327898],[14.589258,46.327812],[14.589418,46.327698],[14.589484,46.327631],[14.589536,46.327547],[14.589564,46.327456],[14.589578,46.327336],[14.589588,46.327253],[14.589569,46.327203],[14.5896,46.327152],[14.589673,46.327118],[14.589701,46.32711],[14.590094,46.327011],[14.590235,46.326977],[14.590349,46.326945],[14.590513,46.326855],[14.590676,46.326721],[14.590801,46.326596],[14.590961,46.326385],[14.591191,46.326083],[14.591707,46.325438],[14.591953,46.325116],[14.592138,46.324985],[14.592416,46.324852],[14.59268,46.324717],[14.592952,46.324525],[14.593127,46.324363],[14.59322,46.324255],[14.593299,46.324116],[14.59351,46.323472],[14.5939,46.322363],[14.594174,46.32186],[14.594325,46.321647],[14.594656,46.321389],[14.595177,46.321145],[14.595526,46.321047],[14.596569,46.320841],[14.597158,46.320676],[14.597744,46.320483],[14.597949,46.320369],[14.598376,46.320016],[14.598787,46.31966],[14.59915,46.319373],[14.599459,46.319128],[14.59958,46.319059],[14.599742,46.318983],[14.600126,46.318898],[14.600598,46.318756],[14.600662,46.318704],[14.600728,46.318646],[14.600753,46.318614],[14.600754,46.318594],[14.600768,46.318418],[14.600701,46.318194],[14.600666,46.318027],[14.600729,46.317836],[14.60084,46.317721],[14.601736,46.316928],[14.602458,46.316323],[14.60301,46.315787],[14.60323,46.31546],[14.603385,46.315198],[14.603464,46.315033],[14.603676,46.314447],[14.603863,46.314207],[14.604404,46.31372],[14.604789,46.313349],[14.604811,46.313327],[14.605048,46.3131],[14.605436,46.312743],[14.605847,46.312378],[14.606064,46.312184],[14.606321,46.311996],[14.606654,46.311777],[14.606794,46.311667],[14.606879,46.311596],[14.606906,46.311561],[14.606961,46.31149],[14.607072,46.311346],[14.607206,46.311142],[14.607373,46.310818],[14.607442,46.310676],[14.60763,46.310291],[14.60765,46.310252],[14.607801,46.309905],[14.607823,46.309857],[14.607893,46.309707],[14.607988,46.309431],[14.608035,46.309275],[14.608085,46.308955],[14.608101,46.308618],[14.608129,46.308324],[14.608154,46.307854],[14.608158,46.307659],[14.608128,46.307448],[14.608115,46.307396],[14.608009,46.30723],[14.607962,46.307163],[14.607925,46.307051],[14.607934,46.306885],[14.608034,46.306708],[14.608269,46.306411],[14.608442,46.306213],[14.608584,46.306074],[14.608838,46.305798],[14.608969,46.305644],[14.609031,46.305548],[14.609083,46.305447],[14.609094,46.305274],[14.609002,46.305039],[14.608922,46.304903],[14.608826,46.304649],[14.608797,46.304492],[14.608827,46.303895],[14.608835,46.303653],[14.608831,46.303347],[14.608798,46.303272],[14.608722,46.303053],[14.608745,46.30291],[14.608854,46.302717],[14.608976,46.302548],[14.609219,46.302372],[14.609388,46.302215],[14.609529,46.302054],[14.610105,46.301158],[14.610257,46.300902],[14.610296,46.300719],[14.610299,46.300422],[14.610334,46.300185],[14.610395,46.300035],[14.610706,46.299735],[14.610784,46.299566],[14.610809,46.299191],[14.610849,46.299101],[14.610923,46.299027],[14.611332,46.298811],[14.611652,46.29868],[14.612223,46.298569],[14.612357,46.298489],[14.612543,46.298353],[14.612595,46.298233],[14.612625,46.298111],[14.612609,46.297507],[14.612613,46.297341],[14.612661,46.297251],[14.612883,46.296937],[14.613017,46.296681],[14.613042,46.296526],[14.613038,46.296347],[14.613083,46.296181],[14.613241,46.295999],[14.613339,46.295902],[14.613956,46.295514],[14.614624,46.294757],[14.61471,46.294599],[14.614656,46.294157],[14.614653,46.293901],[14.614707,46.293698],[14.614835,46.293104],[14.615021,46.292549],[14.615233,46.292128],[14.615388,46.29196],[14.615581,46.291792],[14.615672,46.291628],[14.615712,46.291491],[14.615703,46.291376],[14.615591,46.291149],[14.615549,46.291017],[14.615556,46.290864],[14.615655,46.290682],[14.615849,46.290379],[14.616127,46.290181],[14.616304,46.290021],[14.616379,46.289863],[14.616394,46.289747],[14.616347,46.289619],[14.616233,46.289458],[14.616111,46.28929],[14.615844,46.288786],[14.615831,46.28865],[14.615879,46.288532],[14.615993,46.28839],[14.616309,46.288161],[14.616742,46.287907],[14.617152,46.287646],[14.617478,46.287415],[14.617671,46.287227],[14.617743,46.287104],[14.617831,46.286942],[14.617864,46.286783],[14.617875,46.286652],[14.617796,46.28643],[14.617447,46.285927],[14.617112,46.285448],[14.616931,46.285208],[14.616579,46.284875],[14.616058,46.284399],[14.61594,46.284291],[14.615827,46.284198],[14.615723,46.284054],[14.615594,46.283786],[14.615424,46.282823],[14.61532,46.282127],[14.615261,46.281842],[14.615219,46.281612],[14.615108,46.281061],[14.615065,46.28095],[14.614947,46.280746],[14.614834,46.280602],[14.614747,46.28051],[14.614552,46.280356],[14.614362,46.280209],[14.614238,46.280094],[14.614219,46.279978],[14.614255,46.279887],[14.614362,46.279755],[14.614477,46.279648],[14.614494,46.279632],[14.614652,46.279509],[14.61476,46.279365],[14.614814,46.279236],[14.614845,46.279064],[14.61479,46.278785],[14.614728,46.27866],[14.614598,46.278376],[14.61403,46.277552],[14.613846,46.277304],[14.613724,46.277174],[14.613529,46.276986],[14.613182,46.276644],[14.613,46.276431],[14.612901,46.27627],[14.61277,46.275984],[14.612707,46.275809],[14.612551,46.275369],[14.61247,46.275172],[14.612204,46.27483],[14.612135,46.27476],[14.611971,46.274639],[14.611796,46.274548],[14.611514,46.274465],[14.611185,46.274376],[14.610929,46.274263],[14.610796,46.274174],[14.610677,46.274069],[14.610583,46.273952],[14.610544,46.273844],[14.610457,46.273713],[14.610343,46.273614],[14.610104,46.273504],[14.609611,46.273387],[14.609455,46.27335],[14.608903,46.273218],[14.608397,46.273087],[14.608226,46.273031],[14.608044,46.272955],[14.607873,46.272822],[14.607622,46.27257],[14.606915,46.271813],[14.606744,46.271612],[14.60665,46.271476],[14.606621,46.27143],[14.606586,46.271363],[14.606521,46.271207],[14.606393,46.270792],[14.606318,46.270531],[14.606195,46.270067],[14.606132,46.269865],[14.606054,46.269666],[14.605947,46.269473],[14.605827,46.269291],[14.605686,46.269128],[14.605561,46.26899],[14.605365,46.268831],[14.604469,46.26824],[14.604002,46.267911],[14.603863,46.267753],[14.603779,46.26759],[14.603681,46.266826],[14.603601,46.266245],[14.603527,46.26556],[14.603382,46.265497],[14.603272,46.265435],[14.603172,46.265361],[14.603127,46.265311],[14.603088,46.265267],[14.603018,46.265174],[14.602957,46.265049],[14.602943,46.264912],[14.602953,46.264745],[14.602973,46.26464],[14.603031,46.26442],[14.603087,46.264273],[14.603182,46.264107],[14.603342,46.26388],[14.603569,46.263601],[14.60398,46.263124],[14.604106,46.262975],[14.604114,46.262962],[14.60421,46.262816],[14.604286,46.26264],[14.604347,46.262447],[14.604477,46.262003],[14.60457,46.261795],[14.604633,46.261672],[14.604796,46.261369],[14.604906,46.261159],[14.604978,46.26101],[14.605069,46.260806],[14.605137,46.26062],[14.605157,46.260493],[14.605149,46.260361],[14.605118,46.260258],[14.605074,46.260154],[14.605017,46.260073],[14.604917,46.259953],[14.604855,46.259882],[14.604695,46.259732],[14.604541,46.259593],[14.604395,46.259425],[14.604314,46.259272],[14.604234,46.259102],[14.604136,46.258951],[14.604064,46.258859],[14.603982,46.258733],[14.603938,46.258688],[14.603714,46.258453],[14.603557,46.258261],[14.603501,46.25815],[14.603483,46.258065],[14.603469,46.25794],[14.603485,46.257873],[14.603549,46.257674],[14.603608,46.257485],[14.603665,46.257301],[14.603689,46.257222],[14.603704,46.257176],[14.603749,46.256989],[14.603776,46.256851],[14.603783,46.256657],[14.603756,46.256468],[14.60371,46.256314],[14.603658,46.256185],[14.603572,46.256029],[14.603357,46.255713],[14.602925,46.255106],[14.602731,46.254838],[14.602664,46.254747],[14.602394,46.254366],[14.602274,46.254197],[14.602197,46.25406],[14.602148,46.253959],[14.602116,46.253865],[14.6021,46.25378],[14.602088,46.253637],[14.602093,46.253553],[14.602124,46.253132],[14.602118,46.25296],[14.60209,46.252734],[14.602048,46.252399],[14.602001,46.252053],[14.601921,46.25139],[14.6019,46.251097],[14.601891,46.250898],[14.601884,46.25071],[14.601888,46.250557],[14.601908,46.25041],[14.601946,46.250227],[14.601991,46.250059],[14.602026,46.249928],[14.602109,46.249608],[14.602148,46.249433],[14.602168,46.249237],[14.602159,46.249071],[14.602111,46.248853],[14.602082,46.24868],[14.602042,46.248521],[14.601996,46.24833],[14.60177,46.247461],[14.601733,46.247298],[14.601698,46.247124],[14.601657,46.246914],[14.601644,46.246725],[14.601641,46.246363],[14.601655,46.245933],[14.601687,46.2458],[14.601746,46.245677],[14.601821,46.245576],[14.602243,46.245092],[14.602492,46.244809],[14.602581,46.244697],[14.602706,46.244499],[14.602794,46.244375],[14.602881,46.244285],[14.602923,46.244247],[14.602949,46.244223],[14.603149,46.244098],[14.603293,46.244026],[14.603532,46.243917],[14.603844,46.243791],[14.604044,46.243726],[14.604203,46.243651],[14.604364,46.243541],[14.604464,46.243462],[14.604538,46.243384],[14.604613,46.243261],[14.604672,46.243114],[14.604698,46.243032],[14.604711,46.242885],[14.604709,46.242719],[14.604643,46.242212],[14.604607,46.2418],[14.604566,46.241238],[14.604566,46.241015],[14.604606,46.240779],[14.604686,46.240549],[14.604802,46.240262],[14.605217,46.239269],[14.605496,46.238645],[14.605627,46.238409],[14.605692,46.238312],[14.605727,46.23826],[14.605881,46.238066],[14.606049,46.23789],[14.606254,46.237712],[14.608089,46.236228],[14.608659,46.235762],[14.608865,46.235585],[14.609017,46.235429],[14.60912,46.235303],[14.609227,46.235146],[14.609334,46.234964],[14.60942,46.234776],[14.609462,46.234626],[14.609492,46.234389],[14.609547,46.23404],[14.609608,46.233664],[14.609653,46.233465],[14.609703,46.233305],[14.609799,46.233103],[14.609965,46.232787],[14.610366,46.232073],[14.610703,46.231453],[14.610772,46.231283],[14.610891,46.230941],[14.610911,46.230835],[14.610927,46.230745],[14.610871,46.230736],[14.610821,46.230717],[14.61078,46.230688],[14.610752,46.230654],[14.610739,46.230615],[14.610743,46.230572],[14.610765,46.230532],[14.610802,46.230499],[14.610853,46.230474],[14.610912,46.230461],[14.610973,46.230461],[14.611029,46.230472],[14.611078,46.230493],[14.611117,46.230523],[14.611142,46.230559],[14.611151,46.230598],[14.611533,46.230599],[14.611912,46.230591],[14.611978,46.230591],[14.612044,46.23059],[14.612936,46.230589],[14.613037,46.230582],[14.613103,46.230552],[14.613159,46.2305],[14.613186,46.23045],[14.613226,46.230364],[14.613324,46.230201],[14.613441,46.230046],[14.613688,46.229724],[14.61388,46.22947],[14.613972,46.229343],[14.614193,46.229039],[14.614432,46.228622],[14.614477,46.228543],[14.614514,46.228467],[14.614728,46.228015],[14.61515,46.226926],[14.615286,46.226568],[14.61534,46.226449],[14.615403,46.226309],[14.61549,46.226117],[14.615504,46.226078],[14.615527,46.226024],[14.61548,46.226003],[14.615325,46.225929],[14.615161,46.225841],[14.615077,46.225783],[14.614989,46.225714],[14.614839,46.225558],[14.614702,46.225423],[14.614631,46.22533],[14.614482,46.225136],[14.614087,46.224599],[14.613703,46.224074],[14.61352,46.223873],[14.613011,46.223379],[14.612475,46.222919],[14.612153,46.22265],[14.611854,46.222404],[14.611503,46.222127],[14.611258,46.221909],[14.611056,46.221705],[14.610809,46.221412],[14.610629,46.221111],[14.610488,46.220799],[14.610453,46.22071],[14.610419,46.220624],[14.610368,46.22046],[14.610287,46.220136],[14.610256,46.219811],[14.61024,46.219368],[14.61024,46.219212],[14.610193,46.218915],[14.610132,46.218727],[14.610038,46.218518],[14.609877,46.218245],[14.609708,46.218026],[14.609462,46.217692],[14.609311,46.217488],[14.608959,46.216914],[14.608802,46.216537],[14.608629,46.21605],[14.608557,46.215735],[14.608506,46.215414],[14.608495,46.215298],[14.608476,46.214373],[14.608471,46.213973],[14.60847,46.213864],[14.608469,46.213801],[14.608471,46.213719],[14.608482,46.213387],[14.608486,46.213247],[14.608488,46.213083],[14.608497,46.212215],[14.608477,46.211997],[14.608442,46.211678],[14.608409,46.211528],[14.60825,46.211078],[14.608139,46.210818],[14.607982,46.210533],[14.607845,46.210335],[14.607806,46.210273],[14.607669,46.210103],[14.607281,46.209674],[14.606897,46.209321],[14.606561,46.209038],[14.606379,46.208885],[14.606184,46.208717],[14.605931,46.208476],[14.605671,46.208185],[14.605511,46.207998],[14.605297,46.207707],[14.605079,46.207342],[14.604602,46.206512],[14.604366,46.206213],[14.604287,46.206124],[14.604266,46.206123],[14.604209,46.206107],[14.604162,46.20608],[14.604129,46.206044],[14.604113,46.206002],[14.604115,46.205978],[14.604116,46.20596],[14.604139,46.205919],[14.604132,46.205808],[14.60404,46.205555],[14.603921,46.205347],[14.603769,46.205076],[14.603575,46.204723],[14.60305,46.203817],[14.602462,46.202828],[14.602138,46.202256],[14.601641,46.201423],[14.601309,46.200922],[14.601033,46.200485],[14.600803,46.200105],[14.600696,46.199989],[14.60067,46.19998],[14.600648,46.199967],[14.600633,46.19995],[14.600623,46.199929],[14.600623,46.199908],[14.600631,46.199887],[14.600529,46.199733],[14.600338,46.199519],[14.600126,46.199331],[14.599922,46.199165],[14.59984,46.199084],[14.599559,46.198915],[14.59924,46.198763],[14.598959,46.198655],[14.598741,46.198584],[14.598476,46.198512],[14.598376,46.198492],[14.598142,46.198444],[14.597877,46.1984],[14.597588,46.198372],[14.597384,46.198358],[14.597051,46.19836],[14.59667,46.198372],[14.596185,46.198401],[14.596035,46.198412],[14.595921,46.198422],[14.595583,46.198448],[14.59493,46.19851],[14.594182,46.198579],[14.59421,46.198643],[14.594209,46.19871],[14.594179,46.198774],[14.594123,46.198828],[14.594056,46.198865],[14.593976,46.198888],[14.593891,46.198896],[14.593806,46.198887],[14.593755,46.19887],[14.593703,46.198852],[14.59366,46.19882],[14.593625,46.198794],[14.593581,46.19872],[14.593578,46.19864],[14.593417,46.198614],[14.59316,46.198571],[14.59283,46.198519],[14.592444,46.198421],[14.592142,46.198322],[14.591894,46.198194],[14.591801,46.198274],[14.591738,46.198327],[14.591635,46.198371],[14.591288,46.198475],[14.591147,46.198518],[14.590809,46.198608],[14.590612,46.198659],[14.590242,46.198755],[14.590078,46.198801],[14.589913,46.198841],[14.589608,46.198915],[14.589284,46.198972],[14.589103,46.198999],[14.58893,46.19902],[14.588137,46.199118],[14.587869,46.199153],[14.58745,46.199207],[14.586502,46.199328],[14.586321,46.199357],[14.586147,46.19939],[14.586047,46.199408],[14.585898,46.199442],[14.585729,46.199486],[14.585373,46.199584],[14.585012,46.199687],[14.58472,46.199774],[14.583816,46.200066],[14.582924,46.200345],[14.581712,46.200728],[14.581086,46.200915],[14.580587,46.201062],[14.580206,46.201196],[14.57975,46.201356],[14.579408,46.201469],[14.578952,46.201633],[14.578546,46.201764],[14.577887,46.201965],[14.57749,46.202101],[14.57715,46.202223],[14.57685,46.202339],[14.576575,46.202453],[14.576447,46.202517],[14.57636,46.202569],[14.576262,46.202648],[14.576191,46.202718],[14.57615,46.202778],[14.576191,46.202806],[14.576216,46.202843],[14.57622,46.202894],[14.576184,46.202948],[14.57614,46.202974],[14.576066,46.202991],[14.576024,46.20299],[14.575986,46.202982],[14.575947,46.202966],[14.575918,46.202945],[14.575894,46.202914],[14.575887,46.202897],[14.575885,46.202861],[14.575896,46.202832],[14.57592,46.202798],[14.575883,46.202763],[14.575727,46.202658],[14.575612,46.20256],[14.575501,46.202459],[14.575314,46.202261],[14.574906,46.20178],[14.574647,46.201482],[14.574526,46.201351],[14.574421,46.201246],[14.57433,46.201165],[14.574006,46.200902],[14.573808,46.200732],[14.573661,46.200569],[14.573505,46.200383],[14.573401,46.200279],[14.573279,46.200167],[14.573168,46.200083],[14.573041,46.200009],[14.5729,46.199938],[14.572715,46.199863],[14.572506,46.199787],[14.572306,46.199722],[14.572047,46.199641],[14.571759,46.199561],[14.571508,46.199497],[14.571217,46.199427],[14.570788,46.19934],[14.570383,46.199269],[14.570065,46.199213],[14.569646,46.199136],[14.569414,46.199089],[14.569065,46.199015],[14.568734,46.198948],[14.568459,46.198891],[14.568236,46.198839],[14.568084,46.198797],[14.567912,46.198744],[14.56769,46.198665],[14.567444,46.198572],[14.567308,46.198519],[14.567224,46.198485],[14.566964,46.198384],[14.566533,46.198212],[14.566408,46.198164],[14.566238,46.198101],[14.56602,46.198026],[14.56577,46.197955],[14.565409,46.197875],[14.565295,46.197853],[14.56519,46.197829],[14.564961,46.197781],[14.564575,46.197703],[14.564063,46.197597],[14.563664,46.197515],[14.563589,46.197499],[14.563415,46.197462],[14.562968,46.197373],[14.562482,46.197273],[14.561828,46.19713],[14.56123,46.196982],[14.560782,46.196862],[14.560408,46.196761],[14.560073,46.196676],[14.559808,46.196618],[14.559542,46.196579],[14.559134,46.196544],[14.558522,46.196491],[14.557931,46.196461],[14.557429,46.196446],[14.556124,46.196434],[14.554808,46.196432],[14.554598,46.196425],[14.554427,46.196404],[14.554284,46.196374],[14.554142,46.196339],[14.55405,46.196306],[14.55395,46.196262],[14.553769,46.19617],[14.553579,46.196072],[14.55346,46.196018],[14.553324,46.195968],[14.553247,46.195943],[14.553154,46.195921],[14.552979,46.195892],[14.552473,46.195833],[14.551064,46.195683],[14.550416,46.195616],[14.550324,46.195604],[14.55016,46.195575],[14.550003,46.195536],[14.549833,46.195485],[14.54964,46.195402],[14.549484,46.195299],[14.549293,46.195166],[14.549097,46.195033],[14.548984,46.194981],[14.548891,46.19496],[14.548808,46.194959],[14.548696,46.194962],[14.548466,46.19498],[14.548322,46.194985],[14.548219,46.194982],[14.548124,46.194965],[14.547994,46.194926],[14.547862,46.194868],[14.547741,46.194809],[14.547605,46.194752],[14.547519,46.19473],[14.547427,46.194714],[14.54728,46.194711],[14.54715,46.194733],[14.54709,46.194743],[14.546542,46.19485],[14.546247,46.194898],[14.545893,46.19494],[14.545518,46.19498],[14.545225,46.195029],[14.544929,46.195097],[14.544678,46.195156],[14.544537,46.195203],[14.544429,46.195258],[14.544345,46.195291],[14.544282,46.195315],[14.544211,46.195326],[14.544113,46.195325],[14.543938,46.195311],[14.543793,46.195303],[14.543698,46.195295],[14.543549,46.195285],[14.543345,46.195277],[14.543177,46.195278],[14.542971,46.19527],[14.54283,46.195263],[14.542684,46.195252],[14.542504,46.195232],[14.542277,46.195192],[14.542109,46.195143],[14.542074,46.195134],[14.541927,46.195087],[14.541515,46.194974],[14.541225,46.194901],[14.541047,46.194856],[14.540801,46.194808],[14.540581,46.194766],[14.540118,46.194689],[14.539594,46.194619],[14.539232,46.194576],[14.538935,46.194553],[14.538524,46.194525],[14.537846,46.194481],[14.537728,46.194473],[14.537106,46.19445],[14.536551,46.194421],[14.535406,46.194363],[14.534153,46.194291],[14.533224,46.19423],[14.532841,46.1942],[14.532383,46.194147],[14.531732,46.194057],[14.53104,46.193962],[14.530094,46.193832],[14.529685,46.193779],[14.529116,46.193698],[14.528201,46.193551],[14.527561,46.193442],[14.527527,46.193435],[14.526723,46.193286],[14.526191,46.193188],[14.52594,46.193137],[14.524913,46.19296],[14.523692,46.192746],[14.522994,46.19262],[14.522445,46.19252],[14.522178,46.192467],[14.52127,46.192292],[14.519805,46.192025],[14.51968,46.192003],[14.518999,46.191904],[14.518607,46.191856],[14.518155,46.191803],[14.517345,46.191737],[14.515357,46.191569],[14.514698,46.191524],[14.514303,46.19149],[14.513216,46.191382],[14.511523,46.191221],[14.510711,46.191143],[14.51017,46.191086],[14.509809,46.191038],[14.509626,46.191005],[14.509297,46.190925],[14.509031,46.190865],[14.508695,46.190802],[14.508576,46.190785],[14.507766,46.190681],[14.507515,46.190645],[14.507429,46.190633],[14.507262,46.1906],[14.506814,46.19049],[14.505884,46.190171],[14.50574,46.190121],[14.505597,46.190064],[14.505033,46.189839],[14.504611,46.189635],[14.504223,46.189436],[14.503594,46.189064],[14.503022,46.188691],[14.502515,46.188306],[14.502063,46.187901],[14.501823,46.187683],[14.501674,46.187519],[14.501341,46.187171],[14.500731,46.186429],[14.500391,46.186019],[14.500231,46.185817],[14.500033,46.185622],[14.499732,46.18531],[14.499527,46.185154],[14.499453,46.185095],[14.49918,46.184882],[14.498708,46.184576],[14.498421,46.184415],[14.498208,46.184296],[14.497134,46.183814],[14.496985,46.183758],[14.496832,46.183704],[14.496301,46.183519],[14.495402,46.183284],[14.495169,46.183237],[14.494789,46.183161],[14.494092,46.183059],[14.493165,46.182999],[14.492543,46.183001],[14.491932,46.183033],[14.491296,46.183104],[14.49066,46.183205],[14.490133,46.183312],[14.489771,46.183402],[14.489578,46.183455],[14.489392,46.183509],[14.489109,46.183597],[14.488803,46.1837],[14.487892,46.184049],[14.487558,46.184179],[14.487014,46.184365],[14.486807,46.184425],[14.486589,46.184481],[14.486418,46.184517],[14.486193,46.184557],[14.485897,46.1846],[14.48573,46.184622],[14.485527,46.184639],[14.485071,46.184658],[14.484672,46.184647],[14.484258,46.184617],[14.483811,46.184565],[14.483352,46.184472],[14.483211,46.18444],[14.482872,46.18435],[14.482618,46.184274],[14.482516,46.184244],[14.482201,46.184144],[14.481918,46.184034],[14.481598,46.183903],[14.480896,46.183583],[14.480313,46.183321],[14.479936,46.183156],[14.4795,46.182976],[14.479493,46.182918],[14.479511,46.182871],[14.479543,46.182817],[14.479563,46.182786],[14.479652,46.182711],[14.479821,46.1826],[14.479935,46.182501],[14.480031,46.182428],[14.480149,46.182362],[14.480297,46.182299],[14.480432,46.182258],[14.480579,46.182225],[14.480734,46.182208],[14.480902,46.182199],[14.481067,46.182208],[14.481248,46.182237],[14.481419,46.182273],[14.481845,46.182384],[14.482209,46.182463],[14.482495,46.18253],[14.482692,46.182566],[14.482889,46.18259],[14.483062,46.182594],[14.483217,46.182588],[14.483377,46.182561],[14.483516,46.182522],[14.483646,46.182472],[14.483752,46.182416],[14.48386,46.182344],[14.483941,46.182272],[14.484024,46.182175],[14.484092,46.182071],[14.484184,46.181872],[14.484338,46.181726],[14.484409,46.18155],[14.484726,46.180779],[14.484924,46.180283],[14.485197,46.179568],[14.485369,46.179011],[14.485439,46.178754],[14.485635,46.178018],[14.485704,46.177714],[14.485865,46.176935],[14.485979,46.176225],[14.486045,46.175735],[14.48612,46.175003],[14.486155,46.17438],[14.486178,46.17374],[14.486171,46.173141],[14.486151,46.172693],[14.486068,46.171602],[14.485982,46.170928],[14.485857,46.170176],[14.485728,46.169537],[14.485582,46.168923],[14.485376,46.16816],[14.4852,46.16757],[14.484998,46.166949],[14.484779,46.166353],[14.484546,46.165744],[14.484104,46.1647],[14.483715,46.16381],[14.483396,46.163132],[14.483267,46.16286],[14.482861,46.161964],[14.482749,46.161734],[14.482306,46.160819],[14.482119,46.160434],[14.481338,46.158775],[14.480988,46.158037],[14.480569,46.157158],[14.480226,46.156427],[14.479807,46.155554],[14.479467,46.154799],[14.479191,46.154213],[14.478578,46.152904],[14.478228,46.15217],[14.477898,46.151436],[14.477435,46.150418],[14.476925,46.14921],[14.476703,46.148645],[14.476455,46.147889],[14.47628,46.147275],[14.476224,46.147057],[14.476137,46.146665],[14.476054,46.146202],[14.475956,46.145454],[14.475898,46.144479],[14.475891,46.143795],[14.47593,46.143155],[14.475996,46.142548],[14.476091,46.141933],[14.476195,46.141467],[14.476353,46.140837],[14.476527,46.140247],[14.476688,46.139762],[14.47687,46.139279],[14.477061,46.138838],[14.477138,46.138608],[14.477336,46.1382],[14.477491,46.137896],[14.477654,46.137594],[14.477884,46.137202],[14.478073,46.136894],[14.478425,46.136341],[14.479037,46.135434],[14.479385,46.13493],[14.479693,46.134479],[14.480198,46.133716],[14.480393,46.133413],[14.480583,46.133101],[14.480851,46.132643],[14.481036,46.132302],[14.481235,46.131907],[14.481385,46.131586],[14.48148,46.131368],[14.481587,46.131098],[14.481668,46.130887],[14.481757,46.130627],[14.481854,46.130309],[14.481943,46.129987],[14.482054,46.129504],[14.482095,46.129288],[14.482139,46.129018],[14.482174,46.12875],[14.482204,46.128472],[14.482226,46.128138],[14.482241,46.127805],[14.48224,46.12747],[14.482227,46.127137],[14.482206,46.126803],[14.482146,46.126303],[14.482062,46.125802],[14.481991,46.125476],[14.481907,46.125144],[14.481764,46.124655],[14.481649,46.124331],[14.481583,46.124161],[14.481393,46.123691],[14.481296,46.123479],[14.481137,46.123151],[14.480971,46.122837],[14.480796,46.122528],[14.480606,46.122219],[14.480406,46.12191],[14.480194,46.121607],[14.479986,46.121327],[14.479856,46.121162],[14.479623,46.120873],[14.479379,46.120591],[14.479129,46.120315],[14.479001,46.12018],[14.478739,46.119913],[14.478467,46.11965],[14.478185,46.119393],[14.477895,46.119138],[14.477597,46.118887],[14.477299,46.118639],[14.476844,46.11827],[14.476444,46.117941],[14.476247,46.117774],[14.476007,46.117565],[14.475861,46.117437],[14.475576,46.117177],[14.475303,46.116915],[14.475011,46.116621],[14.474876,46.116473],[14.474627,46.116199],[14.474391,46.115923],[14.474164,46.115641],[14.473943,46.115354],[14.473776,46.115126],[14.473511,46.114731],[14.473227,46.11427],[14.472976,46.113811],[14.4728,46.113472],[14.472514,46.11283],[14.472347,46.112378],[14.47219,46.111906],[14.472034,46.111386],[14.471844,46.110751],[14.47171,46.110282],[14.471505,46.109617],[14.471385,46.109264],[14.471159,46.108663],[14.471022,46.108313],[14.470822,46.107845],[14.470617,46.107396],[14.470489,46.107123],[14.470212,46.106562],[14.470062,46.10628],[14.469851,46.105897],[14.469678,46.105592],[14.469372,46.105077],[14.469138,46.104705],[14.469022,46.104524],[14.468949,46.104411],[14.468753,46.104117],[14.468553,46.103826],[14.468346,46.103538],[14.468136,46.103252],[14.467922,46.102968],[14.4677,46.102684],[14.467472,46.102402],[14.467178,46.102045],[14.466674,46.101451],[14.466324,46.101039],[14.465908,46.100557],[14.463338,46.097634],[14.462446,46.096589],[14.462173,46.096226],[14.461909,46.095833],[14.461689,46.095501],[14.461505,46.095184],[14.461175,46.094563],[14.461013,46.094222],[14.460871,46.093871],[14.460612,46.093191],[14.460424,46.09263],[14.460315,46.092252],[14.460218,46.091833],[14.460089,46.091115],[14.460039,46.090782],[14.460005,46.090436],[14.45997,46.0897],[14.459943,46.088885],[14.459966,46.088253],[14.459992,46.088055],[14.460012,46.087908],[14.460027,46.087788],[14.460111,46.087136],[14.460193,46.086465],[14.460263,46.08576],[14.460306,46.085263],[14.460339,46.084767],[14.460373,46.0841],[14.460397,46.083439],[14.460408,46.08294],[14.460409,46.082442],[14.460407,46.082111],[14.460404,46.08178],[14.460394,46.081448],[14.460369,46.080786],[14.460343,46.080289],[14.460282,46.079459],[14.460211,46.078721],[14.460144,46.078139],[14.460082,46.07764],[14.459886,46.076374],[14.459829,46.076047],[14.459757,46.075657],[14.459693,46.075331],[14.459625,46.075002],[14.459518,46.074511],[14.459369,46.073883],[14.459284,46.073529],[14.459157,46.073043],[14.459038,46.072609],[14.45884,46.071925],[14.458515,46.070894],[14.4585,46.070847],[14.458144,46.069817],[14.457571,46.068232],[14.457107,46.066947],[14.456294,46.064696],[14.456181,46.064381],[14.455541,46.062612],[14.455377,46.062156],[14.455268,46.061851],[14.455199,46.061663],[14.455073,46.061316],[14.454934,46.060935],[14.454822,46.060624],[14.454614,46.060046],[14.454267,46.059094],[14.454045,46.058473],[14.453754,46.057666],[14.45324,46.056243],[14.452967,46.055503],[14.452856,46.055207],[14.452723,46.054868],[14.452574,46.05451],[14.452389,46.054099],[14.45223,46.053776],[14.452141,46.053601],[14.452011,46.053357],[14.451819,46.053012],[14.451734,46.052866],[14.451557,46.052575],[14.451372,46.052284],[14.451201,46.052025],[14.450905,46.051595],[14.450465,46.051021],[14.450134,46.050621],[14.449715,46.050138],[14.449281,46.049664],[14.449026,46.049392],[14.448774,46.049124],[14.448538,46.048869],[14.448302,46.048608],[14.448074,46.048349],[14.447834,46.048062],[14.447723,46.047923],[14.447534,46.047671],[14.447477,46.047592],[14.447325,46.047362],[14.447146,46.047068],[14.447067,46.046923],[14.446992,46.046775],[14.44692,46.046622],[14.446855,46.046471],[14.446797,46.046319],[14.446744,46.046166],[14.446696,46.046012],[14.446652,46.045858],[14.446614,46.045702],[14.446584,46.045547],[14.446557,46.04539],[14.446536,46.045232],[14.446522,46.045075],[14.44651,46.044787],[14.446512,46.044609],[14.446519,46.044426],[14.446531,46.044275],[14.44655,46.044115],[14.446594,46.043846],[14.44663,46.043686],[14.446672,46.04353],[14.446719,46.043368],[14.446769,46.043209],[14.446826,46.043054],[14.44689,46.0429],[14.44696,46.042746],[14.447035,46.042592],[14.447117,46.042439],[14.4472,46.04229],[14.447291,46.042137],[14.447381,46.041989],[14.44768,46.041504],[14.447729,46.041325],[14.447785,46.04117],[14.447832,46.041081],[14.447902,46.040925],[14.447969,46.040773],[14.44803,46.04062],[14.44809,46.040456],[14.448143,46.040306],[14.448193,46.040151],[14.448239,46.039993],[14.44828,46.039832],[14.448319,46.039674],[14.448353,46.039516],[14.44841,46.039195],[14.448449,46.038876],[14.448464,46.038712],[14.448474,46.038551],[14.44848,46.038387],[14.448482,46.038228],[14.448479,46.038068],[14.448462,46.037746],[14.448446,46.037582],[14.448428,46.037428],[14.448405,46.037266],[14.448378,46.037104],[14.448345,46.036943],[14.44831,46.036786],[14.448269,46.036625],[14.448227,46.036471],[14.448178,46.036314],[14.448126,46.036156],[14.44807,46.036001],[14.448006,46.035844],[14.447942,46.03569],[14.447875,46.035534],[14.447805,46.03538],[14.44773,46.035228],[14.447654,46.035076],[14.447578,46.034924],[14.447502,46.034771],[14.447425,46.034617],[14.447351,46.034465],[14.447279,46.03431],[14.447246,46.034192],[14.447235,46.03411],[14.447241,46.034011],[14.44672,46.032869],[14.44638,46.032123],[14.446279,46.031913],[14.446154,46.031662],[14.445986,46.031357],[14.445868,46.031166],[14.44577,46.03102],[14.445669,46.030878],[14.445562,46.030735],[14.445449,46.030596],[14.445329,46.030461],[14.445206,46.030328],[14.445075,46.030196],[14.444937,46.030067],[14.444798,46.029945],[14.444652,46.029822],[14.444499,46.029701],[14.444343,46.029586],[14.444179,46.029472],[14.444012,46.029364],[14.443844,46.029257],[14.443667,46.029155],[14.443487,46.029056],[14.443304,46.028961],[14.442926,46.028775],[14.44255,46.028602],[14.442161,46.028431],[14.44177,46.028265],[14.441372,46.028099],[14.440766,46.027857],[14.440231,46.027653],[14.439544,46.027402],[14.438512,46.027043],[14.437891,46.026836],[14.437261,46.026631],[14.437167,46.026604],[14.437055,46.026567],[14.436634,46.026437],[14.43607,46.026268],[14.435576,46.026123],[14.435355,46.026059],[14.434926,46.02594],[14.434276,46.025765],[14.433639,46.025599],[14.432982,46.025434],[14.432249,46.025258],[14.430987,46.024969],[14.430061,46.02477],[14.429425,46.02463],[14.428292,46.024401],[14.425888,46.023956],[14.423642,46.023558],[14.421142,46.023124],[14.418577,46.022677],[14.416398,46.022306],[14.41381,46.021859],[14.412544,46.021638],[14.411435,46.021446],[14.41136,46.021432],[14.407732,46.020804],[14.406727,46.020633],[14.406082,46.020523],[14.40495,46.020331],[14.403871,46.020147],[14.400704,46.019604],[14.398411,46.019212],[14.39739,46.019037],[14.39566,46.018742],[14.392659,46.01821],[14.390306,46.017719],[14.389213,46.017454],[14.388155,46.017149],[14.386763,46.016695],[14.385433,46.016189],[14.383976,46.015507],[14.382589,46.014806],[14.380243,46.01344],[14.3764,46.011071],[14.37469,46.010009],[14.373202,46.009137],[14.371824,46.008404],[14.37083,46.007937],[14.369675,46.007457],[14.368429,46.007031],[14.367151,46.006616],[14.366551,46.006455],[14.365898,46.006292],[14.36526,46.006151],[14.364046,46.005921],[14.363364,46.005805],[14.362701,46.005703],[14.360671,46.005429],[14.358184,46.005086],[14.357346,46.004954],[14.355926,46.004691],[14.354915,46.004503],[14.353297,46.00412],[14.351721,46.003663],[14.350081,46.003102],[14.348447,46.002479],[14.345911,46.001458],[14.342525,45.999887],[14.338883,45.998079],[14.336556,45.996859],[14.334088,45.995523],[14.332271,45.994488],[14.330579,45.993513],[14.327068,45.991377],[14.324383,45.989682],[14.323131,45.988849],[14.321855,45.987947],[14.319442,45.986122],[14.318163,45.985144],[14.316853,45.984118],[14.315637,45.983106],[14.313845,45.981575],[14.312519,45.980379],[14.31187,45.979795],[14.310775,45.978742],[14.310029,45.977982],[14.309571,45.977481],[14.309047,45.976884],[14.308475,45.976187],[14.307894,45.975405],[14.307541,45.9749],[14.307356,45.974633],[14.306847,45.973876],[14.306414,45.973136],[14.305986,45.972342],[14.305766,45.971864],[14.305445,45.971135],[14.305255,45.970598],[14.305201,45.97041],[14.304935,45.969489],[14.304756,45.968622],[14.304653,45.967936],[14.304595,45.967325],[14.304559,45.966739],[14.304554,45.966483],[14.304557,45.966156],[14.304571,45.965827],[14.304618,45.965184],[14.304654,45.964843],[14.304707,45.964441],[14.304791,45.963978],[14.304902,45.963469],[14.305056,45.96281],[14.305172,45.96234],[14.305315,45.961755],[14.305403,45.961384],[14.305501,45.960917],[14.305563,45.960581],[14.305636,45.960061],[14.305679,45.959621],[14.305701,45.959208],[14.305704,45.958856],[14.305691,45.958467],[14.305662,45.958087],[14.30563,45.957776],[14.30552,45.957111],[14.30545,45.956772],[14.305368,45.956464],[14.305236,45.956013],[14.305082,45.955572],[14.304902,45.955117],[14.30466,45.954583],[14.304436,45.954147],[14.304181,45.953706],[14.303791,45.953105],[14.303562,45.952789],[14.303241,45.952365],[14.30245,45.951449],[14.302029,45.951044],[14.301612,45.950657],[14.301125,45.95024],[14.300522,45.949771],[14.30003,45.949417],[14.299712,45.949201],[14.29919,45.948867],[14.298818,45.948645],[14.298316,45.94836],[14.297947,45.948166],[14.297385,45.947883],[14.296812,45.94762],[14.296262,45.947382],[14.295583,45.947114],[14.294753,45.946819],[14.294123,45.946617],[14.293445,45.946423],[14.292804,45.946257],[14.291936,45.946063],[14.291275,45.94593],[14.290578,45.945814],[14.289655,45.945687],[14.288626,45.94557],[14.287588,45.945449],[14.287167,45.945403],[14.286676,45.945338],[14.286002,45.945236],[14.285153,45.945083],[14.284489,45.944939],[14.284014,45.944827],[14.282936,45.944527],[14.282355,45.94434],[14.281865,45.944172],[14.281037,45.943852],[14.280408,45.943575],[14.279986,45.943364],[14.279524,45.943102],[14.279001,45.942758],[14.278572,45.942432],[14.278433,45.94232],[14.278259,45.942165],[14.277888,45.94181],[14.277629,45.941521],[14.277423,45.941273],[14.277152,45.940899],[14.276983,45.940629],[14.276683,45.940106],[14.276388,45.939612],[14.276122,45.939203],[14.275887,45.938879],[14.27568,45.938621],[14.27542,45.938332],[14.275183,45.938079],[14.274925,45.937832],[14.274476,45.937418],[14.274057,45.937037],[14.273501,45.936538],[14.273125,45.936169],[14.272869,45.935902],[14.272602,45.935598],[14.272294,45.935205],[14.272081,45.934921],[14.271802,45.934473],[14.271607,45.934147],[14.271449,45.933825],[14.271244,45.93338],[14.270993,45.932758],[14.270879,45.932451],[14.270689,45.931857],[14.270565,45.931411],[14.270448,45.930932],[14.270283,45.930068],[14.270148,45.92929],[14.270054,45.928775],[14.26996,45.928301],[14.26986,45.927825],[14.269668,45.92708],[14.269529,45.9266],[14.269429,45.926289],[14.269272,45.925813],[14.26909,45.925317],[14.268904,45.924835],[14.268645,45.924237],[14.268509,45.923934],[14.268285,45.923457],[14.267978,45.922856],[14.267744,45.922421],[14.267415,45.921853],[14.267075,45.921293],[14.266852,45.920948],[14.26654,45.920485],[14.266033,45.919775],[14.265501,45.919084],[14.265025,45.918501],[14.264674,45.918085],[14.264197,45.917533],[14.263741,45.917005],[14.263355,45.916556],[14.262992,45.916124],[14.262448,45.915468],[14.262117,45.915048],[14.261678,45.914484],[14.261445,45.914173],[14.261015,45.913583],[14.260702,45.913145],[14.260434,45.912758],[14.260207,45.912423],[14.259756,45.911734],[14.259217,45.910866],[14.258927,45.910378],[14.258701,45.909984],[14.25859,45.909793],[14.258096,45.908881],[14.257939,45.908577],[14.257774,45.908253],[14.25762,45.907938],[14.257421,45.907507],[14.257273,45.907171],[14.257052,45.906649],[14.256875,45.906177],[14.256635,45.905517],[14.256406,45.904804],[14.256124,45.903728],[14.256064,45.903465],[14.255894,45.902717],[14.255788,45.902056],[14.255692,45.901422],[14.255652,45.900866],[14.255616,45.900055],[14.2556,45.898928],[14.25561,45.898424],[14.255742,45.897269],[14.255851,45.896454],[14.255962,45.895689],[14.256097,45.895062],[14.256219,45.894537],[14.256382,45.89394],[14.256575,45.893347],[14.256769,45.892764],[14.256984,45.89218],[14.257425,45.891234],[14.257777,45.890481],[14.258133,45.889798],[14.258609,45.888962],[14.25931,45.887841],[14.260042,45.886789],[14.260782,45.885674],[14.2613,45.884834],[14.261514,45.884408],[14.261683,45.884113],[14.261878,45.883636],[14.262007,45.883372],[14.262207,45.882818],[14.262335,45.882415],[14.262483,45.881788],[14.262588,45.881231],[14.262663,45.880528],[14.262709,45.879353],[14.262722,45.878756],[14.262754,45.878236],[14.262778,45.87791],[14.262849,45.877417],[14.26299,45.876829],[14.263163,45.876306],[14.263352,45.87584],[14.263663,45.875236],[14.26391,45.874834],[14.26424,45.874361],[14.264586,45.873932],[14.264894,45.87358],[14.265229,45.873244],[14.265626,45.872869],[14.266199,45.872359],[14.266793,45.871843],[14.267316,45.871371],[14.267771,45.870936],[14.268163,45.870513],[14.268522,45.870132],[14.268849,45.869735],[14.269076,45.86945],[14.269483,45.868866],[14.269765,45.868418],[14.270051,45.867915],[14.270355,45.867307],[14.271156,45.865485],[14.271333,45.864998],[14.271598,45.86451],[14.271942,45.863861],[14.272145,45.863507],[14.272418,45.863079],[14.272785,45.86256],[14.273318,45.861886],[14.27396,45.861165],[14.275831,45.859196],[14.276877,45.858138],[14.277917,45.85708],[14.280023,45.854929],[14.281006,45.853924],[14.281982,45.85289],[14.282796,45.85199],[14.283582,45.851055],[14.284791,45.849552],[14.285398,45.848783],[14.286044,45.848017],[14.286608,45.847386],[14.287216,45.846777],[14.288419,45.845683],[14.289617,45.844594],[14.290474,45.84375],[14.290921,45.843269],[14.291355,45.842776],[14.291693,45.842359],[14.292025,45.84194],[14.292332,45.841514],[14.292619,45.841075],[14.292931,45.840589],[14.29322,45.840078],[14.293566,45.839412],[14.29389,45.838695],[14.294097,45.838174],[14.294269,45.837654],[14.29443,45.837116],[14.294563,45.836607],[14.294671,45.836051],[14.294764,45.835563],[14.294834,45.834977],[14.294877,45.834531],[14.294888,45.834038],[14.29487,45.833535],[14.294824,45.833134],[14.294751,45.832736],[14.294644,45.832335],[14.294507,45.831937],[14.294259,45.831398],[14.293996,45.830917],[14.293808,45.830607],[14.293606,45.830303],[14.293395,45.830024],[14.293172,45.82975],[14.292919,45.829475],[14.292641,45.829217],[14.2921,45.828722],[14.290962,45.827829],[14.290259,45.827329],[14.289331,45.826616],[14.288871,45.826238],[14.288461,45.825861],[14.288023,45.825428],[14.287455,45.824811],[14.286906,45.824084],[14.286587,45.823654],[14.286412,45.823368],[14.286058,45.822685],[14.285899,45.822339],[14.285844,45.82221],[14.285618,45.82159],[14.285503,45.821193],[14.285417,45.82084],[14.285353,45.820516],[14.285264,45.819764],[14.285227,45.81892],[14.285239,45.818615],[14.285265,45.81835],[14.285314,45.817887],[14.285407,45.817394],[14.285534,45.816896],[14.285814,45.815916],[14.285911,45.815577],[14.286055,45.814984],[14.286167,45.814389],[14.286192,45.813732],[14.286136,45.813156],[14.286039,45.812782],[14.285915,45.812404],[14.285637,45.811727],[14.285292,45.811182],[14.285061,45.810859],[14.284793,45.810548],[14.28425,45.81002],[14.283958,45.809757],[14.283696,45.809551],[14.283404,45.809346],[14.282989,45.809065],[14.282318,45.808642],[14.280821,45.807803],[14.279871,45.807315],[14.279393,45.807093],[14.278915,45.806889],[14.278008,45.806524],[14.277098,45.806176],[14.276447,45.805957],[14.275798,45.805752],[14.274502,45.805354],[14.273094,45.804969],[14.271814,45.804613],[14.269279,45.803858],[14.26793,45.803373],[14.266549,45.802816],[14.264634,45.802001],[14.26193,45.800816],[14.261266,45.800535],[14.260733,45.80032],[14.259326,45.799815],[14.2585,45.799553],[14.257178,45.799205],[14.256373,45.799033],[14.255574,45.798875],[14.254835,45.798761],[14.252977,45.798468],[14.251102,45.798209],[14.245093,45.79737],[14.243613,45.797154],[14.242238,45.796934],[14.241079,45.796737],[14.239928,45.796492],[14.238536,45.796161],[14.237302,45.795811],[14.236273,45.795481],[14.235141,45.795074],[14.23478,45.794932],[14.233664,45.794459],[14.232561,45.79394],[14.23186,45.793579],[14.231213,45.793214],[14.23056,45.792832],[14.229972,45.79245],[14.229437,45.7921],[14.228389,45.791343],[14.227892,45.790938],[14.227307,45.790433],[14.226787,45.789962],[14.226123,45.789301],[14.225409,45.788514],[14.225027,45.788049],[14.224801,45.787768],[14.223845,45.786385],[14.22351,45.785801],[14.223255,45.785359],[14.222885,45.78458],[14.222696,45.784133],[14.222442,45.783418],[14.222328,45.783081],[14.22222,45.782709],[14.222054,45.782052],[14.221937,45.781452],[14.221839,45.780769],[14.221747,45.77994],[14.221736,45.779318],[14.221758,45.778653],[14.221826,45.777813],[14.221919,45.777091],[14.222302,45.775031],[14.222401,45.774366],[14.222468,45.773682],[14.222477,45.773021],[14.22241,45.772313],[14.222294,45.77172],[14.222118,45.771101],[14.221875,45.770506],[14.221559,45.769922],[14.221135,45.76925],[14.220959,45.769],[14.220773,45.768758],[14.220348,45.768274],[14.219883,45.767805],[14.219452,45.767429],[14.218989,45.767067],[14.218539,45.76674],[14.218067,45.76643],[14.217327,45.765998],[14.216557,45.765597],[14.215117,45.764931],[14.213734,45.764375],[14.213217,45.764183],[14.21107,45.763471],[14.209866,45.763133],[14.208603,45.76276],[14.207946,45.762575],[14.206616,45.762214],[14.205281,45.761888],[14.203787,45.761554],[14.203041,45.761391],[14.202108,45.76121],[14.201036,45.761001],[14.200832,45.760997],[14.200628,45.760975],[14.200374,45.760945],[14.200171,45.760938],[14.199979,45.760926],[14.199786,45.760932],[14.19918,45.760999],[14.198787,45.761089],[14.19855,45.761171],[14.198261,45.761288],[14.198015,45.761409],[14.197734,45.761567],[14.197254,45.761844],[14.197106,45.761917],[14.19692,45.761995],[14.196685,45.762058],[14.196467,45.762091],[14.196116,45.762121],[14.196039,45.762121],[14.195969,45.762121],[14.195868,45.762097],[14.195756,45.761693],[14.195464,45.760839],[14.19529,45.760396],[14.19508,45.759765],[14.194825,45.758958],[14.194758,45.758752],[14.194605,45.758322],[14.194422,45.757621],[14.194396,45.75748],[14.194372,45.75732],[14.194358,45.757161],[14.194368,45.756934],[14.194372,45.756729],[14.194422,45.756245],[14.194436,45.756126],[14.19443,45.755908],[14.194401,45.755701],[14.19434,45.755372],[14.19421,45.754851],[14.194161,45.754699],[14.194058,45.754426],[14.193961,45.754197],[14.193797,45.753866],[14.192903,45.752223],[14.192792,45.752003],[14.19272,45.751756],[14.192684,45.751513],[14.192691,45.75127],[14.192716,45.751104],[14.192801,45.750815],[14.192937,45.750445],[14.193359,45.749604],[14.194029,45.748251],[14.194044,45.748226],[14.194152,45.748046],[14.194246,45.747928],[14.194357,45.747817],[14.194428,45.747749],[14.194528,45.747673],[14.194559,45.747652],[14.194694,45.747565],[14.194887,45.747437],[14.194992,45.747363],[14.195022,45.747334],[14.195055,45.747292],[14.195102,45.7472],[14.195117,45.747134],[14.195122,45.747093],[14.19512,45.747067],[14.195113,45.746966],[14.195106,45.74693],[14.195098,45.746889],[14.195075,45.746768],[14.194947,45.746445],[14.194936,45.746415],[14.194896,45.746244],[14.194882,45.746155],[14.194863,45.746026],[14.194857,45.745984],[14.194833,45.745843],[14.194789,45.745589],[14.194727,45.745267],[14.194706,45.745172],[14.19465,45.744976],[14.194593,45.744808],[14.194452,45.744497],[14.194427,45.744452],[14.194376,45.744362],[14.194208,45.744061],[14.194092,45.743854],[14.193889,45.743492],[14.193718,45.743169],[14.193576,45.7429],[14.193474,45.74267],[14.193163,45.741974],[14.19305,45.741742],[14.193039,45.741719],[14.192871,45.741353],[14.192833,45.741267],[14.192647,45.740776],[14.192545,45.740503],[14.192518,45.740446],[14.192475,45.740368],[14.19241,45.740286],[14.192392,45.740262],[14.19228,45.740172],[14.192037,45.740019],[14.191812,45.739877],[14.191648,45.739787],[14.191432,45.739703],[14.191232,45.739638],[14.191194,45.739626],[14.191103,45.739593],[14.191018,45.739558],[14.190953,45.739522],[14.190888,45.739486],[14.190781,45.739404],[14.190562,45.739179],[14.190447,45.739038],[14.190351,45.73892],[14.190273,45.738824],[14.190247,45.738792],[14.190076,45.738582],[14.190045,45.738544],[14.190013,45.738504],[14.189542,45.737912],[14.189488,45.737844],[14.18935,45.73767],[14.189183,45.73746],[14.189122,45.737384],[14.189094,45.73735],[14.189011,45.73727],[14.188973,45.737233],[14.188807,45.737108],[14.188658,45.737006],[14.188628,45.736986],[14.188538,45.736928],[14.188507,45.736907],[14.187981,45.736565],[14.187856,45.736483],[14.187383,45.736166],[14.187315,45.736121],[14.187184,45.736018],[14.187047,45.735896],[14.186911,45.735762],[14.186782,45.735602],[14.186653,45.735417],[14.186591,45.735295],[14.186531,45.735155],[14.186505,45.735076],[14.186454,45.734906],[14.186434,45.734738],[14.186428,45.73468],[14.186419,45.734594],[14.186412,45.734533],[14.18639,45.73433],[14.186371,45.734149],[14.186349,45.733944],[14.18634,45.733866],[14.186321,45.733692],[14.186302,45.733532],[14.186279,45.733255],[14.186264,45.733127],[14.186252,45.732942],[14.186155,45.731913],[14.186146,45.73178],[14.186132,45.731575],[14.186126,45.731476],[14.186123,45.731438],[14.186122,45.731425],[14.186111,45.731145],[14.186117,45.731011],[14.186131,45.730901],[14.186156,45.730825],[14.186192,45.730745],[14.186215,45.730711],[14.186236,45.730679],[14.186328,45.730571],[14.186363,45.730535],[14.186425,45.730468],[14.187084,45.729884],[14.187198,45.729783],[14.187459,45.729552],[14.187586,45.729423],[14.187665,45.729326],[14.187704,45.729268],[14.187725,45.729239],[14.187803,45.729076],[14.18804,45.728512],[14.188154,45.728265],[14.188486,45.727537],[14.188569,45.727362],[14.188844,45.72676],[14.188934,45.726561],[14.189041,45.726328],[14.189138,45.726107],[14.189706,45.724846],[14.189828,45.724612],[14.189983,45.724361],[14.190106,45.724197],[14.190139,45.724153],[14.190723,45.723446],[14.191119,45.72294],[14.191224,45.722778],[14.191291,45.722665],[14.191308,45.722635],[14.191377,45.72249],[14.191426,45.722358],[14.191473,45.722175],[14.191503,45.722025],[14.19153,45.721839],[14.191551,45.721635],[14.191551,45.721582],[14.191535,45.720954],[14.191526,45.720621],[14.191522,45.720536],[14.191487,45.719753],[14.191483,45.71967],[14.191369,45.718404],[14.191349,45.718256],[14.19131,45.718006],[14.191068,45.71692],[14.191048,45.716835],[14.190721,45.715464],[14.190648,45.715101],[14.190624,45.714904],[14.190605,45.714632],[14.190598,45.714282],[14.190596,45.71361],[14.190595,45.712163],[14.190595,45.712064],[14.190596,45.711999],[14.190594,45.71105],[14.190592,45.710261],[14.190586,45.709706],[14.190586,45.708947],[14.190586,45.708446],[14.190587,45.707734],[14.190587,45.707424],[14.190604,45.707102],[14.190632,45.706888],[14.190668,45.706679],[14.190766,45.706344],[14.190869,45.706078],[14.190982,45.705835],[14.191456,45.704883],[14.191627,45.704489],[14.191726,45.704224],[14.191826,45.70393],[14.191927,45.703563],[14.192011,45.703152],[14.192066,45.702809],[14.192072,45.70277],[14.192112,45.702394],[14.19218,45.701618],[14.192205,45.701318],[14.192244,45.701034],[14.192267,45.700861],[14.192297,45.700696],[14.192353,45.70035],[14.192452,45.699963],[14.192496,45.699825],[14.192593,45.699527],[14.192744,45.699104],[14.19293,45.698663],[14.193128,45.698228],[14.193442,45.697537],[14.193819,45.69666],[14.193878,45.696523],[14.193982,45.696285],[14.194121,45.695905],[14.194148,45.695825],[14.194527,45.69465],[14.194557,45.69447],[14.194563,45.694433],[14.19459,45.694118],[14.194601,45.693734],[14.194598,45.693597],[14.194596,45.693491],[14.194595,45.693454],[14.194594,45.693408],[14.194592,45.693323],[14.194592,45.693106],[14.194592,45.692979],[14.194595,45.692945],[14.1946,45.692855],[14.19463,45.69267],[14.194664,45.692526],[14.194721,45.692355],[14.194804,45.692172],[14.19489,45.692019],[14.194913,45.691986],[14.194971,45.691903],[14.195008,45.691847],[14.195061,45.691769],[14.195216,45.691539],[14.195225,45.691525],[14.195319,45.691385],[14.195517,45.691091],[14.195719,45.690789],[14.195769,45.690722],[14.195884,45.690566],[14.19595,45.690462],[14.195956,45.690451],[14.196131,45.690157],[14.196152,45.690116],[14.1962,45.69002],[14.19636,45.689665],[14.196432,45.689489],[14.196447,45.689452],[14.196546,45.689226],[14.196596,45.689104],[14.196617,45.689053],[14.19673,45.688779],[14.196771,45.688681],[14.196855,45.688476],[14.196937,45.688275],[14.196949,45.688248],[14.196989,45.688154],[14.197023,45.688076],[14.19703,45.688057],[14.197087,45.687901],[14.197092,45.687883],[14.197114,45.687816],[14.197127,45.68775],[14.197131,45.68772],[14.197143,45.687627],[14.197141,45.68755],[14.19714,45.687514],[14.197138,45.687464],[14.197136,45.687435],[14.197124,45.687309],[14.1971,45.687186],[14.197079,45.687076],[14.197043,45.686892],[14.197041,45.686883],[14.196993,45.686659],[14.196974,45.686582],[14.196949,45.686472],[14.196913,45.686308],[14.196863,45.686091],[14.196814,45.68583],[14.19681,45.685746],[14.196807,45.685726],[14.196802,45.685666],[14.1968,45.685647],[14.196764,45.685643],[14.196722,45.685635],[14.196683,45.685622],[14.196648,45.685604],[14.196618,45.685583],[14.196593,45.685558],[14.196575,45.685532],[14.196564,45.685503],[14.19656,45.685474],[14.196563,45.685445],[14.196573,45.685416],[14.19659,45.685389],[14.196615,45.685363],[14.196646,45.685341],[14.196683,45.685322],[14.196723,45.685309],[14.196767,45.685301],[14.196811,45.685298],[14.196892,45.685306],[14.196897,45.68528],[14.196907,45.685225],[14.196912,45.685199],[14.196926,45.685127],[14.196921,45.68497],[14.196936,45.684823],[14.196973,45.684602],[14.197021,45.684371],[14.197054,45.684216],[14.197123,45.683921],[14.197134,45.68387],[14.197191,45.68362],[14.197206,45.683554],[14.197245,45.683396],[14.197279,45.683258],[14.197328,45.683071],[14.197355,45.68297],[14.197376,45.68289],[14.197373,45.682839],[14.197355,45.682802],[14.197435,45.682713],[14.197496,45.682627],[14.197594,45.682488],[14.197671,45.682415],[14.197805,45.682291],[14.197811,45.682286],[14.197946,45.682173],[14.198109,45.682038],[14.198304,45.681875],[14.198321,45.68186],[14.198578,45.681633],[14.198685,45.681539],[14.19895,45.681284],[14.199027,45.681189],[14.199274,45.680884],[14.199614,45.680463],[14.200023,45.679948],[14.200112,45.67983],[14.200162,45.679763],[14.200263,45.679544],[14.200305,45.679456],[14.200384,45.679288],[14.200401,45.679259],[14.200482,45.679125],[14.20071,45.67889],[14.200922,45.678682],[14.201042,45.678571],[14.201185,45.678439],[14.201429,45.67823],[14.201536,45.678151],[14.2017,45.678051],[14.201996,45.677876],[14.202074,45.67782],[14.202177,45.677739],[14.202278,45.677637],[14.202447,45.677425],[14.202506,45.677352],[14.202678,45.677134],[14.202713,45.677084],[14.202926,45.676792],[14.203097,45.676561],[14.203206,45.676418],[14.203255,45.676354],[14.203335,45.676276],[14.203403,45.676235],[14.203503,45.676216],[14.203638,45.676215],[14.203769,45.676209],[14.203907,45.676185],[14.204287,45.67609],[14.204775,45.676083],[14.204888,45.676063],[14.205042,45.676036],[14.20516,45.675971],[14.205174,45.675963],[14.206033,45.675513],[14.20621,45.675421],[14.206292,45.675378],[14.206357,45.675344],[14.2067,45.675143],[14.206962,45.674989],[14.207278,45.674803],[14.207624,45.674558],[14.208222,45.674105],[14.208759,45.673693],[14.209137,45.673375],[14.209436,45.673059],[14.209524,45.672938],[14.209601,45.6728],[14.209629,45.672614],[14.209665,45.672287],[14.209718,45.67212],[14.209782,45.671978],[14.209905,45.671787],[14.210081,45.671585],[14.210254,45.671422],[14.210471,45.671243],[14.210664,45.671082],[14.210798,45.670932],[14.21089,45.670762],[14.211161,45.670295],[14.211275,45.670005],[14.21134,45.669845],[14.21146,45.669666],[14.211698,45.669442],[14.212026,45.669154],[14.212208,45.668965],[14.212335,45.668741],[14.212502,45.668395],[14.212611,45.668168],[14.212816,45.66781],[14.213146,45.667238],[14.213515,45.666696],[14.213542,45.666654],[14.213594,45.666575],[14.21375,45.666336],[14.213934,45.666043],[14.214171,45.66575],[14.214428,45.665508],[14.214482,45.665458],[14.215129,45.664974],[14.215209,45.664915],[14.215562,45.664572],[14.215683,45.664438],[14.215789,45.66432],[14.216109,45.66396],[14.216321,45.663757],[14.216448,45.663668],[14.216771,45.663479],[14.21701,45.663255],[14.217106,45.663124],[14.217274,45.662904],[14.217359,45.662815],[14.217434,45.66275],[14.217516,45.662689],[14.217616,45.662609],[14.217763,45.662479],[14.217823,45.662407],[14.217875,45.662323],[14.217902,45.662186],[14.217855,45.661877],[14.217852,45.661723],[14.217916,45.661569],[14.217974,45.661483],[14.217996,45.66145],[14.218778,45.660729],[14.218901,45.660564],[14.218982,45.660373],[14.219258,45.659517],[14.219289,45.659421],[14.219453,45.659044],[14.219555,45.65884],[14.219662,45.658661],[14.219849,45.658469],[14.220126,45.65827],[14.220378,45.658116],[14.220967,45.657723],[14.220996,45.657697],[14.221189,45.657529],[14.221339,45.657336],[14.221544,45.656972],[14.221576,45.656911],[14.221675,45.656726],[14.221785,45.656519],[14.221794,45.656496],[14.221885,45.656263],[14.222016,45.655802],[14.222051,45.655667],[14.222083,45.655498],[14.222209,45.654822],[14.222287,45.654406],[14.222319,45.654233],[14.222428,45.653648],[14.222555,45.652964],[14.222748,45.65193],[14.222822,45.651534],[14.222826,45.651307],[14.222836,45.650819],[14.222793,45.650531],[14.222737,45.650379],[14.222561,45.650112],[14.222443,45.649852],[14.222393,45.649729],[14.222372,45.649617],[14.222368,45.649552],[14.222373,45.649376],[14.222429,45.649159],[14.222577,45.648803],[14.222701,45.64842],[14.222812,45.648197],[14.223172,45.647663],[14.223327,45.647456],[14.223431,45.647308],[14.223517,45.647154],[14.223562,45.647009],[14.223592,45.646943],[14.223624,45.646881],[14.223746,45.646715],[14.223884,45.646594],[14.224261,45.646327],[14.224664,45.645996],[14.225054,45.645634],[14.225251,45.645404],[14.225326,45.64523],[14.225314,45.645072],[14.225273,45.644947],[14.225207,45.644814],[14.225117,45.644621],[14.224862,45.644199],[14.224771,45.644034],[14.224732,45.643942],[14.224708,45.643829],[14.224705,45.643615],[14.224736,45.64324],[14.224716,45.643108],[14.22468,45.643003],[14.224625,45.642927],[14.224499,45.642781],[14.224359,45.642634],[14.224307,45.642549],[14.224278,45.642502],[14.224237,45.642371],[14.224247,45.642249],[14.224276,45.642086],[14.22433,45.641982],[14.224353,45.641956],[14.224484,45.641804],[14.224952,45.641397],[14.225395,45.641009],[14.225536,45.640898],[14.225675,45.640792],[14.22572,45.640746],[14.225738,45.640697],[14.22573,45.640653],[14.225713,45.640607],[14.225652,45.640496],[14.225518,45.640293],[14.225273,45.640093],[14.22519,45.640032],[14.22513,45.639957],[14.225111,45.639895],[14.22513,45.639843],[14.225211,45.639734],[14.22543,45.639533],[14.225518,45.639467],[14.225644,45.639373],[14.225726,45.639271],[14.225805,45.639131],[14.225805,45.638988],[14.225766,45.638872],[14.225614,45.63854],[14.225542,45.638406],[14.22546,45.638253],[14.225385,45.638002],[14.225385,45.637947],[14.225406,45.637876],[14.225499,45.637744],[14.225636,45.637612],[14.225735,45.637519],[14.225822,45.637422],[14.225888,45.637307],[14.225977,45.63718],[14.226142,45.636912],[14.226253,45.636774],[14.226356,45.636627],[14.226427,45.636513],[14.226485,45.636396],[14.226591,45.636151],[14.226639,45.636019],[14.22667,45.635897],[14.226825,45.63536],[14.226888,45.63517],[14.226992,45.634981],[14.227182,45.634766],[14.227373,45.634575],[14.227706,45.634188],[14.227818,45.633989],[14.227871,45.633869],[14.227897,45.633788],[14.227951,45.633614],[14.228006,45.633428],[14.22808,45.633249],[14.228176,45.633116],[14.228291,45.632984],[14.228522,45.632721],[14.228982,45.632155],[14.229068,45.631991],[14.229134,45.631812],[14.229198,45.631506],[14.22923,45.63137],[14.229274,45.631269],[14.229327,45.631183],[14.229471,45.63104],[14.229627,45.630932],[14.23011,45.630652],[14.230446,45.630437],[14.230653,45.63027],[14.230831,45.630097],[14.230979,45.629937],[14.231229,45.629649],[14.231359,45.629453],[14.231494,45.629246],[14.231645,45.629065],[14.231883,45.628862],[14.232129,45.62869],[14.23226,45.628593],[14.232427,45.628438],[14.232626,45.628235],[14.232795,45.628039],[14.232915,45.62791],[14.233059,45.627797],[14.233173,45.627728],[14.233469,45.627579],[14.233708,45.62749],[14.234624,45.627225],[14.234944,45.627139],[14.23533,45.627024],[14.235464,45.626972],[14.236055,45.626741],[14.236418,45.6266],[14.236809,45.626463],[14.237011,45.626394],[14.237241,45.626347],[14.237325,45.62633],[14.237667,45.626262],[14.23804,45.626198],[14.238094,45.626189],[14.238364,45.62614],[14.238654,45.626087],[14.238943,45.626034],[14.239047,45.626006],[14.23919,45.625966],[14.239457,45.625882],[14.239886,45.625746],[14.240325,45.625605],[14.24037,45.625592],[14.240983,45.625403],[14.241173,45.625348],[14.241245,45.625339],[14.241421,45.625317],[14.241741,45.625293],[14.242031,45.625287],[14.242043,45.625287],[14.242112,45.625283],[14.242144,45.62528],[14.242256,45.625271],[14.242474,45.625253],[14.242502,45.625251],[14.242827,45.625213],[14.242998,45.625193],[14.243366,45.625152],[14.243592,45.625132],[14.243965,45.625123],[14.244171,45.625121],[14.244241,45.625122],[14.244261,45.625118],[14.244361,45.625099],[14.244467,45.625068],[14.244555,45.625018],[14.244651,45.624931],[14.244711,45.624878],[14.244768,45.624829],[14.244902,45.624706],[14.244998,45.624617],[14.245028,45.624568],[14.245051,45.624523],[14.245066,45.624416],[14.245057,45.624324],[14.245031,45.624123],[14.245023,45.623973],[14.245035,45.623906],[14.245059,45.623818],[14.245077,45.623762],[14.245086,45.623647],[14.245108,45.623587],[14.245142,45.623534],[14.245172,45.623498],[14.2452,45.623458],[14.245292,45.62338],[14.245436,45.623255],[14.24559,45.623093],[14.245735,45.622936],[14.245981,45.622784],[14.246286,45.622606],[14.246463,45.622486],[14.246631,45.622366],[14.246935,45.622111],[14.247212,45.621953],[14.247487,45.621785],[14.247642,45.621685],[14.24778,45.621559],[14.247873,45.621452],[14.247922,45.621387],[14.247948,45.621353],[14.248054,45.621211],[14.248134,45.621066],[14.248266,45.620894],[14.248415,45.620783],[14.248584,45.62068],[14.24873,45.620556],[14.248802,45.620484],[14.249104,45.620201],[14.249457,45.620017],[14.249841,45.619812],[14.250252,45.619561],[14.250396,45.619462],[14.250595,45.619279],[14.250775,45.619033],[14.250848,45.618861],[14.250897,45.618688],[14.250876,45.618467],[14.25085,45.618264],[14.250811,45.618065],[14.250803,45.617864],[14.250823,45.617406],[14.250887,45.617012],[14.250936,45.616826],[14.250939,45.616661],[14.25091,45.616515],[14.250859,45.616359],[14.25079,45.616219],[14.250607,45.615918],[14.250504,45.615683],[14.250464,45.615444],[14.250456,45.6152],[14.250423,45.614935],[14.25036,45.614715],[14.250272,45.614508],[14.250162,45.614323],[14.250096,45.614212],[14.249627,45.613612],[14.249374,45.613303],[14.249127,45.613064],[14.248853,45.612831],[14.248562,45.612611],[14.248227,45.612359],[14.247824,45.61208],[14.247615,45.611888],[14.247453,45.611693],[14.247306,45.61141],[14.246858,45.610406],[14.246729,45.61019],[14.246516,45.609963],[14.246288,45.609812],[14.245973,45.609661],[14.245749,45.609553],[14.245252,45.609358],[14.244867,45.609279],[14.244029,45.609242],[14.243595,45.609183],[14.243343,45.609091],[14.243143,45.608964],[14.243097,45.608914],[14.242915,45.608712],[14.2428,45.608499],[14.242591,45.608048],[14.242511,45.607875],[14.242137,45.607114],[14.241723,45.606221],[14.241503,45.605746],[14.241081,45.604729],[14.241068,45.604704],[14.240805,45.6042],[14.240519,45.603936],[14.240233,45.603845],[14.240097,45.603801],[14.239481,45.603645],[14.239316,45.603599],[14.238295,45.603326],[14.237537,45.603115],[14.237173,45.603014],[14.236649,45.60281],[14.236273,45.602663],[14.236171,45.602615],[14.235647,45.602396],[14.234892,45.602098],[14.234539,45.601958],[14.233863,45.601674],[14.233793,45.601629],[14.23377,45.601615],[14.233629,45.601524],[14.23352,45.601338],[14.23346,45.601186],[14.233459,45.601043],[14.233486,45.60092],[14.233578,45.60063],[14.233808,45.600335],[14.233962,45.600186],[14.234275,45.599984],[14.234656,45.599315],[14.234803,45.598913],[14.234899,45.598571],[14.235111,45.597811],[14.235505,45.597187],[14.235668,45.597017],[14.235917,45.596855],[14.236115,45.596725],[14.236344,45.596618],[14.237015,45.59627],[14.237448,45.596074],[14.238088,45.595711],[14.238621,45.595363],[14.239543,45.594945],[14.239862,45.594783],[14.240086,45.594564],[14.240419,45.594146],[14.240672,45.593838],[14.240661,45.593658],[14.240564,45.593594],[14.240366,45.593558],[14.240142,45.593558],[14.239804,45.593551],[14.239166,45.593522],[14.238845,45.59346],[14.238527,45.593335],[14.237866,45.593066],[14.237717,45.593],[14.23767,45.592968],[14.237626,45.592893],[14.237635,45.592811],[14.237676,45.592746],[14.23775,45.592691],[14.237831,45.592646],[14.238088,45.592526],[14.238456,45.592427],[14.238956,45.592327],[14.239176,45.592298],[14.239321,45.592287],[14.239456,45.592283],[14.239676,45.592278],[14.239827,45.592274],[14.239895,45.592258],[14.239944,45.592213],[14.239959,45.592169],[14.239916,45.592116],[14.23984,45.592087],[14.239695,45.592081],[14.239384,45.592099],[14.239042,45.592105],[14.238791,45.592099],[14.237783,45.592075],[14.236422,45.592066],[14.235821,45.592086],[14.235639,45.592096],[14.235419,45.592117],[14.235242,45.592138],[14.235054,45.592163],[14.234867,45.592192],[14.234769,45.592214],[14.234671,45.592242],[14.234522,45.592299],[14.234277,45.592409],[14.234173,45.59245],[14.234128,45.592459],[14.234062,45.592463],[14.23403,45.592459],[14.234,45.592448],[14.233974,45.592429],[14.233959,45.592403],[14.233957,45.592377],[14.233962,45.592354],[14.233981,45.592318],[14.234031,45.592279],[14.234318,45.592175],[14.23467,45.592059],[14.234867,45.592001],[14.235101,45.591937],[14.235269,45.591905],[14.235425,45.59189],[14.235683,45.591887],[14.235728,45.591875],[14.235762,45.591857],[14.235782,45.591841],[14.235795,45.591818],[14.235798,45.591799],[14.235794,45.591773],[14.235787,45.591754],[14.235773,45.591734],[14.235709,45.591711],[14.235662,45.591698],[14.235605,45.591697],[14.235447,45.591726],[14.235292,45.591755],[14.235166,45.591767],[14.235021,45.591765],[14.234399,45.591736],[14.233758,45.591712],[14.233177,45.591686],[14.23278,45.591661],[14.23265,45.591641],[14.232476,45.59158],[14.232337,45.591504],[14.232238,45.591425],[14.232159,45.591323],[14.232103,45.591202],[14.232079,45.59104],[14.232081,45.590852],[14.232093,45.590646],[14.232124,45.590465],[14.232215,45.590231],[14.232311,45.590084],[14.232434,45.589933],[14.232749,45.589687],[14.233147,45.589464],[14.233381,45.589308],[14.233479,45.589138],[14.233514,45.589011],[14.233496,45.588885],[14.233218,45.588437],[14.233049,45.588189],[14.232974,45.588079],[14.232724,45.587798],[14.232388,45.587445],[14.232089,45.587231],[14.231756,45.587098],[14.231389,45.586996],[14.231036,45.586936],[14.230619,45.586894],[14.230454,45.586855],[14.230311,45.586809],[14.230205,45.586771],[14.230084,45.586671],[14.230024,45.586548],[14.230034,45.586467],[14.230091,45.586381],[14.230179,45.586308],[14.230426,45.586178],[14.230714,45.586073],[14.231032,45.585992],[14.231379,45.585949],[14.232485,45.585809],[14.233008,45.58567],[14.233458,45.585509],[14.234765,45.584837],[14.235435,45.584476],[14.236587,45.583708],[14.237182,45.583306],[14.237363,45.583188],[14.23746,45.583085],[14.237525,45.582978],[14.237557,45.582807],[14.237553,45.582545],[14.237552,45.582504],[14.237572,45.582346],[14.237613,45.58221],[14.237687,45.582058],[14.237832,45.581747],[14.237879,45.581635],[14.237906,45.581532],[14.23791,45.581471],[14.237905,45.581395],[14.237875,45.581288],[14.237801,45.581129],[14.237701,45.580956],[14.237465,45.580596],[14.237228,45.580185],[14.23712,45.579842],[14.237092,45.579709],[14.237073,45.579562],[14.237094,45.579251],[14.237174,45.579013],[14.237185,45.578835],[14.237182,45.578783],[14.237161,45.578732],[14.237133,45.578706],[14.237116,45.578676],[14.237088,45.578646],[14.237057,45.578625],[14.237014,45.578605],[14.236921,45.578565],[14.236635,45.578413],[14.236455,45.578333],[14.236221,45.578223],[14.235879,45.578065],[14.235077,45.577686],[14.234256,45.577303],[14.233481,45.576941],[14.233031,45.576732],[14.232848,45.576647],[14.232668,45.576566],[14.232455,45.576452],[14.232281,45.576343],[14.232125,45.576226],[14.231944,45.576046],[14.231931,45.576032],[14.231863,45.575958],[14.231809,45.575967],[14.231753,45.575964],[14.231702,45.57595],[14.231659,45.575924],[14.231631,45.57589],[14.231466,45.575937],[14.231175,45.576003],[14.231037,45.576047],[14.230856,45.576118],[14.230507,45.576277],[14.229883,45.57658],[14.229308,45.576849],[14.228195,45.577353],[14.227973,45.577441],[14.22779,45.577497],[14.227631,45.577532],[14.227467,45.577557],[14.227314,45.577573],[14.227161,45.577577],[14.227035,45.577578],[14.226926,45.577569],[14.226818,45.577555],[14.226729,45.577533],[14.226643,45.577507],[14.226619,45.577498],[14.22654,45.577467],[14.226524,45.577462],[14.226411,45.57742],[14.226373,45.577445],[14.226327,45.577462],[14.226276,45.577469],[14.226227,45.577467],[14.22618,45.577455],[14.22614,45.577436],[14.226108,45.57741],[14.226085,45.577377],[14.226077,45.577341],[14.226086,45.577298],[14.226114,45.57726],[14.226159,45.57723],[14.226216,45.577212],[14.226277,45.577208],[14.226338,45.577218],[14.22639,45.577241],[14.226471,45.577179],[14.226496,45.577159],[14.226569,45.577102],[14.226654,45.577031],[14.226762,45.576935],[14.226836,45.576855],[14.226893,45.576788],[14.22696,45.576703],[14.227036,45.576586],[14.227201,45.576317],[14.227437,45.575927],[14.227803,45.57532],[14.228032,45.574949],[14.228249,45.574591],[14.228486,45.574177],[14.228597,45.573994],[14.228795,45.573654],[14.229061,45.573252],[14.229236,45.572973],[14.229436,45.572641],[14.229626,45.572338],[14.229711,45.572206],[14.229734,45.572172],[14.229833,45.572048],[14.229953,45.571913],[14.230069,45.57179],[14.230159,45.571705],[14.230167,45.571698],[14.230322,45.571572],[14.230456,45.571473],[14.230486,45.571453],[14.230569,45.571399],[14.23067,45.571335],[14.23082,45.571237],[14.231299,45.570948],[14.2314,45.570886],[14.232339,45.570362],[14.232557,45.570234],[14.232695,45.570144],[14.232829,45.570046],[14.233059,45.569856],[14.233163,45.569771],[14.233229,45.569717],[14.233416,45.569565],[14.233608,45.569417],[14.233761,45.569299],[14.233998,45.569137],[14.234033,45.569114],[14.234159,45.569031],[14.234483,45.568819],[14.234831,45.5686],[14.235059,45.568463],[14.235259,45.568336],[14.235375,45.568263],[14.235557,45.568153],[14.235595,45.56813],[14.235848,45.567995],[14.236008,45.56792],[14.236124,45.567875],[14.236263,45.567829],[14.236392,45.567796],[14.2365,45.567776],[14.236643,45.567749],[14.236683,45.567742],[14.236741,45.567735],[14.236991,45.567707],[14.237155,45.567688],[14.237451,45.567659],[14.237723,45.567633],[14.238425,45.567556],[14.238837,45.567501],[14.239051,45.567459],[14.239312,45.567391],[14.23953,45.567314],[14.239684,45.567248],[14.239754,45.567214],[14.239886,45.567148],[14.240222,45.56696],[14.240451,45.56681],[14.240571,45.566727],[14.240721,45.566603],[14.240866,45.566462],[14.240987,45.566329],[14.241095,45.566182],[14.241173,45.566066],[14.241238,45.565952],[14.24134,45.565736],[14.241429,45.56552],[14.241444,45.565483],[14.241469,45.565423],[14.241508,45.56533],[14.241562,45.565201],[14.241657,45.564964],[14.241754,45.564724],[14.241822,45.56456],[14.241865,45.56445],[14.242031,45.56401],[14.242171,45.563626],[14.242191,45.563568],[14.242395,45.562982],[14.242457,45.562812],[14.242495,45.562734],[14.242544,45.562652],[14.242595,45.562584],[14.242658,45.562516],[14.242704,45.562471],[14.242766,45.562419],[14.242923,45.562314],[14.243093,45.562205],[14.243341,45.562056],[14.243786,45.561789],[14.244178,45.561551],[14.244257,45.561493],[14.24433,45.561431],[14.24445,45.561324],[14.244462,45.561312],[14.244527,45.561243],[14.244487,45.561217],[14.244459,45.561184],[14.244446,45.561146],[14.244448,45.561107],[14.244466,45.561071],[14.244498,45.561039],[14.244541,45.561016],[14.244593,45.561002],[14.244647,45.560998],[14.244633,45.5609],[14.244616,45.560843],[14.244599,45.560792],[14.244542,45.560668],[14.244264,45.560108],[14.244192,45.559946],[14.244091,45.559697],[14.243965,45.55943],[14.243901,45.559299],[14.243559,45.558688],[14.243458,45.558526],[14.243426,45.558486],[14.243363,45.558398],[14.243237,45.558224],[14.243191,45.558164],[14.243152,45.558113],[14.243142,45.558094],[14.243069,45.557999],[14.24295,45.557837],[14.242676,45.557467],[14.242433,45.55714],[14.241934,45.556471],[14.241875,45.556397],[14.241768,45.556238],[14.24168,45.556104],[14.241573,45.55592],[14.241501,45.555784],[14.241229,45.555251],[14.24102,45.554837],[14.24098,45.554749],[14.240897,45.554593],[14.24082,45.554467],[14.240723,45.5543],[14.240679,45.554207],[14.240654,45.554136],[14.240636,45.55404],[14.240634,45.553972],[14.240643,45.553887],[14.240658,45.553814],[14.240676,45.553758],[14.240705,45.553696],[14.240777,45.553565],[14.240847,45.553462],[14.241058,45.553148],[14.241159,45.553014],[14.241244,45.552918],[14.241296,45.552867],[14.241344,45.552826],[14.241441,45.55275],[14.241535,45.552679],[14.241613,45.552635],[14.24185,45.552514],[14.242342,45.552354],[14.242665,45.552267],[14.243211,45.552118],[14.243821,45.551944],[14.244056,45.551866],[14.24422,45.551798],[14.244355,45.551738],[14.244388,45.551721],[14.244556,45.551627],[14.24466,45.551562],[14.244759,45.551494],[14.244853,45.551421],[14.244911,45.551373],[14.244962,45.551326],[14.245048,45.551243],[14.24512,45.55116],[14.245185,45.55108],[14.245262,45.550972],[14.24532,45.550875],[14.245377,45.550768],[14.245423,45.550665],[14.24558,45.55018],[14.245651,45.550029],[14.245775,45.549839],[14.245923,45.549657],[14.246081,45.549511],[14.246226,45.54939],[14.246382,45.549278],[14.246705,45.549097],[14.247207,45.548858],[14.247357,45.548773],[14.247514,45.548669],[14.247628,45.548574],[14.247715,45.548489],[14.247796,45.548399],[14.247862,45.548304],[14.247942,45.548154],[14.248003,45.547982],[14.248034,45.547812],[14.248031,45.547694],[14.248021,45.547509],[14.247989,45.547196],[14.24798,45.547053],[14.247985,45.546895],[14.248007,45.546769],[14.248045,45.546621],[14.248102,45.546477],[14.248166,45.546349],[14.248244,45.546218],[14.248345,45.546079],[14.248375,45.546039],[14.248557,45.545791],[14.248605,45.545727],[14.249035,45.545148],[14.249207,45.544915],[14.249293,45.544799],[14.249393,45.544663],[14.249726,45.544213],[14.249877,45.543997],[14.249991,45.543811],[14.25005,45.543677],[14.250081,45.543564],[14.250097,45.543459],[14.250101,45.543352],[14.250086,45.54323],[14.250051,45.543092],[14.250037,45.543054],[14.249937,45.542785],[14.24982,45.542472],[14.249417,45.541448],[14.249296,45.541089],[14.249235,45.540912],[14.249201,45.540753],[14.249185,45.540593],[14.249189,45.540399],[14.249218,45.540247],[14.24925,45.540147],[14.249254,45.540138],[14.249299,45.540041],[14.249335,45.539979],[14.24942,45.53985],[14.249617,45.539624],[14.24967,45.539565],[14.24987,45.539345],[14.249965,45.53922],[14.250031,45.5391],[14.250079,45.538984],[14.250102,45.5389],[14.250111,45.538824],[14.250115,45.53872],[14.250108,45.538637],[14.250083,45.538523],[14.25005,45.538412],[14.249992,45.538294],[14.249952,45.538219],[14.24993,45.538179],[14.249788,45.53802],[14.249649,45.537853],[14.249524,45.537686],[14.249432,45.537539],[14.249382,45.53743],[14.24935,45.537316],[14.249334,45.537159],[14.249343,45.537003],[14.249363,45.536856],[14.249393,45.536727],[14.249446,45.536549],[14.249556,45.536291],[14.249678,45.536046],[14.249787,45.53588],[14.249904,45.535739],[14.250011,45.53564],[14.25011,45.535571],[14.250215,45.535517],[14.250357,45.535466],[14.250496,45.535421],[14.250879,45.535312],[14.251229,45.535216],[14.251347,45.535179],[14.251483,45.535125],[14.251587,45.53507],[14.251683,45.535004],[14.251764,45.53492],[14.251811,45.534841],[14.251842,45.534753],[14.25186,45.534678],[14.251867,45.534581],[14.251854,45.534499],[14.25183,45.534429],[14.251777,45.534345],[14.251687,45.534224],[14.25137,45.533874],[14.251301,45.533788],[14.25125,45.533712],[14.251221,45.533625],[14.251221,45.533534],[14.251237,45.53346],[14.251276,45.533375],[14.251335,45.533299],[14.251522,45.533147],[14.251871,45.532908],[14.25205,45.532766],[14.252158,45.532639],[14.252216,45.532545],[14.252251,45.532434],[14.25226,45.532331],[14.252257,45.532246],[14.252232,45.532162],[14.252198,45.532083],[14.252122,45.531963],[14.252023,45.531854],[14.251907,45.531745],[14.251748,45.531597],[14.251653,45.531483],[14.251552,45.531334],[14.251458,45.531147],[14.251294,45.530813],[14.250891,45.529962],[14.250769,45.529677],[14.250667,45.529435],[14.250585,45.529209],[14.250569,45.529141],[14.250548,45.529051],[14.250515,45.528766],[14.250491,45.528641],[14.250449,45.528421],[14.250388,45.528166],[14.250356,45.52807],[14.25004,45.527161],[14.249859,45.526621],[14.249859,45.526621],[14.249605,45.52591],[14.249514,45.525658],[14.249417,45.525419],[14.249334,45.52524],[14.249246,45.525066],[14.24914,45.524886],[14.249022,45.524704],[14.248888,45.524545],[14.248768,45.524426],[14.248629,45.524309],[14.24845,45.524192],[14.248216,45.524045],[14.247815,45.523811],[14.24696,45.523328],[14.246759,45.523191],[14.246713,45.523156],[14.246674,45.523106],[14.246638,45.523048],[14.246619,45.522971],[14.246619,45.522906],[14.246629,45.522836],[14.246662,45.522761],[14.246709,45.52269],[14.246962,45.52242],[14.247774,45.521607],[14.247908,45.521492],[14.248073,45.521368],[14.248214,45.521272],[14.248415,45.521164],[14.248624,45.521066],[14.248883,45.520966],[14.249739,45.520665],[14.250246,45.520484],[14.250724,45.520319],[14.250844,45.520272],[14.250931,45.520228],[14.251003,45.52017],[14.251065,45.520108],[14.251139,45.520029],[14.251532,45.519556],[14.251667,45.519386],[14.251753,45.519268],[14.251805,45.519182],[14.251842,45.519091],[14.251902,45.518864],[14.252115,45.517727],[14.252347,45.516578],[14.252392,45.516415],[14.252425,45.516332],[14.252454,45.51626],[14.252503,45.516174],[14.25256,45.516095],[14.252652,45.516008],[14.252804,45.515882],[14.253395,45.515479],[14.253519,45.515384],[14.253603,45.515311],[14.253686,45.515223],[14.253754,45.515136],[14.253819,45.515034],[14.253879,45.514913],[14.253954,45.514741],[14.254241,45.514036],[14.254509,45.513449],[14.254567,45.513349],[14.254622,45.513268],[14.254724,45.513168],[14.254828,45.513078],[14.254984,45.51297],[14.255682,45.512524],[14.256348,45.512108],[14.256755,45.511854],[14.256961,45.511725],[14.257128,45.511613],[14.257236,45.511519],[14.257322,45.511436],[14.257414,45.511339],[14.25754,45.511195],[14.258269,45.51027],[14.258929,45.509443],[14.259044,45.509298],[14.259172,45.509166],[14.259273,45.509075],[14.259414,45.508966],[14.25955,45.508881],[14.259698,45.508794],[14.260363,45.508482],[14.261668,45.507871],[14.262786,45.50737],[14.262822,45.507356],[14.263368,45.507155],[14.264381,45.506828],[14.264451,45.506804],[14.265391,45.506484],[14.265816,45.506343],[14.266472,45.506113],[14.266645,45.50604],[14.2668,45.505978],[14.26688,45.505938],[14.26692,45.505915],[14.267001,45.505872],[14.267068,45.50583],[14.267196,45.505744],[14.26732,45.505635],[14.267446,45.505536],[14.267601,45.505437],[14.267879,45.505268],[14.268189,45.505089],[14.268692,45.50482],[14.268877,45.504733],[14.269062,45.504663],[14.269284,45.504596],[14.269321,45.504586],[14.269918,45.504419],[14.270379,45.50429],[14.270527,45.504247],[14.270853,45.504158],[14.270934,45.504132],[14.271038,45.504098],[14.271144,45.504065],[14.271239,45.504024],[14.271434,45.503928],[14.271583,45.503848],[14.271728,45.503757],[14.271863,45.503662],[14.27197,45.503567],[14.271994,45.503537],[14.272036,45.503479],[14.272062,45.503433],[14.272084,45.503359],[14.272082,45.503263],[14.272063,45.503165],[14.27205,45.50315],[14.27199,45.503077],[14.271925,45.503019],[14.271815,45.50296],[14.271562,45.502854],[14.271352,45.502774],[14.270518,45.50249],[14.270294,45.502408],[14.270177,45.502357],[14.270092,45.502304],[14.269998,45.502233],[14.26993,45.50217],[14.269879,45.502098],[14.26984,45.502032],[14.269811,45.501969],[14.269793,45.501886],[14.269789,45.501794],[14.269807,45.50169],[14.269838,45.501613],[14.269882,45.501537],[14.269958,45.501456],[14.27005,45.501386],[14.27019,45.501304],[14.270477,45.501178],[14.270628,45.501104],[14.270773,45.501017],[14.27088,45.500943],[14.271064,45.500785],[14.2716,45.500339],[14.271844,45.500152],[14.272009,45.500039],[14.272179,45.499951],[14.272349,45.499883],[14.272556,45.499812],[14.272932,45.499725],[14.273066,45.499673],[14.273151,45.499635],[14.273231,45.499596],[14.273305,45.499553],[14.273374,45.499498],[14.273423,45.499452],[14.273458,45.499407],[14.273493,45.499329],[14.273527,45.499234],[14.273554,45.49913],[14.27357,45.499038],[14.273578,45.498878],[14.273584,45.498728],[14.273587,45.498588],[14.273605,45.498478],[14.27363,45.498393],[14.273666,45.498304],[14.273712,45.498214],[14.273833,45.498001],[14.273899,45.497892],[14.273971,45.497748],[14.274001,45.497657],[14.274027,45.497567],[14.274049,45.497477],[14.274052,45.497352],[14.274051,45.497243],[14.274051,45.497102],[14.274043,45.496947],[14.274011,45.496744],[14.273987,45.496594],[14.273924,45.496321],[14.273808,45.495923],[14.273701,45.49563],[14.27366,45.495503],[14.273633,45.495373],[14.273622,45.495205],[14.273629,45.495028],[14.273678,45.494495],[14.273728,45.493965],[14.273763,45.493799],[14.273806,45.49365],[14.273856,45.493532],[14.273916,45.493436],[14.27409,45.493237],[14.274185,45.493158],[14.274342,45.493043],[14.274575,45.492911],[14.27521,45.492551],[14.275459,45.49241],[14.275672,45.49229],[14.275801,45.492198],[14.276031,45.492013],[14.276237,45.491733],[14.276453,45.491406],[14.276667,45.491045],[14.276836,45.49078],[14.276979,45.490579],[14.277201,45.490287],[14.277302,45.490168],[14.277549,45.489871],[14.277582,45.489823],[14.277717,45.489644],[14.277748,45.489607],[14.277777,45.489579],[14.277808,45.489554],[14.277849,45.48952],[14.277876,45.489492],[14.278339,45.488886],[14.278367,45.488831],[14.278388,45.488749],[14.278408,45.488646],[14.27843,45.488557],[14.27847,45.488474],[14.27864,45.488247],[14.278787,45.488061],[14.278929,45.487891],[14.279016,45.487794],[14.279127,45.487704],[14.2793,45.4876],[14.279422,45.487534],[14.279545,45.487462],[14.279636,45.487388],[14.279828,45.487221],[14.279832,45.487217],[14.280017,45.48706],[14.280161,45.48694],[14.280278,45.486832],[14.280482,45.486608],[14.281031,45.48597],[14.281181,45.485754],[14.281334,45.485484],[14.281426,45.48524],[14.28149,45.484947],[14.281507,45.484765],[14.281509,45.484603],[14.281468,45.484312],[14.281425,45.484129],[14.281352,45.483924],[14.281244,45.483709],[14.280987,45.483341],[14.280149,45.482385],[14.279806,45.482031],[14.279368,45.481487],[14.279155,45.481148],[14.278946,45.480745],[14.278421,45.479209],[14.278249,45.478545],[14.277862,45.477546],[14.277662,45.477122],[14.277365,45.476563],[14.276837,45.475709],[14.276076,45.474466],[14.275138,45.472955],[14.274531,45.471975],[14.273749,45.470714],[14.273376,45.470119],[14.272212,45.468235],[14.271156,45.466497],[14.270675,45.465708],[14.270217,45.464928],[14.269392,45.463275],[14.268995,45.46224],[14.268777,45.461599],[14.268609,45.46093],[14.268499,45.460265],[14.268436,45.45967],[14.268399,45.45917],[14.268395,45.458688],[14.268434,45.458094],[14.268469,45.45755],[14.268559,45.456901],[14.268703,45.456317],[14.268956,45.455581],[14.26919,45.455115],[14.269894,45.453647],[14.271364,45.45071],[14.271917,45.44945],[14.272441,45.448123],[14.272875,45.446739],[14.27337,45.445129],[14.273742,45.443985],[14.273996,45.44326],[14.2742,45.442747],[14.274432,45.442239],[14.274643,45.441806],[14.275054,45.441084],[14.275326,45.440641],[14.275708,45.440068],[14.276064,45.439604],[14.276552,45.438962],[14.276957,45.438495],[14.2778,45.43759],[14.278442,45.436987],[14.279132,45.43638],[14.279953,45.435732],[14.280674,45.435205],[14.28147,45.434683],[14.282142,45.434261],[14.282915,45.433801],[14.284015,45.433215],[14.288882,45.430475],[14.289791,45.429956],[14.291231,45.429138],[14.292794,45.428277],[14.293696,45.427732],[14.294405,45.427317],[14.295289,45.426729],[14.295773,45.426366],[14.295951,45.426225],[14.296376,45.425865],[14.296593,45.425661],[14.297152,45.425137],[14.297748,45.42451],[14.298011,45.424213],[14.298381,45.423756],[14.298532,45.423543],[14.298729,45.423267],[14.298932,45.42296],[14.299221,45.422528],[14.299349,45.422246],[14.299585,45.421834],[14.299816,45.421327],[14.300108,45.420615],[14.300286,45.420054],[14.300453,45.419426],[14.300542,45.41895],[14.300631,45.418315],[14.300682,45.417372],[14.300665,45.416787],[14.300595,45.416109],[14.300519,45.415627],[14.300326,45.414742],[14.300168,45.414157],[14.3,45.413537],[14.299751,45.412614],[14.299607,45.412026],[14.29948,45.411387],[14.299378,45.410861],[14.299292,45.410301],[14.299175,45.409452],[14.299131,45.408908],[14.299085,45.407613],[14.299079,45.406755],[14.299129,45.405745],[14.299223,45.404788],[14.299225,45.404774],[14.299355,45.403885],[14.299446,45.403326],[14.299946,45.401425],[14.30073,45.398804],[14.300912,45.397732],[14.300949,45.39738],[14.301033,45.396185],[14.301012,45.395671],[14.300941,45.394873],[14.30087,45.394309],[14.3006,45.392487],[14.300532,45.391962],[14.300455,45.391181],[14.300444,45.390696],[14.300439,45.390466],[14.300487,45.389726],[14.30057,45.389103],[14.300712,45.388496],[14.300895,45.387839],[14.301143,45.387185],[14.301513,45.386387],[14.301784,45.385912],[14.302339,45.385072],[14.302687,45.384617],[14.303076,45.384146],[14.303706,45.383497],[14.304169,45.383062],[14.304665,45.382639],[14.30522,45.382205],[14.305827,45.381781],[14.306535,45.381335],[14.307244,45.380927],[14.307972,45.380557],[14.308872,45.380152],[14.309651,45.379839],[14.310282,45.379623],[14.310891,45.379424],[14.311523,45.379246],[14.312222,45.379063],[14.314635,45.378524],[14.315238,45.378347],[14.315788,45.378154],[14.316448,45.377884],[14.317798,45.377307],[14.318426,45.376968],[14.318916,45.376661],[14.319316,45.37635],[14.31962,45.376056],[14.320165,45.375501],[14.3202,45.375465],[14.320618,45.374966],[14.321018,45.374503],[14.321256,45.374246],[14.32153,45.37398],[14.321799,45.373759],[14.32208,45.373549],[14.322673,45.37317],[14.323582,45.372693],[14.324159,45.372385],[14.324593,45.372083],[14.324896,45.37185],[14.325166,45.371611],[14.325573,45.371173],[14.325986,45.370607],[14.326813,45.369089],[14.327078,45.368652],[14.327415,45.368151],[14.327624,45.367893],[14.327844,45.367639],[14.328075,45.367389],[14.328315,45.367144],[14.328535,45.366936],[14.32877,45.366719],[14.328999,45.366533],[14.329239,45.366345],[14.329472,45.366177],[14.329875,45.365909],[14.330173,45.365728],[14.330445,45.365565],[14.330749,45.365394],[14.331055,45.365234],[14.331541,45.364993],[14.331725,45.3649],[14.331923,45.364801],[14.332244,45.364643],[14.332478,45.364522],[14.332784,45.364366],[14.333187,45.364152],[14.333531,45.363963],[14.333873,45.363751],[14.334217,45.363526],[14.334523,45.363309],[14.334725,45.363153],[14.334827,45.363076],[14.335019,45.362915],[14.335101,45.362844],[14.335423,45.362568],[14.336026,45.362026],[14.336317,45.361775],[14.3365,45.361625],[14.336685,45.361486],[14.33679,45.361408],[14.337029,45.361245],[14.337324,45.361061],[14.337683,45.360852],[14.337936,45.360721],[14.338433,45.360475],[14.338992,45.360213],[14.339501,45.359973],[14.340055,45.359712],[14.340646,45.359436],[14.340761,45.359382],[14.340988,45.359276],[14.342136,45.358738],[14.344822,45.357468],[14.344856,45.357452],[14.345374,45.357205],[14.34601,45.356906],[14.346565,45.356648],[14.346813,45.356531],[14.347082,45.356416],[14.347506,45.356237],[14.347893,45.356088],[14.348374,45.355923],[14.348774,45.3558],[14.349012,45.355733],[14.349477,45.355616],[14.350131,45.355484],[14.350739,45.355374],[14.352252,45.355157],[14.352499,45.355122],[14.353108,45.355014],[14.353588,45.354912],[14.353851,45.354848],[14.354083,45.354787],[14.354284,45.354731],[14.354468,45.354678],[14.354776,45.354581],[14.35497,45.354514],[14.355207,45.35443],[14.355376,45.354365],[14.355506,45.354313],[14.355763,45.354206],[14.356056,45.354074],[14.356361,45.353926],[14.35654,45.353832],[14.356713,45.353738],[14.35694,45.353614],[14.357355,45.353356],[14.357785,45.35307],[14.35882,45.352342],[14.360901,45.350892],[14.361491,45.350509],[14.362093,45.350156],[14.362434,45.349985],[14.362746,45.349828],[14.362852,45.349772],[14.363521,45.349476],[14.364333,45.349177],[14.365222,45.34888],[14.366002,45.348672],[14.366969,45.34846],[14.367393,45.348377],[14.367983,45.348294],[14.368762,45.348194],[14.369173,45.348155],[14.369677,45.348131],[14.370063,45.348116],[14.370435,45.348108],[14.370871,45.348108],[14.371274,45.348112],[14.37164,45.348128],[14.372199,45.34815],[14.373314,45.348193],[14.373801,45.348211],[14.374124,45.348222],[14.374505,45.348242],[14.375256,45.34827],[14.375801,45.348291],[14.376722,45.348325],[14.377156,45.348334],[14.377463,45.34833],[14.377726,45.34832],[14.378069,45.348297],[14.378241,45.348282],[14.378383,45.348265],[14.378699,45.348226],[14.379539,45.34809],[14.380719,45.347883],[14.381025,45.347834],[14.381457,45.347768],[14.3818,45.347723],[14.382088,45.34769],[14.382503,45.347648],[14.382619,45.347637],[14.383193,45.347593],[14.386493,45.347362],[14.387293,45.347306],[14.387823,45.347264],[14.388213,45.347228],[14.388713,45.347173],[14.389108,45.347123],[14.389548,45.347059],[14.390016,45.346982],[14.390596,45.346872],[14.390921,45.346804],[14.391316,45.346713],[14.391742,45.346611],[14.392599,45.346374],[14.392935,45.346273],[14.393233,45.346178],[14.393633,45.346042],[14.394244,45.345831],[14.395,45.345564],[14.396303,45.345101],[14.398357,45.344381],[14.398777,45.344234],[14.399024,45.344157],[14.399319,45.344065],[14.399659,45.343966],[14.399888,45.343906],[14.400203,45.343832],[14.400333,45.343805],[14.400491,45.343773],[14.40072,45.34373],[14.400993,45.343685],[14.40127,45.343647],[14.401446,45.343624],[14.401622,45.343604],[14.402029,45.343564],[14.40233,45.343537],[14.402585,45.343517],[14.402851,45.343496],[14.403206,45.343469],[14.403679,45.343432],[14.404008,45.343407],[14.40461,45.343363],[14.40516,45.34332],[14.405654,45.343283],[14.406382,45.343227],[14.406849,45.343194],[14.407304,45.343158],[14.407861,45.343117],[14.408294,45.343082],[14.408664,45.343056],[14.40918,45.343029],[14.409536,45.34302],[14.409661,45.34302],[14.410072,45.34303],[14.410236,45.343033],[14.410496,45.343049],[14.410685,45.343062],[14.410711,45.343064],[14.410931,45.343085],[14.41102,45.343093],[14.411151,45.343109],[14.411354,45.343136],[14.411525,45.34316],[14.411736,45.343191],[14.412075,45.343249],[14.412256,45.343283],[14.412536,45.343338],[14.412832,45.343395],[14.412985,45.343424],[14.413224,45.343473],[14.419143,45.344604],[14.419984,45.344772],[14.420187,45.344812],[14.420458,45.34487],[14.420738,45.344922],[14.420758,45.344924],[14.421134,45.344986],[14.421321,45.34501],[14.421584,45.345034],[14.421819,45.345048],[14.422018,45.345052],[14.422223,45.34505],[14.422458,45.345041],[14.422722,45.34502],[14.422812,45.345008],[14.422865,45.345001],[14.423052,45.344974],[14.423249,45.344941],[14.423603,45.344867],[14.423958,45.344773],[14.424436,45.34462],[14.424456,45.344614],[14.42488,45.344491],[14.427505,45.343788],[14.42831,45.343544],[14.428909,45.343292],[14.429394,45.343028],[14.429562,45.342915],[14.429599,45.34289],[14.42988,45.342684],[14.429951,45.342621],[14.430014,45.342562],[14.430074,45.342496],[14.430158,45.342404],[14.430219,45.342334],[14.430265,45.342279],[14.430297,45.342232],[14.430311,45.342211],[14.430408,45.342059],[14.430503,45.34188],[14.430777,45.341365],[14.430841,45.341237],[14.430922,45.341077],[14.431021,45.340905],[14.431103,45.340764],[14.431172,45.34065],[14.431243,45.340541],[14.431295,45.340472],[14.431381,45.34036],[14.431406,45.340329],[14.431411,45.340321],[14.431501,45.340222],[14.431559,45.340161],[14.43167,45.340055],[14.431751,45.339986],[14.431797,45.339951],[14.431822,45.339932],[14.431918,45.33986],[14.431998,45.339807],[14.432072,45.339755],[14.432183,45.339694],[14.432312,45.339618],[14.432575,45.339487],[14.432828,45.339364],[14.433162,45.33921],[14.43605,45.337858],[14.436439,45.337673],[14.436884,45.337468],[14.437138,45.337351],[14.437359,45.337259],[14.437581,45.337176],[14.437792,45.337116],[14.437944,45.33708],[14.438169,45.337036],[14.438404,45.337006],[14.438649,45.336988],[14.438889,45.336981],[14.439134,45.336982],[14.439611,45.336991],[14.440091,45.337002],[14.440342,45.337009],[14.440549,45.337012],[14.440713,45.337014],[14.440903,45.337014],[14.441098,45.337008],[14.441286,45.336999],[14.441477,45.33698],[14.441666,45.336954],[14.441802,45.33693],[14.441868,45.336918],[14.44203,45.336879],[14.44221,45.33683],[14.442384,45.336772],[14.442552,45.336709],[14.442714,45.336636],[14.442865,45.33656],[14.443013,45.336475],[14.443159,45.336382],[14.443293,45.336288],[14.443363,45.336237],[14.443427,45.336187],[14.44368,45.335977],[14.44377,45.3359],[14.444041,45.335669],[14.444295,45.335453],[14.44453,45.335252],[14.444776,45.335044],[14.444896,45.334942],[14.445024,45.334841],[14.445155,45.33474],[14.445293,45.334648],[14.445438,45.334565],[14.445594,45.334485],[14.44576,45.334414],[14.445922,45.334353],[14.446105,45.334297],[14.446283,45.334253],[14.44641,45.334227],[14.446575,45.334199],[14.446718,45.33418],[14.446845,45.334168],[14.446918,45.334164],[14.447092,45.334163],[14.447265,45.334165],[14.447438,45.334175],[14.44761,45.334194],[14.447915,45.334248],[14.448072,45.334285],[14.448232,45.334327],[14.448509,45.334427],[14.448836,45.334577],[14.449724,45.335019],[14.450063,45.335187],[14.451118,45.335705],[14.451919,45.336037],[14.452176,45.336109],[14.452416,45.336147],[14.452734,45.336171],[14.453048,45.336147],[14.45331,45.336123],[14.453379,45.336115],[14.453567,45.336093],[14.4537,45.336075],[14.4539,45.336036],[14.454071,45.335993],[14.45424,45.335946],[14.454368,45.335904],[14.454555,45.335835],[14.45484,45.33572],[14.455262,45.335532],[14.455477,45.335436],[14.456015,45.335196],[14.458274,45.334178],[14.458527,45.334061],[14.458606,45.334026],[14.458702,45.333983],[14.458733,45.33397],[14.459421,45.333693],[14.459959,45.33351],[14.460049,45.333488],[14.460284,45.333425],[14.460423,45.333394],[14.460541,45.333373],[14.46068,45.33335],[14.460838,45.33333],[14.460971,45.333316],[14.46113,45.333305],[14.461306,45.333297],[14.461454,45.333294],[14.461613,45.333298],[14.461745,45.333303],[14.461882,45.333317],[14.461967,45.333328],[14.462135,45.333349],[14.462373,45.333412],[14.462589,45.333473],[14.463161,45.333636],[14.463538,45.333773],[14.463858,45.333905],[14.464634,45.334259],[14.466462,45.335191],[14.46816,45.336053],[14.468203,45.336075],[14.468431,45.336197],[14.468714,45.33633],[14.468883,45.336422],[14.469539,45.336777],[14.469593,45.336785],[14.46963,45.336789],[14.469668,45.336795],[14.46971,45.336805],[14.469752,45.336819],[14.469853,45.336855],[14.469913,45.336877],[14.469974,45.336897],[14.470045,45.336918],[14.470113,45.336937],[14.470167,45.33695],[14.4702,45.33696],[14.470356,45.336987],[14.470404,45.336995],[14.470461,45.337002],[14.470535,45.337006],[14.470631,45.337007],[14.47069,45.337007],[14.470729,45.337007],[14.470799,45.337005],[14.470843,45.337002],[14.470887,45.336998],[14.470933,45.336992],[14.47099,45.336983],[14.471069,45.336969],[14.471164,45.336941],[14.471353,45.336878],[14.471541,45.336795],[14.471713,45.336695],[14.471816,45.336621],[14.471901,45.336542],[14.471975,45.336461],[14.472029,45.336383],[14.472071,45.336289],[14.472091,45.336203],[14.472087,45.336109],[14.472064,45.336024],[14.472018,45.335934],[14.471962,45.335868],[14.471877,45.335789],[14.471762,45.335727],[14.471632,45.33568],[14.47147,45.335648],[14.471346,45.33564],[14.47121,45.335645],[14.471011,45.335679],[14.470873,45.335731],[14.470734,45.335803],[14.470621,45.33589],[14.470537,45.335985],[14.470445,45.336121],[14.470389,45.33623],[14.470359,45.336327],[14.470346,45.336435],[14.470346,45.336573],[14.47037,45.336706],[14.470459,45.336953],[14.470646,45.33736],[14.470689,45.337471],[14.470761,45.337694],[14.470803,45.337882],[14.470822,45.33812],[14.470809,45.338394],[14.470759,45.338653],[14.470675,45.338888],[14.47058,45.339081],[14.470515,45.339191],[14.470351,45.339425],[14.470141,45.339656],[14.46994,45.339831],[14.469782,45.339954],[14.469541,45.340103],[14.469377,45.340212],[14.469194,45.340307],[14.469008,45.34039],[14.468438,45.340646],[14.468225,45.340742],[14.467714,45.341033],[14.467274,45.34135],[14.466907,45.341688],[14.466582,45.342112],[14.466441,45.342338],[14.466293,45.342632],[14.466063,45.34334],[14.466051,45.343376],[14.465855,45.344134],[14.465374,45.345662],[14.465245,45.346233],[14.465165,45.346686],[14.465099,45.347163],[14.465019,45.348213],[14.465034,45.348617],[14.46511,45.348906],[14.465291,45.349237],[14.465444,45.34943],[14.465624,45.349607],[14.465878,45.349795],[14.46613,45.349953],[14.466375,45.350073],[14.466678,45.35018],[14.467075,45.350283],[14.467557,45.350344],[14.467976,45.350351],[14.468253,45.350332],[14.468892,45.350205],[14.470157,45.349819],[14.471441,45.349384],[14.472441,45.34899],[14.473032,45.348711],[14.473571,45.34844],[14.474386,45.347977],[14.47528,45.347387],[14.47637,45.346715],[14.477116,45.346265],[14.477507,45.346094],[14.478012,45.345875],[14.478501,45.345691],[14.479085,45.345532],[14.479712,45.345388],[14.480364,45.345285],[14.480897,45.345237],[14.481831,45.345198],[14.482718,45.345224],[14.483107,45.345243],[14.484482,45.345316],[14.48558,45.345358],[14.48673,45.345407],[14.488715,45.345515],[14.489243,45.34557],[14.489611,45.345617],[14.490024,45.345724],[14.490504,45.345902],[14.490857,45.346087],[14.491258,45.346372],[14.491532,45.346626],[14.491659,45.346814],[14.491762,45.346979],[14.491843,45.347133],[14.491923,45.347342],[14.49197,45.347484],[14.491996,45.3476],[14.492013,45.347741],[14.492049,45.348622],[14.492065,45.349209],[14.492086,45.349823],[14.492094,45.350342],[14.492109,45.3508],[14.492128,45.351417],[14.492152,45.352094],[14.492153,45.352111],[14.492166,45.352394],[14.492185,45.352585],[14.492205,45.352744],[14.492225,45.352851],[14.492245,45.352967],[14.492393,45.353661],[14.492521,45.354035],[14.492639,45.354327],[14.492842,45.354746],[14.493242,45.355492],[14.493577,45.356273],[14.493732,45.356973],[14.493693,45.357783],[14.493627,45.358137],[14.493561,45.358396],[14.493418,45.3589],[14.493164,45.359711],[14.492759,45.360889],[14.492634,45.361184],[14.492538,45.361435],[14.492318,45.361962],[14.492068,45.36254],[14.49157,45.363639],[14.491414,45.363943],[14.491199,45.364376],[14.490375,45.366037],[14.489133,45.36843],[14.488381,45.370066],[14.488275,45.370478],[14.488233,45.370751],[14.488218,45.371168],[14.488292,45.372018],[14.488496,45.372672],[14.488937,45.373504],[14.489536,45.374204],[14.489877,45.374522],[14.490238,45.374812],[14.490667,45.375123],[14.491407,45.375575],[14.492532,45.376084],[14.493248,45.3763],[14.494097,45.376455],[14.494671,45.376532],[14.495263,45.376572],[14.495771,45.376586],[14.496451,45.376599],[14.498901,45.376584],[14.501422,45.376573],[14.506068,45.376576],[14.510332,45.37655],[14.513001,45.376531],[14.514296,45.376522],[14.516065,45.376513],[14.51881,45.376502],[14.519812,45.3765],[14.520435,45.376505],[14.521379,45.376539],[14.522373,45.376603],[14.522705,45.376632],[14.52299,45.376653],[14.523093,45.37666],[14.523196,45.376668],[14.523486,45.37669],[14.52391,45.376722],[14.525915,45.376915],[14.526478,45.376973],[14.527265,45.377083],[14.527665,45.377128],[14.528195,45.377187],[14.52875,45.377227],[14.529163,45.377255],[14.529821,45.377283],[14.530387,45.377266],[14.530626,45.377246],[14.531018,45.377219],[14.531445,45.377174],[14.531964,45.377096],[14.532441,45.37701],[14.532971,45.376896],[14.53347,45.376771],[14.533977,45.376623],[14.534342,45.376484],[14.535229,45.376147],[14.535795,45.375886],[14.536744,45.375437],[14.537758,45.374953],[14.539771,45.373994],[14.54078,45.373503],[14.54121,45.37332],[14.541856,45.373],[14.542414,45.372728],[14.542879,45.372461],[14.543056,45.372355],[14.543218,45.372253],[14.543388,45.372139],[14.543539,45.372031],[14.54367,45.371932],[14.543829,45.371813],[14.543978,45.371694],[14.544119,45.371579],[14.544292,45.371429],[14.544443,45.371291],[14.544524,45.371215],[14.544657,45.371082],[14.544806,45.370925],[14.544924,45.3708],[14.545114,45.370584],[14.545187,45.37049],[14.546412,45.36896],[14.546709,45.36865],[14.546805,45.368556],[14.547011,45.368354],[14.547269,45.368127],[14.547712,45.367757],[14.548206,45.367359],[14.548509,45.367128],[14.548669,45.366996],[14.548806,45.366882],[14.549056,45.366666],[14.549203,45.366533],[14.549361,45.36638],[14.549479,45.366256],[14.549612,45.366107],[14.549737,45.36597],[14.549833,45.365852],[14.550008,45.365644],[14.550164,45.365449],[14.550323,45.365253],[14.550514,45.365014],[14.550675,45.364816],[14.550824,45.364646],[14.551432,45.363992],[14.551893,45.363595],[14.552424,45.363198],[14.553111,45.362762],[14.553662,45.362481],[14.554261,45.362216],[14.554886,45.361998],[14.55561,45.361781],[14.556294,45.361626],[14.556507,45.361588],[14.556724,45.361553],[14.556958,45.361521],[14.557192,45.361488],[14.557457,45.361459],[14.557659,45.361441],[14.557907,45.361425],[14.558141,45.361412],[14.558384,45.361404],[14.558639,45.361402],[14.558892,45.361405],[14.559462,45.361426],[14.559889,45.361461],[14.560354,45.361516],[14.560731,45.361569],[14.561271,45.361644],[14.562822,45.361867],[14.5637,45.361999],[14.565064,45.362201],[14.565817,45.362274],[14.566655,45.362328],[14.567323,45.362332],[14.567691,45.362324],[14.568023,45.362316],[14.568744,45.36227],[14.569436,45.362181],[14.570328,45.362028],[14.571173,45.361831],[14.572018,45.361579],[14.572575,45.361391],[14.573181,45.361139],[14.573778,45.360858],[14.574091,45.360692],[14.574429,45.360507],[14.575133,45.360062],[14.575254,45.359975],[14.575957,45.359446],[14.576501,45.358938],[14.576853,45.358567],[14.577205,45.358148],[14.577732,45.357438],[14.578076,45.356974],[14.578493,45.356444],[14.578898,45.355999],[14.579308,45.355616],[14.579855,45.355171],[14.580314,45.354817],[14.581189,45.354081],[14.581908,45.353378],[14.582625,45.352633],[14.582926,45.352316],[14.583309,45.351974],[14.58397,45.351466],[14.584776,45.350968],[14.585343,45.350678],[14.585714,45.350512],[14.586327,45.350286],[14.58717,45.350015],[14.588566,45.34957],[14.58859,45.349563],[14.589282,45.349322],[14.590188,45.348873],[14.590777,45.348514],[14.591266,45.348161],[14.591764,45.34773],[14.592313,45.34717],[14.592663,45.346746],[14.592966,45.346283],[14.593224,45.345788],[14.593419,45.345257],[14.593546,45.344792],[14.59363,45.344086],[14.593617,45.343515],[14.593517,45.342552],[14.593432,45.341478],[14.593437,45.341194],[14.593435,45.340886],[14.593454,45.340647],[14.593492,45.340403],[14.593546,45.340168],[14.593653,45.33982],[14.593756,45.33954],[14.593903,45.339197],[14.594119,45.338776],[14.594818,45.337463],[14.595255,45.336656],[14.595589,45.336018],[14.595704,45.335827],[14.595974,45.335331],[14.596356,45.334603],[14.596635,45.334116],[14.596949,45.333613],[14.597302,45.333141],[14.597646,45.332735],[14.597837,45.332531],[14.598203,45.332185],[14.598438,45.331998],[14.598722,45.331778],[14.598978,45.331601],[14.59937,45.331357],[14.59966,45.331233],[14.600094,45.33101],[14.601145,45.33058],[14.601696,45.330406],[14.60308,45.330013],[14.604647,45.329535],[14.604887,45.32946],[14.605332,45.329321],[14.6059,45.329156],[14.606282,45.329065],[14.606667,45.328982],[14.607056,45.328907],[14.607447,45.32884],[14.607841,45.328781],[14.608238,45.32873],[14.608406,45.328712],[14.608637,45.328688],[14.608997,45.328671],[14.609292,45.328657],[14.609558,45.328654],[14.610045,45.328647],[14.610658,45.32866],[14.612353,45.328708],[14.612961,45.32871],[14.613323,45.328704],[14.613686,45.328689],[14.614439,45.328623],[14.615102,45.32852],[14.615483,45.328442],[14.616016,45.3283],[14.616544,45.328147],[14.61708,45.327965],[14.61765,45.327729],[14.618146,45.327478],[14.618747,45.327119],[14.619205,45.326795],[14.619606,45.326497],[14.620015,45.32614],[14.620554,45.32563],[14.621031,45.325183],[14.621364,45.3249],[14.621629,45.324697],[14.62209,45.324349],[14.62292,45.323801],[14.623105,45.323694],[14.623414,45.323513],[14.62382,45.323293],[14.624543,45.322954],[14.625106,45.322706],[14.625626,45.3225],[14.625768,45.322449],[14.626375,45.322247],[14.626765,45.322123],[14.626922,45.322078],[14.626967,45.322066],[14.626994,45.322058],[14.627158,45.322012],[14.627507,45.321924],[14.627836,45.321844],[14.627984,45.32181],[14.628526,45.321689],[14.629027,45.321574],[14.630253,45.321422],[14.631648,45.321295],[14.632737,45.321267],[14.634114,45.32131],[14.636409,45.321628],[14.6417,45.322957],[14.648755,45.324773],[14.651626,45.325467],[14.652941,45.325663],[14.653851,45.325739],[14.654698,45.325735],[14.654968,45.325721],[14.655257,45.325688],[14.65552,45.325657],[14.656047,45.325566],[14.65663,45.325463],[14.657298,45.325271],[14.657761,45.325129],[14.658537,45.32482],[14.659582,45.324286],[14.661164,45.323279],[14.664384,45.321235],[14.66542,45.320673],[14.665773,45.320506],[14.66599,45.320403],[14.666802,45.320103],[14.66686,45.320085],[14.667491,45.319889],[14.66806,45.319743],[14.668566,45.319635],[14.669037,45.319559],[14.669613,45.319464],[14.670548,45.319318],[14.671447,45.319164],[14.672108,45.319026],[14.672928,45.318835],[14.67362,45.31866],[14.674258,45.318496],[14.675255,45.318263],[14.675903,45.318151],[14.676363,45.318106],[14.676888,45.31804],[14.677506,45.318007],[14.678494,45.318003],[14.681657,45.318186],[14.684837,45.318366],[14.685661,45.318386],[14.686582,45.318332],[14.687324,45.318246],[14.688007,45.318126],[14.688782,45.317937],[14.689475,45.317715],[14.690063,45.317488],[14.690826,45.317141],[14.691721,45.316733],[14.692575,45.316374],[14.6934,45.316112],[14.694118,45.315936],[14.695014,45.315766],[14.695958,45.315676],[14.697431,45.315635],[14.698389,45.315646],[14.69912,45.315665],[14.700858,45.315753],[14.702461,45.315872],[14.703891,45.315991],[14.705174,45.316127],[14.705578,45.316169],[14.70787,45.316407],[14.708855,45.316502],[14.709616,45.316563],[14.709859,45.316575],[14.710209,45.316592],[14.710841,45.316615],[14.711571,45.316631],[14.712549,45.316632],[14.71338,45.316621],[14.714076,45.316589],[14.714713,45.316552],[14.715516,45.316481],[14.716215,45.31642],[14.716976,45.316359],[14.717427,45.316327],[14.718178,45.31628],[14.718498,45.316274],[14.718637,45.316271],[14.718991,45.316271],[14.719794,45.316326],[14.720417,45.316379],[14.720953,45.316452],[14.721445,45.316541],[14.722248,45.316694],[14.722654,45.316816],[14.722733,45.316841],[14.723027,45.316947],[14.723326,45.317061],[14.723652,45.317188],[14.723922,45.317303],[14.724191,45.31742],[14.724516,45.317574],[14.724776,45.317699],[14.725194,45.317913],[14.725893,45.31831],[14.726244,45.318515],[14.726816,45.318857],[14.727008,45.318971],[14.727272,45.319128],[14.727641,45.319335],[14.728088,45.319581],[14.728474,45.319779],[14.729387,45.320232],[14.730287,45.320639],[14.730924,45.320917],[14.731267,45.321057],[14.732475,45.321524],[14.733148,45.321791],[14.7336,45.321975],[14.734155,45.32225],[14.734717,45.322573],[14.735263,45.322945],[14.735692,45.323276],[14.736004,45.323534],[14.736585,45.324069],[14.737063,45.324546],[14.737478,45.324977],[14.737817,45.325362],[14.738088,45.325688],[14.738352,45.326063],[14.738569,45.326422],[14.738796,45.326867],[14.73897,45.327348],[14.739094,45.327827],[14.739162,45.3283],[14.739184,45.328892],[14.739148,45.329275],[14.739079,45.329694],[14.738982,45.330064],[14.738853,45.330481],[14.738747,45.330788],[14.738677,45.330964],[14.738467,45.331577],[14.738359,45.332055],[14.738283,45.33254],[14.738277,45.333168],[14.738369,45.333821],[14.738484,45.334289],[14.738737,45.334912],[14.739072,45.335506],[14.739528,45.336124],[14.740027,45.33665],[14.740713,45.337213],[14.741536,45.337776],[14.742077,45.338134],[14.74358,45.339132],[14.744692,45.33985],[14.745209,45.340192],[14.745271,45.340234],[14.74572,45.340537],[14.750986,45.344177],[14.753568,45.345834],[14.753845,45.346036],[14.754478,45.346498],[14.75525,45.347056],[14.755818,45.347482],[14.756328,45.347901],[14.756745,45.348268],[14.757537,45.349055],[14.75821,45.349773],[14.758543,45.350193],[14.758847,45.350619],[14.759419,45.351506],[14.759901,45.35242],[14.760305,45.353334],[14.760536,45.353853],[14.760727,45.354319],[14.76095,45.354783],[14.761362,45.355585],[14.761773,45.356309],[14.762299,45.357091],[14.762778,45.357751],[14.763346,45.358444],[14.764177,45.359365],[14.764737,45.359917],[14.765329,45.360473],[14.766331,45.361389],[14.767636,45.362669],[14.768724,45.363865],[14.769014,45.364228],[14.769914,45.365365],[14.770867,45.3663],[14.771686,45.366958],[14.772384,45.367422],[14.773344,45.367913],[14.774541,45.36835],[14.776193,45.368818],[14.776742,45.368973],[14.778333,45.369402],[14.779468,45.369696],[14.780631,45.369996],[14.781696,45.370268],[14.783796,45.370812],[14.784681,45.371068],[14.786149,45.371543],[14.787569,45.372056],[14.789148,45.372704],[14.790342,45.373264],[14.791057,45.373622],[14.791653,45.373931],[14.792303,45.374298],[14.7929,45.374639],[14.793744,45.375171],[14.794486,45.375659],[14.795672,45.376513],[14.796627,45.377279],[14.797071,45.377667],[14.797683,45.37821],[14.79809,45.378595],[14.798637,45.379134],[14.799117,45.379658],[14.799647,45.380252],[14.800343,45.381037],[14.800966,45.381775],[14.801263,45.382113],[14.801446,45.382322],[14.80176,45.382654],[14.802936,45.384223],[14.804149,45.385631],[14.805044,45.386424],[14.80589,45.386976],[14.806408,45.387323],[14.807206,45.387771],[14.808297,45.388271],[14.809184,45.388664],[14.80997,45.389014],[14.810905,45.389443],[14.811672,45.389866],[14.812057,45.390118],[14.812511,45.390441],[14.813946,45.391613],[14.814486,45.391986],[14.815049,45.392343],[14.815458,45.392562],[14.816027,45.392837],[14.816716,45.393106],[14.817212,45.393275],[14.817742,45.393412],[14.81848,45.393582],[14.819129,45.393692],[14.81996,45.393785],[14.82052,45.39382],[14.820983,45.393827],[14.82187,45.393798],[14.822465,45.39375],[14.822465,45.39375],[14.823006,45.393671],[14.82384,45.393532],[14.824313,45.393431],[14.825548,45.39315],[14.826576,45.392874],[14.827691,45.392554],[14.828678,45.392225],[14.829231,45.392032],[14.829616,45.391865],[14.830474,45.391448],[14.830871,45.391218],[14.831286,45.390956],[14.831592,45.390761],[14.831928,45.390509],[14.832201,45.390301],[14.832465,45.390074],[14.833204,45.389346],[14.833813,45.388691],[14.834526,45.387909],[14.835001,45.387439],[14.835521,45.386956],[14.836012,45.386545],[14.836833,45.385943],[14.837332,45.385605],[14.83779,45.38531],[14.838338,45.384985],[14.838925,45.384658],[14.840091,45.38406],[14.841033,45.383609],[14.842316,45.38302],[14.843465,45.382532],[14.844624,45.382085],[14.845226,45.38187],[14.845861,45.381657],[14.846565,45.381458],[14.847372,45.381258],[14.847972,45.381135],[14.848671,45.381011],[14.849358,45.380909],[14.850043,45.380846],[14.850646,45.380796],[14.85132,45.380762],[14.852553,45.380757],[14.853293,45.38079],[14.853647,45.380805],[14.854554,45.380885],[14.855361,45.380975],[14.855731,45.381016],[14.856811,45.381164],[14.857191,45.381211],[14.860718,45.381731],[14.863034,45.381972],[14.8655,45.382117],[14.866788,45.382148],[14.868123,45.38214],[14.868567,45.382126],[14.869739,45.382064],[14.869953,45.382052],[14.870821,45.382007],[14.871462,45.381985],[14.873098,45.381917],[14.873888,45.381874],[14.874721,45.381848],[14.875287,45.381841],[14.875856,45.38184],[14.876514,45.38186],[14.876945,45.381872],[14.877291,45.381893],[14.877873,45.381932],[14.878487,45.382003],[14.879388,45.382135],[14.880245,45.382292],[14.88087,45.382423],[14.88191,45.3827],[14.88258,45.382906],[14.883137,45.383098],[14.883973,45.383415],[14.885128,45.383897],[14.886254,45.384374],[14.887472,45.384849],[14.888587,45.385221],[14.88917,45.385394],[14.889638,45.385512],[14.890637,45.385751],[14.891557,45.38593],[14.892472,45.38607],[14.89364,45.386208],[14.894788,45.386287],[14.895602,45.386314],[14.896704,45.386322],[14.897453,45.386288],[14.898206,45.386248],[14.899616,45.386098],[14.900425,45.385975],[14.901126,45.385866],[14.901311,45.385837],[14.902688,45.385624],[14.904566,45.385314],[14.905105,45.385236],[14.907563,45.384854],[14.908085,45.384766],[14.908828,45.384652],[14.910343,45.384449],[14.911697,45.384292],[14.912463,45.384213],[14.912972,45.384171],[14.914115,45.384082],[14.915583,45.383996],[14.918343,45.383859],[14.922678,45.383649],[14.92467,45.383553],[14.925022,45.383536],[14.927493,45.383421],[14.931968,45.383207],[14.9331,45.383153],[14.93435,45.38309],[14.936621,45.382981],[14.938066,45.382911],[14.938656,45.382877],[14.939407,45.382823],[14.94,45.382774],[14.940236,45.38275],[14.940736,45.382695],[14.941088,45.38265],[14.941319,45.382612],[14.941677,45.382555],[14.941914,45.382509],[14.942108,45.382471],[14.942315,45.382426],[14.942484,45.382386],[14.942687,45.382337],[14.942838,45.382295],[14.943032,45.382237],[14.943286,45.382158],[14.943827,45.381981],[14.94385,45.381972],[14.944322,45.381799],[14.944798,45.381613],[14.94543,45.381353],[14.948014,45.380349],[14.951873,45.378822],[14.955405,45.37751],[14.958383,45.376693],[14.960639,45.376233],[14.962544,45.375916],[14.963236,45.375782],[14.96506,45.375411],[14.966461,45.375205],[14.967504,45.375076],[14.968538,45.374972],[14.970517,45.374911],[14.970947,45.374894],[14.971368,45.374874],[14.972027,45.374858],[14.972719,45.374845],[14.973435,45.374844],[14.974101,45.374853],[14.975364,45.374889],[14.976589,45.374947],[14.977589,45.374986],[14.978444,45.374997],[14.978866,45.374988],[14.979351,45.374961],[14.979951,45.374904],[14.980426,45.374832],[14.980953,45.374726],[14.981545,45.374584],[14.982773,45.374208],[14.984201,45.373708],[14.984971,45.37348],[14.985319,45.373392],[14.985734,45.373304],[14.986103,45.373241],[14.986523,45.373176],[14.986891,45.373132],[14.987311,45.3731],[14.98776,45.373079],[14.988202,45.373074],[14.988675,45.373085],[14.989162,45.37311],[14.989737,45.373168],[14.990326,45.373244],[14.991669,45.373432],[14.992408,45.373511],[14.993012,45.373551],[14.993569,45.373557],[14.994812,45.373558],[14.996067,45.373542],[14.998733,45.373501],[15.003377,45.373451],[15.003622,45.373449],[15.005505,45.373435],[15.00644,45.37346],[15.007388,45.373517],[15.009236,45.373755],[15.010592,45.374039],[15.011988,45.374285],[15.0134,45.374421],[15.014812,45.374507],[15.015845,45.374516],[15.0162,45.374509],[15.016916,45.374497],[15.019292,45.374405],[15.020914,45.374334],[15.021821,45.37431],[15.022713,45.37431],[15.023749,45.374378],[15.024668,45.374484],[15.025008,45.374536],[15.025446,45.374618],[15.026158,45.374773],[15.027209,45.375057],[15.028889,45.3756],[15.029617,45.375809],[15.030409,45.376017],[15.031144,45.376156],[15.031991,45.376262],[15.032729,45.376317],[15.033183,45.376336],[15.03449,45.376303],[15.035503,45.376254],[15.036614,45.376199],[15.037554,45.37619],[15.037688,45.376193],[15.038495,45.376209],[15.039137,45.376239],[15.040308,45.376333],[15.041365,45.376461],[15.042342,45.376599],[15.043899,45.376876],[15.044566,45.376986],[15.044711,45.377009],[15.045478,45.377112],[15.046053,45.377174],[15.046847,45.37721],[15.047452,45.377213],[15.048131,45.377199],[15.048816,45.377148],[15.049504,45.377063],[15.050245,45.376946],[15.051033,45.376768],[15.051475,45.376643],[15.052183,45.376419],[15.052638,45.376245],[15.053348,45.375936],[15.053859,45.375674],[15.05441,45.37537],[15.054791,45.375114],[15.055086,45.374897],[15.055577,45.374516],[15.055835,45.374285],[15.056225,45.373869],[15.056417,45.373642],[15.05659,45.373428],[15.056869,45.372998],[15.057032,45.372708],[15.057169,45.372414],[15.057536,45.371356],[15.057764,45.370756],[15.05779,45.370689],[15.057975,45.370268],[15.058353,45.369594],[15.058799,45.368859],[15.059042,45.368436],[15.059233,45.368108],[15.059498,45.367559],[15.059674,45.367005],[15.059774,45.366361],[15.059832,45.365569],[15.05984,45.365393],[15.059869,45.364804],[15.05997,45.364108],[15.060123,45.36354],[15.060306,45.363057],[15.060521,45.362592],[15.06078,45.362157],[15.061039,45.361798],[15.06138,45.361396],[15.061605,45.361164],[15.061909,45.360862],[15.062298,45.360541],[15.06278,45.360179],[15.063284,45.359856],[15.063744,45.359594],[15.064036,45.35944],[15.065053,45.359005],[15.065485,45.358852],[15.066048,45.35869],[15.066594,45.358556],[15.067281,45.358418],[15.067825,45.358341],[15.068372,45.358275],[15.068918,45.358242],[15.069988,45.358241],[15.071132,45.358306],[15.071824,45.35838],[15.072668,45.35851],[15.073757,45.358735],[15.074697,45.358981],[15.075957,45.359413],[15.076732,45.359718],[15.077282,45.359972],[15.077853,45.360269],[15.078211,45.360448],[15.078623,45.360703],[15.07907,45.360965],[15.079692,45.361365],[15.080143,45.361648],[15.080978,45.362138],[15.081366,45.362363],[15.08223,45.36285],[15.082713,45.363124],[15.083773,45.363661],[15.08457,45.364038],[15.085342,45.364403],[15.085856,45.364627],[15.08633,45.364833],[15.086756,45.365011],[15.091344,45.367066],[15.092,45.367351],[15.092858,45.367743],[15.093372,45.367993],[15.093566,45.368103],[15.093833,45.368258],[15.094108,45.368443],[15.094545,45.368776],[15.094877,45.369086],[15.095219,45.369488],[15.095331,45.36964],[15.095513,45.369868],[15.095809,45.370338],[15.096151,45.370824],[15.096473,45.371256],[15.096802,45.371638],[15.097348,45.372173],[15.098003,45.372633],[15.098414,45.372896],[15.098739,45.373056],[15.099114,45.373236],[15.099797,45.373495],[15.100446,45.373702],[15.101351,45.373897],[15.102204,45.374007],[15.102883,45.374038],[15.103586,45.374038],[15.104288,45.373984],[15.104973,45.373882],[15.105701,45.373749],[15.106618,45.373573],[15.108304,45.373223],[15.109211,45.373044],[15.111636,45.372564],[15.112559,45.372442],[15.113042,45.372391],[15.113559,45.372375],[15.114163,45.372356],[15.114688,45.372377],[15.115386,45.372412],[15.116004,45.372483],[15.116904,45.372631],[15.117648,45.372807],[15.11825,45.372994],[15.118824,45.373174],[15.11936,45.373387],[15.120168,45.373744],[15.120825,45.374063],[15.122088,45.374669],[15.123233,45.375169],[15.124479,45.375663],[15.12567,45.376084],[15.126852,45.376459],[15.129375,45.377141],[15.13054,45.377406],[15.131421,45.377577],[15.132314,45.377723],[15.132669,45.377775],[15.132848,45.377809],[15.133528,45.377908],[15.134384,45.378006],[15.135619,45.378126],[15.136544,45.3782],[15.137651,45.378258],[15.138588,45.378307],[15.139747,45.378347],[15.143605,45.378482],[15.145637,45.378554],[15.147976,45.378637],[15.15066,45.37873],[15.152069,45.378786],[15.152789,45.378827],[15.153469,45.378898],[15.154299,45.379005],[15.15455,45.379041],[15.155315,45.379182],[15.155861,45.379304],[15.157403,45.379792],[15.158077,45.380036],[15.158705,45.380329],[15.160871,45.381373],[15.1627,45.382284],[15.164825,45.383116],[15.166502,45.383714],[15.168313,45.384232],[15.16871,45.384349],[15.170059,45.384669],[15.170884,45.384848],[15.17182,45.385018],[15.172653,45.385149],[15.173615,45.385263],[15.174546,45.38536],[15.175219,45.385417],[15.176051,45.385451],[15.17723,45.385484],[15.177766,45.385489],[15.178411,45.385484],[15.179362,45.385452],[15.180397,45.38538],[15.180746,45.385351],[15.180994,45.38533],[15.18189,45.385251],[15.18304,45.385152],[15.184142,45.385064],[15.185238,45.385028],[15.186153,45.385037],[15.186866,45.385074],[15.187397,45.38512],[15.188064,45.385194],[15.188722,45.385299],[15.189544,45.385454],[15.190413,45.385657],[15.191474,45.385971],[15.1925,45.386344],[15.193518,45.3868],[15.194093,45.387103],[15.194734,45.387463],[15.195466,45.387947],[15.196195,45.388505],[15.19663,45.388883],[15.196948,45.389174],[15.197769,45.389969],[15.197784,45.389984],[15.197902,45.390098],[15.198562,45.390736],[15.199062,45.39118],[15.199385,45.391474],[15.19985,45.391872],[15.200188,45.392149],[15.200684,45.392551],[15.201163,45.392915],[15.201971,45.393497],[15.202698,45.393981],[15.203319,45.394407],[15.203892,45.394756],[15.204528,45.395116],[15.20553,45.395668],[15.20659,45.396193],[15.207411,45.39657],[15.207596,45.396654],[15.208225,45.396911],[15.209094,45.397272],[15.209589,45.39747],[15.210216,45.397703],[15.210814,45.397914],[15.211495,45.398152],[15.212185,45.398371],[15.212893,45.398577],[15.213613,45.398783],[15.214403,45.398994],[15.215185,45.399181],[15.215897,45.399339],[15.21663,45.3995],[15.217499,45.399676],[15.218321,45.399812],[15.219292,45.399957],[15.220589,45.400117],[15.221307,45.400171],[15.221892,45.40023],[15.222563,45.400281],[15.22304,45.400306],[15.22372,45.400342],[15.224337,45.40036],[15.225482,45.400379],[15.227631,45.400387],[15.228791,45.400403],[15.229935,45.40045],[15.231256,45.400536],[15.232493,45.400671],[15.233253,45.400765],[15.234886,45.401019],[15.235989,45.401231],[15.236659,45.401383],[15.237533,45.401587],[15.238471,45.401837],[15.239133,45.402024],[15.239674,45.402178],[15.2403,45.402391],[15.240868,45.402582],[15.241887,45.402956],[15.24313,45.40347],[15.243227,45.403513],[15.245022,45.404313],[15.245556,45.404473],[15.245911,45.404564],[15.246257,45.404604],[15.246725,45.404616],[15.247146,45.404572],[15.247577,45.404468],[15.247953,45.404327],[15.248302,45.404133],[15.248592,45.403906],[15.248721,45.403772],[15.248839,45.403627],[15.248949,45.403442],[15.249032,45.403243],[15.249095,45.40307],[15.249282,45.402616],[15.249383,45.402341],[15.249583,45.401938],[15.249796,45.401583],[15.250151,45.401129],[15.25052,45.400753],[15.251023,45.400353],[15.251341,45.400155],[15.251477,45.40006],[15.25192,45.399816],[15.252326,45.399637],[15.252587,45.399524],[15.252679,45.399484],[15.253594,45.399138],[15.25423,45.398889],[15.254725,45.398672],[15.255516,45.398244],[15.256148,45.397821],[15.256774,45.397327],[15.257321,45.396809],[15.257633,45.39644],[15.257942,45.396029],[15.258192,45.395626],[15.258428,45.395143],[15.258613,45.394672],[15.258718,45.394318],[15.258792,45.393959],[15.258864,45.393473],[15.258877,45.392576],[15.258857,45.391843],[15.258844,45.391408],[15.258846,45.390798],[15.258859,45.39025],[15.258915,45.389728],[15.258971,45.38928],[15.259048,45.388873],[15.259173,45.388353],[15.259288,45.387974],[15.259523,45.387284],[15.259728,45.386778],[15.259927,45.386368],[15.26031,45.385671],[15.260704,45.385036],[15.2614,45.384107],[15.261775,45.383694],[15.262372,45.383034],[15.262962,45.382458],[15.264227,45.381374],[15.265415,45.380344],[15.266062,45.379738],[15.266684,45.379076],[15.267124,45.378564],[15.267605,45.377909],[15.268045,45.377223],[15.268527,45.376359],[15.268616,45.376151],[15.268936,45.375397],[15.269286,45.374268],[15.269493,45.373164],[15.269547,45.372758],[15.269643,45.371697],[15.269715,45.370804],[15.269818,45.369901],[15.269925,45.369193],[15.270059,45.368614],[15.27035,45.367614],[15.27056,45.36707],[15.270698,45.366711],[15.271165,45.365744],[15.271516,45.365127],[15.271999,45.364398],[15.27253,45.363674],[15.274067,45.361775],[15.274684,45.361026],[15.27529,45.360177],[15.275773,45.359422],[15.276,45.359034],[15.276187,45.358712],[15.276696,45.357637],[15.277114,45.356555],[15.277302,45.355931],[15.277564,45.354863],[15.277714,45.353899],[15.277796,45.352894],[15.277791,45.352068],[15.27775,45.351363],[15.277677,45.350683],[15.277622,45.350335],[15.27757,45.350002],[15.277421,45.349345],[15.277277,45.348809],[15.277078,45.348186],[15.276877,45.347635],[15.276672,45.347119],[15.276286,45.346203],[15.275795,45.345039],[15.275508,45.344271],[15.275181,45.343267],[15.274974,45.342489],[15.274882,45.341982],[15.27478,45.341381],[15.274709,45.34087],[15.274645,45.339812],[15.274628,45.339162],[15.274664,45.338403],[15.274736,45.337526],[15.27488,45.336634],[15.275061,45.33579],[15.275328,45.334862],[15.275442,45.334476],[15.275607,45.334081],[15.275935,45.333277],[15.276164,45.332803],[15.276419,45.332273],[15.276806,45.331563],[15.277344,45.33071],[15.277517,45.330442],[15.278291,45.329377],[15.279465,45.327843],[15.280308,45.326704],[15.280848,45.32592],[15.28166,45.324615],[15.281717,45.324516],[15.282006,45.323988],[15.282332,45.323386],[15.282893,45.322152],[15.283255,45.321278],[15.283436,45.320704],[15.283584,45.320171],[15.283686,45.319632],[15.283765,45.319068],[15.283784,45.31809],[15.283764,45.317611],[15.283693,45.317083],[15.283443,45.316018],[15.2834,45.315889],[15.283283,45.315542],[15.283075,45.315031],[15.282725,45.314321],[15.282349,45.31368],[15.281672,45.312673],[15.281308,45.312118],[15.281,45.311648],[15.280603,45.311013],[15.280107,45.31003],[15.279639,45.308988],[15.279276,45.307868],[15.27912,45.307272],[15.27897,45.306597],[15.27882,45.305544],[15.278769,45.304946],[15.278737,45.304232],[15.278788,45.301547],[15.278756,45.300966],[15.278705,45.300492],[15.278618,45.299934],[15.278471,45.299296],[15.278301,45.298715],[15.27821,45.298461],[15.278108,45.298186],[15.277992,45.29789],[15.277854,45.297575],[15.277629,45.297124],[15.277493,45.296854],[15.277102,45.296216],[15.276708,45.29562],[15.276197,45.294913],[15.275853,45.294437],[15.275473,45.293882],[15.275207,45.293455],[15.274808,45.2927],[15.274511,45.291976],[15.274303,45.291303],[15.274169,45.290789],[15.274086,45.290334],[15.274055,45.290047],[15.274014,45.289664],[15.274002,45.289182],[15.274013,45.288853],[15.274079,45.288033],[15.274271,45.287071],[15.274462,45.286459],[15.274639,45.285987],[15.274881,45.285347],[15.275088,45.28481],[15.275247,45.28434],[15.275437,45.283742],[15.275625,45.282802],[15.275699,45.281845],[15.27568,45.281128],[15.275663,45.280981],[15.275625,45.280659],[15.275483,45.27984],[15.275188,45.278904],[15.274901,45.278201],[15.274712,45.277824],[15.274459,45.277378],[15.27402,45.276694],[15.273689,45.276252],[15.27336,45.275847],[15.272724,45.275165],[15.272165,45.274599],[15.271673,45.274096],[15.271264,45.273667],[15.2708,45.273094],[15.270402,45.272502],[15.269921,45.271636],[15.269814,45.271348],[15.269662,45.270939],[15.269492,45.270382],[15.269388,45.269897],[15.269325,45.269206],[15.269317,45.268766],[15.269335,45.268292],[15.269411,45.267764],[15.26956,45.267103],[15.269689,45.266673],[15.270152,45.265604],[15.270323,45.265316],[15.27044,45.265126],[15.270614,45.264876],[15.270984,45.2644],[15.27146,45.263846],[15.271995,45.263309],[15.272566,45.262802],[15.273379,45.262076],[15.273947,45.261521],[15.274558,45.260823],[15.27486,45.260426],[15.275244,45.259877],[15.275756,45.258974],[15.276035,45.258361],[15.276283,45.257658],[15.276399,45.257209],[15.276472,45.256922],[15.276575,45.256288],[15.276628,45.255611],[15.276629,45.25495],[15.276541,45.254044],[15.276445,45.253543],[15.276328,45.253067],[15.275984,45.252134],[15.275786,45.251668],[15.27554,45.251205],[15.275251,45.250705],[15.27488,45.250169],[15.274309,45.249436],[15.274287,45.249411],[15.273461,45.248452],[15.272989,45.24792],[15.272611,45.247473],[15.27185,45.24654],[15.271478,45.24604],[15.270718,45.244965],[15.270404,45.244452],[15.270072,45.243864],[15.2696,45.24297],[15.26917,45.242013],[15.26879,45.240989],[15.268724,45.240802],[15.268573,45.240271],[15.268478,45.239906],[15.268398,45.239491],[15.268228,45.238673],[15.268106,45.237706],[15.268007,45.236564],[15.267869,45.235084],[15.267783,45.234385],[15.267696,45.233859],[15.267595,45.233359],[15.267473,45.232829],[15.267337,45.23235],[15.267284,45.232168],[15.267162,45.231775],[15.266971,45.231251],[15.266735,45.230668],[15.266523,45.230183],[15.266316,45.229732],[15.266037,45.229195],[15.265716,45.228633],[15.265418,45.228161],[15.265218,45.227866],[15.264793,45.227252],[15.264338,45.226653],[15.263829,45.226026],[15.262964,45.225053],[15.262349,45.224391],[15.261823,45.223804],[15.26166,45.223628],[15.261064,45.222946],[15.260807,45.222607],[15.26053,45.222227],[15.260249,45.22182],[15.259957,45.221347],[15.259712,45.220891],[15.259504,45.220465],[15.259293,45.219978],[15.25911,45.219517],[15.258965,45.219063],[15.258848,45.218632],[15.258776,45.218355],[15.258708,45.218051],[15.258606,45.217401],[15.258556,45.216885],[15.258534,45.216301],[15.258531,45.216034],[15.258543,45.21578],[15.258578,45.215289],[15.258616,45.214999],[15.258651,45.21473],[15.258713,45.214363],[15.258826,45.213858],[15.259095,45.212958],[15.259303,45.212429],[15.259507,45.211956],[15.259753,45.211461],[15.260078,45.210892],[15.260464,45.210294],[15.260916,45.209676],[15.261447,45.209037],[15.262012,45.208411],[15.263097,45.207219],[15.263567,45.206609],[15.264045,45.205989],[15.264417,45.205339],[15.264607,45.204972],[15.264765,45.20462],[15.264897,45.20429],[15.26504,45.203852],[15.265151,45.203467],[15.265247,45.203051],[15.265333,45.202507],[15.265382,45.201905],[15.265395,45.201601],[15.265389,45.201324],[15.26536,45.200683],[15.265259,45.200098],[15.265143,45.199484],[15.265022,45.198857],[15.264924,45.198257],[15.264886,45.197887],[15.264865,45.197352],[15.264881,45.196911],[15.264924,45.196539],[15.265009,45.1961],[15.265095,45.195766],[15.265191,45.195477],[15.265321,45.19513],[15.265515,45.1947],[15.265674,45.194403],[15.266023,45.193821],[15.266694,45.192743],[15.266939,45.192283],[15.267145,45.191847],[15.26727,45.191542],[15.267384,45.19123],[15.26754,45.190721],[15.267658,45.190248],[15.267735,45.18981],[15.267798,45.189296],[15.267836,45.188797],[15.267876,45.188325],[15.267917,45.187878],[15.267969,45.187545],[15.268028,45.18724],[15.268166,45.18675],[15.268342,45.186275],[15.268571,45.185777],[15.268892,45.185218],[15.269187,45.184792],[15.269436,45.184466],[15.269794,45.184059],[15.270084,45.183765],[15.270499,45.183381],[15.271943,45.182145],[15.27292,45.181325],[15.274121,45.180296],[15.275209,45.179363],[15.275929,45.178671],[15.276272,45.178287],[15.276601,45.177886],[15.276912,45.17746],[15.277199,45.17702],[15.27753,45.176411],[15.277755,45.175927],[15.27803,45.175152],[15.278187,45.174524],[15.278251,45.174159],[15.278284,45.173864],[15.278315,45.173389],[15.278312,45.172956],[15.27829,45.172577],[15.278233,45.17212],[15.278169,45.171762],[15.278059,45.171283],[15.277809,45.170515],[15.277494,45.169801],[15.27726,45.1694],[15.276923,45.168867],[15.276521,45.168299],[15.275864,45.16743],[15.275453,45.166864],[15.2752,45.1665],[15.274894,45.166008],[15.274675,45.165616],[15.27441,45.165077],[15.27416,45.16451],[15.273993,45.164063],[15.273835,45.163561],[15.273688,45.163028],[15.273564,45.162432],[15.273374,45.161588],[15.273214,45.160727],[15.273038,45.160005],[15.272483,45.157395],[15.272267,45.156335],[15.272152,45.155711],[15.272091,45.155259],[15.272071,45.155054],[15.272046,45.154634],[15.27205,45.154182],[15.272068,45.153916],[15.272101,45.153632],[15.272197,45.1531],[15.272268,45.1528],[15.272351,45.15251],[15.272527,45.151976],[15.272882,45.151086],[15.273082,45.150579],[15.273257,45.150144],[15.273471,45.149554],[15.273657,45.14893],[15.273762,45.148413],[15.273806,45.148103],[15.273832,45.147767],[15.273845,45.147498],[15.273798,45.146791],[15.273796,45.146761],[15.273724,45.146308],[15.273611,45.145875],[15.273338,45.145092],[15.272951,45.144349],[15.272456,45.143614],[15.272119,45.143203],[15.271703,45.142759],[15.271282,45.142379],[15.2707,45.14191],[15.269878,45.14136],[15.269369,45.141069],[15.268847,45.140803],[15.268327,45.140592],[15.267717,45.140356],[15.267142,45.140158],[15.266679,45.140011],[15.266153,45.139866],[15.265634,45.139722],[15.264845,45.139487],[15.264149,45.139265],[15.263708,45.139096],[15.26333,45.138939],[15.263003,45.138787],[15.26243,45.13849],[15.261662,45.138019],[15.261339,45.137808],[15.261125,45.137652],[15.260652,45.13731],[15.260368,45.13706],[15.260027,45.136748],[15.259683,45.136403],[15.259153,45.135858],[15.258647,45.135336],[15.258065,45.134843],[15.25776,45.134615],[15.257306,45.1343],[15.257081,45.134167],[15.256608,45.133887],[15.256339,45.133747],[15.255932,45.13354],[15.255347,45.133296],[15.255049,45.133173],[15.254516,45.132974],[15.253512,45.132667],[15.249776,45.131678],[15.249289,45.131515],[15.248815,45.131359],[15.248149,45.131097],[15.247678,45.130876],[15.247103,45.130582],[15.246603,45.130286],[15.246186,45.130013],[15.24598,45.129847],[15.245366,45.129353],[15.24475,45.128725],[15.244578,45.128529],[15.244366,45.128254],[15.243884,45.127503],[15.243744,45.127224],[15.243605,45.126904],[15.243371,45.126233],[15.243273,45.125815],[15.24321,45.125324],[15.243189,45.124778],[15.243231,45.12419],[15.243284,45.123868],[15.243385,45.123499],[15.243527,45.123021],[15.243651,45.1227],[15.24385,45.122246],[15.24415,45.121675],[15.244249,45.121501],[15.244402,45.121234],[15.244694,45.120703],[15.245239,45.119722],[15.245486,45.119252],[15.245597,45.119032],[15.245711,45.118805],[15.245844,45.1185],[15.245977,45.118193],[15.246097,45.117882],[15.246214,45.117574],[15.246252,45.117454],[15.246296,45.117313],[15.246429,45.11687],[15.246495,45.11662],[15.246547,45.116354],[15.246584,45.116125],[15.246617,45.115889],[15.246627,45.115737],[15.246646,45.115155],[15.246658,45.114639],[15.246541,45.113895],[15.24629,45.113065],[15.246059,45.112514],[15.245545,45.111615],[15.245276,45.111197],[15.244891,45.110679],[15.244356,45.110074],[15.243844,45.109552],[15.243322,45.10907],[15.242826,45.108648],[15.242414,45.108302],[15.241966,45.107922],[15.241042,45.107162],[15.23926,45.105758],[15.237474,45.104323],[15.233412,45.101026],[15.229864,45.098168],[15.226558,45.095439],[15.222437,45.092125],[15.216923,45.087687],[15.213683,45.085036],[15.211566,45.08333],[15.210968,45.082873],[15.210367,45.082392],[15.209337,45.081553],[15.20872,45.081001],[15.208108,45.080428],[15.207698,45.079992],[15.207279,45.07951],[15.206984,45.079089],[15.206768,45.078681],[15.206451,45.078104],[15.206221,45.077673],[15.205958,45.076968],[15.205658,45.075672],[15.205425,45.073922],[15.205426,45.073661],[15.205431,45.073408],[15.205432,45.073395],[15.205442,45.073191],[15.205459,45.072917],[15.205489,45.072698],[15.205535,45.072362],[15.205591,45.072041],[15.205639,45.071819],[15.20586,45.070976],[15.206032,45.070485],[15.206362,45.069729],[15.206748,45.068981],[15.206902,45.06865],[15.207209,45.068023],[15.20731,45.067777],[15.207511,45.067226],[15.207662,45.066767],[15.207723,45.066475],[15.20778,45.066149],[15.207808,45.065805],[15.207791,45.065021],[15.207749,45.064593],[15.207641,45.06412],[15.20753,45.063723],[15.207476,45.063573],[15.20731,45.063156],[15.207095,45.062687],[15.206814,45.062205],[15.206418,45.061641],[15.205885,45.061024],[15.205836,45.060975],[15.203328,45.058468],[15.201776,45.056935],[15.201137,45.056307],[15.200595,45.055823],[15.200179,45.055505],[15.199684,45.055159],[15.198851,45.054657],[15.198229,45.054342],[15.197837,45.054166],[15.197615,45.054067],[15.196824,45.053789],[15.196191,45.0536],[15.195632,45.053451],[15.195101,45.053335],[15.194558,45.053228],[15.193839,45.05313],[15.193162,45.053072],[15.192408,45.053036],[15.191433,45.053012],[15.190362,45.052996],[15.189449,45.05296],[15.18877,45.052903],[15.187888,45.052786],[15.187279,45.052678],[15.186807,45.05259],[15.186143,45.052427],[15.185644,45.052286],[15.185561,45.052263],[15.185165,45.052133],[15.184748,45.051991],[15.184148,45.051755],[15.183333,45.051385],[15.182645,45.051025],[15.182259,45.050808],[15.181921,45.050584],[15.18147,45.050273],[15.180963,45.049888],[15.180576,45.049548],[15.18012,45.049117],[15.179739,45.048711],[15.179391,45.048281],[15.179015,45.047755],[15.178722,45.047267],[15.178503,45.046872],[15.178354,45.046509],[15.178125,45.045894],[15.178008,45.045485],[15.177972,45.045315],[15.177913,45.045029],[15.177849,45.044492],[15.177815,45.043979],[15.177795,45.04317],[15.177779,45.042569],[15.17769,45.041568],[15.177564,45.040812],[15.177418,45.040282],[15.177164,45.039574],[15.176954,45.039105],[15.176697,45.038601],[15.176338,45.038009],[15.175971,45.037499],[15.175511,45.036939],[15.175349,45.036757],[15.175108,45.03649],[15.174615,45.036],[15.173471,45.035088],[15.173006,45.034758],[15.172115,45.03419],[15.171493,45.033852],[15.169473,45.032962],[15.166978,45.032107],[15.165329,45.031446],[15.16514,45.03137],[15.164114,45.030913],[15.163393,45.030559],[15.162398,45.030016],[15.161662,45.029596],[15.160834,45.029065],[15.160193,45.028634],[15.15951,45.028126],[15.158549,45.027337],[15.157699,45.026557],[15.156792,45.025626],[15.156619,45.025419],[15.155951,45.02462],[15.155189,45.02358],[15.154445,45.022356],[15.153714,45.02109],[15.153278,45.020464],[15.15304,45.020168],[15.152799,45.019902],[15.152384,45.019499],[15.152068,45.019223],[15.151621,45.018878],[15.151166,45.018578],[15.150654,45.018264],[15.150283,45.01807],[15.150224,45.018039],[15.149724,45.017805],[15.149294,45.017616],[15.148712,45.017378],[15.147305,45.016796],[15.144265,45.015545],[15.14251,45.014821],[15.141146,45.014261],[15.13979,45.013702],[15.138946,45.013348],[15.13839,45.013114],[15.137866,45.012876],[15.137356,45.012619],[15.13676,45.012273],[15.136386,45.01205],[15.136063,45.011828],[15.135353,45.01126],[15.13478,45.010758],[15.133977,45.01001],[15.133279,45.009381],[15.132816,45.009006],[15.132003,45.008412],[15.131315,45.007999],[15.130546,45.007567],[15.129929,45.007261],[15.129608,45.007129],[15.128389,45.006643],[15.127345,45.006304],[15.125829,45.005879],[15.125328,45.005729],[15.124737,45.005557],[15.124104,45.005339],[15.123428,45.005086],[15.122735,45.004802],[15.121943,45.004433],[15.120975,45.003922],[15.119905,45.003275],[15.119463,45.002956],[15.11675,45.000999],[15.115612,45.000368],[15.114569,44.999877],[15.112112,44.998953],[15.111088,44.998529],[15.110277,44.998142],[15.109275,44.997577],[15.109254,44.997565],[15.107964,44.996699],[15.106808,44.995892],[15.10616,44.99548],[15.105328,44.995035],[15.104762,44.994766],[15.104434,44.994612],[15.103793,44.99435],[15.103023,44.994052],[15.101629,44.993515],[15.100852,44.993178],[15.099963,44.992698],[15.099184,44.992224],[15.099145,44.9922],[15.098636,44.99184],[15.098149,44.99145],[15.097477,44.99086],[15.097171,44.990569],[15.096912,44.990285],[15.096561,44.989861],[15.096195,44.989396],[15.095809,44.988784],[15.095453,44.98813],[15.095348,44.987882],[15.095141,44.987356],[15.09503,44.986997],[15.094955,44.986603],[15.094921,44.985191],[15.095167,44.983594],[15.095189,44.983147],[15.095087,44.982232],[15.095016,44.981822],[15.094828,44.981191],[15.094627,44.98066],[15.091637,44.9745],[15.091331,44.973543],[15.091268,44.973243],[15.091159,44.972614],[15.091103,44.972053],[15.091092,44.97173],[15.091088,44.970809],[15.091153,44.970014],[15.091288,44.969274],[15.091424,44.968752],[15.091718,44.967857],[15.091842,44.967543],[15.092051,44.967098],[15.092395,44.966445],[15.092413,44.966411],[15.09267,44.965994],[15.092953,44.965567],[15.093285,44.965114],[15.093813,44.964471],[15.094494,44.963759],[15.095659,44.962745],[15.096257,44.962284],[15.096908,44.961844],[15.097688,44.961382],[15.098153,44.961114],[15.098708,44.960827],[15.0998,44.96033],[15.10104,44.959852],[15.102312,44.959449],[15.1036,44.95913],[15.104937,44.958867],[15.10612,44.958708],[15.107261,44.958603],[15.107591,44.958579],[15.108402,44.958515],[15.110142,44.958398],[15.111662,44.958269],[15.112934,44.95811],[15.113984,44.957943],[15.115577,44.957645],[15.117171,44.957348],[15.118692,44.957054],[15.119201,44.956962],[15.120106,44.956813],[15.12076,44.956714],[15.123056,44.956443],[15.124249,44.956305],[15.12587,44.956094],[15.12694,44.955921],[15.128023,44.955709],[15.129189,44.955438],[15.129908,44.955242],[15.130508,44.955072],[15.131111,44.954884],[15.131937,44.95461],[15.132981,44.954215],[15.133279,44.954101],[15.134247,44.953692],[15.135574,44.953127],[15.136912,44.952556],[15.138766,44.951764],[15.140724,44.950915],[15.141415,44.950635],[15.14219,44.950336],[15.142972,44.950043],[15.143805,44.94978],[15.144875,44.949491],[15.145899,44.949257],[15.146558,44.949134],[15.14722,44.949029],[15.147882,44.948939],[15.14859,44.948851],[15.149708,44.948772],[15.150779,44.948735],[15.151876,44.94871],[15.153074,44.948679],[15.15428,44.948612],[15.154803,44.948548],[15.155366,44.948471],[15.156463,44.948246],[15.157321,44.947996],[15.158101,44.947733],[15.158812,44.947443],[15.159378,44.947168],[15.159917,44.946884],[15.16054,44.9465],[15.161164,44.946028],[15.161789,44.945506],[15.162424,44.94488],[15.163155,44.944143],[15.163778,44.943526],[15.164208,44.943158],[15.164551,44.942868],[15.164991,44.942531],[15.16547,44.94219],[15.166445,44.941569],[15.1674,44.940996],[15.168352,44.940389],[15.168514,44.94029],[15.169153,44.939814],[15.169711,44.939324],[15.17012,44.938887],[15.170454,44.938486],[15.170925,44.937828],[15.171169,44.937394],[15.171478,44.936789],[15.171615,44.93636],[15.17177,44.935816],[15.17186,44.935338],[15.171892,44.934886],[15.171911,44.934481],[15.171884,44.934014],[15.171822,44.933548],[15.17174,44.933178],[15.171608,44.932727],[15.171514,44.932445],[15.171327,44.932016],[15.171079,44.931538],[15.170702,44.930949],[15.170199,44.930263],[15.169682,44.92973],[15.168849,44.928886],[15.168327,44.92831],[15.167884,44.927745],[15.167551,44.927243],[15.167296,44.926807],[15.167099,44.926365],[15.166961,44.926006],[15.166772,44.92537],[15.166678,44.924934],[15.166642,44.924605],[15.166606,44.924157],[15.166613,44.923734],[15.166652,44.923351],[15.166801,44.922504],[15.166916,44.92209],[15.167234,44.921323],[15.16748,44.920856],[15.168365,44.919486],[15.168795,44.918807],[15.169108,44.918248],[15.169395,44.917694],[15.169533,44.917406],[15.169784,44.916695],[15.170052,44.915861],[15.170265,44.91518],[15.170525,44.91456],[15.170711,44.914209],[15.170881,44.913916],[15.171263,44.913326],[15.171551,44.912976],[15.171836,44.912655],[15.172094,44.912396],[15.172509,44.912004],[15.172742,44.911806],[15.173046,44.911563],[15.173553,44.911197],[15.174071,44.910807],[15.174693,44.910331],[15.174924,44.91012],[15.175274,44.909798],[15.175583,44.90944],[15.175864,44.909069],[15.176021,44.90885],[15.176426,44.908151],[15.176739,44.90744],[15.177087,44.906679],[15.177287,44.906278],[15.177398,44.906093],[15.177576,44.905799],[15.177752,44.905553],[15.177948,44.905276],[15.178204,44.904969],[15.178804,44.904347],[15.179137,44.904047],[15.17954,44.903729],[15.180041,44.903354],[15.180553,44.902999],[15.181447,44.902382],[15.181855,44.902076],[15.182281,44.901691],[15.182702,44.901242],[15.183029,44.900837],[15.18342,44.900255],[15.183625,44.899839],[15.183791,44.899489],[15.184054,44.898752],[15.18432,44.898067],[15.184611,44.897436],[15.184851,44.897067],[15.185055,44.896771],[15.185334,44.896426],[15.185723,44.896019],[15.186304,44.895508],[15.186929,44.895044],[15.187893,44.894464],[15.18888,44.893973],[15.189419,44.893693],[15.190072,44.893336],[15.190734,44.892903],[15.191515,44.892332],[15.192556,44.891364],[15.192673,44.891221],[15.192933,44.890901],[15.193241,44.890483],[15.193531,44.890054],[15.193789,44.889607],[15.194008,44.889168],[15.194299,44.888561],[15.194613,44.887946],[15.194901,44.887417],[15.195323,44.886761],[15.195573,44.886416],[15.195889,44.886038],[15.196139,44.885724],[15.196498,44.885367],[15.197136,44.88476],[15.197706,44.884284],[15.198421,44.883743],[15.199266,44.883131],[15.200293,44.882377],[15.200805,44.881987],[15.201808,44.88114],[15.202353,44.88063],[15.202593,44.880396],[15.203203,44.879765],[15.203448,44.879499],[15.203587,44.879335],[15.204219,44.878579],[15.204876,44.877663],[15.205251,44.877049],[15.205647,44.876384],[15.205957,44.875775],[15.2062,44.875224],[15.20644,44.874648],[15.20668,44.874011],[15.206863,44.873407],[15.207003,44.87272],[15.207339,44.870396],[15.207428,44.869387],[15.207489,44.868776],[15.207571,44.8682],[15.207656,44.867699],[15.207768,44.867212],[15.207944,44.866601],[15.208144,44.866043],[15.208386,44.865502],[15.20862,44.865018],[15.209089,44.864218],[15.209656,44.863433],[15.210255,44.86272],[15.21096,44.861976],[15.211634,44.861364],[15.212403,44.86075],[15.212587,44.860619],[15.212922,44.860379],[15.213161,44.860214],[15.213328,44.860108],[15.213497,44.860003],[15.21384,44.859794],[15.214022,44.859686],[15.214193,44.859587],[15.214387,44.859479],[15.214553,44.859391],[15.214736,44.859293],[15.214932,44.859195],[15.215143,44.85909],[15.215309,44.859009],[15.21559,44.858874],[15.215882,44.858742],[15.216165,44.858613],[15.216423,44.8585],[15.216553,44.858443],[15.216821,44.858332],[15.217204,44.858169],[15.217469,44.858059],[15.217798,44.857918],[15.218243,44.857731],[15.218553,44.857598],[15.218813,44.857487],[15.21918,44.857321],[15.219437,44.857206],[15.219631,44.857117],[15.219954,44.856964],[15.220313,44.85679],[15.220612,44.856642],[15.221069,44.856413],[15.221417,44.856233],[15.221769,44.856046],[15.221947,44.855949],[15.222304,44.855753],[15.222635,44.855564],[15.222878,44.855427],[15.223069,44.855313],[15.223258,44.8552],[15.223511,44.855051],[15.223736,44.854912],[15.224049,44.854719],[15.224246,44.854599],[15.224916,44.854165],[15.225118,44.854026],[15.226818,44.852835],[15.227614,44.852262],[15.228416,44.851696],[15.229291,44.851089],[15.23014,44.850525],[15.231085,44.849924],[15.232132,44.849289],[15.234122,44.848139],[15.235979,44.84716],[15.237648,44.846286],[15.238491,44.845838],[15.239385,44.845319],[15.239444,44.845285],[15.239951,44.844969],[15.240458,44.844636],[15.241449,44.843936],[15.242527,44.843082],[15.243246,44.842468],[15.243889,44.84185],[15.244428,44.841317],[15.244962,44.840717],[15.245769,44.839813],[15.24663,44.838853],[15.24717,44.838301],[15.247831,44.837646],[15.248447,44.837078],[15.249117,44.836499],[15.249924,44.835853],[15.250887,44.835127],[15.251797,44.834488],[15.25272,44.833894],[15.253512,44.8334],[15.254308,44.83295],[15.255381,44.832365],[15.256485,44.83181],[15.257231,44.831442],[15.257592,44.831259],[15.257903,44.831093],[15.258378,44.830836],[15.258612,44.830695],[15.258853,44.830545],[15.259027,44.830433],[15.259158,44.830345],[15.259387,44.830187],[15.259593,44.830039],[15.259762,44.829911],[15.259937,44.829774],[15.260118,44.829624],[15.260293,44.829471],[15.260468,44.829315],[15.260651,44.82914],[15.26082,44.828973],[15.261023,44.828759],[15.261197,44.828563],[15.261354,44.828374],[15.261486,44.828209],[15.261619,44.828042],[15.261733,44.827883],[15.26187,44.827678],[15.261984,44.827503],[15.262084,44.827337],[15.262192,44.827148],[15.262346,44.826866],[15.262635,44.82629],[15.263243,44.825048],[15.26358,44.824468],[15.263835,44.824076],[15.264092,44.823736],[15.264342,44.82344],[15.26489,44.822874],[15.265144,44.822653],[15.265429,44.822408],[15.266,44.821968],[15.266301,44.82177],[15.266638,44.821558],[15.26711,44.821286],[15.26762,44.821011],[15.268188,44.820724],[15.268925,44.820366],[15.270576,44.819616],[15.271468,44.819237],[15.272464,44.818829],[15.27292,44.818647],[15.273225,44.818525],[15.276142,44.817451],[15.278168,44.816763],[15.280223,44.816143],[15.282422,44.815519],[15.284783,44.814986],[15.287851,44.814295],[15.289206,44.813962],[15.290469,44.813644],[15.291174,44.813432],[15.291939,44.813169],[15.293293,44.812665],[15.294766,44.81202],[15.295995,44.811402],[15.296645,44.811071],[15.297229,44.810758],[15.297534,44.810593],[15.29784,44.810402],[15.298131,44.810227],[15.29838,44.810077],[15.299068,44.809651],[15.299214,44.809554],[15.299577,44.809305],[15.29995,44.809036],[15.300393,44.808707],[15.300945,44.808275],[15.301677,44.807661],[15.302468,44.806949],[15.303296,44.806116],[15.304015,44.805337],[15.304958,44.804179],[15.305843,44.802964],[15.306771,44.801825],[15.30728,44.801245],[15.307872,44.800724],[15.308251,44.800402],[15.308734,44.800052],[15.309136,44.799776],[15.309659,44.799454],[15.310223,44.799156],[15.310642,44.798945],[15.311209,44.798695],[15.311719,44.798507],[15.312054,44.798384],[15.312609,44.79819],[15.313346,44.797987],[15.314016,44.797813],[15.315054,44.79756],[15.315956,44.797325],[15.316902,44.797026],[15.317726,44.796716],[15.318456,44.796392],[15.319379,44.795933],[15.319947,44.795599],[15.32065,44.795152],[15.321032,44.79489],[15.321409,44.794609],[15.322138,44.794018],[15.322548,44.793607],[15.322846,44.793311],[15.323706,44.792316],[15.323956,44.792008],[15.324309,44.791603],[15.324672,44.791224],[15.325089,44.790835],[15.325499,44.790495],[15.32586,44.790224],[15.326115,44.790046],[15.32637,44.789884],[15.326727,44.789665],[15.327079,44.789474],[15.327524,44.789238],[15.327835,44.789092],[15.328171,44.788939],[15.329064,44.788604],[15.329455,44.788479],[15.329891,44.788348],[15.330563,44.788168],[15.33217,44.787762],[15.333616,44.787363],[15.334728,44.787004],[15.335309,44.786786],[15.335847,44.78657],[15.336103,44.786456],[15.336442,44.786301],[15.337018,44.786014],[15.337481,44.785772],[15.337894,44.785529],[15.338239,44.785318],[15.338785,44.784961],[15.338818,44.784939],[15.339205,44.784666],[15.339562,44.784392],[15.340201,44.78388],[15.340788,44.783261],[15.341272,44.782426],[15.341694,44.781337],[15.342979,44.778043],[15.343886,44.776199],[15.345079,44.774022],[15.345505,44.773402],[15.345644,44.77322],[15.345931,44.772846],[15.346679,44.772015],[15.347507,44.77121],[15.348129,44.770687],[15.348713,44.770245],[15.349521,44.769684],[15.350395,44.769159],[15.351144,44.768692],[15.351977,44.768126],[15.352574,44.767699],[15.353084,44.767296],[15.353622,44.766837],[15.354088,44.766397],[15.354583,44.765883],[15.355045,44.765368],[15.355833,44.764327],[15.356684,44.763149],[15.357139,44.762599],[15.357474,44.762223],[15.357955,44.761746],[15.358558,44.761202],[15.35922,44.760682],[15.359639,44.760379],[15.36004,44.760121],[15.360401,44.759905],[15.360868,44.759642],[15.361469,44.759316],[15.362233,44.758956],[15.363917,44.758259],[15.365549,44.757541],[15.36649,44.7571],[15.367057,44.756798],[15.368306,44.756091],[15.368974,44.755675],[15.369654,44.755232],[15.370547,44.754588],[15.371251,44.754039],[15.371795,44.753601],[15.372193,44.753246],[15.372977,44.752504],[15.373796,44.751652],[15.374409,44.750943],[15.374784,44.750469],[15.375313,44.749737],[15.375838,44.748922],[15.376308,44.748132],[15.376738,44.747266],[15.377104,44.746434],[15.377393,44.745646],[15.377654,44.744817],[15.377865,44.743989],[15.378003,44.743232],[15.378134,44.742424],[15.378347,44.740954],[15.378502,44.740044],[15.378656,44.739407],[15.378923,44.738545],[15.379073,44.738118],[15.379245,44.737677],[15.379467,44.737179],[15.379754,44.736596],[15.380091,44.735996],[15.380744,44.734965],[15.381753,44.73346],[15.382455,44.732322],[15.382672,44.731964],[15.383338,44.730758],[15.383713,44.729982],[15.384067,44.729213],[15.384445,44.728292],[15.384806,44.727327],[15.384993,44.72676],[15.385151,44.726223],[15.385474,44.725089],[15.385679,44.724164],[15.385831,44.723373],[15.385934,44.72272],[15.386079,44.721578],[15.386258,44.719612],[15.386467,44.717614],[15.386803,44.715441],[15.387209,44.713823],[15.387676,44.712367],[15.388614,44.710014],[15.389721,44.70784],[15.39114,44.705561],[15.393132,44.702985],[15.394499,44.70146],[15.395255,44.700646],[15.395998,44.699876],[15.396915,44.698981],[15.397551,44.69831],[15.398385,44.697453],[15.399198,44.696544],[15.400126,44.695442],[15.401048,44.694316],[15.401952,44.693139],[15.402734,44.692032],[15.403461,44.690974],[15.404197,44.689779],[15.40447,44.689336],[15.404796,44.688796],[15.405305,44.687861],[15.405792,44.686947],[15.406332,44.685849],[15.406791,44.684917],[15.407288,44.683904],[15.407764,44.683014],[15.408286,44.682096],[15.408847,44.68117],[15.409439,44.68028],[15.410759,44.678468],[15.411386,44.677707],[15.411965,44.677027],[15.412548,44.676379],[15.413464,44.675403],[15.414545,44.674346],[15.415326,44.673621],[15.416177,44.672862],[15.417003,44.672135],[15.418384,44.670854],[15.418702,44.670549],[15.419532,44.669701],[15.420127,44.669041],[15.420667,44.668396],[15.42149,44.667399],[15.421915,44.666835],[15.422251,44.666346],[15.422647,44.665765],[15.423084,44.665075],[15.42346,44.664422],[15.423866,44.663718],[15.424587,44.662261],[15.425524,44.660292],[15.426079,44.659222],[15.426827,44.658041],[15.427679,44.656914],[15.428627,44.655844],[15.429548,44.654941],[15.430531,44.65405],[15.431017,44.653619],[15.431502,44.65313],[15.431872,44.652751],[15.432277,44.652294],[15.432722,44.65173],[15.433077,44.651175],[15.433504,44.650438],[15.433845,44.649667],[15.434117,44.648871],[15.434308,44.648028],[15.434376,44.647547],[15.434439,44.646942],[15.434515,44.64596],[15.434568,44.645423],[15.434686,44.644783],[15.434907,44.643988],[15.435091,44.643519],[15.43531,44.643057],[15.435552,44.642601],[15.435797,44.64219],[15.436317,44.64143],[15.436983,44.640475],[15.437554,44.639586],[15.438069,44.638682],[15.438321,44.638179],[15.438639,44.637458],[15.439105,44.636147],[15.439309,44.635353],[15.439456,44.634563],[15.439567,44.633653],[15.439623,44.632928],[15.439622,44.632302],[15.439572,44.631227],[15.439429,44.630032],[15.439269,44.629266],[15.439072,44.62858],[15.438652,44.627276],[15.438535,44.626903],[15.438254,44.625954],[15.438121,44.625401],[15.438,44.624786],[15.437892,44.624124],[15.437795,44.623103],[15.437776,44.622786],[15.437767,44.622259],[15.437787,44.621331],[15.437855,44.620536],[15.43802,44.619387],[15.438366,44.617935],[15.438866,44.616267],[15.439308,44.6146],[15.439609,44.613098],[15.439832,44.611595],[15.439943,44.610507],[15.440004,44.609321],[15.439984,44.608183],[15.439931,44.606879],[15.439707,44.604561],[15.439333,44.60224],[15.439017,44.600793],[15.438654,44.599348],[15.438407,44.598522],[15.438381,44.598438],[15.438022,44.597285],[15.437605,44.596111],[15.437163,44.594953],[15.436679,44.593827],[15.436148,44.592679],[15.43472,44.589954],[15.433106,44.587327],[15.431697,44.585263],[15.430398,44.583168],[15.429401,44.581378],[15.428948,44.580435],[15.428747,44.579963],[15.428545,44.579488],[15.427896,44.577774],[15.427619,44.576912],[15.427578,44.57677],[15.427395,44.576094],[15.427178,44.575241],[15.426973,44.574293],[15.426825,44.573417],[15.426779,44.573156],[15.426661,44.572284],[15.426554,44.571109],[15.426485,44.569723],[15.426489,44.568672],[15.426534,44.567845],[15.426712,44.565903],[15.426765,44.565521],[15.426858,44.564936],[15.427034,44.564017],[15.427222,44.563174],[15.427378,44.562592],[15.427511,44.562103],[15.427793,44.561163],[15.428117,44.56022],[15.428746,44.558643],[15.429408,44.557212],[15.430183,44.555733],[15.430988,44.554212],[15.431961,44.55239],[15.435026,44.546633],[15.436159,44.544503],[15.436739,44.543444],[15.437328,44.542403],[15.437652,44.541864],[15.438652,44.540333],[15.439279,44.539453],[15.439597,44.539028],[15.439919,44.538592],[15.44061,44.53771],[15.441192,44.537011],[15.442378,44.535672],[15.442541,44.535479],[15.443379,44.53461],[15.444219,44.533759],[15.445445,44.53261],[15.446122,44.532009],[15.44684,44.531394],[15.448191,44.530287],[15.449595,44.529215],[15.451095,44.528152],[15.45263,44.527134],[15.454482,44.525997],[15.456088,44.525082],[15.457602,44.524278],[15.458469,44.523839],[15.459402,44.523377],[15.460353,44.522929],[15.461364,44.522486],[15.462548,44.521977],[15.463681,44.521518],[15.465298,44.520901],[15.466915,44.520324],[15.468787,44.519714],[15.470875,44.519099],[15.472683,44.518614],[15.473467,44.518411],[15.474489,44.518181],[15.475267,44.518001],[15.476361,44.517765],[15.478944,44.517285],[15.480526,44.517032],[15.482817,44.516717],[15.483856,44.516599],[15.485566,44.516423],[15.487325,44.516287],[15.490602,44.516118],[15.492505,44.516018],[15.493982,44.515902],[15.494525,44.515855],[15.495189,44.51579],[15.495922,44.515715],[15.496978,44.515588],[15.498139,44.51544],[15.4996,44.515219],[15.500604,44.515048],[15.502131,44.514766],[15.504499,44.51427],[15.50499,44.514154],[15.507366,44.513563],[15.509231,44.51302],[15.510725,44.51255],[15.512107,44.512089],[15.514693,44.511124],[15.515999,44.510584],[15.517258,44.510041],[15.518389,44.509517],[15.519511,44.508973],[15.520796,44.508318],[15.522212,44.50755],[15.523259,44.50694],[15.524298,44.506317],[15.524544,44.506165],[15.526314,44.505],[15.527171,44.504406],[15.528088,44.503738],[15.529171,44.502908],[15.530226,44.502051],[15.531233,44.501181],[15.532226,44.50028],[15.533179,44.499367],[15.53412,44.4984],[15.534993,44.497436],[15.535486,44.496878],[15.535946,44.496327],[15.53737,44.494676],[15.538119,44.493847],[15.538882,44.493032],[15.539618,44.492312],[15.540312,44.491659],[15.54103,44.491021],[15.541816,44.490342],[15.543015,44.489381],[15.544287,44.488434],[15.545583,44.487538],[15.546368,44.487021],[15.547114,44.486558],[15.548692,44.485623],[15.549583,44.485123],[15.550495,44.484645],[15.551419,44.484172],[15.552549,44.483636],[15.553521,44.483196],[15.554666,44.4827],[15.555864,44.482216],[15.557071,44.481763],[15.558298,44.481323],[15.559539,44.480922],[15.56176,44.480258],[15.562904,44.479949],[15.563977,44.479683],[15.566568,44.479074],[15.567862,44.478771],[15.5691,44.47847],[15.571278,44.47789],[15.572538,44.477526],[15.573724,44.477167],[15.575863,44.476489],[15.578115,44.475704],[15.580266,44.474896],[15.581921,44.474233],[15.583503,44.473566],[15.58483,44.472974],[15.586165,44.472354],[15.587484,44.47172],[15.588798,44.47106],[15.590783,44.469999],[15.592722,44.468905],[15.594495,44.467828],[15.596172,44.466743],[15.59756,44.465817],[15.597769,44.46567],[15.598616,44.465064],[15.600014,44.46404],[15.601553,44.462828],[15.60259,44.461989],[15.604406,44.460405],[15.604559,44.460273],[15.605725,44.459185],[15.6068,44.458138],[15.607405,44.457531],[15.607883,44.457037],[15.608823,44.456017],[15.609715,44.455015],[15.610577,44.453997],[15.611289,44.453123],[15.611998,44.452203],[15.613342,44.450349],[15.614347,44.448855],[15.615326,44.447305],[15.616287,44.445777],[15.617288,44.444266],[15.618294,44.442883],[15.618517,44.442582],[15.618791,44.442212],[15.619633,44.44116],[15.620027,44.440665],[15.620519,44.44005],[15.621019,44.439461],[15.621504,44.438934],[15.622001,44.438386],[15.622486,44.437835],[15.623005,44.437305],[15.624139,44.436082],[15.624631,44.435584],[15.625694,44.434559],[15.62629,44.434007],[15.627691,44.432758],[15.628148,44.432362],[15.630415,44.430224],[15.630973,44.429648],[15.631389,44.42919],[15.631749,44.428794],[15.632633,44.427738],[15.633925,44.426058],[15.634456,44.425271],[15.635444,44.423628],[15.635955,44.422704],[15.636332,44.421934],[15.636708,44.421106],[15.637269,44.419703],[15.637761,44.41821],[15.638315,44.415969],[15.638416,44.415308],[15.63854,44.414485],[15.638618,44.413734],[15.638679,44.412991],[15.638716,44.41179],[15.63873,44.41077],[15.638674,44.409711],[15.63859,44.408921],[15.638414,44.4077],[15.638096,44.40607],[15.637641,44.404399],[15.637336,44.40351],[15.636969,44.402525],[15.636504,44.40145],[15.635863,44.400141],[15.635718,44.399863],[15.634898,44.398434],[15.634001,44.396923],[15.633815,44.396588],[15.633698,44.39637],[15.633074,44.395174],[15.632706,44.39439],[15.631903,44.392407],[15.631444,44.391011],[15.631301,44.390485],[15.631173,44.390004],[15.6309,44.388787],[15.63079,44.388161],[15.630593,44.386853],[15.630546,44.38637],[15.630488,44.385631],[15.630461,44.384884],[15.630451,44.384572],[15.630454,44.384225],[15.630507,44.383067],[15.630605,44.381912],[15.630682,44.381495],[15.630754,44.381059],[15.630908,44.380255],[15.631096,44.379488],[15.631341,44.378618],[15.631615,44.377815],[15.631912,44.376991],[15.632227,44.376258],[15.632602,44.375438],[15.633157,44.37436],[15.633701,44.373437],[15.634527,44.372098],[15.635087,44.371186],[15.635923,44.369742],[15.636408,44.36886],[15.637019,44.3677],[15.637428,44.366855],[15.638054,44.365397],[15.638582,44.363978],[15.638729,44.363572],[15.63889,44.363084],[15.639127,44.362357],[15.639451,44.361203],[15.640462,44.357249],[15.640838,44.355944],[15.641238,44.354689],[15.641679,44.353434],[15.642165,44.352153],[15.642556,44.351215],[15.643579,44.349005],[15.643955,44.348253],[15.644627,44.347013],[15.645096,44.346201],[15.645949,44.344782],[15.647036,44.343157],[15.648291,44.341436],[15.648949,44.340599],[15.64984,44.339465],[15.650665,44.338499],[15.651524,44.337547],[15.652018,44.337018],[15.652493,44.336532],[15.652907,44.336144],[15.653366,44.33574],[15.654121,44.335154],[15.654448,44.334913],[15.654901,44.334628],[15.655778,44.334113],[15.656744,44.333643],[15.65745,44.333339],[15.658098,44.333094],[15.658661,44.332907],[15.659108,44.332758],[15.660182,44.332481],[15.661001,44.33229],[15.661818,44.332125],[15.663343,44.331838],[15.6642,44.331666],[15.665019,44.331471],[15.665707,44.331304],[15.666535,44.331052],[15.667345,44.330769],[15.668252,44.330383],[15.668793,44.330115],[15.669302,44.329812],[15.670035,44.329356],[15.670497,44.329014],[15.670877,44.328702],[15.671498,44.328159],[15.672279,44.327271],[15.672844,44.326493],[15.673347,44.325662],[15.673852,44.324722],[15.674726,44.322957],[15.67522,44.32189],[15.67564,44.320818],[15.675965,44.319987],[15.676328,44.318941],[15.676847,44.317219],[15.677285,44.315327],[15.677606,44.313578],[15.677707,44.312782],[15.677789,44.312148],[15.67785,44.311504],[15.677897,44.310838],[15.677946,44.310016],[15.677964,44.309392],[15.677975,44.308839],[15.677958,44.307766],[15.677924,44.306857],[15.677898,44.306513],[15.677849,44.305987],[15.677815,44.305438],[15.677753,44.3049],[15.677703,44.304438],[15.677649,44.30395],[15.677575,44.303293],[15.677489,44.302733],[15.677351,44.301978],[15.677225,44.301234],[15.676869,44.299508],[15.676614,44.298554],[15.676329,44.297678],[15.675965,44.296723],[15.675488,44.295759],[15.674847,44.294689],[15.654792,44.262902],[15.65159,44.25814],[15.650504,44.256903],[15.649483,44.25597],[15.649029,44.255608],[15.648706,44.255351],[15.648141,44.254956],[15.647613,44.254618],[15.647406,44.254486],[15.647043,44.254277],[15.64658,44.254018],[15.645939,44.253691],[15.645534,44.253512],[15.645102,44.253318],[15.644805,44.253187],[15.644065,44.252896],[15.643386,44.252668],[15.642734,44.25247],[15.641627,44.252155],[15.640635,44.251868],[15.639807,44.251604],[15.639023,44.251322],[15.638367,44.251053],[15.637303,44.250595],[15.636591,44.250311],[15.635598,44.249948],[15.635055,44.249765],[15.634901,44.249719],[15.634585,44.249622],[15.634222,44.249516],[15.633734,44.24938],[15.632868,44.249189],[15.632435,44.249114],[15.63207,44.249062],[15.631626,44.249012],[15.631279,44.248981],[15.630861,44.248965],[15.630282,44.248959],[15.629834,44.248964],[15.629097,44.249011],[15.628222,44.249065],[15.627151,44.249205],[15.626428,44.249318],[15.625385,44.249506],[15.624731,44.249637],[15.624076,44.249758],[15.62334,44.24988],[15.622575,44.249961],[15.621673,44.250036],[15.620727,44.250074],[15.620209,44.250069],[15.619601,44.250051],[15.618915,44.250009],[15.617948,44.249923],[15.617328,44.249858],[15.616878,44.24981],[15.616501,44.249774],[15.615502,44.249731],[15.614836,44.249734],[15.614106,44.249772],[15.61315,44.249864],[15.612193,44.250043],[15.611579,44.250203],[15.610929,44.250424],[15.610059,44.250844],[15.60943,44.251203],[15.608796,44.251645],[15.608013,44.252262],[15.607783,44.252491],[15.607613,44.252685],[15.607386,44.252945],[15.607147,44.253269],[15.606911,44.253624],[15.606661,44.25408],[15.606518,44.254414],[15.6064,44.254729],[15.606255,44.255208],[15.606093,44.255735],[15.60592,44.256176],[15.605827,44.256388],[15.605654,44.256688],[15.60545,44.256982],[15.605328,44.257141],[15.6052,44.257274],[15.604927,44.257534],[15.604627,44.257787],[15.604343,44.257994],[15.604113,44.258131],[15.603782,44.25831],[15.603468,44.258465],[15.60316,44.258589],[15.602391,44.258872],[15.602139,44.258963],[15.601571,44.259163],[15.601172,44.2593],[15.600958,44.259387],[15.60077,44.259467],[15.600556,44.259563],[15.600371,44.259649],[15.600015,44.259831],[15.598763,44.260547],[15.598115,44.261032],[15.597565,44.261478],[15.59721,44.261803],[15.596321,44.262758],[15.595828,44.263178],[15.595333,44.263482],[15.594667,44.263767],[15.593695,44.264039],[15.593553,44.264071],[15.593231,44.264132],[15.592879,44.264178],[15.592426,44.264203],[15.591995,44.264201],[15.591551,44.264171],[15.591255,44.264128],[15.590808,44.264039],[15.59037,44.263918],[15.58994,44.263762],[15.589616,44.263608],[15.589284,44.263418],[15.589059,44.263271],[15.588799,44.263059],[15.588658,44.262929],[15.588479,44.262752],[15.588253,44.262463],[15.588155,44.262305],[15.588004,44.262037],[15.587879,44.261723],[15.587803,44.26141],[15.587772,44.261064],[15.587786,44.260841],[15.587819,44.260553],[15.587925,44.26019],[15.588038,44.259928],[15.588134,44.259756],[15.588361,44.259427],[15.588552,44.259205],[15.58873,44.259016],[15.588799,44.258958],[15.589042,44.258753],[15.589272,44.258584],[15.589328,44.258542],[15.589656,44.258324],[15.590105,44.258045],[15.591092,44.257533],[15.592404,44.256985],[15.592992,44.256789],[15.593556,44.256618],[15.594025,44.256488],[15.594697,44.256332],[15.595355,44.25619],[15.596001,44.256058],[15.596572,44.255929],[15.597102,44.255794],[15.597785,44.255612],[15.598411,44.255382],[15.598952,44.255142],[15.5993,44.254969],[15.600038,44.254532],[15.600413,44.254263],[15.600841,44.253929],[15.601086,44.253711],[15.601167,44.253634],[15.601525,44.253276],[15.601798,44.25294],[15.602024,44.252636],[15.602452,44.251962],[15.602675,44.251579],[15.602846,44.251291],[15.603211,44.250728],[15.603591,44.250268],[15.603833,44.250018],[15.604101,44.249757],[15.604231,44.249645],[15.604456,44.249471],[15.604811,44.24921],[15.605265,44.248923],[15.605668,44.248694],[15.606156,44.248422],[15.606584,44.248187],[15.60721,44.247824],[15.607695,44.247475],[15.60815,44.247101],[15.608436,44.24681],[15.608646,44.246569],[15.608956,44.246155],[15.609148,44.245849],[15.609319,44.24549],[15.609449,44.245182],[15.609557,44.244867],[15.609613,44.244588],[15.609676,44.244217],[15.609698,44.2439],[15.609685,44.243633],[15.609669,44.243415],[15.609626,44.24309],[15.609547,44.242767],[15.609445,44.24246],[15.609311,44.24215],[15.60915,44.241832],[15.608978,44.241548],[15.608781,44.241259],[15.60857,44.241014],[15.608298,44.240704],[15.607915,44.240356],[15.607299,44.239894],[15.6069,44.239653],[15.606526,44.239454],[15.606139,44.239273],[15.605765,44.239113],[15.605283,44.23895],[15.604525,44.238733],[15.604062,44.238636],[15.603508,44.238547],[15.60298,44.238498],[15.602308,44.238464],[15.601624,44.238456],[15.601031,44.238469],[15.60028,44.238508],[15.599741,44.238548],[15.598653,44.238638],[15.597724,44.238716],[15.596676,44.238823],[15.594616,44.239062],[15.593503,44.239204],[15.592389,44.239358],[15.590269,44.239689],[15.588733,44.239955],[15.587258,44.24023],[15.586481,44.240381],[15.585617,44.240559],[15.584175,44.240851],[15.583679,44.240948],[15.583086,44.241055],[15.582384,44.24115],[15.581959,44.241197],[15.581661,44.241225],[15.581287,44.241248],[15.580878,44.241266],[15.580156,44.241264],[15.579369,44.241233],[15.578759,44.241181],[15.578318,44.241138],[15.577361,44.241031],[15.575784,44.240855],[15.574497,44.240734],[15.573883,44.240677],[15.572779,44.240595],[15.571787,44.240539],[15.570469,44.240468],[15.569151,44.240435],[15.56707,44.240422],[15.56509,44.240468],[15.563681,44.240514],[15.562268,44.240603],[15.56111,44.240696],[15.560783,44.240726],[15.559359,44.240855],[15.558786,44.24092],[15.557169,44.241117],[15.555308,44.241395],[15.553326,44.241743],[15.552283,44.24193],[15.551481,44.24206],[15.550821,44.242149],[15.550431,44.242188],[15.549965,44.242229],[15.54958,44.242241],[15.549152,44.242251],[15.548547,44.242239],[15.547898,44.24219],[15.547178,44.242101],[15.546553,44.241994],[15.545731,44.241835],[15.545013,44.241681],[15.543984,44.241459],[15.542849,44.241222],[15.541132,44.240849],[15.537807,44.240132],[15.535438,44.239615],[15.53502,44.239525],[15.533768,44.239255],[15.532523,44.238986],[15.529706,44.238375],[15.529345,44.238297],[15.526419,44.237663],[15.526352,44.237649],[15.525362,44.23745],[15.524635,44.237293],[15.520406,44.236391],[15.519431,44.236186],[15.518972,44.236083],[15.517745,44.235764],[15.51684,44.235462],[15.515832,44.235035],[15.515283,44.234764],[15.514741,44.234467],[15.513877,44.233907],[15.513079,44.233277],[15.512327,44.232605],[15.511451,44.231578],[15.51096,44.23074],[15.510646,44.230184],[15.510454,44.22975],[15.51013,44.228952],[15.509993,44.228619],[15.509786,44.228159],[15.509636,44.227847],[15.509432,44.227459],[15.509215,44.227095],[15.508912,44.226636],[15.50861,44.226231],[15.508152,44.225681],[15.507757,44.225265],[15.507493,44.225007],[15.507177,44.224714],[15.506659,44.224277],[15.506258,44.223973],[15.505824,44.223669],[15.505344,44.223357],[15.50484,44.223058],[15.504123,44.222662],[15.503234,44.222188],[15.502346,44.221698],[15.501811,44.221388],[15.501442,44.221161],[15.498191,44.21911],[15.49694,44.218513],[15.495079,44.217905],[15.491952,44.217248],[15.488145,44.21686],[15.486863,44.216828],[15.485713,44.216834],[15.484741,44.21686],[15.483287,44.216962],[15.481983,44.217105],[15.480778,44.217293],[15.479246,44.217578],[15.478086,44.217862],[15.477594,44.217995],[15.475304,44.218626],[15.474253,44.218912],[15.473256,44.219167],[15.472544,44.219319],[15.471736,44.219475],[15.471069,44.219583],[15.470423,44.219671],[15.46945,44.219783],[15.468175,44.219882],[15.467195,44.219916],[15.466158,44.219919],[15.465407,44.2199],[15.464799,44.219871],[15.464048,44.219818],[15.463349,44.219758],[15.462673,44.219672],[15.461999,44.219578],[15.460743,44.219364],[15.459985,44.219205],[15.459281,44.219038],[15.458249,44.218756],[15.457268,44.218448],[15.456954,44.218337],[15.456219,44.218061],[15.455512,44.21779],[15.454744,44.217452],[15.453987,44.217089],[15.45362,44.216898],[15.452868,44.21649],[15.45174,44.2158],[15.450979,44.215275],[15.450417,44.214856],[15.449826,44.214367],[15.44908,44.213709],[15.448668,44.213301],[15.448201,44.212822],[15.447798,44.212364],[15.44738,44.211851],[15.447026,44.211373],[15.446662,44.210836],[15.446274,44.210208],[15.445882,44.209495],[15.445504,44.20869],[15.445174,44.207798],[15.44498,44.207157],[15.444764,44.20637],[15.444384,44.204944],[15.444189,44.20426],[15.443951,44.203512],[15.443545,44.202443],[15.443322,44.201898],[15.44308,44.201338],[15.442576,44.200267],[15.442095,44.199366],[15.441717,44.198713],[15.441295,44.198011],[15.440378,44.19663],[15.438334,44.19407],[15.436498,44.191998],[15.435668,44.191037],[15.435046,44.190257],[15.434731,44.189847],[15.434342,44.189315],[15.433438,44.187953],[15.432979,44.187201],[15.432896,44.187074],[15.43256,44.186471],[15.432256,44.185856],[15.431689,44.184664],[15.431238,44.183611],[15.431063,44.18316],[15.429592,44.179739],[15.428406,44.177598],[15.427093,44.175652],[15.426113,44.174378],[15.425079,44.173204],[15.423204,44.171077],[15.422147,44.169806],[15.421327,44.168608],[15.420606,44.167367],[15.420209,44.16654],[15.419869,44.165646],[15.419597,44.164823],[15.419373,44.163947],[15.419204,44.162979],[15.419148,44.162443],[15.419084,44.161502],[15.419102,44.160567],[15.419144,44.159893],[15.419233,44.1592],[15.419365,44.158499],[15.419507,44.157815],[15.419808,44.156494],[15.420098,44.155173],[15.420386,44.153681],[15.420586,44.151935],[15.420708,44.150175],[15.42074,44.148715],[15.420659,44.146913],[15.420529,44.145136],[15.420133,44.141505],[15.420163,44.139088],[15.420225,44.138455],[15.420446,44.136894],[15.421179,44.134472],[15.421775,44.133068],[15.422475,44.131701],[15.42358,44.129984],[15.424877,44.128359],[15.427245,44.126029],[15.428854,44.124745],[15.42928,44.124406],[15.430988,44.123273],[15.4328,44.122224],[15.435819,44.120612],[15.437263,44.119787],[15.438675,44.118913],[15.439716,44.118209],[15.440366,44.117729],[15.440627,44.117537],[15.440757,44.117441],[15.442391,44.116158],[15.442439,44.116053],[15.442869,44.115703],[15.443059,44.115422],[15.443115,44.115307],[15.44317,44.115146],[15.443199,44.114985],[15.44319,44.114799],[15.443171,44.114669],[15.443103,44.114437],[15.442858,44.114098],[15.442628,44.113879],[15.442196,44.113641],[15.441824,44.113534],[15.44142,44.113461],[15.441149,44.113445],[15.4409,44.113446],[15.440642,44.11346],[15.440351,44.113488],[15.439996,44.113555],[15.439656,44.113641],[15.439472,44.113699],[15.439266,44.113773],[15.438905,44.113927],[15.438364,44.114216],[15.437483,44.11467],[15.437095,44.114855],[15.436666,44.115058],[15.435962,44.115373],[15.435267,44.115686],[15.433407,44.116578],[15.432953,44.116795],[15.431159,44.117648],[15.430592,44.117919],[15.430141,44.118108],[15.42974,44.118263],[15.429438,44.118348],[15.429316,44.118382],[15.428871,44.118478],[15.428281,44.118562],[15.427393,44.118638],[15.424941,44.118852],[15.422402,44.119072],[15.421804,44.119109],[15.421374,44.11911],[15.420901,44.119085],[15.420471,44.119034],[15.420018,44.118949],[15.419324,44.11876],[15.418729,44.118579],[15.418377,44.118468],[15.416607,44.117906],[15.414755,44.117319],[15.412721,44.116673],[15.411133,44.116172],[15.409822,44.11576],[15.408775,44.115421],[15.407829,44.11512],[15.406999,44.114866],[15.405576,44.114408],[15.405084,44.114258],[15.404699,44.114123],[15.404533,44.114065],[15.40407,44.113881],[15.403691,44.11371],[15.403238,44.113461],[15.402887,44.113248],[15.40234,44.112867],[15.401751,44.11237],[15.401326,44.112014],[15.400145,44.111019],[15.39942,44.110405],[15.39772,44.108972],[15.396988,44.108361],[15.394596,44.106355],[15.39215,44.104294],[15.390664,44.103034],[15.389839,44.10236],[15.389262,44.101925],[15.388418,44.10138],[15.387547,44.100921],[15.387373,44.100832],[15.386359,44.100407],[15.384735,44.099775],[15.382264,44.098821],[15.378298,44.097275],[15.373751,44.095528],[15.371357,44.094599],[15.369048,44.093703],[15.36807,44.093309],[15.367475,44.093046],[15.367098,44.092871],[15.366368,44.092503],[15.36599,44.092306],[15.365479,44.091999],[15.364963,44.091682],[15.364412,44.091316],[15.363821,44.090895],[15.362564,44.089968],[15.36144,44.089142],[15.360454,44.088412],[15.359562,44.087749],[15.35794,44.086558],[15.356989,44.085859],[15.35558,44.084817],[15.355061,44.084415],[15.354423,44.083871],[15.354013,44.083501],[15.353662,44.083176],[15.353213,44.082723],[15.352304,44.081802],[15.351475,44.080948],[15.350985,44.080444],[15.349833,44.07926],[15.348758,44.078158],[15.347461,44.076827],[15.346159,44.075493],[15.345268,44.074571],[15.344861,44.074155],[15.34439,44.073675],[15.343933,44.073248],[15.343636,44.073002],[15.34335,44.072783],[15.342993,44.072528],[15.342756,44.07238],[15.342317,44.072136],[15.341811,44.071896],[15.341188,44.071657],[15.34081,44.071535],[15.340386,44.071421],[15.339949,44.071329],[15.339489,44.071246],[15.339143,44.071201],[15.338729,44.071162],[15.338472,44.071153],[15.337924,44.071141],[15.337473,44.071151],[15.336935,44.071196],[15.336502,44.071253],[15.33606,44.071325],[15.335369,44.071482],[15.334797,44.071659],[15.334274,44.071858],[15.333812,44.07207],[15.333287,44.072365],[15.33282,44.072655],[15.332478,44.07291],[15.332213,44.073143],[15.331771,44.073564],[15.331451,44.073918],[15.331055,44.074412],[15.330182,44.075546],[15.329346,44.076621],[15.32803,44.078326],[15.327382,44.07918],[15.32683,44.079889],[15.326182,44.080739],[15.325603,44.08145],[15.325371,44.081725],[15.325122,44.081995],[15.324728,44.082389],[15.324304,44.082768],[15.323414,44.083507],[15.322201,44.084469],[15.320956,44.085465],[15.32004,44.086188],[15.31898,44.087038],[15.318528,44.087394],[15.31792,44.087874],[15.31703,44.088583],[15.316583,44.08894],[15.315911,44.089469],[15.315868,44.08957],[15.315631,44.089767],[15.31558,44.089831],[15.315528,44.089908],[15.315478,44.090014],[15.31546,44.090146],[15.315467,44.090239],[15.315484,44.090353],[15.315538,44.09054],[15.315567,44.090658],[15.315581,44.090792],[15.315565,44.090925],[15.315538,44.090992],[15.31548,44.091093],[15.315401,44.091156],[15.315241,44.091323],[15.315193,44.091416],[15.315096,44.091542],[15.315005,44.091649],[15.314952,44.091705],[15.314909,44.091681],[15.314386,44.091415],[15.314065,44.091241],[15.313781,44.091091],[15.313426,44.090903],[15.312883,44.090621],[15.312448,44.090393],[15.312036,44.090173],[15.311725,44.089998],[15.311586,44.089925],[15.311388,44.089821],[15.311144,44.089693],[15.310626,44.089449],[15.310393,44.089339],[15.30986,44.089105],[15.308706,44.088486],[15.307965,44.088139],[15.307787,44.08806],[15.307414,44.087896],[15.307213,44.087808],[15.306915,44.087676],[15.306801,44.087626],[15.306149,44.087284],[15.305927,44.087168],[15.305788,44.087077],[15.305613,44.086964],[15.305479,44.086876],[15.305332,44.086781],[15.30524,44.086721],[15.305165,44.086648],[15.30516,44.086567],[15.305442,44.086114],[15.305589,44.085877],[15.305634,44.085804],[15.305767,44.085591],[15.305814,44.085515],[15.305826,44.085462],[15.305814,44.085418],[15.305786,44.085365],[15.305739,44.085334],[15.30512,44.085105],[15.30494,44.085039],[15.304736,44.084968],[15.30458,44.08492],[15.304461,44.084881],[15.304356,44.084837],[15.304194,44.084768],[15.304095,44.084758],[15.304031,44.084765],[15.303959,44.084779],[15.303852,44.084847],[15.303763,44.084893],[15.303676,44.084926],[15.303525,44.085026],[15.303247,44.085269],[15.303186,44.08531],[15.302879,44.085579],[15.302751,44.085692],[15.302688,44.08573],[15.302617,44.085754],[15.302556,44.085759],[15.302482,44.085748],[15.302406,44.085731],[15.302333,44.085707],[15.301867,44.085514],[15.301761,44.085471],[15.301651,44.085445],[15.301475,44.085442],[15.301255,44.085474],[15.301126,44.085499],[15.300983,44.085542],[15.300884,44.085584],[15.300748,44.085669],[15.300664,44.085738],[15.300294,44.086093],[15.299897,44.08645],[15.299752,44.086554],[15.299632,44.086607],[15.299509,44.086633],[15.299409,44.086637],[15.299302,44.086637],[15.299166,44.086604],[15.299059,44.086577],[15.29894,44.086534],[15.298817,44.086488],[15.298747,44.086446],[15.298342,44.086197],[15.297934,44.085896],[15.297872,44.085854],[15.297804,44.085831],[15.297747,44.085821],[15.29761,44.085811],[15.297486,44.085807],[15.297431,44.085797],[15.297403,44.085788],[15.297386,44.085775],[15.297374,44.085757],[15.297371,44.085742],[15.297375,44.085722],[15.297384,44.085708],[15.297408,44.08568],[15.297601,44.085607],[15.297826,44.085517],[15.297866,44.085499],[15.297895,44.085474],[15.297919,44.085428],[15.297934,44.085376],[15.297928,44.085343],[15.297917,44.085318],[15.29787,44.085252],[15.297722,44.085028],[15.297607,44.084779],[15.297443,44.084445],[15.297151,44.084027],[15.297,44.083792],[15.296899,44.08358],[15.296668,44.082852],[15.296346,44.082185],[15.296225,44.081973],[15.296067,44.081754],[15.295826,44.081496],[15.295203,44.08081],[15.295169,44.080755],[15.29508,44.080613],[15.295063,44.080518],[15.295048,44.080428],[15.295021,44.080239],[15.295003,44.080185],[15.29496,44.08014],[15.294911,44.080107],[15.294849,44.080093],[15.294715,44.080097],[15.294531,44.080117],[15.294286,44.080143],[15.293798,44.08007],[15.292801,44.079877],[15.292521,44.079823],[15.291657,44.079623],[15.291314,44.079502],[15.291228,44.079472],[15.290997,44.079364],[15.290896,44.079299],[15.290755,44.07916],[15.289152,44.077614],[15.288891,44.077346],[15.288736,44.077278],[15.288625,44.077261],[15.288536,44.077267],[15.288483,44.077276],[15.288428,44.077274],[15.288376,44.077259],[15.288333,44.077234],[15.288303,44.077201],[15.288288,44.077161],[15.288291,44.07712],[15.288311,44.077082],[15.288349,44.07705],[15.288357,44.076991],[15.288348,44.0768],[15.288274,44.076602],[15.288209,44.076428],[15.288163,44.076213],[15.288148,44.075931],[15.288174,44.07554],[15.288224,44.074976],[15.288213,44.074805],[15.288159,44.074644],[15.288053,44.074485],[15.28791,44.074357],[15.287521,44.074211],[15.28714,44.074124],[15.286937,44.074052],[15.286702,44.073942],[15.286499,44.073764],[15.28578,44.073145],[15.285757,44.073126],[15.285331,44.072697],[15.284851,44.072275],[15.284755,44.072173],[15.283739,44.073071],[15.283574,44.073252],[15.283521,44.073307],[15.283476,44.073354],[15.283227,44.073644],[15.283093,44.073891],[15.283076,44.07393],[15.282991,44.074129],[15.282927,44.07423],[15.282479,44.074727],[15.282364,44.074853],[15.282011,44.075204],[15.281724,44.075465],[15.281184,44.075185],[15.281063,44.075094],[15.280996,44.075009],[15.280808,44.074747],[15.280725,44.074676],[15.280595,44.074617],[15.280554,44.074599],[15.280044,44.074394],[15.279904,44.074541],[15.279813,44.074747],[15.279615,44.075165],[15.279462,44.075366],[15.279277,44.075537],[15.279191,44.075623],[15.279041,44.075774],[15.279012,44.075807],[15.278791,44.076061],[15.278644,44.076306],[15.278062,44.077347],[15.277839,44.077834],[15.277726,44.078197],[15.27757,44.07815],[15.277393,44.078077],[15.277343,44.078082],[15.277065,44.078334]]}}