{"type":"Feature","properties":{"id":"si-a-smooth","distanceKm":648.475,"drivingMinutes":470.1802},"geometry":{"type":"LineString","coordinates":[[14.560413,50.001612],[14.560548,50.00162],[14.560825,50.001636],[14.561156,50.001659],[14.561228,50.001665],[14.561255,50.001642],[14.561282,50.001631],[14.561319,50.001625],[14.56135,50.001627],[14.561384,50.001636],[14.561408,50.00165],[14.561427,50.001671],[14.561433,50.001694],[14.561427,50.001717],[14.561407,50.00174],[14.561378,50.001755],[14.561335,50.001764],[14.561333,50.001896],[14.561205,50.002168],[14.561189,50.002219],[14.5612,50.002249],[14.561236,50.002282],[14.5613,50.002315],[14.56144,50.002379],[14.561454,50.002385],[14.561503,50.002409],[14.561617,50.002498],[14.561745,50.00262],[14.561969,50.002944],[14.562096,50.003141],[14.56223,50.003333],[14.562346,50.00349],[14.562426,50.003585],[14.56245,50.003604],[14.562482,50.003639],[14.562504,50.003656],[14.562712,50.003775],[14.562854,50.003857],[14.562881,50.003872],[14.5633,50.004106],[14.563362,50.004141],[14.56339,50.004153],[14.563643,50.004234],[14.563734,50.004255],[14.563771,50.004258],[14.563811,50.004259],[14.563849,50.004255],[14.563883,50.004248],[14.563936,50.004232],[14.564232,50.004175],[14.564387,50.004142],[14.564537,50.004101],[14.564687,50.004056],[14.564884,50.00399],[14.565106,50.003917],[14.565907,50.003652],[14.565995,50.003625],[14.566078,50.003604],[14.566165,50.003587],[14.566244,50.003574],[14.566338,50.003568],[14.566417,50.003569],[14.566493,50.003574],[14.566564,50.003585],[14.566639,50.003602],[14.566703,50.003621],[14.566818,50.003659],[14.567237,50.003836],[14.567293,50.003859],[14.567356,50.003877],[14.567427,50.003893],[14.567499,50.003905],[14.567578,50.003915],[14.567656,50.003918],[14.567727,50.003915],[14.567791,50.00391],[14.567846,50.003902],[14.567904,50.003893],[14.567961,50.003877],[14.568324,50.003777],[14.569015,50.003504],[14.570052,50.003138],[14.570545,50.002893],[14.571001,50.002657],[14.571594,50.00234],[14.572145,50.002033],[14.572574,50.00179],[14.573054,50.001513],[14.57364,50.001173],[14.575203,50.000278],[14.575856,49.999905],[14.584162,49.995133],[14.585001,49.99465],[14.585717,49.994239],[14.587083,49.993455],[14.587943,49.992962],[14.589443,49.992104],[14.590481,49.991498],[14.590842,49.991296],[14.591654,49.99083],[14.594303,49.989309],[14.595175,49.988799],[14.596041,49.98828],[14.596593,49.987941],[14.597381,49.987448],[14.597979,49.987054],[14.598565,49.986663],[14.599145,49.986275],[14.600419,49.98537],[14.601589,49.984496],[14.602025,49.984161],[14.60358,49.982902],[14.605746,49.981109],[14.606363,49.980608],[14.606975,49.980107],[14.607169,49.979944],[14.607965,49.979288],[14.608922,49.978493],[14.610765,49.97698],[14.611372,49.976485],[14.611824,49.976113],[14.613728,49.974535],[14.614048,49.974269],[14.614849,49.973613],[14.616211,49.9725],[14.617089,49.971771],[14.617504,49.971422],[14.619039,49.970156],[14.619392,49.969864],[14.620256,49.969151],[14.620347,49.969076],[14.621869,49.967821],[14.622195,49.967553],[14.623239,49.966695],[14.628362,49.962484],[14.629383,49.96164],[14.630475,49.960737],[14.631518,49.959876],[14.633701,49.958071],[14.637337,49.955073],[14.638093,49.95444],[14.639236,49.95349],[14.641613,49.951516],[14.642866,49.950508],[14.643032,49.950348],[14.644148,49.949424],[14.644234,49.949353],[14.64482,49.948871],[14.645486,49.948369],[14.64596,49.948043],[14.646467,49.947737],[14.646977,49.947448],[14.647538,49.947161],[14.648017,49.946946],[14.64856,49.946715],[14.649196,49.946478],[14.649852,49.946266],[14.65031,49.946128],[14.650686,49.946023],[14.651307,49.945852],[14.652064,49.945649],[14.653256,49.945326],[14.653869,49.945168],[14.654929,49.944893],[14.655497,49.944726],[14.656468,49.944473],[14.657001,49.944328],[14.65986,49.943554],[14.668941,49.941094],[14.669412,49.940971],[14.67314,49.939961],[14.675185,49.939414],[14.678107,49.938616],[14.680948,49.93784],[14.681508,49.93768],[14.682074,49.937511],[14.68265,49.93732],[14.683247,49.937114],[14.683783,49.936905],[14.684423,49.936647],[14.68496,49.936412],[14.685449,49.93618],[14.686034,49.935885],[14.686575,49.935592],[14.687328,49.935157],[14.689584,49.933804],[14.691133,49.932883],[14.692285,49.932179],[14.693365,49.931474],[14.693915,49.931097],[14.694693,49.930526],[14.695904,49.929618],[14.696946,49.928791],[14.698221,49.92775],[14.699011,49.927086],[14.699912,49.926298],[14.700277,49.925968],[14.700839,49.925438],[14.701176,49.925103],[14.701407,49.924857],[14.701824,49.924426],[14.702265,49.923936],[14.703195,49.922868],[14.70421,49.921723],[14.705349,49.920413],[14.706614,49.918959],[14.707758,49.91762],[14.708046,49.91718],[14.708243,49.916901],[14.708468,49.916583],[14.708825,49.916084],[14.709082,49.91578],[14.709385,49.915478],[14.709836,49.915083],[14.710619,49.914406],[14.710807,49.91424],[14.710969,49.914077],[14.7111,49.913916],[14.711214,49.913738],[14.711279,49.913586],[14.711329,49.913416],[14.71136,49.913265],[14.711362,49.913133],[14.711333,49.912894],[14.711272,49.912711],[14.711165,49.912506],[14.711008,49.912278],[14.710827,49.912022],[14.710698,49.911865],[14.71002,49.911028],[14.709751,49.910687],[14.709563,49.910431],[14.70945,49.910249],[14.709304,49.909931],[14.709263,49.909811],[14.709213,49.909654],[14.709181,49.909538],[14.709157,49.909386],[14.709154,49.909256],[14.709152,49.909038],[14.709194,49.90876],[14.709219,49.908643],[14.709251,49.908528],[14.709302,49.908391],[14.709369,49.90825],[14.709511,49.908012],[14.709606,49.907875],[14.70972,49.907732],[14.709931,49.907475],[14.710049,49.907356],[14.710111,49.907305],[14.71022,49.907206],[14.71025,49.907187],[14.710366,49.907118],[14.710482,49.907023],[14.710601,49.906936],[14.710696,49.90687],[14.710891,49.906746],[14.711097,49.906624],[14.711355,49.906497],[14.711589,49.90639],[14.711882,49.906271],[14.712392,49.906076],[14.71277,49.905923],[14.713013,49.905825],[14.713189,49.905746],[14.713398,49.905643],[14.713542,49.905563],[14.713678,49.905487],[14.713822,49.905398],[14.713973,49.905298],[14.714102,49.905205],[14.714256,49.905081],[14.714422,49.904941],[14.714566,49.904797],[14.714682,49.904675],[14.714796,49.904544],[14.714894,49.904413],[14.715,49.904253],[14.715091,49.904104],[14.715181,49.903923],[14.715232,49.903796],[14.715297,49.90361],[14.715333,49.903472],[14.715359,49.90333],[14.71536,49.903321],[14.715379,49.903214],[14.715387,49.903045],[14.715388,49.902891],[14.715375,49.902744],[14.715367,49.902675],[14.715344,49.902538],[14.715282,49.902281],[14.715231,49.902126],[14.715151,49.901953],[14.714961,49.901582],[14.714577,49.900887],[14.714343,49.900477],[14.714148,49.900102],[14.71384,49.899507],[14.713671,49.899173],[14.713626,49.899067],[14.713565,49.89892],[14.713524,49.898784],[14.713486,49.898629],[14.713451,49.89845],[14.713432,49.898277],[14.713411,49.898],[14.71341,49.897829],[14.713419,49.897685],[14.713436,49.897495],[14.713474,49.897258],[14.713522,49.897001],[14.713627,49.896502],[14.713701,49.896149],[14.713844,49.895477],[14.713878,49.895303],[14.713894,49.895185],[14.713906,49.89509],[14.713925,49.894851],[14.713943,49.894597],[14.713939,49.894356],[14.713927,49.894203],[14.713883,49.893872],[14.713811,49.893534],[14.713755,49.893336],[14.713638,49.893008],[14.713465,49.892638],[14.713306,49.892308],[14.713024,49.89175],[14.712899,49.89149],[14.712769,49.891252],[14.712563,49.890903],[14.712446,49.890668],[14.712253,49.890323],[14.711949,49.88975],[14.711716,49.889298],[14.711295,49.888503],[14.711125,49.888206],[14.710956,49.88789],[14.710775,49.887545],[14.710479,49.886941],[14.710026,49.886016],[14.709053,49.884198],[14.708815,49.883721],[14.7087,49.883503],[14.708264,49.882664],[14.707641,49.881533],[14.707414,49.88109],[14.707195,49.880632],[14.707021,49.880189],[14.706875,49.879724],[14.706818,49.879457],[14.706763,49.879166],[14.706728,49.878893],[14.706706,49.878596],[14.706708,49.878119],[14.706763,49.877617],[14.706881,49.877097],[14.707044,49.876573],[14.70721,49.876135],[14.707443,49.875499],[14.70759,49.87511],[14.707702,49.874739],[14.707775,49.874445],[14.707846,49.874126],[14.707898,49.873812],[14.707934,49.873507],[14.707957,49.873173],[14.707972,49.872893],[14.707969,49.87255],[14.707949,49.872235],[14.70791,49.871945],[14.707872,49.871727],[14.707734,49.871096],[14.707684,49.870919],[14.707511,49.870385],[14.707421,49.870149],[14.707307,49.869858],[14.707158,49.869558],[14.707013,49.869257],[14.706833,49.86892],[14.706434,49.868326],[14.706021,49.867763],[14.705691,49.867384],[14.705226,49.866897],[14.70484,49.866533],[14.704404,49.866154],[14.70384,49.865723],[14.703036,49.86515],[14.702191,49.864621],[14.701155,49.863985],[14.700705,49.863693],[14.699633,49.863024],[14.698917,49.86257],[14.698065,49.86204],[14.697501,49.861668],[14.696667,49.861105],[14.695749,49.860459],[14.693667,49.858919],[14.690349,49.85644],[14.687701,49.854491],[14.685032,49.852516],[14.684447,49.852082],[14.683925,49.851672],[14.683488,49.851269],[14.683065,49.850827],[14.682713,49.850451],[14.682368,49.849999],[14.682085,49.849575],[14.681947,49.849372],[14.681794,49.849111],[14.681458,49.848507],[14.681265,49.848087],[14.681137,49.847753],[14.681011,49.847376],[14.680898,49.846991],[14.680795,49.846526],[14.68072,49.846045],[14.680698,49.84575],[14.680686,49.845424],[14.680689,49.844891],[14.680694,49.844688],[14.680721,49.844368],[14.680779,49.844022],[14.680826,49.84382],[14.680927,49.843415],[14.681053,49.843001],[14.681315,49.842274],[14.681596,49.841536],[14.68215,49.840091],[14.682232,49.839873],[14.682386,49.839469],[14.682558,49.839056],[14.682742,49.838698],[14.682894,49.838447],[14.683119,49.838142],[14.683377,49.837841],[14.683645,49.837573],[14.683918,49.837336],[14.684264,49.837073],[14.684594,49.836838],[14.684962,49.836589],[14.685317,49.836348],[14.685993,49.835795],[14.686195,49.835603],[14.68636,49.835436],[14.68655,49.835225],[14.686688,49.835055],[14.686823,49.834877],[14.686983,49.834612],[14.687083,49.834419],[14.687166,49.834256],[14.687231,49.834097],[14.687309,49.83388],[14.687361,49.833687],[14.687423,49.833386],[14.687453,49.833148],[14.68746,49.832944],[14.687456,49.832776],[14.687443,49.832598],[14.687421,49.832418],[14.687392,49.832258],[14.687365,49.832127],[14.687307,49.831924],[14.687103,49.831253],[14.686714,49.830055],[14.686413,49.829101],[14.686331,49.828848],[14.686156,49.828295],[14.686044,49.827941],[14.685913,49.827505],[14.685804,49.827177],[14.685591,49.826454],[14.685427,49.825898],[14.68484,49.823786],[14.683485,49.818262],[14.682108,49.812805],[14.682048,49.812571],[14.68196,49.812226],[14.681866,49.811855],[14.681826,49.811685],[14.680855,49.807657],[14.680619,49.806676],[14.680383,49.805632],[14.680317,49.80512],[14.680159,49.803585],[14.680118,49.803205],[14.680013,49.80201],[14.679981,49.80164],[14.679975,49.801534],[14.679779,49.797743],[14.679748,49.797146],[14.679665,49.795851],[14.679639,49.795342],[14.679605,49.794736],[14.679573,49.794486],[14.679506,49.794317],[14.679467,49.794269],[14.679434,49.794228],[14.679391,49.794191],[14.679342,49.794158],[14.679294,49.794133],[14.679242,49.794112],[14.679186,49.794095],[14.679122,49.794082],[14.679061,49.794062],[14.679006,49.794036],[14.678958,49.794005],[14.678914,49.793965],[14.678881,49.793921],[14.67886,49.793875],[14.678852,49.793826],[14.678857,49.793778],[14.678875,49.79373],[14.6789,49.793694],[14.67893,49.793661],[14.678969,49.793627],[14.679015,49.793596],[14.679097,49.793545],[14.679138,49.793513],[14.679182,49.793468],[14.679212,49.793429],[14.679237,49.793388],[14.679258,49.793338],[14.679272,49.793287],[14.679276,49.793235],[14.679273,49.793184],[14.679208,49.792959],[14.679153,49.792706],[14.679084,49.792435],[14.678322,49.790132],[14.678229,49.789857],[14.677628,49.788079],[14.677462,49.787598],[14.677388,49.787363],[14.677253,49.786986],[14.67722,49.786892],[14.677145,49.786672],[14.677123,49.786586],[14.676942,49.786041],[14.676736,49.785431],[14.676418,49.784491],[14.676224,49.78391],[14.676164,49.783728],[14.676131,49.783631],[14.675849,49.782787],[14.675441,49.781654],[14.675256,49.781098],[14.675115,49.780522],[14.675084,49.780324],[14.675054,49.780066],[14.675018,49.779757],[14.675005,49.779586],[14.675006,49.779394],[14.675006,49.779245],[14.675026,49.778964],[14.675047,49.778777],[14.675092,49.778452],[14.675124,49.778258],[14.675208,49.7778],[14.675233,49.777672],[14.675331,49.777154],[14.675437,49.77658],[14.675489,49.776304],[14.675611,49.775666],[14.67569,49.775261],[14.676196,49.772565],[14.676253,49.772197],[14.676295,49.771816],[14.676307,49.771574],[14.676308,49.771321],[14.676305,49.771144],[14.676295,49.770944],[14.676241,49.770329],[14.676003,49.768015],[14.675928,49.767259],[14.675893,49.766888],[14.675872,49.766661],[14.675854,49.766536],[14.675819,49.766536],[14.675783,49.76653],[14.675743,49.76652],[14.675715,49.766511],[14.675681,49.766498],[14.675664,49.766492],[14.675648,49.766485],[14.675633,49.766478],[14.675618,49.766471],[14.675603,49.766462],[14.67559,49.766454],[14.675576,49.766445],[14.675564,49.766435],[14.675552,49.766425],[14.675541,49.766415],[14.67553,49.766405],[14.675521,49.766394],[14.675512,49.766384],[14.675497,49.766361],[14.675491,49.76635],[14.675486,49.766339],[14.675481,49.766327],[14.675478,49.766316],[14.675476,49.766305],[14.675474,49.766293],[14.675473,49.766282],[14.675474,49.766271],[14.675475,49.76626],[14.675477,49.766249],[14.67548,49.766239],[14.675484,49.766229],[14.675488,49.766219],[14.675494,49.766209],[14.6755,49.7662],[14.675507,49.766191],[14.675515,49.766182],[14.675523,49.766174],[14.675533,49.766166],[14.675543,49.766158],[14.675553,49.766151],[14.675564,49.766144],[14.675576,49.766138],[14.675595,49.76613],[14.675623,49.766123],[14.675709,49.766105],[14.67575,49.766099],[14.675787,49.766096],[14.67576,49.765975],[14.675352,49.764434],[14.674997,49.763191],[14.674615,49.76192],[14.673921,49.759751],[14.673785,49.759316],[14.673735,49.759146],[14.673677,49.758932],[14.673624,49.758699],[14.673584,49.758522],[14.673552,49.75834],[14.67353,49.758153],[14.673495,49.757797],[14.673469,49.757444],[14.673431,49.757094],[14.673377,49.756623],[14.673333,49.756229],[14.673307,49.756],[14.673281,49.755818],[14.673264,49.75571],[14.673233,49.755573],[14.673198,49.755439],[14.673158,49.755299],[14.673102,49.755144],[14.672682,49.753946],[14.67263,49.753775],[14.672573,49.753597],[14.672525,49.753417],[14.672505,49.753317],[14.672468,49.753152],[14.672419,49.752855],[14.672395,49.752659],[14.672382,49.75247],[14.672367,49.752242],[14.672367,49.751973],[14.672372,49.751767],[14.67239,49.751503],[14.672413,49.751288],[14.672443,49.751086],[14.672489,49.750846],[14.672561,49.750537],[14.672636,49.750259],[14.67275,49.74991],[14.673003,49.749197],[14.673076,49.74896],[14.673141,49.748696],[14.673188,49.748453],[14.673206,49.748265],[14.67322,49.748031],[14.673217,49.747737],[14.673196,49.747511],[14.673152,49.747257],[14.673084,49.74698],[14.672994,49.746723],[14.672919,49.746535],[14.672777,49.746234],[14.672583,49.7459],[14.672369,49.745589],[14.672239,49.745423],[14.672033,49.745185],[14.671819,49.744975],[14.671504,49.744693],[14.671232,49.744475],[14.67089,49.744238],[14.670621,49.744064],[14.670405,49.743934],[14.670112,49.74378],[14.666826,49.742317],[14.666221,49.742047],[14.665916,49.741919],[14.665232,49.741606],[14.664943,49.741467],[14.664739,49.741364],[14.664522,49.741247],[14.66428,49.741113],[14.664062,49.740985],[14.663903,49.740887],[14.66369,49.740741],[14.663512,49.740612],[14.663277,49.74042],[14.663026,49.740187],[14.662862,49.740017],[14.662729,49.739875],[14.662641,49.739765],[14.662496,49.739566],[14.662429,49.739468],[14.662301,49.739262],[14.662247,49.739152],[14.662136,49.73892],[14.662037,49.73868],[14.661971,49.738468],[14.661901,49.738234],[14.661851,49.738013],[14.661806,49.737761],[14.66164,49.73683],[14.661387,49.735201],[14.661016,49.732909],[14.660873,49.732035],[14.660796,49.731578],[14.660563,49.73012],[14.660361,49.728989],[14.660262,49.72851],[14.660069,49.727651],[14.659833,49.726817],[14.659641,49.726201],[14.659411,49.725537],[14.65925,49.725118],[14.65912,49.724788],[14.658811,49.724065],[14.658493,49.723411],[14.658397,49.723238],[14.65838,49.723208],[14.658169,49.722831],[14.657843,49.722257],[14.656868,49.720596],[14.655978,49.719139],[14.655693,49.718644],[14.655637,49.718534],[14.655286,49.717884],[14.655202,49.717719],[14.655092,49.717495],[14.654905,49.717076],[14.654768,49.716685],[14.654599,49.716147],[14.654508,49.715671],[14.654438,49.715143],[14.654417,49.714653],[14.654427,49.714135],[14.654455,49.713688],[14.654549,49.712891],[14.654952,49.710596],[14.655083,49.709791],[14.655208,49.708925],[14.655263,49.708091],[14.655296,49.707251],[14.655264,49.706359],[14.65522,49.705609],[14.655165,49.705186],[14.655109,49.704778],[14.654982,49.703995],[14.654858,49.70342],[14.654731,49.70284],[14.654575,49.702286],[14.654401,49.701744],[14.654099,49.700897],[14.653767,49.700087],[14.653279,49.699047],[14.652986,49.698481],[14.652699,49.697969],[14.652064,49.696927],[14.651188,49.695567],[14.649498,49.692944],[14.649345,49.692707],[14.64923,49.692528],[14.648847,49.691923],[14.648461,49.691297],[14.64816,49.690792],[14.647963,49.690457],[14.647676,49.689951],[14.647588,49.68979],[14.647306,49.68927],[14.64705,49.688762],[14.64688,49.688418],[14.646713,49.688068],[14.646555,49.687728],[14.646405,49.687386],[14.646239,49.686994],[14.646111,49.68669],[14.646008,49.686412],[14.645843,49.686012],[14.645649,49.685469],[14.645525,49.685119],[14.645408,49.684763],[14.645298,49.684411],[14.645139,49.683883],[14.645112,49.683783],[14.645042,49.68353],[14.644946,49.683171],[14.644857,49.682816],[14.644775,49.682459],[14.6447,49.682108],[14.644637,49.681749],[14.644593,49.68139],[14.644566,49.681032],[14.644562,49.680674],[14.64458,49.680313],[14.64462,49.679953],[14.64468,49.679595],[14.644757,49.679242],[14.644849,49.678885],[14.644887,49.678756],[14.645112,49.678],[14.645221,49.677649],[14.645321,49.677293],[14.645359,49.677128],[14.645403,49.67694],[14.645449,49.676692],[14.645475,49.676514],[14.645498,49.67632],[14.645512,49.676132],[14.645519,49.675868],[14.645518,49.675722],[14.645513,49.675608],[14.64551,49.675505],[14.645495,49.675328],[14.645474,49.675147],[14.645428,49.674862],[14.645376,49.674614],[14.645306,49.67435],[14.645221,49.674083],[14.645181,49.673977],[14.645125,49.673827],[14.644999,49.673529],[14.644827,49.673184],[14.644736,49.673022],[14.644637,49.672851],[14.644578,49.672758],[14.644358,49.672435],[14.644212,49.672238],[14.643948,49.671913],[14.643731,49.671668],[14.643515,49.671446],[14.643354,49.671288],[14.643065,49.671028],[14.642907,49.670901],[14.642771,49.670804],[14.642334,49.670451],[14.642257,49.670392],[14.641722,49.67003],[14.641506,49.669898],[14.641322,49.669783],[14.640497,49.669286],[14.640083,49.669038],[14.639733,49.66882],[14.639412,49.668614],[14.63912,49.668418],[14.638854,49.668226],[14.638633,49.668059],[14.638372,49.667851],[14.638323,49.66781],[14.63804,49.667569],[14.637854,49.667402],[14.637669,49.667224],[14.637517,49.667073],[14.637336,49.666883],[14.637103,49.666618],[14.637026,49.666527],[14.636796,49.666234],[14.636668,49.666065],[14.636596,49.665961],[14.636486,49.665795],[14.636371,49.665617],[14.636235,49.665388],[14.636146,49.665226],[14.636062,49.665064],[14.635976,49.664894],[14.635937,49.664815],[14.635904,49.664745],[14.635799,49.664551],[14.635763,49.664474],[14.635577,49.663966],[14.635439,49.663474],[14.635159,49.662611],[14.634425,49.660351],[14.633972,49.659003],[14.633928,49.65888],[14.633727,49.658262],[14.633196,49.65661],[14.6331,49.656244],[14.63307,49.656136],[14.632994,49.655761],[14.632945,49.655393],[14.632916,49.655104],[14.632904,49.654901],[14.63291,49.65459],[14.632917,49.654443],[14.632944,49.654159],[14.632975,49.653921],[14.633041,49.653533],[14.633067,49.653415],[14.633093,49.653308],[14.633166,49.653024],[14.633218,49.652839],[14.63327,49.652698],[14.633382,49.652423],[14.633584,49.651992],[14.633786,49.651624],[14.634023,49.651222],[14.634213,49.650939],[14.634488,49.650568],[14.634741,49.650253],[14.635241,49.649669],[14.635541,49.649334],[14.635775,49.649087],[14.63618,49.648689],[14.636407,49.648469],[14.637182,49.647759],[14.637479,49.64751],[14.638064,49.647033],[14.638341,49.646811],[14.63861,49.646605],[14.639219,49.646169],[14.63981,49.645765],[14.640243,49.645481],[14.640745,49.645158],[14.641174,49.644892],[14.641787,49.644522],[14.645209,49.642469],[14.645852,49.642083],[14.647331,49.641201],[14.647544,49.641073],[14.647988,49.640795],[14.648416,49.640516],[14.648656,49.640352],[14.648727,49.640303],[14.648965,49.640128],[14.649195,49.639944],[14.649349,49.63981],[14.64952,49.63966],[14.649834,49.639359],[14.650043,49.639135],[14.650228,49.638924],[14.650419,49.638682],[14.650533,49.638525],[14.650629,49.63839],[14.65072,49.638252],[14.650861,49.638022],[14.651043,49.637699],[14.65114,49.637492],[14.651231,49.637283],[14.651317,49.637074],[14.651395,49.63686],[14.651453,49.636632],[14.651485,49.636453],[14.65151,49.63628],[14.651535,49.636097],[14.651553,49.635871],[14.651568,49.635648],[14.651571,49.635357],[14.651552,49.635103],[14.651527,49.634848],[14.651499,49.634639],[14.651446,49.634357],[14.651183,49.633229],[14.651091,49.632828],[14.651037,49.632544],[14.651001,49.632325],[14.650981,49.632144],[14.650963,49.631926],[14.650957,49.631738],[14.65096,49.631498],[14.650987,49.631139],[14.65106,49.630534],[14.651109,49.630184],[14.651148,49.629844],[14.65117,49.629506],[14.651181,49.629224],[14.651185,49.62903],[14.651175,49.628852],[14.65114,49.628551],[14.651075,49.628067],[14.650955,49.62735],[14.650918,49.627093],[14.650903,49.626941],[14.650895,49.626812],[14.65089,49.62666],[14.650889,49.626566],[14.650896,49.626451],[14.650916,49.62626],[14.650946,49.62608],[14.65098,49.625939],[14.651022,49.62579],[14.651069,49.625655],[14.651153,49.625452],[14.651222,49.625315],[14.651298,49.625185],[14.651372,49.625065],[14.651454,49.62494],[14.651553,49.624808],[14.65165,49.624689],[14.65178,49.624541],[14.65193,49.62439],[14.652117,49.624222],[14.652225,49.624131],[14.652359,49.624026],[14.652537,49.623899],[14.652803,49.623728],[14.653143,49.623522],[14.653588,49.623276],[14.654654,49.622735],[14.655291,49.622403],[14.655639,49.622207],[14.655935,49.622031],[14.656166,49.621884],[14.656415,49.621709],[14.656637,49.621533],[14.656864,49.621336],[14.656973,49.621237],[14.65709,49.621117],[14.657236,49.620949],[14.657414,49.620731],[14.657531,49.620573],[14.657629,49.620431],[14.657722,49.620281],[14.657816,49.620101],[14.657891,49.619946],[14.657956,49.619792],[14.658161,49.6192],[14.658329,49.618701],[14.658417,49.618445],[14.658598,49.617889],[14.658718,49.617513],[14.658818,49.617221],[14.65888,49.617056],[14.65894,49.616911],[14.659094,49.616581],[14.65929,49.616186],[14.659481,49.615833],[14.659722,49.615407],[14.660059,49.614798],[14.660376,49.614255],[14.660514,49.614024],[14.660602,49.613862],[14.660674,49.613721],[14.660723,49.613614],[14.660787,49.613467],[14.660839,49.613329],[14.660874,49.613229],[14.660907,49.613131],[14.660939,49.613023],[14.660961,49.612924],[14.660986,49.612768],[14.660996,49.612682],[14.661007,49.61259],[14.661014,49.61248],[14.66101,49.612326],[14.661001,49.612212],[14.660989,49.612123],[14.660971,49.612024],[14.660947,49.61192],[14.66093,49.611855],[14.660902,49.611767],[14.660841,49.611596],[14.660207,49.610064],[14.660192,49.610021],[14.660134,49.609861],[14.660053,49.609624],[14.659978,49.609388],[14.659924,49.609156],[14.659882,49.608934],[14.659857,49.608749],[14.659844,49.608616],[14.659837,49.608486],[14.659832,49.608291],[14.659835,49.608063],[14.659856,49.607426],[14.659902,49.606058],[14.659931,49.604971],[14.65995,49.604222],[14.659983,49.603171],[14.659988,49.60301],[14.659988,49.602914],[14.659985,49.602785],[14.659954,49.602321],[14.659934,49.602108],[14.659918,49.601868],[14.659869,49.601524],[14.659831,49.601264],[14.659811,49.601108],[14.6598,49.600968],[14.659796,49.600793],[14.659799,49.600674],[14.659807,49.600592],[14.659821,49.600498],[14.659833,49.600442],[14.659844,49.600391],[14.659868,49.60032],[14.659899,49.600227],[14.659946,49.600122],[14.659982,49.600041],[14.660025,49.599957],[14.66005,49.599911],[14.66008,49.599861],[14.660136,49.599772],[14.660196,49.599687],[14.660256,49.59961],[14.660323,49.599522],[14.660406,49.599431],[14.660486,49.599344],[14.660609,49.599223],[14.660858,49.598984],[14.660977,49.59886],[14.661077,49.598754],[14.66119,49.59862],[14.661298,49.598471],[14.661365,49.598371],[14.66149,49.598162],[14.661546,49.598048],[14.661588,49.597951],[14.661621,49.597866],[14.661651,49.597786],[14.661681,49.597703],[14.661709,49.597607],[14.66173,49.597522],[14.661748,49.597439],[14.66176,49.597368],[14.661772,49.597277],[14.661781,49.597165],[14.661788,49.59707],[14.661789,49.596976],[14.661786,49.596809],[14.661771,49.596528],[14.661742,49.595995],[14.661602,49.593462],[14.661544,49.592289],[14.661482,49.591191],[14.661478,49.59111],[14.661442,49.590462],[14.661427,49.590231],[14.661417,49.590006],[14.661372,49.589212],[14.661358,49.588945],[14.661356,49.588799],[14.661362,49.588664],[14.661372,49.588516],[14.661389,49.588393],[14.661405,49.588317],[14.661432,49.588224],[14.661473,49.588102],[14.661507,49.588021],[14.66155,49.587927],[14.661597,49.587833],[14.661653,49.587735],[14.661739,49.587604],[14.661807,49.587504],[14.661871,49.587426],[14.661961,49.587323],[14.662055,49.587223],[14.662657,49.586639],[14.663004,49.586289],[14.663141,49.586143],[14.663212,49.58606],[14.663273,49.585977],[14.663336,49.585876],[14.663375,49.585805],[14.663426,49.585691],[14.663468,49.585581],[14.663501,49.585475],[14.663528,49.585353],[14.663543,49.585237],[14.663548,49.585132],[14.663545,49.585034],[14.663538,49.58496],[14.663526,49.584876],[14.6635,49.584772],[14.663459,49.584656],[14.663416,49.584548],[14.663388,49.584489],[14.663352,49.584422],[14.663296,49.58433],[14.663216,49.584217],[14.66312,49.584103],[14.663051,49.584034],[14.662979,49.58397],[14.662905,49.583905],[14.662802,49.583823],[14.66269,49.583744],[14.662582,49.58367],[14.662473,49.583601],[14.662376,49.583545],[14.662255,49.583474],[14.662037,49.583351],[14.661685,49.583156],[14.661515,49.583054],[14.661375,49.582965],[14.661248,49.582874],[14.661139,49.58279],[14.661015,49.582686],[14.660931,49.582602],[14.660855,49.582515],[14.660776,49.582414],[14.660704,49.58231],[14.660642,49.582212],[14.660598,49.582129],[14.660553,49.582024],[14.660512,49.581901],[14.660485,49.581798],[14.66047,49.581701],[14.66046,49.581593],[14.660457,49.581491],[14.660465,49.581369],[14.660481,49.581254],[14.660506,49.581138],[14.660544,49.58101],[14.660591,49.580896],[14.660657,49.580774],[14.660722,49.580671],[14.66079,49.580579],[14.66091,49.580439],[14.661051,49.580277],[14.661567,49.579735],[14.661698,49.579594],[14.661802,49.579477],[14.661903,49.579354],[14.661999,49.579218],[14.662066,49.579115],[14.662138,49.578987],[14.662194,49.57887],[14.662236,49.578766],[14.662268,49.578673],[14.66229,49.57858],[14.662302,49.578519],[14.662314,49.578433],[14.662319,49.578361],[14.66232,49.578287],[14.662316,49.578211],[14.662305,49.578102],[14.66229,49.578006],[14.662272,49.577911],[14.662249,49.57781],[14.662218,49.577705],[14.662182,49.577607],[14.662127,49.577464],[14.662064,49.577317],[14.661972,49.577123],[14.661874,49.576918],[14.661778,49.57671],[14.661734,49.576604],[14.661703,49.576525],[14.661671,49.576434],[14.661631,49.576312],[14.661608,49.576226],[14.661595,49.576165],[14.661585,49.576103],[14.661577,49.576059],[14.661572,49.576024],[14.661567,49.575978],[14.661564,49.575925],[14.661562,49.575797],[14.661562,49.575724],[14.661567,49.575598],[14.66158,49.575413],[14.661591,49.575267],[14.661597,49.575149],[14.661599,49.575081],[14.661599,49.57494],[14.661596,49.574822],[14.661584,49.574727],[14.661567,49.574622],[14.661536,49.574509],[14.661506,49.574416],[14.661468,49.574321],[14.661425,49.574234],[14.66138,49.574159],[14.66133,49.574084],[14.661258,49.573988],[14.661189,49.573907],[14.661141,49.573853],[14.661075,49.57378],[14.660997,49.573703],[14.660939,49.573653],[14.660884,49.57361],[14.660814,49.573559],[14.660685,49.573472],[14.660527,49.573377],[14.660312,49.573254],[14.660176,49.573177],[14.659614,49.572863],[14.659537,49.572818],[14.659451,49.572764],[14.659341,49.572695],[14.659267,49.572641],[14.659203,49.572589],[14.65912,49.572517],[14.659081,49.572482],[14.659037,49.57244],[14.658985,49.572243],[14.658955,49.572247],[14.658877,49.572238],[14.658808,49.572214],[14.658756,49.572176],[14.658748,49.572163],[14.658726,49.572128],[14.658721,49.57208],[14.65874,49.572034],[14.658781,49.571993],[14.658682,49.571886],[14.658641,49.571842],[14.658617,49.571781],[14.658595,49.571715],[14.65858,49.571672],[14.658552,49.571569],[14.658536,49.571494],[14.658526,49.57142],[14.658517,49.571319],[14.658515,49.571245],[14.658512,49.571182],[14.658517,49.571107],[14.65853,49.571038],[14.658543,49.570978],[14.658579,49.57086],[14.658632,49.570709],[14.658682,49.570587],[14.65871,49.570521],[14.658748,49.570448],[14.658785,49.570386],[14.658851,49.57029],[14.658907,49.570216],[14.659057,49.570018],[14.659116,49.569935],[14.659162,49.569866],[14.659193,49.569814],[14.65924,49.569729],[14.659271,49.569656],[14.659312,49.569572],[14.65946,49.569226],[14.659614,49.568845],[14.65965,49.568757],[14.65978,49.568379],[14.659813,49.568294],[14.660027,49.567779],[14.660183,49.567421],[14.660308,49.567155],[14.660471,49.566839],[14.660531,49.566723],[14.660592,49.566603],[14.661131,49.565552],[14.661432,49.564962],[14.661485,49.564851],[14.661525,49.564758],[14.661558,49.564667],[14.661588,49.56457],[14.661612,49.564466],[14.661654,49.564245],[14.661728,49.563854],[14.661862,49.563205],[14.662126,49.561613],[14.662289,49.56062],[14.66234,49.560311],[14.662385,49.560091],[14.662426,49.559933],[14.66247,49.559779],[14.66253,49.559624],[14.662598,49.559478],[14.662679,49.559322],[14.662775,49.559162],[14.662878,49.559009],[14.66298,49.558874],[14.66311,49.558714],[14.663421,49.558356],[14.664014,49.557708],[14.665199,49.556414],[14.665426,49.556163],[14.665566,49.556003],[14.66569,49.555856],[14.665837,49.555677],[14.665931,49.555548],[14.665983,49.555465],[14.666059,49.555347],[14.666123,49.555229],[14.66619,49.555088],[14.666225,49.555006],[14.66626,49.554892],[14.666281,49.554812],[14.6663,49.554704],[14.666314,49.554568],[14.666321,49.554409],[14.666324,49.554312],[14.666323,49.554133],[14.666319,49.554042],[14.666309,49.553926],[14.666295,49.553816],[14.666275,49.55371],[14.666238,49.553559],[14.666174,49.553339],[14.665923,49.552471],[14.665751,49.551878],[14.665691,49.551666],[14.665601,49.551356],[14.665337,49.550443],[14.665137,49.549738],[14.664684,49.548134],[14.664511,49.547529],[14.664473,49.547251],[14.664456,49.547081],[14.664449,49.54696],[14.664449,49.546827],[14.664463,49.546431],[14.664487,49.546215],[14.664507,49.546071],[14.664528,49.545956],[14.664549,49.545846],[14.664569,49.545747],[14.664601,49.545619],[14.664645,49.545466],[14.664702,49.545273],[14.664808,49.544945],[14.664865,49.544776],[14.66493,49.544594],[14.665031,49.544303],[14.665145,49.543958],[14.665286,49.54341],[14.665384,49.54291],[14.665426,49.54265],[14.665463,49.542286],[14.665491,49.542025],[14.665505,49.541741],[14.665514,49.541594],[14.665516,49.541237],[14.665503,49.540964],[14.66548,49.54063],[14.665435,49.540206],[14.665372,49.539837],[14.6653,49.539485],[14.665187,49.539017],[14.665059,49.538536],[14.664827,49.53768],[14.664664,49.537031],[14.664546,49.536559],[14.664442,49.536075],[14.664289,49.535162],[14.664251,49.53482],[14.664217,49.534401],[14.664197,49.533949],[14.664203,49.533171],[14.664237,49.532666],[14.664291,49.532143],[14.664405,49.53148],[14.664497,49.531022],[14.66477,49.530025],[14.664931,49.529533],[14.665243,49.52876],[14.665556,49.52808],[14.665939,49.527379],[14.666134,49.527052],[14.66633,49.526735],[14.666834,49.525979],[14.667727,49.524755],[14.667873,49.524558],[14.668322,49.523943],[14.668764,49.523317],[14.669197,49.522654],[14.669591,49.521965],[14.66981,49.521507],[14.669999,49.521047],[14.670177,49.520543],[14.670355,49.51994],[14.670455,49.519506],[14.670537,49.519085],[14.670594,49.51865],[14.670637,49.51805],[14.670636,49.51742],[14.670607,49.516947],[14.670545,49.516423],[14.670468,49.515973],[14.670353,49.515489],[14.670076,49.514546],[14.669893,49.514085],[14.669702,49.51362],[14.669389,49.512945],[14.669041,49.512255],[14.66837,49.511047],[14.668065,49.510516],[14.667738,49.509985],[14.667122,49.508993],[14.665795,49.507064],[14.665489,49.506635],[14.665039,49.506031],[14.664111,49.504829],[14.663862,49.504515],[14.660898,49.500774],[14.660328,49.499907],[14.660093,49.499436],[14.659846,49.498977],[14.659566,49.498395],[14.659294,49.497769],[14.659061,49.497102],[14.658872,49.496467],[14.65877,49.496071],[14.658682,49.495684],[14.658564,49.494984],[14.65851,49.494572],[14.658471,49.494129],[14.658428,49.493316],[14.658467,49.492524],[14.658545,49.491711],[14.65865,49.491104],[14.658783,49.490455],[14.659106,49.489189],[14.65976,49.486674],[14.659918,49.485951],[14.660006,49.48553],[14.660139,49.484733],[14.660248,49.483907],[14.660308,49.483351],[14.660359,49.482612],[14.660386,49.481952],[14.660398,49.481152],[14.660376,49.480295],[14.660335,49.47952],[14.660184,49.478026],[14.660116,49.477438],[14.659985,49.476349],[14.659934,49.475832],[14.65989,49.475347],[14.659866,49.474525],[14.659902,49.473705],[14.659997,49.472842],[14.660147,49.471955],[14.660319,49.471256],[14.660481,49.470708],[14.660652,49.470203],[14.660702,49.470074],[14.660866,49.469688],[14.66115,49.469047],[14.661402,49.468535],[14.661584,49.468196],[14.661918,49.467614],[14.662275,49.466975],[14.662894,49.465921],[14.663244,49.465325],[14.664187,49.463682],[14.665025,49.462064],[14.665263,49.461565],[14.665485,49.461072],[14.665706,49.460544],[14.665925,49.460004],[14.66666,49.457996],[14.667505,49.455547],[14.669042,49.451091],[14.669586,49.449602],[14.669924,49.448782],[14.670171,49.44824],[14.670452,49.447699],[14.670768,49.447151],[14.671044,49.446719],[14.671412,49.44623],[14.672057,49.445489],[14.672575,49.444988],[14.673039,49.444576],[14.673745,49.444022],[14.674511,49.443498],[14.675048,49.443164],[14.675668,49.442812],[14.676239,49.442526],[14.676858,49.44224],[14.678011,49.441764],[14.679287,49.441284],[14.680614,49.440806],[14.684122,49.439545],[14.685957,49.438891],[14.687944,49.438165],[14.688451,49.437977],[14.689184,49.437692],[14.689612,49.437501],[14.689905,49.437378],[14.690393,49.437153],[14.690889,49.436903],[14.691327,49.43666],[14.691799,49.436379],[14.692199,49.436127],[14.692593,49.435861],[14.692965,49.435581],[14.693325,49.43529],[14.69369,49.43499],[14.694044,49.434674],[14.694364,49.434356],[14.694661,49.434055],[14.69516,49.433488],[14.695501,49.433021],[14.696555,49.431582],[14.697484,49.430232],[14.6977,49.429925],[14.698429,49.428887],[14.699228,49.42775],[14.699571,49.427263],[14.700257,49.426286],[14.700915,49.425367],[14.703249,49.42206],[14.703831,49.421248],[14.704741,49.419998],[14.705397,49.419137],[14.706077,49.418275],[14.706785,49.417431],[14.707527,49.416584],[14.708274,49.415774],[14.709057,49.414966],[14.710327,49.413696],[14.711474,49.412596],[14.712665,49.411456],[14.713826,49.41033],[14.714434,49.409721],[14.714963,49.409175],[14.715335,49.408766],[14.715733,49.408311],[14.716153,49.407807],[14.716606,49.40724],[14.717143,49.406533],[14.717311,49.406311],[14.717603,49.405911],[14.718551,49.404582],[14.719087,49.403825],[14.71978,49.402841],[14.720279,49.402144],[14.720648,49.401626],[14.721032,49.401088],[14.721289,49.400731],[14.721415,49.400547],[14.72184,49.399944],[14.722258,49.399358],[14.722671,49.398781],[14.723057,49.398221],[14.72354,49.397523],[14.723958,49.396873],[14.72422,49.396438],[14.724441,49.396035],[14.724779,49.395366],[14.725008,49.39485],[14.725217,49.394331],[14.725374,49.393885],[14.725525,49.393429],[14.72562,49.393111],[14.725707,49.392795],[14.725813,49.392408],[14.72591,49.391996],[14.726035,49.391437],[14.726119,49.390994],[14.726196,49.390531],[14.726281,49.389979],[14.726317,49.389656],[14.726354,49.38932],[14.726389,49.388896],[14.726414,49.388489],[14.726437,49.387899],[14.726443,49.387399],[14.726432,49.386769],[14.726407,49.386225],[14.72637,49.385819],[14.72632,49.38533],[14.726255,49.384838],[14.726165,49.38433],[14.726091,49.383936],[14.726003,49.383546],[14.725841,49.382926],[14.725741,49.382594],[14.725626,49.382258],[14.725539,49.382018],[14.725447,49.381782],[14.725348,49.381546],[14.725244,49.381312],[14.725133,49.381079],[14.725011,49.380834],[14.724819,49.380483],[14.724605,49.380121],[14.724367,49.379753],[14.72411,49.379382],[14.723901,49.379108],[14.723681,49.378831],[14.723175,49.378231],[14.722688,49.377683],[14.722105,49.377037],[14.721941,49.37685],[14.721543,49.376394],[14.72122,49.375976],[14.720917,49.375534],[14.72067,49.375125],[14.720496,49.374795],[14.720361,49.374501],[14.720227,49.374175],[14.720103,49.373806],[14.720064,49.373686],[14.720022,49.373528],[14.719922,49.373069],[14.719875,49.372737],[14.719844,49.372397],[14.719832,49.372088],[14.719834,49.3718],[14.719849,49.371557],[14.719875,49.371314],[14.71992,49.370987],[14.719974,49.370724],[14.720036,49.37047],[14.720125,49.370161],[14.720242,49.369837],[14.720358,49.369545],[14.72055,49.369151],[14.72073,49.368815],[14.720919,49.368489],[14.721166,49.3681],[14.721421,49.36771],[14.72176,49.367193],[14.722043,49.366747],[14.722417,49.366169],[14.722606,49.365835],[14.722794,49.365486],[14.723037,49.365004],[14.723336,49.36433],[14.723453,49.364034],[14.723562,49.363739],[14.723685,49.36332],[14.723787,49.362957],[14.723927,49.36233],[14.724024,49.361803],[14.724106,49.361269],[14.724228,49.360351],[14.724501,49.35825],[14.724549,49.357947],[14.724652,49.357346],[14.724803,49.356634],[14.724852,49.356404],[14.724978,49.355853],[14.725127,49.355338],[14.725272,49.354854],[14.725443,49.354354],[14.725608,49.353867],[14.725742,49.353502],[14.725921,49.353058],[14.726123,49.352574],[14.726404,49.351955],[14.726735,49.35127],[14.727032,49.350694],[14.72742,49.35],[14.727897,49.34921],[14.728412,49.348422],[14.728774,49.3479],[14.729072,49.347484],[14.729335,49.347134],[14.729611,49.346779],[14.729986,49.346307],[14.730278,49.345958],[14.730573,49.345611],[14.730908,49.34523],[14.7313,49.344801],[14.731751,49.344321],[14.732151,49.343908],[14.732516,49.343531],[14.732913,49.343124],[14.733345,49.342683],[14.733771,49.342246],[14.734262,49.341724],[14.734729,49.341199],[14.734999,49.340879],[14.735309,49.340485],[14.735629,49.340046],[14.735926,49.339602],[14.736119,49.339304],[14.736358,49.338896],[14.736441,49.338743],[14.736515,49.338602],[14.736691,49.338245],[14.736816,49.337979],[14.736949,49.337676],[14.737077,49.33735],[14.737197,49.337033],[14.737309,49.336697],[14.737409,49.336363],[14.737489,49.336068],[14.737562,49.335759],[14.73766,49.335262],[14.737727,49.334828],[14.737769,49.334441],[14.737802,49.334065],[14.737816,49.333698],[14.737808,49.333155],[14.737785,49.332698],[14.737715,49.331945],[14.73754,49.330658],[14.737363,49.329442],[14.737286,49.328841],[14.737236,49.328395],[14.737182,49.327888],[14.737154,49.327552],[14.737119,49.326888],[14.737103,49.326139],[14.737107,49.325564],[14.737127,49.325121],[14.737148,49.324638],[14.737203,49.324021],[14.737313,49.323033],[14.737407,49.322322],[14.737534,49.321475],[14.737617,49.320907],[14.737753,49.320035],[14.737971,49.31856],[14.738164,49.317348],[14.738513,49.315138],[14.738623,49.31438],[14.738723,49.313592],[14.738781,49.313084],[14.738827,49.312618],[14.738836,49.312461],[14.73887,49.312027],[14.738905,49.311347],[14.738907,49.310771],[14.738903,49.310229],[14.738878,49.309578],[14.738839,49.309021],[14.738785,49.308451],[14.738702,49.307828],[14.738623,49.307288],[14.738576,49.307025],[14.738442,49.306353],[14.738292,49.305708],[14.737975,49.304452],[14.7378,49.303805],[14.737489,49.302727],[14.737113,49.301425],[14.73679,49.300306],[14.736154,49.298113],[14.735827,49.297013],[14.735527,49.295959],[14.735196,49.294788],[14.734973,49.293967],[14.734847,49.293414],[14.734808,49.293242],[14.73469,49.292567],[14.734591,49.291864],[14.734545,49.291275],[14.734512,49.29046],[14.734515,49.289936],[14.734536,49.289411],[14.734607,49.288591],[14.734663,49.28814],[14.73474,49.287673],[14.734833,49.287144],[14.735021,49.286367],[14.735297,49.285419],[14.735721,49.284109],[14.736182,49.282671],[14.736319,49.282197],[14.736447,49.281708],[14.736582,49.281144],[14.736689,49.280576],[14.736752,49.280277],[14.736811,49.279926],[14.736879,49.279407],[14.736923,49.278873],[14.736943,49.278474],[14.736944,49.277879],[14.736912,49.276956],[14.736815,49.275492],[14.736717,49.273806],[14.736643,49.27268],[14.736595,49.271951],[14.736557,49.271367],[14.736471,49.270067],[14.736387,49.268707],[14.736344,49.267764],[14.736334,49.267388],[14.736331,49.266254],[14.736364,49.265582],[14.736401,49.265057],[14.736411,49.264916],[14.736447,49.264532],[14.736476,49.264242],[14.736545,49.263459],[14.736556,49.263318],[14.736632,49.262511],[14.736711,49.261456],[14.736733,49.260771],[14.736723,49.260358],[14.736704,49.259949],[14.736652,49.259382],[14.736582,49.258885],[14.736483,49.258366],[14.736374,49.257889],[14.736292,49.257566],[14.736167,49.257133],[14.735903,49.256384],[14.735684,49.255848],[14.735415,49.255275],[14.735148,49.254758],[14.734806,49.254142],[14.734428,49.253535],[14.733988,49.252874],[14.732733,49.250989],[14.732288,49.25033],[14.731856,49.249673],[14.731375,49.248939],[14.730901,49.248189],[14.730484,49.247493],[14.73016,49.246925],[14.730017,49.246652],[14.729931,49.24648],[14.729865,49.246359],[14.729477,49.245582],[14.729132,49.244812],[14.728832,49.244086],[14.728591,49.243438],[14.728353,49.242744],[14.728197,49.242214],[14.728041,49.241635],[14.727942,49.241245],[14.727816,49.240691],[14.727675,49.239987],[14.727621,49.239674],[14.72754,49.239158],[14.727484,49.238775],[14.727438,49.238351],[14.727382,49.237702],[14.727349,49.237031],[14.727331,49.236365],[14.727343,49.235742],[14.727353,49.235493],[14.727372,49.235068],[14.727417,49.234305],[14.727463,49.233679],[14.727643,49.231647],[14.727773,49.230322],[14.727839,49.229525],[14.727847,49.229439],[14.727969,49.228115],[14.727984,49.227878],[14.728013,49.227388],[14.728026,49.22671],[14.72802,49.226116],[14.727994,49.225727],[14.727929,49.225107],[14.727843,49.224508],[14.727783,49.224175],[14.727697,49.223788],[14.727547,49.223208],[14.727406,49.222719],[14.727277,49.222338],[14.727169,49.222026],[14.727043,49.221705],[14.726817,49.22117],[14.726541,49.220582],[14.726248,49.220053],[14.725985,49.219577],[14.725652,49.219058],[14.725337,49.218557],[14.724994,49.218074],[14.724829,49.217858],[14.724477,49.217412],[14.724276,49.217166],[14.723964,49.21681],[14.723453,49.216252],[14.722753,49.21555],[14.722342,49.215169],[14.722066,49.214934],[14.72146,49.214407],[14.721134,49.214144],[14.720645,49.213767],[14.720035,49.213326],[14.719303,49.21282],[14.718543,49.212314],[14.716495,49.211009],[14.714333,49.209602],[14.712571,49.208477],[14.710499,49.207124],[14.709261,49.206321],[14.7082,49.205632],[14.706891,49.204739],[14.706628,49.204556],[14.706347,49.204348],[14.705516,49.203708],[14.70489,49.203192],[14.704429,49.202782],[14.704101,49.202488],[14.703106,49.201567],[14.702528,49.201003],[14.702109,49.200601],[14.701799,49.200302],[14.700941,49.199472],[14.700531,49.199079],[14.700357,49.198919],[14.700032,49.198631],[14.699722,49.198367],[14.699324,49.198039],[14.69889,49.197694],[14.698517,49.197418],[14.698084,49.197106],[14.697834,49.19693],[14.69744,49.196663],[14.696749,49.196228],[14.696003,49.195779],[14.694953,49.195222],[14.694479,49.19499],[14.693978,49.194757],[14.692666,49.194145],[14.691133,49.193459],[14.69011,49.192976],[14.689158,49.192485],[14.688251,49.191959],[14.687461,49.191458],[14.686875,49.191041],[14.686398,49.190675],[14.68602,49.190366],[14.685727,49.190119],[14.685257,49.189691],[14.684833,49.189263],[14.684167,49.188513],[14.683784,49.188031],[14.683417,49.187518],[14.683034,49.186894],[14.682681,49.186241],[14.68247,49.185778],[14.682273,49.185299],[14.68177,49.18407],[14.680906,49.181807],[14.679982,49.17941],[14.679557,49.178331],[14.679288,49.177582],[14.678975,49.176826],[14.678656,49.176149],[14.678452,49.175766],[14.678232,49.175382],[14.677743,49.174663],[14.677527,49.174387],[14.677117,49.173906],[14.676789,49.17353],[14.67568,49.172442],[14.67526,49.17208],[14.674835,49.171733],[14.674093,49.171196],[14.673238,49.170637],[14.672197,49.17004],[14.671346,49.169611],[14.670523,49.169234],[14.669594,49.168854],[14.668364,49.168415],[14.666941,49.167928],[14.664794,49.167227],[14.659893,49.165589],[14.657313,49.164738],[14.654722,49.163876],[14.653318,49.163412],[14.651945,49.162954],[14.649564,49.162148],[14.648396,49.161728],[14.647171,49.161248],[14.646064,49.1608],[14.644952,49.160324],[14.644015,49.159907],[14.643043,49.159449],[14.642104,49.158991],[14.641211,49.158537],[14.640361,49.15809],[14.63943,49.15756],[14.63853,49.15704],[14.63687,49.156047],[14.635373,49.15512],[14.634034,49.154258],[14.633152,49.153671],[14.632317,49.153095],[14.63147,49.152486],[14.630668,49.151885],[14.62943,49.150888],[14.628289,49.149907],[14.627438,49.149121],[14.626624,49.148326],[14.625406,49.147081],[14.624204,49.145839],[14.622801,49.144369],[14.62085,49.142349],[14.620464,49.141944],[14.617925,49.139299],[14.614651,49.135873],[14.613007,49.134156],[14.61116,49.132212],[14.609471,49.130476],[14.608134,49.129116],[14.607511,49.128501],[14.605783,49.126867],[14.605161,49.126289],[14.60383,49.125112],[14.602319,49.123823],[14.601124,49.122843],[14.599896,49.121863],[14.597737,49.120223],[14.596611,49.119383],[14.596194,49.119081],[14.594371,49.117809],[14.593717,49.117373],[14.593017,49.116937],[14.5924,49.116574],[14.591741,49.1162],[14.591023,49.115833],[14.590289,49.115496],[14.589688,49.115238],[14.588849,49.114924],[14.587979,49.114615],[14.5871,49.114344],[14.58618,49.114097],[14.585437,49.113922],[14.584658,49.11376],[14.583838,49.113608],[14.583005,49.11347],[14.580394,49.113098],[14.579271,49.112928],[14.578668,49.11283],[14.578102,49.11273],[14.577367,49.112584],[14.576696,49.112439],[14.575985,49.112271],[14.575291,49.112089],[14.574676,49.111917],[14.574109,49.111748],[14.573245,49.111467],[14.572414,49.111175],[14.571284,49.110727],[14.570348,49.110319],[14.569416,49.109868],[14.568599,49.109449],[14.567821,49.109012],[14.567209,49.108646],[14.566513,49.108193],[14.566012,49.10783],[14.56539,49.10737],[14.564803,49.106911],[14.564215,49.106404],[14.56335,49.105577],[14.56285,49.105045],[14.562341,49.104481],[14.561582,49.103492],[14.561183,49.102868],[14.560865,49.102363],[14.560523,49.10174],[14.560239,49.101159],[14.560019,49.100646],[14.559805,49.100028],[14.559729,49.099815],[14.559449,49.098811],[14.559173,49.097433],[14.558886,49.095944],[14.558443,49.093625],[14.558129,49.092002],[14.557963,49.090971],[14.557593,49.089347],[14.557355,49.08841],[14.557001,49.087397],[14.556726,49.086809],[14.556452,49.086234],[14.556249,49.085863],[14.556033,49.08548],[14.555525,49.084693],[14.555257,49.084311],[14.55494,49.08389],[14.554696,49.083586],[14.554452,49.083292],[14.554051,49.082842],[14.553666,49.082425],[14.553163,49.081922],[14.552762,49.081555],[14.552353,49.081191],[14.551688,49.080644],[14.551296,49.080338],[14.550878,49.080021],[14.550376,49.079667],[14.549829,49.079305],[14.549214,49.078919],[14.54858,49.078536],[14.547337,49.077838],[14.546107,49.077191],[14.545042,49.076619],[14.544645,49.076404],[14.544049,49.076067],[14.543726,49.075879],[14.542979,49.075415],[14.542246,49.074938],[14.541257,49.07424],[14.539791,49.073145],[14.537767,49.071604],[14.536598,49.070711],[14.535741,49.070056],[14.534617,49.069206],[14.532881,49.067892],[14.531515,49.066855],[14.530109,49.065835],[14.528186,49.064524],[14.527505,49.064076],[14.526432,49.063361],[14.525931,49.063019],[14.525422,49.062658],[14.524692,49.06211],[14.524019,49.061551],[14.523361,49.060974],[14.52275,49.060381],[14.521722,49.059273],[14.521226,49.058645],[14.520744,49.057997],[14.520431,49.057505],[14.520137,49.057016],[14.519863,49.056552],[14.519498,49.055847],[14.519239,49.055264],[14.518961,49.054519],[14.518762,49.053922],[14.518688,49.053692],[14.518494,49.053045],[14.518264,49.052223],[14.518048,49.051504],[14.517598,49.050052],[14.517101,49.048589],[14.516272,49.046508],[14.515347,49.044515],[14.514383,49.042645],[14.51341,49.040831],[14.513249,49.040537],[14.512738,49.039552],[14.512459,49.039022],[14.512163,49.03843],[14.511915,49.037938],[14.51115,49.036334],[14.510513,49.034965],[14.509902,49.033593],[14.509631,49.032997],[14.509375,49.032395],[14.509144,49.031805],[14.50896,49.031215],[14.508868,49.030866],[14.508781,49.030468],[14.508723,49.030115],[14.50868,49.029776],[14.508636,49.02928],[14.508619,49.028797],[14.508639,49.028145],[14.508659,49.027951],[14.508694,49.027605],[14.508746,49.02726],[14.508824,49.026855],[14.508906,49.02649],[14.50904,49.026002],[14.509196,49.025559],[14.509382,49.025099],[14.509608,49.02459],[14.509867,49.02411],[14.510106,49.023698],[14.510364,49.02328],[14.510881,49.02258],[14.51132,49.022044],[14.511843,49.021458],[14.512342,49.020929],[14.512881,49.020364],[14.513408,49.019794],[14.513904,49.019221],[14.514348,49.018678],[14.514738,49.018127],[14.515078,49.017623],[14.515365,49.017126],[14.515571,49.016746],[14.515915,49.015997],[14.516209,49.015233],[14.516351,49.01477],[14.516483,49.014286],[14.516605,49.01364],[14.516681,49.013089],[14.516719,49.012684],[14.516738,49.012288],[14.516737,49.012119],[14.516717,49.011541],[14.516684,49.010979],[14.516599,49.00997],[14.516501,49.008902],[14.516458,49.008389],[14.516355,49.007198],[14.516336,49.006982],[14.51619,49.004866],[14.516193,49.004297],[14.516233,49.003615],[14.516274,49.003002],[14.516346,49.002459],[14.516431,49.001902],[14.516515,49.001469],[14.516618,49.001025],[14.51688,49.000033],[14.517145,48.999273],[14.517484,48.998327],[14.517912,48.997347],[14.517958,48.997226],[14.518411,48.996162],[14.518491,48.995964],[14.518776,48.995319],[14.519178,48.994344],[14.519563,48.9933],[14.520042,48.991862],[14.520878,48.989308],[14.521631,48.987162],[14.521933,48.98626],[14.522181,48.985536],[14.52273,48.983881],[14.522775,48.983734],[14.52291,48.983176],[14.523035,48.982535],[14.52306,48.982203],[14.523077,48.981841],[14.523081,48.981472],[14.52305,48.9809],[14.523033,48.98074],[14.522971,48.980288],[14.522876,48.979824],[14.522711,48.979197],[14.522483,48.978604],[14.522127,48.977846],[14.521617,48.976992],[14.520884,48.976068],[14.519863,48.974887],[14.519382,48.974297],[14.518798,48.973565],[14.518301,48.972844],[14.517818,48.972023],[14.517482,48.971357],[14.517287,48.970921],[14.517122,48.970507],[14.517031,48.970274],[14.5168,48.969531],[14.516697,48.969142],[14.516573,48.968577],[14.516481,48.968082],[14.516296,48.966967],[14.516204,48.96643],[14.516087,48.965853],[14.515943,48.965305],[14.515759,48.964758],[14.515533,48.96421],[14.515267,48.96368],[14.515056,48.963313],[14.514613,48.962648],[14.514328,48.962278],[14.514081,48.961977],[14.513821,48.961685],[14.513487,48.961332],[14.513001,48.960874],[14.512662,48.960577],[14.511908,48.959956],[14.511127,48.95931],[14.510866,48.95909],[14.510327,48.958584],[14.509861,48.958072],[14.509515,48.957621],[14.509227,48.95718],[14.508986,48.956765],[14.508735,48.95621],[14.508635,48.955916],[14.508548,48.95564],[14.508474,48.955319],[14.5084,48.954959],[14.508372,48.954741],[14.508343,48.954444],[14.50833,48.954227],[14.508353,48.953522],[14.508417,48.95285],[14.50854,48.951834],[14.508577,48.951178],[14.508562,48.950655],[14.50848,48.950062],[14.508269,48.949203],[14.508064,48.948587],[14.507768,48.947892],[14.507332,48.94709],[14.506874,48.946423],[14.506355,48.945762],[14.505925,48.945291],[14.505527,48.944889],[14.50509,48.9445],[14.504868,48.944307],[14.503458,48.943039],[14.502551,48.942211],[14.502296,48.941977],[14.501132,48.940887],[14.49992,48.939657],[14.498874,48.938521],[14.498444,48.938049],[14.498058,48.937626],[14.497089,48.936475],[14.495485,48.93474],[14.495166,48.934401],[14.494819,48.934038],[14.494411,48.933622],[14.49398,48.93321],[14.49351,48.932773],[14.493122,48.932427],[14.49258,48.931961],[14.492332,48.931754],[14.491968,48.931461],[14.491598,48.931173],[14.491222,48.930887],[14.490839,48.930606],[14.490453,48.930329],[14.489644,48.929789],[14.488869,48.929308],[14.488018,48.928796],[14.487803,48.928666],[14.486736,48.928078],[14.484564,48.926928],[14.483548,48.926407],[14.481658,48.925412],[14.480774,48.92493],[14.479854,48.924394],[14.47943,48.924132],[14.478822,48.923735],[14.478517,48.923536],[14.477684,48.922936],[14.47689,48.92232],[14.476323,48.921852],[14.476018,48.921582],[14.475395,48.920998],[14.474833,48.920432],[14.473911,48.919412],[14.473673,48.919132],[14.472993,48.918232],[14.472509,48.917521],[14.471939,48.916574],[14.471664,48.916059],[14.471398,48.915503],[14.470906,48.914325],[14.470552,48.913105],[14.470143,48.910897],[14.470078,48.910221],[14.470064,48.909478],[14.470258,48.907568],[14.470646,48.904572],[14.470741,48.903578],[14.470841,48.902375],[14.470883,48.901488],[14.47089,48.901013],[14.470872,48.900107],[14.47078,48.898694],[14.470653,48.89742],[14.470502,48.896349],[14.470317,48.895405],[14.470208,48.894921],[14.470092,48.89443],[14.469963,48.893945],[14.469826,48.89346],[14.46968,48.892972],[14.469522,48.892491],[14.469359,48.892013],[14.469181,48.89153],[14.468922,48.890845],[14.468458,48.889767],[14.46802,48.888847],[14.467578,48.887963],[14.466642,48.886349],[14.466147,48.885549],[14.465626,48.884758],[14.465272,48.884272],[14.464826,48.883655],[14.464373,48.88305],[14.463395,48.881876],[14.462837,48.881238],[14.46208,48.88041],[14.461408,48.879713],[14.460715,48.879031],[14.45955,48.877939],[14.459176,48.877607],[14.458264,48.876812],[14.457751,48.8764],[14.457514,48.876198],[14.457064,48.875826],[14.455363,48.874459],[14.454989,48.874151],[14.454486,48.873743],[14.453477,48.872924],[14.452461,48.872066],[14.451723,48.871441],[14.450884,48.870689],[14.450351,48.870204],[14.450277,48.870132],[14.449983,48.869852],[14.449181,48.869034],[14.448364,48.868172],[14.447448,48.867153],[14.446528,48.866063],[14.445224,48.864436],[14.443758,48.862549],[14.442137,48.86063],[14.44183,48.860266],[14.441484,48.859863],[14.440653,48.858936],[14.438201,48.856472],[14.437855,48.856163],[14.435877,48.854307],[14.434944,48.853371],[14.433805,48.852217],[14.432745,48.851028],[14.432255,48.850455],[14.431749,48.84982],[14.430931,48.848719],[14.430117,48.847473],[14.429796,48.846952],[14.429259,48.845999],[14.428737,48.844983],[14.42856,48.844605],[14.428507,48.844493],[14.4284,48.844234],[14.428148,48.843648],[14.427993,48.843249],[14.427788,48.842701],[14.427596,48.842136],[14.427403,48.841511],[14.427229,48.840884],[14.427069,48.840239],[14.426961,48.839742],[14.426847,48.839137],[14.42674,48.838484],[14.42669,48.838095],[14.426643,48.83769],[14.426583,48.837016],[14.426557,48.836617],[14.426543,48.836209],[14.42653,48.835793],[14.426531,48.835377],[14.426542,48.834852],[14.426552,48.834502],[14.426569,48.834159],[14.426606,48.833682],[14.426647,48.833204],[14.426712,48.832608],[14.426781,48.832027],[14.426867,48.831388],[14.426956,48.830741],[14.427206,48.828961],[14.427339,48.828016],[14.427455,48.827188],[14.427536,48.82662],[14.427657,48.82574],[14.427793,48.824771],[14.427897,48.824019],[14.4281,48.822629],[14.428198,48.821969],[14.428305,48.821304],[14.428431,48.820581],[14.428574,48.819859],[14.428653,48.819479],[14.42874,48.819095],[14.428952,48.818249],[14.429121,48.817638],[14.429308,48.817024],[14.429409,48.816701],[14.429518,48.816374],[14.42972,48.815799],[14.429823,48.815519],[14.429928,48.815241],[14.430036,48.814962],[14.430146,48.814684],[14.430418,48.814039],[14.430706,48.813391],[14.430964,48.812832],[14.431239,48.812277],[14.431618,48.81155],[14.431976,48.810898],[14.432329,48.810292],[14.432695,48.809687],[14.433263,48.808792],[14.433849,48.807906],[14.434441,48.807037],[14.435043,48.806162],[14.435607,48.805352],[14.43626,48.80441],[14.436698,48.80378],[14.43714,48.803145],[14.437649,48.802399],[14.438239,48.801549],[14.441327,48.797086],[14.444037,48.793169],[14.444332,48.792756],[14.44482,48.792052],[14.445284,48.791379],[14.445648,48.790847],[14.44575,48.790697],[14.445949,48.790404],[14.446151,48.790104],[14.446415,48.78971],[14.446639,48.789366],[14.446883,48.788993],[14.447121,48.78862],[14.447358,48.788245],[14.447586,48.787872],[14.448027,48.787134],[14.448349,48.786572],[14.448679,48.78598],[14.448884,48.785601],[14.449085,48.785216],[14.449281,48.784835],[14.449523,48.784351],[14.449762,48.783859],[14.450105,48.783142],[14.450588,48.78207],[14.450952,48.781263],[14.451188,48.780739],[14.4516,48.779813],[14.452004,48.778903],[14.452185,48.77828],[14.452216,48.778182],[14.45224,48.778082],[14.452263,48.777971],[14.452288,48.777819],[14.452315,48.777522],[14.452346,48.777244],[14.452372,48.777066],[14.452399,48.776939],[14.452443,48.776821],[14.452517,48.776685],[14.452614,48.776551],[14.452704,48.776453],[14.452814,48.776343],[14.452845,48.776306],[14.452863,48.776279],[14.452875,48.77625],[14.452882,48.776214],[14.45288,48.776177],[14.45283,48.776121],[14.452793,48.776062],[14.452769,48.775999],[14.452761,48.775935],[14.452767,48.77587],[14.452787,48.775807],[14.452822,48.775746],[14.452869,48.77569],[14.452929,48.775639],[14.453,48.775594],[14.45308,48.775557],[14.453168,48.775528],[14.453261,48.775508],[14.453358,48.775498],[14.453456,48.775497],[14.453553,48.775506],[14.453647,48.775524],[14.453736,48.775551],[14.453818,48.775587],[14.453891,48.77563],[14.453953,48.77568],[14.454003,48.775735],[14.454029,48.775762],[14.45406,48.775785],[14.454096,48.775805],[14.454139,48.775823],[14.454186,48.775836],[14.454249,48.775844],[14.454353,48.775849],[14.454521,48.775838],[14.455953,48.775735],[14.457674,48.775593],[14.457707,48.77559],[14.458149,48.775557],[14.458937,48.775514],[14.459935,48.775479],[14.461267,48.775449],[14.461679,48.775461],[14.461871,48.775472],[14.462098,48.775488],[14.462854,48.775561],[14.463139,48.775586],[14.46349,48.775615],[14.463555,48.775621],[14.463635,48.775621],[14.463708,48.775613],[14.463774,48.775599],[14.463838,48.77558],[14.46381,48.775549],[14.463788,48.775518],[14.463772,48.775484],[14.463762,48.775449],[14.463758,48.775413],[14.463761,48.775377],[14.46377,48.775257],[14.463775,48.775197],[14.463808,48.775106],[14.463849,48.775048],[14.463906,48.774995],[14.46398,48.774956],[14.464058,48.774926],[14.464165,48.774904],[14.464207,48.7749],[14.464283,48.774893],[14.464918,48.774886],[14.465163,48.774884],[14.465376,48.774882],[14.465564,48.77488],[14.4658,48.77488],[14.465962,48.774867],[14.466069,48.774841],[14.466149,48.774817],[14.466234,48.774768],[14.466297,48.774718],[14.466366,48.774653],[14.466439,48.774557],[14.466685,48.774207],[14.466803,48.774048],[14.466925,48.773879],[14.466979,48.773805],[14.467202,48.7735],[14.467238,48.773449],[14.467456,48.773146],[14.467608,48.772935],[14.467638,48.772895],[14.467881,48.772566],[14.468431,48.771816],[14.468748,48.77138],[14.47199,48.766961],[14.472134,48.766762],[14.473456,48.764976],[14.474973,48.762904],[14.475249,48.762522],[14.475516,48.762161],[14.475613,48.762029],[14.475986,48.761524],[14.477899,48.758916],[14.479419,48.756819],[14.479791,48.756305],[14.480578,48.755226],[14.481043,48.754578],[14.481329,48.754143],[14.481848,48.753161],[14.48209,48.752703],[14.482259,48.752431],[14.482454,48.752163],[14.482901,48.751633],[14.483404,48.751073],[14.483645,48.750802],[14.483805,48.750594],[14.48392,48.750437],[14.484042,48.750253],[14.484269,48.749904],[14.484387,48.7497],[14.484586,48.749311],[14.484901,48.748475],[14.485028,48.748027],[14.485233,48.747109],[14.485384,48.746484],[14.485501,48.746058],[14.485603,48.74571],[14.485821,48.744978],[14.485968,48.744398],[14.486015,48.744036],[14.486028,48.743752],[14.485943,48.743172],[14.485798,48.742754],[14.485603,48.742346],[14.485329,48.741911],[14.485086,48.741625],[14.484591,48.741094],[14.48398,48.740605],[14.483609,48.740308],[14.482799,48.739669],[14.482418,48.739287],[14.482194,48.739029],[14.481991,48.738733],[14.48177,48.738351],[14.481645,48.738019],[14.481599,48.737873],[14.481544,48.737661],[14.481466,48.737202],[14.481378,48.736501],[14.481242,48.735378],[14.481138,48.734545],[14.480944,48.732987],[14.480901,48.732644],[14.480669,48.73083],[14.480651,48.730709],[14.480634,48.730573],[14.480438,48.729217],[14.48039,48.728871],[14.480382,48.728818],[14.480362,48.728661],[14.480356,48.728571],[14.480348,48.728492],[14.480282,48.728458],[14.480229,48.728416],[14.480191,48.728367],[14.48017,48.728314],[14.480168,48.728258],[14.480191,48.728192],[14.48024,48.728133],[14.480182,48.727991],[14.480167,48.727906],[14.48017,48.727825],[14.480072,48.727253],[14.479995,48.726876],[14.479899,48.726416],[14.479782,48.725802],[14.479589,48.724831],[14.479407,48.723929],[14.479276,48.723278],[14.479254,48.723154],[14.478851,48.721219],[14.47875,48.720726],[14.478734,48.720647],[14.478711,48.720538],[14.478681,48.720392],[14.478643,48.720204],[14.478508,48.719453],[14.478419,48.71899],[14.478328,48.718538],[14.478261,48.718222],[14.478156,48.717723],[14.477983,48.716995],[14.477794,48.716107],[14.477289,48.713638],[14.477052,48.712396],[14.477007,48.712154],[14.476918,48.711812],[14.476885,48.711703],[14.476839,48.711582],[14.476742,48.711351],[14.476685,48.711234],[14.47665,48.711166],[14.476605,48.711088],[14.476566,48.711028],[14.476525,48.710977],[14.476481,48.710926],[14.476338,48.710784],[14.476221,48.710677],[14.476085,48.710556],[14.475452,48.710037],[14.47512,48.709769],[14.471993,48.707302],[14.471461,48.706877],[14.470805,48.706364],[14.470598,48.706197],[14.470404,48.706025],[14.47023,48.705862],[14.470013,48.705626],[14.469869,48.705453],[14.469734,48.705271],[14.469636,48.705123],[14.469527,48.704924],[14.469431,48.704732],[14.469368,48.704579],[14.469296,48.704374],[14.469258,48.704261],[14.469216,48.704125],[14.469179,48.703968],[14.469151,48.703835],[14.469074,48.703326],[14.468987,48.702734],[14.468936,48.702401],[14.468886,48.702058],[14.468711,48.700948],[14.468641,48.700547],[14.468591,48.700341],[14.468542,48.700162],[14.468471,48.699949],[14.468404,48.699767],[14.468323,48.699574],[14.468249,48.699414],[14.468178,48.699272],[14.468091,48.699118],[14.467964,48.698907],[14.467873,48.698768],[14.467711,48.698513],[14.467324,48.697936],[14.467111,48.697617],[14.466858,48.697243],[14.46659,48.696888],[14.466404,48.696661],[14.466241,48.696474],[14.466071,48.696283],[14.465863,48.696061],[14.465672,48.695869],[14.465402,48.695617],[14.465092,48.695336],[14.464807,48.695094],[14.464382,48.694761],[14.463594,48.694185],[14.462937,48.693721],[14.462516,48.693414],[14.462269,48.693234],[14.462209,48.69319],[14.461931,48.692979],[14.461681,48.692758],[14.461479,48.692552],[14.461406,48.692477],[14.46129,48.692346],[14.461185,48.692214],[14.461085,48.692077],[14.460994,48.691938],[14.460911,48.691798],[14.460845,48.691671],[14.460706,48.691367],[14.460424,48.690751],[14.459929,48.689603],[14.459576,48.688782],[14.459464,48.688537],[14.459342,48.688299],[14.459235,48.688097],[14.458863,48.687429],[14.458564,48.68689],[14.458229,48.686287],[14.458096,48.686046],[14.458006,48.685884],[14.457857,48.685645],[14.457691,48.685404],[14.457543,48.685197],[14.457397,48.684997],[14.457301,48.684874],[14.457135,48.684669],[14.456928,48.684436],[14.456799,48.684296],[14.456672,48.684171],[14.456426,48.683943],[14.455569,48.683183],[14.45517,48.682829],[14.453458,48.68133],[14.452909,48.680842],[14.452721,48.680664],[14.452651,48.680593],[14.452593,48.680535],[14.452499,48.680426],[14.4524,48.680305],[14.452325,48.68021],[14.452037,48.679815],[14.451522,48.679096],[14.451325,48.678813],[14.451195,48.678619],[14.450635,48.677855],[14.450092,48.677065],[14.449883,48.676793],[14.449342,48.67609],[14.44858,48.675121],[14.448232,48.674599],[14.448088,48.674329],[14.447766,48.673452],[14.447476,48.672471],[14.447421,48.672064],[14.447299,48.671073],[14.447294,48.671031],[14.447191,48.670207],[14.447115,48.669636],[14.447025,48.669025],[14.446958,48.668649],[14.446889,48.668266],[14.446829,48.667955],[14.446744,48.667558],[14.446657,48.66717],[14.446598,48.666922],[14.446501,48.666533],[14.446402,48.666154],[14.446246,48.665607],[14.446106,48.665137],[14.445979,48.664758],[14.445854,48.664377],[14.445695,48.663918],[14.445582,48.663608],[14.445413,48.663162],[14.44525,48.662748],[14.445067,48.662314],[14.444898,48.661923],[14.444699,48.661484],[14.444494,48.661052],[14.444161,48.660391],[14.444005,48.660087],[14.443741,48.659594],[14.443542,48.659226],[14.443314,48.658811],[14.443145,48.658502],[14.443004,48.658249],[14.442815,48.657902],[14.442653,48.65758],[14.442538,48.657332],[14.442427,48.657076],[14.44236,48.656901],[14.442234,48.656498],[14.442165,48.656202],[14.442119,48.655952],[14.442092,48.655735],[14.442067,48.6554],[14.442064,48.655229],[14.442071,48.654949],[14.442085,48.654757],[14.442116,48.654504],[14.44217,48.654242],[14.442226,48.653969],[14.442306,48.65371],[14.442365,48.653541],[14.442434,48.653357],[14.442515,48.653169],[14.442665,48.652855],[14.442799,48.652616],[14.442939,48.65238],[14.443058,48.652203],[14.443195,48.65202],[14.443535,48.651606],[14.443939,48.651159],[14.444316,48.650815],[14.444662,48.650529],[14.445096,48.650209],[14.445394,48.649992],[14.446447,48.649336],[14.446932,48.649039],[14.447374,48.648774],[14.447933,48.648443],[14.448571,48.648056],[14.449398,48.647549],[14.449946,48.647064],[14.450628,48.646669],[14.451691,48.646049],[14.452296,48.645696],[14.452476,48.645587],[14.45276,48.645415],[14.453049,48.645241],[14.453324,48.645105],[14.453631,48.644936],[14.453894,48.644778],[14.453968,48.644706],[14.454041,48.644636],[14.454127,48.644552],[14.454191,48.644491],[14.454458,48.644233],[14.454511,48.644172],[14.454556,48.644117],[14.454589,48.644061],[14.454614,48.644013],[14.454631,48.643952],[14.454719,48.643539],[14.454736,48.643425],[14.454736,48.643322],[14.454723,48.643238],[14.454679,48.643113],[14.454605,48.642958],[14.454515,48.642807],[14.454415,48.642689],[14.454176,48.642444],[14.453985,48.642239],[14.453908,48.642152],[14.453806,48.642043],[14.453717,48.641938],[14.453669,48.641866],[14.453577,48.641688],[14.453527,48.641502],[14.453507,48.641328],[14.453508,48.641176],[14.453524,48.640992],[14.453578,48.640759],[14.453662,48.640533],[14.453774,48.6403],[14.453972,48.639981],[14.454032,48.639897],[14.454167,48.639708],[14.454406,48.639417],[14.45474,48.639047],[14.455019,48.638764],[14.45535,48.638459],[14.455638,48.638214],[14.455933,48.63798],[14.45618,48.637791],[14.456508,48.637559],[14.45689,48.637313],[14.457022,48.637229],[14.457748,48.636785],[14.457826,48.636737],[14.458016,48.63662],[14.458206,48.636493],[14.458222,48.636481],[14.458352,48.63639],[14.458478,48.636291],[14.458669,48.63612],[14.458824,48.635963],[14.458952,48.635813],[14.459101,48.635618],[14.459244,48.635388],[14.459362,48.635181],[14.459651,48.63469],[14.459676,48.634646],[14.459871,48.634342],[14.460009,48.634152],[14.460117,48.634009],[14.460296,48.633792],[14.46051,48.633537],[14.460792,48.63323],[14.461005,48.633017],[14.461286,48.632754],[14.461524,48.632543],[14.461872,48.632262],[14.462172,48.632037],[14.462513,48.631795],[14.462785,48.631618],[14.463128,48.631408],[14.463386,48.631257],[14.463803,48.631029],[14.464336,48.630759],[14.464785,48.63056],[14.465412,48.630292],[14.465865,48.630102],[14.466305,48.629905],[14.466722,48.629708],[14.467054,48.629538],[14.467423,48.629337],[14.467748,48.629148],[14.468155,48.628891],[14.468334,48.628772],[14.468519,48.628641],[14.468751,48.628477],[14.469035,48.628258],[14.469461,48.627905],[14.469743,48.627648],[14.469878,48.627518],[14.470025,48.627369],[14.470247,48.627134],[14.47041,48.626952],[14.470586,48.626739],[14.470797,48.626465],[14.47097,48.626228],[14.471175,48.625915],[14.471326,48.625663],[14.471501,48.625338],[14.471624,48.625079],[14.471733,48.624821],[14.471814,48.624609],[14.471866,48.624458],[14.471936,48.624249],[14.471993,48.624046],[14.472062,48.623762],[14.472109,48.623508],[14.472142,48.623294],[14.472168,48.623051],[14.472185,48.622869],[14.472195,48.622553],[14.472192,48.622251],[14.472166,48.621892],[14.472132,48.621626],[14.472099,48.621435],[14.472035,48.621119],[14.471965,48.620828],[14.471839,48.620385],[14.471777,48.620173],[14.471686,48.619857],[14.471627,48.619618],[14.471569,48.619347],[14.471524,48.619062],[14.471521,48.619033],[14.4715,48.618843],[14.471483,48.618508],[14.471481,48.618201],[14.47149,48.617894],[14.471512,48.617543],[14.471558,48.617206],[14.471627,48.616808],[14.471737,48.616323],[14.471811,48.616012],[14.471902,48.615677],[14.472054,48.615178],[14.472246,48.614602],[14.472435,48.614101],[14.472704,48.613453],[14.472838,48.613157],[14.473051,48.612715],[14.473297,48.612239],[14.473478,48.611914],[14.47362,48.611666],[14.473856,48.611287],[14.474255,48.610675],[14.474848,48.609816],[14.47516,48.609346],[14.475537,48.608784],[14.475636,48.608635],[14.475788,48.608408],[14.476136,48.607889],[14.476658,48.607098],[14.477033,48.606516],[14.47734,48.606019],[14.477692,48.605416],[14.477933,48.604978],[14.4781,48.604658],[14.478378,48.604093],[14.478608,48.603588],[14.478779,48.603184],[14.478885,48.602919],[14.479022,48.602567],[14.479225,48.602005],[14.479354,48.601623],[14.479453,48.601286],[14.479538,48.600948],[14.47961,48.600618],[14.479651,48.600377],[14.479683,48.600135],[14.479702,48.599874],[14.479708,48.599566],[14.479708,48.599281],[14.479676,48.598855],[14.479632,48.598465],[14.479581,48.598128],[14.47953,48.597861],[14.47948,48.597652],[14.479389,48.597348],[14.479291,48.597047],[14.479189,48.596781],[14.479113,48.596592],[14.479013,48.596359],[14.47888,48.596089],[14.478723,48.595813],[14.478513,48.595481],[14.478395,48.595301],[14.47825,48.595089],[14.478059,48.594827],[14.477693,48.594363],[14.477371,48.593953],[14.477143,48.593671],[14.476917,48.593375],[14.476718,48.593088],[14.476547,48.592819],[14.476347,48.592465],[14.476136,48.592031],[14.476033,48.591786],[14.475902,48.591433],[14.475808,48.591122],[14.475734,48.59083],[14.475676,48.590544],[14.475646,48.590353],[14.475596,48.589934],[14.475547,48.589457],[14.47549,48.588854],[14.475453,48.588482],[14.475396,48.588126],[14.47539,48.588086],[14.475243,48.58755],[14.475141,48.587251],[14.475004,48.5869],[14.474895,48.586656],[14.474876,48.586613],[14.47482,48.5865],[14.474675,48.586226],[14.4745,48.585927],[14.474008,48.585136],[14.473697,48.58463],[14.473553,48.584398],[14.473366,48.584096],[14.473264,48.583922],[14.473117,48.583652],[14.472972,48.583351],[14.472851,48.583059],[14.472718,48.582699],[14.472611,48.582341],[14.472534,48.582018],[14.47248,48.581734],[14.472438,48.581416],[14.472406,48.581051],[14.472403,48.580657],[14.472416,48.580329],[14.472452,48.579994],[14.472509,48.579632],[14.472576,48.579316],[14.472661,48.579021],[14.472748,48.578737],[14.472858,48.57845],[14.473288,48.577456],[14.473412,48.577131],[14.473493,48.576881],[14.473542,48.576699],[14.473582,48.576514],[14.47362,48.576305],[14.473649,48.576049],[14.473657,48.575754],[14.473651,48.575509],[14.473607,48.575151],[14.473536,48.574813],[14.473427,48.574487],[14.473378,48.574421],[14.473319,48.574359],[14.473272,48.574315],[14.473198,48.574241],[14.473119,48.574168],[14.472931,48.574007],[14.472725,48.573848],[14.47249,48.573675],[14.472243,48.573509],[14.471922,48.573318],[14.471515,48.573111],[14.471068,48.572906],[14.470857,48.572801],[14.470717,48.572723],[14.470588,48.572642],[14.47049,48.572572],[14.470405,48.572507],[14.470317,48.572423],[14.47026,48.572352],[14.47022,48.572283],[14.470186,48.572205],[14.470161,48.572119],[14.470147,48.572021],[14.470145,48.571939],[14.470157,48.571856],[14.47018,48.571771],[14.47022,48.571678],[14.470277,48.571576],[14.470352,48.57147],[14.470451,48.571351],[14.470521,48.571277],[14.470608,48.571194],[14.470693,48.571127],[14.470791,48.571056],[14.470886,48.570997],[14.470996,48.570936],[14.471094,48.570883],[14.471215,48.570824],[14.471378,48.570754],[14.47152,48.570691],[14.471609,48.570644],[14.471679,48.570599],[14.471757,48.570542],[14.471829,48.570479],[14.471888,48.570415],[14.471979,48.570301],[14.472039,48.570195],[14.472195,48.569849],[14.472298,48.569485],[14.472307,48.569455],[14.472393,48.569188],[14.472464,48.568965],[14.472576,48.568618],[14.472655,48.568316],[14.472707,48.568051],[14.472748,48.567763],[14.472769,48.567489],[14.472786,48.567102],[14.472814,48.566323],[14.472834,48.566022],[14.472873,48.565726],[14.472909,48.565521],[14.47298,48.565211],[14.473054,48.56495],[14.473129,48.564735],[14.473242,48.564451],[14.473371,48.564175],[14.473652,48.563626],[14.474035,48.562923],[14.475065,48.561083],[14.475124,48.560977],[14.475313,48.560635],[14.475393,48.560511],[14.475447,48.560441],[14.475524,48.560351],[14.47569,48.560178],[14.475775,48.560088],[14.475836,48.560031],[14.475904,48.559975],[14.476102,48.559813],[14.476264,48.559665],[14.476406,48.559533],[14.476501,48.55943],[14.476542,48.559351],[14.476577,48.559251],[14.47663,48.55908],[14.476691,48.558878],[14.476765,48.558623],[14.476783,48.558564],[14.4768,48.558505],[14.476828,48.558417],[14.47685,48.558366],[14.47688,48.558318],[14.476941,48.558252],[14.477035,48.558185],[14.477137,48.558128],[14.477275,48.558057],[14.47769,48.557843],[14.477735,48.557819],[14.478131,48.557609],[14.47825,48.557544],[14.478352,48.55747],[14.478439,48.557384],[14.478492,48.5573],[14.478529,48.557235],[14.478557,48.55716],[14.478573,48.557077],[14.478574,48.556946],[14.478552,48.556614],[14.478546,48.55653],[14.478533,48.556329],[14.478512,48.556024],[14.478509,48.555899],[14.478511,48.555827],[14.478526,48.555762],[14.478554,48.5557],[14.478585,48.55565],[14.478621,48.555601],[14.4787,48.555532],[14.478774,48.555483],[14.478859,48.555439],[14.478963,48.555395],[14.479166,48.555318],[14.479642,48.555157],[14.480252,48.554939],[14.480584,48.554806],[14.48087,48.554682],[14.481099,48.554576],[14.481348,48.554456],[14.481615,48.554312],[14.481884,48.554158],[14.482113,48.554023],[14.482287,48.55391],[14.4825,48.553763],[14.48273,48.553597],[14.482971,48.553417],[14.483067,48.553339],[14.483301,48.553134],[14.483482,48.552963],[14.483669,48.552779],[14.483878,48.552555],[14.484006,48.552411],[14.484145,48.552247],[14.484277,48.552075],[14.484421,48.551866],[14.484649,48.551497],[14.484867,48.551143],[14.485242,48.55053],[14.485354,48.550336],[14.485455,48.550145],[14.485524,48.549982],[14.485594,48.549774],[14.485645,48.549621],[14.485694,48.549426],[14.485703,48.549366],[14.485722,48.549242],[14.485743,48.549017],[14.485747,48.548832],[14.485724,48.548326],[14.48568,48.547313],[14.485672,48.547125],[14.485688,48.546942],[14.485723,48.546753],[14.485777,48.546574],[14.485842,48.546428],[14.485959,48.54619],[14.486035,48.546064],[14.486095,48.545971],[14.486887,48.544783],[14.486919,48.544736],[14.486979,48.544646],[14.487041,48.544554],[14.487141,48.544402],[14.487231,48.544244],[14.487324,48.544056],[14.487379,48.543896],[14.487411,48.543778],[14.487438,48.543633],[14.487451,48.543485],[14.487441,48.543292],[14.487395,48.54287],[14.487379,48.542642],[14.487384,48.542462],[14.487411,48.542295],[14.487456,48.542135],[14.487536,48.541945],[14.48763,48.541772],[14.487753,48.541588],[14.487855,48.541461],[14.487988,48.541322],[14.488173,48.541159],[14.488525,48.540868],[14.488659,48.540754],[14.488761,48.540658],[14.4889,48.540511],[14.489026,48.540363],[14.489166,48.540179],[14.489269,48.540024],[14.48936,48.539861],[14.489457,48.539665],[14.489523,48.539512],[14.489695,48.53911],[14.489853,48.538733],[14.490308,48.537666],[14.490356,48.53756],[14.490451,48.537357],[14.490508,48.537256],[14.490619,48.537097],[14.490739,48.536958],[14.490858,48.536836],[14.490912,48.536788],[14.491079,48.536668],[14.491245,48.536554],[14.491434,48.536441],[14.491595,48.536355],[14.491771,48.536278],[14.491991,48.536193],[14.492349,48.536077],[14.492635,48.535989],[14.495364,48.535156],[14.496304,48.534863],[14.496729,48.534731],[14.497094,48.534623],[14.497422,48.534536],[14.497786,48.534464],[14.498179,48.534406],[14.498457,48.534372],[14.498679,48.534351],[14.498982,48.534338],[14.499444,48.534336],[14.49986,48.534336],[14.500267,48.534332],[14.500449,48.534325],[14.500614,48.534308],[14.500798,48.53428],[14.500954,48.534251],[14.50115,48.534207],[14.501281,48.534171],[14.501516,48.534097],[14.501686,48.534036],[14.501903,48.533954],[14.502081,48.533884],[14.502227,48.533824],[14.502401,48.533745],[14.502552,48.533668],[14.502795,48.533533],[14.503026,48.533397],[14.503099,48.533345],[14.503164,48.533291],[14.503222,48.533225],[14.503269,48.533148],[14.503311,48.533065],[14.503346,48.53298],[14.503399,48.532836],[14.503431,48.532747],[14.503888,48.531491],[14.503966,48.531308],[14.504047,48.531159],[14.504555,48.530361],[14.505007,48.529654],[14.505403,48.529031],[14.505493,48.528872],[14.505554,48.528745],[14.505587,48.528658],[14.505618,48.528562],[14.505638,48.528488],[14.505665,48.528286],[14.505662,48.528127],[14.505644,48.527985],[14.505611,48.527846],[14.505532,48.527598],[14.505444,48.527392],[14.50533,48.527152],[14.50515,48.526789],[14.505056,48.526593],[14.504986,48.526416],[14.50495,48.526297],[14.504926,48.526204],[14.504896,48.526023],[14.504887,48.525814],[14.5049,48.525523],[14.50484,48.525264],[14.504829,48.525217],[14.504723,48.525183],[14.50464,48.525128],[14.504593,48.525071],[14.504573,48.525003],[14.504588,48.524933],[14.504627,48.524866],[14.504698,48.524811],[14.504792,48.524773],[14.504875,48.524758],[14.504961,48.524756],[14.505011,48.524722],[14.505055,48.524687],[14.505162,48.524587],[14.505232,48.52452],[14.505324,48.524447],[14.505412,48.524386],[14.505518,48.524316],[14.505619,48.524259],[14.505734,48.524198],[14.505854,48.524142],[14.505992,48.524085],[14.50617,48.524021],[14.506875,48.523789],[14.507152,48.523691],[14.507739,48.523468],[14.508236,48.523259],[14.508698,48.52304],[14.509533,48.522642],[14.510957,48.521955],[14.511665,48.52163],[14.511976,48.521476],[14.512399,48.521248],[14.512944,48.520907],[14.513156,48.520775],[14.513304,48.520668],[14.513497,48.520527],[14.513648,48.520409],[14.513954,48.520156],[14.514228,48.519908],[14.514524,48.519608],[14.514769,48.519338],[14.515025,48.519021],[14.515175,48.518809],[14.515327,48.518571],[14.515399,48.518459],[14.515509,48.518287],[14.515559,48.518187],[14.515605,48.518103],[14.515631,48.518044],[14.515858,48.517511],[14.515948,48.517246],[14.516068,48.516825],[14.516147,48.516339],[14.516159,48.515548],[14.516145,48.515198],[14.516132,48.514675],[14.516133,48.514649],[14.51614,48.514388],[14.516162,48.514125],[14.516198,48.513858],[14.516278,48.513441],[14.516405,48.512942],[14.516553,48.512418],[14.516647,48.512158],[14.51675,48.51187],[14.516902,48.511556],[14.517058,48.511265],[14.517391,48.510779],[14.517705,48.510396],[14.518221,48.509811],[14.518404,48.50959],[14.518567,48.509398],[14.518892,48.508937],[14.519141,48.508529],[14.519269,48.508298],[14.519388,48.508049],[14.519584,48.50758],[14.519888,48.506759],[14.519923,48.506644],[14.520005,48.506333],[14.520033,48.506112],[14.520059,48.5058],[14.520049,48.505405],[14.520033,48.505151],[14.520001,48.504904],[14.519963,48.50466],[14.519869,48.504295],[14.519794,48.504043],[14.519689,48.503744],[14.519553,48.503405],[14.51932,48.502955],[14.519143,48.502651],[14.51901,48.502445],[14.518796,48.502136],[14.518497,48.501715],[14.518472,48.501679],[14.518198,48.501275],[14.518124,48.501157],[14.518005,48.500966],[14.517962,48.500897],[14.517795,48.500612],[14.517736,48.500509],[14.517639,48.500339],[14.517447,48.499979],[14.517393,48.499877],[14.517245,48.499575],[14.517093,48.499233],[14.51693,48.498827],[14.516835,48.498564],[14.51679,48.498439],[14.516598,48.497836],[14.516514,48.49752],[14.516477,48.49735],[14.516436,48.497114],[14.516393,48.496781],[14.516333,48.496286],[14.516262,48.495805],[14.516171,48.495332],[14.516005,48.494698],[14.51595,48.494535],[14.51593,48.494485],[14.515828,48.494242],[14.515749,48.49408],[14.51559,48.493809],[14.515339,48.493444],[14.515315,48.493414],[14.515078,48.493118],[14.514786,48.492813],[14.51444,48.492494],[14.514272,48.492354],[14.514232,48.492325],[14.514007,48.492159],[14.513962,48.492129],[14.513634,48.491909],[14.513055,48.491521],[14.512709,48.491292],[14.511967,48.490814],[14.510932,48.490141],[14.510028,48.489557],[14.509352,48.489117],[14.508631,48.488647],[14.508143,48.48833],[14.507764,48.488086],[14.50732,48.487801],[14.50697,48.487576],[14.506427,48.487218],[14.505781,48.486796],[14.505488,48.486601],[14.505259,48.486454],[14.505089,48.486344],[14.50506,48.486325],[14.504651,48.486056],[14.504518,48.485958],[14.504474,48.485926],[14.503896,48.485523],[14.503555,48.485267],[14.503348,48.485123],[14.503088,48.484928],[14.502819,48.484716],[14.502578,48.484526],[14.502335,48.484325],[14.50203,48.484052],[14.501636,48.483712],[14.501563,48.483638],[14.501256,48.483318],[14.500939,48.48292],[14.50072,48.48258],[14.50051,48.482201],[14.500318,48.481731],[14.500251,48.481474],[14.500199,48.481202],[14.500154,48.480887],[14.500143,48.480551],[14.500151,48.480324],[14.500176,48.480057],[14.500219,48.479813],[14.500337,48.479362],[14.500399,48.479205],[14.500606,48.478686],[14.500744,48.478323],[14.500874,48.47795],[14.500983,48.477558],[14.501067,48.477152],[14.501113,48.476838],[14.501151,48.476356],[14.501181,48.475631],[14.501211,48.474914],[14.501278,48.473881],[14.501372,48.472957],[14.501454,48.472303],[14.501555,48.471646],[14.501735,48.470619],[14.501885,48.469899],[14.502096,48.468989],[14.502338,48.4681],[14.502685,48.466919],[14.502843,48.466352],[14.502928,48.465997],[14.502976,48.465723],[14.503006,48.465419],[14.50302,48.465048],[14.503003,48.464652],[14.502955,48.464271],[14.502882,48.46391],[14.502803,48.463621],[14.502751,48.46343],[14.50261,48.462956],[14.502462,48.462512],[14.50223,48.461875],[14.501819,48.460812],[14.50151,48.460077],[14.501483,48.460012],[14.50132,48.459638],[14.500934,48.458816],[14.500278,48.457519],[14.499916,48.456852],[14.499671,48.4564],[14.499085,48.455441],[14.498652,48.454759],[14.497913,48.453637],[14.497149,48.452501],[14.496727,48.451852],[14.496492,48.451519],[14.496338,48.451292],[14.495906,48.450656],[14.495569,48.450188],[14.495189,48.449716],[14.494817,48.449299],[14.494525,48.448985],[14.49417,48.448631],[14.493767,48.448257],[14.493262,48.447827],[14.492829,48.447481],[14.492465,48.447207],[14.492095,48.446948],[14.491566,48.446594],[14.491268,48.446407],[14.490952,48.44622],[14.490517,48.445971],[14.48986,48.445617],[14.489524,48.445446],[14.489155,48.445264],[14.488629,48.445024],[14.487499,48.444515],[14.486913,48.444237],[14.486266,48.443908],[14.485574,48.443523],[14.485071,48.443223],[14.484696,48.442982],[14.484312,48.442723],[14.483897,48.442424],[14.483573,48.442181],[14.483143,48.441835],[14.482827,48.441564],[14.482512,48.441283],[14.482192,48.440979],[14.481824,48.440606],[14.481573,48.440326],[14.481364,48.44006],[14.481207,48.439835],[14.481076,48.439628],[14.480927,48.439358],[14.480801,48.439083],[14.480705,48.438835],[14.48063,48.438601],[14.480573,48.438367],[14.48053,48.438138],[14.480495,48.437862],[14.48049,48.437727],[14.480485,48.437591],[14.48049,48.43732],[14.480514,48.437077],[14.480564,48.436783],[14.480636,48.436494],[14.480719,48.436253],[14.480863,48.435903],[14.480997,48.435614],[14.481298,48.435048],[14.481397,48.434852],[14.481484,48.434666],[14.481567,48.434462],[14.481637,48.434274],[14.481699,48.434073],[14.481758,48.433868],[14.481802,48.433683],[14.481917,48.43316],[14.481958,48.432983],[14.482003,48.432822],[14.482086,48.43258],[14.482164,48.432391],[14.482289,48.432152],[14.482455,48.431862],[14.482642,48.431586],[14.482815,48.431352],[14.483032,48.431095],[14.483296,48.430814],[14.483546,48.430575],[14.483888,48.43028],[14.484248,48.43],[14.484958,48.429478],[14.488655,48.426792],[14.489057,48.426486],[14.489362,48.426232],[14.489606,48.426013],[14.489868,48.425749],[14.490188,48.425381],[14.490428,48.425044],[14.490632,48.424703],[14.49079,48.424402],[14.490909,48.424122],[14.491014,48.423818],[14.49109,48.423511],[14.491152,48.423203],[14.49118,48.42286],[14.491181,48.422546],[14.491155,48.422189],[14.491098,48.421854],[14.491014,48.421521],[14.490879,48.421131],[14.490644,48.420523],[14.490389,48.41993],[14.490222,48.419587],[14.490038,48.41929],[14.489798,48.418978],[14.489637,48.418798],[14.489425,48.418584],[14.489296,48.418461],[14.489105,48.418303],[14.488936,48.418174],[14.488783,48.418065],[14.48859,48.417936],[14.488338,48.417781],[14.48732,48.417212],[14.486992,48.41701],[14.48672,48.416822],[14.486473,48.416638],[14.4862,48.416411],[14.486046,48.416276],[14.485829,48.416055],[14.485555,48.415754],[14.485333,48.415469],[14.485141,48.415183],[14.484974,48.414883],[14.484822,48.414558],[14.484703,48.41423],[14.484636,48.413994],[14.484571,48.413687],[14.484521,48.413248],[14.484465,48.412646],[14.48441,48.412305],[14.484325,48.411922],[14.484207,48.411544],[14.483985,48.410994],[14.48375,48.410433],[14.483556,48.409934],[14.483513,48.409819],[14.483324,48.409268],[14.483111,48.408491],[14.483002,48.408018],[14.482936,48.407685],[14.482825,48.407032],[14.482755,48.406392],[14.482666,48.404653],[14.482593,48.403946],[14.482451,48.403104],[14.482276,48.402377],[14.482039,48.401598],[14.481526,48.400221],[14.481382,48.399704],[14.481282,48.399198],[14.481231,48.398748],[14.481204,48.398133],[14.481235,48.397545],[14.481327,48.396965],[14.48147,48.396392],[14.481637,48.395904],[14.481863,48.395388],[14.482127,48.394876],[14.482929,48.393631],[14.483326,48.392974],[14.48368,48.392323],[14.483946,48.391773],[14.484265,48.391026],[14.484472,48.390489],[14.484712,48.389742],[14.484878,48.389104],[14.484998,48.388529],[14.485104,48.387929],[14.485194,48.387216],[14.485233,48.386396],[14.485237,48.385802],[14.485218,48.385253],[14.485148,48.384487],[14.485055,48.383874],[14.484962,48.383345],[14.484788,48.382622],[14.484533,48.381766],[14.484231,48.380974],[14.483952,48.380337],[14.483807,48.380037],[14.483513,48.379454],[14.483251,48.378992],[14.482953,48.378505],[14.482544,48.377884],[14.482176,48.377373],[14.481803,48.376896],[14.481448,48.376465],[14.481077,48.376041],[14.48037,48.37525],[14.480054,48.374856],[14.47976,48.374442],[14.479535,48.374072],[14.479343,48.373713],[14.479174,48.373348],[14.479045,48.373025],[14.478951,48.372737],[14.478871,48.37243],[14.478797,48.372064],[14.478757,48.371692],[14.478743,48.371316],[14.478756,48.370919],[14.478813,48.370559],[14.478898,48.370105],[14.478995,48.369773],[14.479046,48.369616],[14.479151,48.369353],[14.479284,48.369072],[14.479427,48.368802],[14.479596,48.368518],[14.479855,48.368137],[14.480378,48.36746],[14.480759,48.366975],[14.480909,48.366778],[14.481096,48.366524],[14.481252,48.366284],[14.481377,48.366065],[14.481465,48.365892],[14.481533,48.365739],[14.481604,48.365569],[14.481675,48.365365],[14.481734,48.365152],[14.481795,48.364869],[14.481822,48.364676],[14.481836,48.364484],[14.481847,48.364193],[14.481829,48.363909],[14.481789,48.363647],[14.481736,48.363395],[14.481634,48.363056],[14.481509,48.362737],[14.481338,48.3624],[14.481132,48.36207],[14.480903,48.361757],[14.480674,48.361487],[14.480437,48.361241],[14.48012,48.360956],[14.479789,48.360695],[14.479441,48.360451],[14.479156,48.360279],[14.478829,48.360094],[14.478388,48.359876],[14.477994,48.359704],[14.477507,48.359517],[14.477075,48.35937],[14.476619,48.359233],[14.476154,48.359111],[14.475769,48.359024],[14.475441,48.358954],[14.475057,48.358885],[14.474641,48.358823],[14.474266,48.358776],[14.473965,48.358743],[14.473441,48.3587],[14.47285,48.358676],[14.472331,48.358671],[14.471912,48.35868],[14.471466,48.358701],[14.470862,48.358744],[14.470219,48.358797],[14.468803,48.35892],[14.468674,48.358931],[14.468057,48.358983],[14.467594,48.359021],[14.467233,48.359041],[14.466845,48.359051],[14.466474,48.359047],[14.466089,48.359028],[14.465726,48.358997],[14.465286,48.358942],[14.464877,48.358871],[14.464472,48.358784],[14.464048,48.358672],[14.463657,48.358548],[14.463244,48.358395],[14.462891,48.358241],[14.462539,48.35807],[14.462153,48.357849],[14.461804,48.357619],[14.461532,48.357413],[14.461281,48.357201],[14.461045,48.356975],[14.460821,48.356723],[14.460451,48.356267],[14.45987,48.355443],[14.459298,48.35456],[14.458303,48.352904],[14.457856,48.352157],[14.457496,48.351572],[14.457065,48.350911],[14.456788,48.35051],[14.456381,48.349945],[14.455996,48.349452],[14.455592,48.348959],[14.455204,48.348499],[14.454383,48.347606],[14.453447,48.346684],[14.452814,48.346104],[14.452055,48.345455],[14.451263,48.344816],[14.450653,48.344356],[14.449992,48.343877],[14.449349,48.343436],[14.448475,48.342873],[14.447717,48.342413],[14.447159,48.34209],[14.447034,48.34202],[14.446623,48.341792],[14.446404,48.34167],[14.445917,48.34141],[14.445076,48.340984],[14.444221,48.340571],[14.443333,48.340174],[14.442299,48.339737],[14.441398,48.339383],[14.440599,48.339087],[14.439909,48.338844],[14.439145,48.33859],[14.438281,48.338319],[14.437646,48.338129],[14.436789,48.33789],[14.435829,48.337641],[14.435237,48.337496],[14.434595,48.33735],[14.433819,48.337182],[14.432832,48.33699],[14.43223,48.336881],[14.43136,48.336738],[14.430436,48.336602],[14.429629,48.3365],[14.428969,48.33643],[14.428353,48.336374],[14.427724,48.336331],[14.427047,48.336299],[14.426419,48.336284],[14.425704,48.336279],[14.424979,48.336294],[14.424388,48.336319],[14.423812,48.336354],[14.423286,48.336395],[14.422551,48.33647],[14.421939,48.336546],[14.421395,48.336625],[14.420643,48.336754],[14.41998,48.336882],[14.419177,48.337055],[14.417987,48.337336],[14.41696,48.337578],[14.416233,48.337735],[14.41561,48.337857],[14.415128,48.337943],[14.414378,48.338059],[14.413857,48.338125],[14.413297,48.33819],[14.412609,48.338254],[14.411499,48.338326],[14.41033,48.338377],[14.408809,48.338423],[14.407381,48.338447],[14.406473,48.338451],[14.406074,48.338453],[14.40483,48.338446],[14.404071,48.338433],[14.403317,48.338417],[14.402386,48.338391],[14.401326,48.338348],[14.400237,48.338296],[14.399362,48.338248],[14.39843,48.338188],[14.39742,48.338111],[14.396556,48.338039],[14.395448,48.337936],[14.394629,48.337854],[14.393412,48.33772],[14.392188,48.33757],[14.391244,48.337446],[14.389592,48.337205],[14.388142,48.336973],[14.386615,48.336709],[14.385392,48.336477],[14.384026,48.336206],[14.382378,48.335873],[14.380821,48.335553],[14.379523,48.33531],[14.378614,48.335154],[14.377825,48.335032],[14.377175,48.33494],[14.376388,48.33484],[14.375987,48.334789],[14.375078,48.334692],[14.374339,48.334621],[14.373585,48.334558],[14.372801,48.334504],[14.372286,48.334473],[14.371408,48.334434],[14.37061,48.334406],[14.368709,48.334357],[14.367788,48.334343],[14.36555,48.334338],[14.363548,48.334358],[14.362615,48.334384],[14.361698,48.334411],[14.360205,48.334465],[14.35847,48.334549],[14.357231,48.334622],[14.356001,48.334705],[14.355019,48.334784],[14.354123,48.33487],[14.35353,48.334936],[14.352951,48.335009],[14.352466,48.335075],[14.351842,48.335173],[14.350677,48.335382],[14.349547,48.335619],[14.348837,48.335792],[14.348216,48.335953],[14.347583,48.336129],[14.347115,48.336266],[14.34602,48.336608],[14.344866,48.33698],[14.344075,48.337228],[14.343568,48.337375],[14.343084,48.337501],[14.342652,48.337602],[14.342212,48.337691],[14.341942,48.33774],[14.34157,48.337804],[14.341079,48.33787],[14.340761,48.337906],[14.340107,48.337961],[14.339702,48.337984],[14.339235,48.337999],[14.338742,48.338005],[14.338241,48.337994],[14.337715,48.33797],[14.337349,48.337944],[14.336984,48.33791],[14.336495,48.337852],[14.336084,48.337791],[14.335825,48.337747],[14.335658,48.337719],[14.335176,48.337626],[14.334769,48.337532],[14.334398,48.337441],[14.334013,48.337335],[14.33364,48.337223],[14.33323,48.337089],[14.332829,48.336945],[14.332399,48.336774],[14.332042,48.336617],[14.33163,48.336424],[14.331232,48.336222],[14.330759,48.335961],[14.330339,48.335704],[14.329927,48.335422],[14.32956,48.335146],[14.329206,48.334859],[14.329075,48.334744],[14.3289,48.334584],[14.328776,48.334463],[14.32858,48.334267],[14.328328,48.333994],[14.328027,48.333641],[14.327793,48.333346],[14.327513,48.332978],[14.327218,48.332596],[14.327011,48.332324],[14.32679,48.332037],[14.326627,48.331819],[14.32624,48.331319],[14.326129,48.331182],[14.325968,48.33098],[14.325637,48.330596],[14.325476,48.330426],[14.325299,48.330249],[14.32513,48.330103],[14.324856,48.32986],[14.324601,48.329647],[14.324355,48.329455],[14.323968,48.329178],[14.323922,48.329147],[14.323723,48.329014],[14.323371,48.328797],[14.323039,48.32861],[14.322687,48.328421],[14.322385,48.328271],[14.321955,48.328072],[14.321582,48.327917],[14.321187,48.327767],[14.320934,48.327672],[14.320734,48.327605],[14.320546,48.327544],[14.320291,48.327463],[14.319886,48.32735],[14.319489,48.32725],[14.319157,48.327173],[14.31877,48.327091],[14.318497,48.32704],[14.318209,48.32699],[14.317983,48.326955],[14.317724,48.326918],[14.317485,48.326888],[14.317241,48.326861],[14.316781,48.326819],[14.31632,48.326787],[14.315856,48.326767],[14.315525,48.326765],[14.315243,48.32676],[14.3149,48.326764],[14.314076,48.326779],[14.31341,48.32679],[14.313365,48.326791],[14.313039,48.326798],[14.312762,48.326799],[14.312433,48.326802],[14.311925,48.326796],[14.311473,48.326788],[14.31095,48.326768],[14.310496,48.326745],[14.310008,48.32671],[14.309524,48.326668],[14.309046,48.326622],[14.308558,48.326566],[14.308088,48.326498],[14.307601,48.326427],[14.307059,48.326338],[14.306454,48.326224],[14.305681,48.326054],[14.305117,48.325916],[14.304656,48.325793],[14.304492,48.325744],[14.304237,48.325669],[14.304041,48.325609],[14.303606,48.325464],[14.303223,48.325335],[14.302863,48.325201],[14.302591,48.325098],[14.302194,48.324939],[14.301901,48.324814],[14.301604,48.32468],[14.301,48.324396],[14.30038,48.324098],[14.300157,48.324005],[14.29999,48.323946],[14.299897,48.323916],[14.299754,48.323876],[14.299535,48.323825],[14.299369,48.323798],[14.299227,48.323781],[14.299014,48.323763],[14.298828,48.323755],[14.298594,48.323754],[14.298539,48.323754],[14.298319,48.323758],[14.298155,48.323759],[14.298019,48.323754],[14.297817,48.323742],[14.297687,48.32373],[14.297541,48.323712],[14.297408,48.323688],[14.297272,48.323659],[14.297161,48.323631],[14.297072,48.323603],[14.296964,48.32357],[14.296843,48.323524],[14.296706,48.323468],[14.296618,48.323423],[14.296527,48.323375],[14.296431,48.32332],[14.296335,48.323257],[14.296238,48.323188],[14.296132,48.3231],[14.296002,48.322975],[14.29593,48.322888],[14.295828,48.322742],[14.295762,48.322633],[14.295733,48.322561],[14.29569,48.322443],[14.29566,48.322317],[14.295648,48.322216],[14.295646,48.322088],[14.295655,48.321976],[14.295679,48.321857],[14.295714,48.321747],[14.295758,48.321636],[14.295808,48.32154],[14.295859,48.32146],[14.295917,48.321375],[14.296018,48.321255],[14.296151,48.321129],[14.296226,48.321068],[14.29634,48.320984],[14.296436,48.320919],[14.296586,48.320824],[14.296649,48.320787],[14.296733,48.320738],[14.297153,48.320494],[14.299386,48.319194],[14.30031,48.318648],[14.300573,48.318492],[14.301028,48.31823],[14.301246,48.318104],[14.301612,48.317893],[14.301989,48.317675],[14.302534,48.317355],[14.302791,48.317206],[14.304116,48.31643],[14.304309,48.316315],[14.304477,48.316212],[14.304636,48.316111],[14.304786,48.316013],[14.305029,48.315847],[14.305264,48.31568],[14.305464,48.315531],[14.305648,48.315387],[14.305805,48.31526],[14.305956,48.315135],[14.306104,48.315007],[14.306802,48.314371],[14.306982,48.314216],[14.307282,48.313972],[14.307534,48.313775],[14.308245,48.313244],[14.308716,48.312893],[14.308952,48.312703],[14.309197,48.312505],[14.309431,48.312296],[14.309634,48.3121],[14.309769,48.311966],[14.309887,48.311837],[14.310096,48.31159],[14.310251,48.311379],[14.310436,48.31112],[14.310592,48.310874],[14.310801,48.310518],[14.311328,48.309594],[14.311772,48.308806],[14.312094,48.308235],[14.312322,48.307808],[14.312546,48.307366],[14.31272,48.307004],[14.312964,48.306457],[14.313179,48.305916],[14.313381,48.305303],[14.31359,48.304663],[14.313685,48.304372],[14.313823,48.303937],[14.314196,48.302948],[14.314323,48.302644],[14.314457,48.302332],[14.314549,48.302131],[14.314648,48.301918],[14.314854,48.301492],[14.315188,48.300853],[14.31539,48.30048],[14.315652,48.300036],[14.315929,48.299574],[14.316163,48.299191],[14.316259,48.299042],[14.316818,48.298131],[14.31711,48.297653],[14.317343,48.297253],[14.317505,48.296945],[14.317627,48.296697],[14.317712,48.296518],[14.317844,48.296229],[14.318039,48.295758],[14.31821,48.295311],[14.318365,48.29485],[14.318458,48.294539],[14.318536,48.294251],[14.31862,48.293909],[14.318691,48.293586],[14.318743,48.293332],[14.318808,48.292936],[14.31884,48.292729],[14.318853,48.292628],[14.318877,48.292411],[14.318924,48.291816],[14.318932,48.291617],[14.318939,48.291322],[14.318938,48.291187],[14.318937,48.291019],[14.318928,48.29079],[14.318897,48.29032],[14.318845,48.289971],[14.318804,48.289745],[14.318759,48.289516],[14.318706,48.289285],[14.318655,48.289099],[14.318612,48.28895],[14.318587,48.288869],[14.318526,48.288688],[14.318444,48.288468],[14.318321,48.288185],[14.318185,48.287896],[14.31794,48.28745],[14.317644,48.287004],[14.317559,48.286885],[14.31739,48.286669],[14.317247,48.286506],[14.316985,48.286246],[14.316775,48.286069],[14.316497,48.285852],[14.316293,48.285719],[14.316037,48.285561],[14.315773,48.28542],[14.315541,48.285309],[14.315263,48.285188],[14.314885,48.285049],[14.314628,48.284966],[14.314488,48.284923],[14.314336,48.28488],[14.314144,48.28483],[14.313803,48.28475],[14.313268,48.284636],[14.312668,48.284508],[14.312252,48.284418],[14.312004,48.284365],[14.311062,48.284147],[14.310289,48.283952],[14.309818,48.283825],[14.309606,48.283767],[14.309155,48.283635],[14.308676,48.28349],[14.308211,48.283343],[14.308005,48.28328],[14.306773,48.282879],[14.306262,48.282716],[14.30581,48.282572],[14.304863,48.282266],[14.304506,48.282147],[14.304156,48.282021],[14.303934,48.281938],[14.303733,48.281858],[14.303508,48.28176],[14.303286,48.281663],[14.303087,48.281569],[14.302857,48.281454],[14.302617,48.281325],[14.302364,48.281178],[14.301987,48.280934],[14.30156,48.280649],[14.301241,48.280443],[14.301107,48.280362],[14.300836,48.280209],[14.300561,48.280063],[14.300174,48.279868],[14.299903,48.279742],[14.299617,48.279624],[14.299376,48.279537],[14.29914,48.279463],[14.298969,48.279417],[14.298777,48.279371],[14.298558,48.279328],[14.298295,48.279288],[14.298056,48.279266],[14.297821,48.279253],[14.297538,48.279248],[14.296843,48.279256],[14.296551,48.279251],[14.296266,48.279239],[14.296078,48.279222],[14.295888,48.279195],[14.295665,48.279146],[14.295382,48.279061],[14.295125,48.278942],[14.294978,48.278846],[14.294813,48.278722],[14.294717,48.278638],[14.294603,48.278493],[14.294542,48.278387],[14.294501,48.278305],[14.294482,48.278263],[14.294464,48.278214],[14.294435,48.278108],[14.294422,48.278027],[14.294418,48.277936],[14.294424,48.277776],[14.294441,48.277564],[14.294468,48.277334],[14.294545,48.276953],[14.294637,48.276448],[14.294691,48.276193],[14.294743,48.275951],[14.294799,48.275674],[14.294931,48.275025],[14.294968,48.274815],[14.294977,48.274769],[14.294996,48.274608],[14.295075,48.273939],[14.295223,48.271026],[14.295294,48.27048],[14.295353,48.270256],[14.295712,48.269288],[14.296181,48.268485],[14.296615,48.267768],[14.296934,48.267042],[14.297048,48.26673],[14.297111,48.266526],[14.29712,48.266497],[14.297163,48.266316],[14.297207,48.266086],[14.297253,48.265766],[14.297288,48.265447],[14.297294,48.265052],[14.297279,48.264381],[14.297226,48.263573],[14.297205,48.263214],[14.297206,48.262892],[14.297187,48.262574],[14.297134,48.261794],[14.297111,48.261475],[14.297089,48.26108],[14.297036,48.260261],[14.296992,48.259423],[14.296971,48.25872],[14.296964,48.258229],[14.296965,48.257796],[14.296979,48.257114],[14.296996,48.256444],[14.297041,48.255025],[14.2971,48.253225],[14.297188,48.250249],[14.297307,48.246396],[14.297337,48.245435],[14.297393,48.2437],[14.297402,48.243222],[14.297411,48.243051],[14.297414,48.242969],[14.297421,48.242772],[14.297425,48.242531],[14.297432,48.242332],[14.297453,48.241743],[14.297481,48.2408],[14.297492,48.240392],[14.297495,48.240379],[14.297509,48.239843],[14.297553,48.238502],[14.297566,48.238101],[14.297594,48.236995],[14.297694,48.233748],[14.297701,48.233557],[14.297751,48.232144],[14.297809,48.231101],[14.297891,48.230434],[14.297902,48.230371],[14.297952,48.230079],[14.298013,48.229739],[14.298116,48.229286],[14.298238,48.228811],[14.29836,48.228405],[14.298601,48.227707],[14.298821,48.227083],[14.298886,48.22689],[14.298969,48.226645],[14.299037,48.226427],[14.299189,48.225874],[14.299249,48.225572],[14.299295,48.225279],[14.299318,48.225005],[14.299323,48.224747],[14.29931,48.224464],[14.299286,48.224239],[14.299213,48.223747],[14.299141,48.223558],[14.299062,48.223303],[14.298895,48.222911],[14.29875,48.222628],[14.29861,48.222388],[14.29838,48.222045],[14.298218,48.221833],[14.298045,48.221633],[14.297824,48.2214],[14.297632,48.221211],[14.297441,48.221033],[14.297226,48.220852],[14.296986,48.220664],[14.296741,48.220488],[14.296505,48.220336],[14.296174,48.220132],[14.295705,48.21987],[14.295348,48.219599],[14.294272,48.219081],[14.293284,48.218605],[14.293005,48.21847],[14.292769,48.218355],[14.292159,48.21806],[14.291703,48.217839],[14.290802,48.21741],[14.28918,48.21663],[14.288657,48.216394],[14.287734,48.215984],[14.287217,48.215754],[14.286759,48.215549],[14.285198,48.21486],[14.283637,48.214166],[14.277844,48.21161],[14.276532,48.211031],[14.275601,48.210621],[14.274137,48.209973],[14.269852,48.208079],[14.265174,48.206014],[14.264135,48.20556],[14.262392,48.204784],[14.260369,48.203892],[14.260021,48.203744],[14.256653,48.202247],[14.255517,48.201744],[14.25493,48.20148],[14.253709,48.200918],[14.253045,48.200594],[14.25229,48.200223],[14.252017,48.2001],[14.248786,48.198512],[14.247885,48.198073],[14.247197,48.197734],[14.246847,48.197563],[14.245818,48.197068],[14.244743,48.196539],[14.242463,48.19541],[14.241418,48.19491],[14.240509,48.194497],[14.239911,48.194239],[14.239402,48.194026],[14.238808,48.193788],[14.237666,48.193356],[14.23668,48.193011],[14.235856,48.192738],[14.235208,48.192535],[14.234023,48.192191],[14.232878,48.191881],[14.231277,48.191491],[14.230421,48.191308],[14.229777,48.191174],[14.228052,48.190865],[14.227305,48.190751],[14.226754,48.190666],[14.225187,48.190468],[14.223715,48.190305],[14.220915,48.190012],[14.219317,48.189843],[14.217607,48.189667],[14.216694,48.189571],[14.214095,48.189296],[14.21268,48.189148],[14.211181,48.188957],[14.209723,48.188722],[14.20885,48.188562],[14.207524,48.188303],[14.206383,48.188038],[14.205032,48.18771],[14.203706,48.187342],[14.202615,48.187015],[14.201741,48.186736],[14.200872,48.186437],[14.199831,48.18606],[14.198205,48.185412],[14.197089,48.184918],[14.196958,48.18486],[14.195391,48.184132],[14.193194,48.183104],[14.187019,48.180211],[14.185612,48.179552],[14.185215,48.179375],[14.180699,48.177226],[14.179517,48.176604],[14.178518,48.176037],[14.177553,48.175459],[14.176242,48.174602],[14.175098,48.173796],[14.173651,48.172646],[14.173383,48.172421],[14.173249,48.172304],[14.172468,48.171622],[14.171271,48.170469],[14.170209,48.169306],[14.165042,48.163122],[14.163138,48.16083],[14.162404,48.159964],[14.161553,48.158928],[14.160842,48.158116],[14.160105,48.157293],[14.159466,48.156608],[14.158725,48.155855],[14.158008,48.155143],[14.157108,48.154305],[14.156825,48.154056],[14.15599,48.153317],[14.155885,48.153224],[14.154947,48.15241],[14.153988,48.151567],[14.152991,48.150711],[14.150661,48.148681],[14.14506,48.143798],[14.144023,48.142942],[14.142926,48.142098],[14.141754,48.141295],[14.140579,48.140531],[14.14028,48.140344],[14.139057,48.139643],[14.137632,48.138878],[14.1345,48.137402],[14.13247,48.136482],[14.132227,48.13637],[14.128371,48.134599],[14.127226,48.134072],[14.126869,48.1339],[14.125658,48.133298],[14.12433,48.132552],[14.123003,48.131747],[14.120856,48.130271],[14.11842,48.128304],[14.114832,48.125197],[14.105881,48.117444],[14.099101,48.111565],[14.098762,48.111272],[14.097078,48.109836],[14.093591,48.107043],[14.089392,48.10395],[14.087611,48.102726],[14.085799,48.101522],[14.081189,48.098547],[14.07717,48.095956],[14.076133,48.095279],[14.073669,48.09369],[14.072279,48.092758],[14.070973,48.091826],[14.06978,48.09094],[14.06848,48.089913],[14.065916,48.087741],[14.065147,48.087083],[14.064288,48.086351],[14.060153,48.082808],[14.056823,48.079952],[14.053753,48.077312],[14.052986,48.076662],[14.052268,48.076045],[14.052065,48.075868],[14.051895,48.075714],[14.050052,48.074143],[14.049638,48.073784],[14.049219,48.073424],[14.048863,48.073184],[14.048032,48.072506],[14.047682,48.072203],[14.046535,48.071153],[14.045605,48.07028],[14.044013,48.068762],[14.043035,48.067848],[14.04208,48.066945],[14.041137,48.066054],[14.04097,48.065896],[14.040628,48.06567],[14.040552,48.065604],[14.040387,48.065471],[14.040127,48.065286],[14.039846,48.065126],[14.03946,48.064953],[14.039183,48.064862],[14.038764,48.064757],[14.038504,48.064706],[14.038069,48.064639],[14.037857,48.064597],[14.037477,48.064524],[14.037269,48.064466],[14.037082,48.064401],[14.036907,48.064316],[14.036722,48.064203],[14.036634,48.064135],[14.036503,48.064022],[14.036389,48.063889],[14.036311,48.063768],[14.036265,48.063662],[14.036219,48.063512],[14.036197,48.063371],[14.036196,48.063203],[14.036211,48.062984],[14.036256,48.062696],[14.036325,48.062438],[14.036399,48.062236],[14.036496,48.062068],[14.036616,48.061913],[14.036804,48.061743],[14.036951,48.061635],[14.037134,48.061519],[14.037332,48.061431],[14.037581,48.061341],[14.037836,48.06128],[14.038116,48.061237],[14.038738,48.061196],[14.039079,48.061169],[14.039372,48.061137],[14.039792,48.061053],[14.04008,48.060985],[14.040379,48.060898],[14.040631,48.06081],[14.040952,48.060679],[14.041085,48.06062],[14.041767,48.060258],[14.043324,48.05918],[14.043682,48.058927],[14.043977,48.058713],[14.044167,48.058575],[14.044554,48.058288],[14.045066,48.057905],[14.04554,48.057543],[14.046066,48.05713],[14.046508,48.056774],[14.046928,48.056428],[14.047319,48.056103],[14.047659,48.055813],[14.048051,48.055473],[14.048409,48.055158],[14.04889,48.054722],[14.049347,48.054299],[14.049676,48.053987],[14.050153,48.053526],[14.050923,48.052757],[14.051568,48.052074],[14.052159,48.051432],[14.052559,48.050981],[14.053015,48.050462],[14.053829,48.049479],[14.054423,48.048721],[14.054863,48.048148],[14.055242,48.047613],[14.055683,48.046988],[14.056047,48.046453],[14.056443,48.045847],[14.057095,48.044778],[14.057514,48.044064],[14.057841,48.043468],[14.058188,48.042795],[14.058567,48.042053],[14.058853,48.041446],[14.059179,48.040709],[14.059591,48.03973],[14.060078,48.038491],[14.060468,48.037436],[14.061205,48.03536],[14.062193,48.03258],[14.062766,48.030962],[14.063321,48.029401],[14.063807,48.028032],[14.063843,48.027932],[14.06388,48.027827],[14.064544,48.025965],[14.065264,48.023931],[14.065657,48.022818],[14.066272,48.021097],[14.066752,48.019739],[14.067055,48.018908],[14.067171,48.018585],[14.067498,48.017711],[14.068023,48.016416],[14.068604,48.015069],[14.068973,48.014297],[14.069201,48.013845],[14.069514,48.013238],[14.069847,48.012634],[14.070296,48.011846],[14.070835,48.010951],[14.07122,48.010353],[14.071611,48.009769],[14.072039,48.009139],[14.072205,48.008915],[14.072505,48.008497],[14.072822,48.008071],[14.073302,48.007453],[14.073966,48.00662],[14.074419,48.006076],[14.074827,48.005607],[14.075223,48.005157],[14.075256,48.005119],[14.075875,48.004441],[14.076516,48.003769],[14.077565,48.002724],[14.07824,48.002085],[14.079219,48.001189],[14.080586,47.999985],[14.081575,47.99914],[14.082835,47.998074],[14.084031,47.997051],[14.085147,47.996059],[14.0859,47.99535],[14.086238,47.995009],[14.086433,47.994811],[14.087135,47.994038],[14.087662,47.993418],[14.088082,47.992907],[14.088398,47.992478],[14.088624,47.992171],[14.088848,47.991851],[14.08934,47.991108],[14.089621,47.990654],[14.089884,47.990197],[14.090127,47.989744],[14.09042,47.989177],[14.090596,47.988808],[14.090798,47.988355],[14.091056,47.987736],[14.091345,47.986944],[14.091481,47.986534],[14.091622,47.986043],[14.091726,47.985668],[14.091853,47.985117],[14.091999,47.984396],[14.092128,47.983591],[14.092188,47.983087],[14.092232,47.982618],[14.0923,47.981832],[14.092479,47.979561],[14.092494,47.97938],[14.092674,47.977531],[14.092691,47.977384],[14.09273,47.977054],[14.092794,47.976569],[14.092957,47.975448],[14.093416,47.973144],[14.093677,47.972079],[14.093964,47.971034],[14.094254,47.970089],[14.094451,47.969448],[14.094618,47.968964],[14.094971,47.967977],[14.095579,47.966456],[14.095992,47.965521],[14.096364,47.964714],[14.096411,47.964611],[14.096494,47.964433],[14.097116,47.963173],[14.098047,47.961394],[14.098803,47.959974],[14.099349,47.958977],[14.099943,47.957861],[14.100319,47.957118],[14.100788,47.956019],[14.101006,47.955391],[14.101196,47.954757],[14.101317,47.954255],[14.101463,47.953486],[14.10153,47.953006],[14.10158,47.952512],[14.101612,47.951882],[14.101618,47.951388],[14.101604,47.950973],[14.101601,47.950905],[14.101599,47.95088],[14.101547,47.950254],[14.101461,47.949628],[14.101427,47.949451],[14.101411,47.94937],[14.101367,47.94914],[14.101271,47.948717],[14.101103,47.948083],[14.101008,47.947776],[14.100884,47.94741],[14.100713,47.946949],[14.100515,47.94647],[14.100324,47.946055],[14.099937,47.945297],[14.099751,47.944953],[14.099503,47.944496],[14.098432,47.942583],[14.09724,47.940445],[14.097053,47.94011],[14.096721,47.93951],[14.096502,47.939107],[14.096302,47.938721],[14.096113,47.938318],[14.095959,47.937953],[14.095795,47.937493],[14.095682,47.937079],[14.095606,47.936739],[14.095546,47.936371],[14.09551,47.93608],[14.095485,47.935716],[14.09548,47.935441],[14.095488,47.935155],[14.09551,47.934826],[14.095563,47.934406],[14.095641,47.933994],[14.095697,47.933763],[14.09573,47.933642],[14.095798,47.933414],[14.095805,47.933389],[14.095941,47.932991],[14.09607,47.932675],[14.096193,47.932419],[14.096369,47.93206],[14.096645,47.931538],[14.096846,47.931198],[14.097282,47.930451],[14.097483,47.930105],[14.098423,47.928521],[14.098587,47.928246],[14.099236,47.92716],[14.100962,47.924256],[14.101273,47.923693],[14.10149,47.923199],[14.10165,47.922763],[14.101749,47.922365],[14.101764,47.922304],[14.101816,47.922011],[14.101854,47.921686],[14.101865,47.921428],[14.101863,47.92105],[14.101834,47.920615],[14.101736,47.919629],[14.101526,47.917699],[14.101326,47.915801],[14.101248,47.915107],[14.101214,47.914792],[14.100984,47.912254],[14.100888,47.910483],[14.100877,47.910064],[14.10087,47.909264],[14.100882,47.908403],[14.100922,47.907555],[14.100975,47.906781],[14.100999,47.906505],[14.101098,47.905513],[14.10124,47.904553],[14.101275,47.904349],[14.10145,47.903393],[14.101656,47.902429],[14.101926,47.901346],[14.102219,47.900304],[14.10258,47.899189],[14.102917,47.898249],[14.103314,47.897231],[14.103467,47.896866],[14.10379,47.89606],[14.104488,47.894361],[14.104563,47.894179],[14.104851,47.89348],[14.10504,47.89299],[14.105076,47.892883],[14.105209,47.892485],[14.105331,47.891904],[14.105429,47.891352],[14.105443,47.891271],[14.105515,47.890903],[14.105595,47.890626],[14.105681,47.890373],[14.10581,47.89005],[14.10596,47.889727],[14.106118,47.889438],[14.106298,47.889162],[14.106524,47.888833],[14.106979,47.888257],[14.107983,47.887018],[14.108345,47.88655],[14.108675,47.886105],[14.10894,47.88573],[14.109196,47.885347],[14.10941,47.885001],[14.109694,47.884516],[14.109908,47.884112],[14.110136,47.883653],[14.110358,47.883186],[14.112358,47.878648],[14.112843,47.877553],[14.113154,47.876832],[14.113391,47.87632],[14.113525,47.876064],[14.113639,47.875869],[14.113878,47.87552],[14.1141,47.875232],[14.114361,47.874939],[14.114883,47.874456],[14.115488,47.873983],[14.115964,47.873664],[14.116524,47.873345],[14.117333,47.872962],[14.120566,47.871616],[14.121245,47.87131],[14.121893,47.870984],[14.122671,47.870541],[14.12337,47.870093],[14.123993,47.869644],[14.124484,47.869249],[14.124567,47.869183],[14.124807,47.868979],[14.125037,47.868775],[14.125523,47.868357],[14.125873,47.86807],[14.126249,47.867797],[14.126565,47.867588],[14.126906,47.867385],[14.127288,47.867179],[14.127665,47.866999],[14.128115,47.866805],[14.128548,47.866639],[14.129067,47.866468],[14.129588,47.866321],[14.13018,47.866184],[14.130729,47.86608],[14.131219,47.866011],[14.131269,47.866006],[14.131724,47.865955],[14.132258,47.865918],[14.132797,47.865904],[14.132845,47.865904],[14.133269,47.865907],[14.133725,47.86593],[14.134264,47.865979],[14.134689,47.86604],[14.135109,47.866113],[14.135808,47.866258],[14.13643,47.866405],[14.136812,47.866494],[14.137981,47.866771],[14.138092,47.866797],[14.138545,47.866891],[14.139052,47.866976],[14.139397,47.867024],[14.139806,47.867065],[14.140133,47.867087],[14.140538,47.867098],[14.141022,47.867093],[14.141428,47.867073],[14.141883,47.867034],[14.142415,47.86696],[14.142914,47.866861],[14.143286,47.866778],[14.143658,47.866669],[14.144185,47.866492],[14.144893,47.866207],[14.145638,47.865879],[14.146347,47.865544],[14.147032,47.865194],[14.147843,47.864756],[14.148622,47.864301],[14.149984,47.863407],[14.150816,47.862778],[14.151714,47.862032],[14.151764,47.86199],[14.152232,47.861542],[14.152601,47.861159],[14.152935,47.860792],[14.153203,47.860478],[14.153446,47.860176],[14.153757,47.859756],[14.153931,47.859502],[14.154106,47.859237],[14.154263,47.858987],[14.154428,47.858693],[14.15469,47.858211],[14.154909,47.857787],[14.155121,47.857372],[14.15544,47.856763],[14.155722,47.85626],[14.156106,47.855657],[14.156351,47.855311],[14.15668,47.854879],[14.156869,47.85465],[14.157114,47.854367],[14.15732,47.854137],[14.157553,47.853892],[14.157834,47.85361],[14.15809,47.853366],[14.158404,47.853083],[14.158669,47.852853],[14.159025,47.852559],[14.159466,47.852221],[14.159813,47.851969],[14.160158,47.85173],[14.160554,47.851468],[14.160941,47.85123],[14.16154,47.850882],[14.161624,47.850836],[14.162284,47.850481],[14.163772,47.849698],[14.164361,47.849383],[14.164599,47.849255],[14.16469,47.849207],[14.165224,47.848898],[14.165754,47.848571],[14.166171,47.848299],[14.166523,47.848056],[14.166863,47.847807],[14.16715,47.84759],[14.167386,47.847401],[14.167686,47.847149],[14.167939,47.846925],[14.168173,47.8467],[14.168361,47.84651],[14.168548,47.846305],[14.168676,47.846154],[14.168867,47.845918],[14.169071,47.845639],[14.169154,47.845512],[14.169267,47.845341],[14.169368,47.845176],[14.169435,47.845053],[14.16952,47.84489],[14.169616,47.844705],[14.169675,47.844573],[14.169739,47.844422],[14.169755,47.844389],[14.169899,47.843957],[14.169949,47.843767],[14.169974,47.84367],[14.170004,47.843527],[14.170029,47.84339],[14.170066,47.843114],[14.170081,47.842968],[14.170089,47.842904],[14.170114,47.842698],[14.170236,47.841832],[14.17025,47.841583],[14.170283,47.841216],[14.170325,47.840753],[14.170453,47.839403],[14.170486,47.839072],[14.170498,47.838917],[14.170503,47.83886],[14.170739,47.83625],[14.170707,47.83539],[14.17055,47.834663],[14.17028,47.833975],[14.169909,47.833313],[14.16946,47.832683],[14.168012,47.831059],[14.167251,47.830113],[14.166675,47.829187],[14.166264,47.828401],[14.165988,47.827528],[14.165734,47.826515],[14.165662,47.825626],[14.165791,47.824404],[14.165989,47.823589],[14.166349,47.822583],[14.167025,47.821367],[14.167826,47.820141],[14.168059,47.819777],[14.168355,47.819313],[14.168403,47.819237],[14.168741,47.818716],[14.168952,47.81837],[14.169158,47.818027],[14.169377,47.817614],[14.16952,47.817301],[14.16964,47.816983],[14.169721,47.816747],[14.169754,47.816611],[14.169795,47.816441],[14.169863,47.815866],[14.169896,47.815489],[14.169854,47.814935],[14.169582,47.812941],[14.169585,47.812472],[14.169599,47.812277],[14.169616,47.812123],[14.169654,47.81187],[14.169658,47.811842],[14.169694,47.811681],[14.169706,47.811627],[14.169753,47.811447],[14.169866,47.811038],[14.170047,47.810605],[14.17023,47.810251],[14.170569,47.809753],[14.172898,47.806582],[14.173693,47.805376],[14.17461,47.803796],[14.175233,47.802446],[14.17595,47.800609],[14.176445,47.79869],[14.176746,47.796837],[14.176839,47.79477],[14.176767,47.793223],[14.176441,47.791129],[14.175996,47.789441],[14.175514,47.788082],[14.174979,47.786704],[14.174895,47.786507],[14.174846,47.786391],[14.174537,47.785687],[14.174485,47.785567],[14.174454,47.785496],[14.174424,47.785426],[14.174226,47.785002],[14.174033,47.784529],[14.173874,47.784041],[14.173777,47.783686],[14.173738,47.78333],[14.173748,47.782598],[14.173874,47.781941],[14.174031,47.78153],[14.174208,47.781129],[14.174912,47.779963],[14.175075,47.779661],[14.175303,47.779164],[14.175454,47.778632],[14.175461,47.778604],[14.175506,47.778373],[14.175526,47.778179],[14.175537,47.777984],[14.175544,47.777765],[14.17553,47.777501],[14.175527,47.777462],[14.175503,47.77723],[14.175479,47.777026],[14.175457,47.776875],[14.175325,47.775985],[14.17528,47.775612],[14.17526,47.775479],[14.175283,47.775142],[14.175301,47.774827],[14.175357,47.774513],[14.175395,47.774379],[14.175487,47.774029],[14.175645,47.773759],[14.175853,47.773364],[14.175986,47.773179],[14.176268,47.772839],[14.176534,47.772563],[14.176871,47.772264],[14.177583,47.771764],[14.178233,47.77144],[14.178567,47.77128],[14.178823,47.771171],[14.179149,47.771028],[14.182104,47.769769],[14.184353,47.76881],[14.186818,47.767759],[14.187894,47.767308],[14.189397,47.766758],[14.189516,47.766714],[14.191054,47.766219],[14.193436,47.76548],[14.195429,47.764849],[14.195553,47.764809],[14.196762,47.764437],[14.198099,47.76402],[14.198172,47.763998],[14.200163,47.763372],[14.200892,47.763148],[14.200999,47.763114],[14.202524,47.762643],[14.204038,47.762169],[14.206492,47.761401],[14.210428,47.760175],[14.21119,47.759934],[14.212422,47.759538],[14.213278,47.759208],[14.213427,47.759151],[14.214002,47.758904],[14.21456,47.758635],[14.215056,47.758391],[14.215941,47.757881],[14.216167,47.757738],[14.216488,47.757534],[14.216533,47.757505],[14.217392,47.756916],[14.217936,47.756507],[14.218835,47.755843],[14.219412,47.755456],[14.220021,47.755063],[14.220684,47.754682],[14.221284,47.754356],[14.221951,47.754026],[14.222636,47.753719],[14.223543,47.753344],[14.224532,47.752991],[14.225643,47.75264],[14.226738,47.752355],[14.227975,47.752095],[14.229115,47.751902],[14.230212,47.751757],[14.231133,47.751671],[14.232317,47.751606],[14.233472,47.751584],[14.234471,47.751592],[14.237399,47.751664],[14.238529,47.751668],[14.239406,47.751664],[14.240613,47.751632],[14.241859,47.751567],[14.242822,47.751496],[14.244033,47.751384],[14.244352,47.751347],[14.244918,47.751278],[14.245526,47.751194],[14.246274,47.751082],[14.247026,47.750958],[14.247605,47.750854],[14.248051,47.750775],[14.249805,47.750429],[14.252017,47.749989],[14.252769,47.749829],[14.252812,47.749819],[14.252982,47.749777],[14.253625,47.749628],[14.254347,47.749424],[14.254895,47.749245],[14.255422,47.749039],[14.255941,47.748817],[14.25657,47.74851],[14.25696,47.748293],[14.257298,47.748083],[14.257504,47.747939],[14.25782,47.747715],[14.258407,47.747242],[14.258696,47.746975],[14.258966,47.74669],[14.259213,47.7464],[14.259563,47.745962],[14.259894,47.745509],[14.260479,47.744717],[14.260961,47.74415],[14.261315,47.743796],[14.261882,47.743295],[14.2622,47.743052],[14.262601,47.74278],[14.263013,47.742512],[14.263504,47.742229],[14.264264,47.741852],[14.264842,47.741606],[14.265793,47.741265],[14.266989,47.740934],[14.26775,47.740761],[14.26852,47.740605],[14.269807,47.740403],[14.27095,47.740254],[14.272549,47.740119],[14.273187,47.740083],[14.273722,47.740064],[14.274256,47.740052],[14.27487,47.740047],[14.275484,47.740054],[14.277338,47.740103],[14.278234,47.74014],[14.279324,47.740142],[14.280314,47.7401],[14.280904,47.740052],[14.281502,47.739982],[14.282193,47.739876],[14.282899,47.739744],[14.283517,47.739601],[14.284134,47.739438],[14.284808,47.739228],[14.285353,47.739034],[14.285949,47.738796],[14.286588,47.738514],[14.287185,47.738214],[14.287905,47.737799],[14.28852,47.737394],[14.289023,47.737021],[14.289434,47.736681],[14.289788,47.73636],[14.291628,47.734485],[14.292205,47.733937],[14.292971,47.733283],[14.294379,47.732231],[14.294929,47.731843],[14.295367,47.731539],[14.29557,47.731391],[14.296353,47.730843],[14.296893,47.730444],[14.297189,47.73021],[14.297449,47.730005],[14.297756,47.729758],[14.298063,47.729494],[14.298405,47.729191],[14.298661,47.72897],[14.299188,47.728462],[14.29938,47.728257],[14.299645,47.727987],[14.300254,47.727298],[14.300502,47.727008],[14.300689,47.726765],[14.301019,47.726336],[14.30125,47.726007],[14.301426,47.725756],[14.30165,47.725406],[14.301801,47.725156],[14.302069,47.724698],[14.302256,47.724348],[14.302547,47.723755],[14.30283,47.723105],[14.303063,47.722463],[14.303194,47.722069],[14.303313,47.721668],[14.303446,47.721204],[14.303616,47.720527],[14.304219,47.718156],[14.304324,47.717727],[14.304459,47.71723],[14.30448,47.717152],[14.304518,47.717012],[14.304553,47.7169],[14.304886,47.715843],[14.305386,47.714447],[14.305851,47.713312],[14.306214,47.712489],[14.3066,47.711691],[14.306965,47.710984],[14.307276,47.710392],[14.307975,47.709199],[14.30856,47.708275],[14.309174,47.707364],[14.309302,47.70718],[14.310113,47.706054],[14.31109,47.704749],[14.312785,47.702475],[14.313376,47.701642],[14.314018,47.700597],[14.314616,47.69947],[14.314996,47.698599],[14.315354,47.697574],[14.316172,47.694327],[14.316477,47.693327],[14.316882,47.692334],[14.316939,47.69222],[14.317387,47.691377],[14.317898,47.690584],[14.318729,47.689516],[14.319082,47.689111],[14.319613,47.688494],[14.321251,47.686672],[14.321656,47.686214],[14.322576,47.685126],[14.323107,47.684459],[14.323657,47.683734],[14.324177,47.683024],[14.324547,47.682483],[14.325033,47.681738],[14.325395,47.681151],[14.325651,47.680715],[14.32598,47.680129],[14.326253,47.679617],[14.326559,47.679013],[14.326871,47.678353],[14.326981,47.678113],[14.327215,47.677603],[14.327636,47.676599],[14.328094,47.675472],[14.328491,47.674471],[14.328784,47.673745],[14.329036,47.673148],[14.329247,47.672659],[14.329507,47.672087],[14.329814,47.671437],[14.330047,47.670987],[14.330397,47.670334],[14.330822,47.669592],[14.33114,47.66906],[14.331518,47.668445],[14.331833,47.667939],[14.33224,47.667293],[14.332858,47.666313],[14.333116,47.665893],[14.333349,47.665505],[14.33356,47.665147],[14.333862,47.664617],[14.334152,47.664073],[14.33435,47.663686],[14.334574,47.66322],[14.334728,47.662869],[14.334894,47.662472],[14.335049,47.662063],[14.335134,47.66182],[14.335182,47.66168],[14.335295,47.661311],[14.335443,47.660739],[14.335528,47.660315],[14.335609,47.659837],[14.335658,47.659326],[14.335668,47.658849],[14.335663,47.658614],[14.335656,47.658395],[14.335621,47.657968],[14.335558,47.657528],[14.335487,47.65718],[14.335438,47.656963],[14.335349,47.656617],[14.335209,47.656174],[14.33507,47.655794],[14.334898,47.655382],[14.334595,47.654664],[14.334426,47.65422],[14.334298,47.65384],[14.334211,47.653494],[14.334148,47.653175],[14.334094,47.652817],[14.334067,47.652416],[14.334059,47.652126],[14.334072,47.651573],[14.334081,47.65124],[14.334103,47.650921],[14.334103,47.650396],[14.33408,47.649997],[14.334045,47.649674],[14.333991,47.64936],[14.333902,47.648933],[14.333806,47.648611],[14.33366,47.648164],[14.333489,47.647751],[14.333328,47.64741],[14.333104,47.646996],[14.332875,47.64662],[14.332589,47.646209],[14.332305,47.645846],[14.332013,47.645501],[14.331706,47.645168],[14.331437,47.644892],[14.330962,47.644403],[14.330693,47.644118],[14.330402,47.643786],[14.33017,47.643484],[14.329949,47.643157],[14.329735,47.642797],[14.329567,47.642472],[14.329472,47.642254],[14.329401,47.642076],[14.329319,47.641837],[14.329268,47.641672],[14.329224,47.641515],[14.329181,47.641325],[14.329139,47.641125],[14.329105,47.64088],[14.329083,47.64066],[14.329072,47.640379],[14.329071,47.640052],[14.329086,47.639839],[14.329114,47.639607],[14.329157,47.639318],[14.329189,47.639168],[14.329203,47.639106],[14.329228,47.638991],[14.329318,47.638652],[14.329427,47.638302],[14.329557,47.637919],[14.329813,47.63726],[14.330062,47.636666],[14.330167,47.636451],[14.330199,47.636386],[14.330266,47.636249],[14.330599,47.635642],[14.330995,47.634974],[14.331461,47.634236],[14.33218,47.63325],[14.33292,47.632358],[14.33395,47.631214],[14.337931,47.626789],[14.342692,47.621545],[14.345326,47.618623],[14.346144,47.617734],[14.346742,47.61703],[14.347211,47.616401],[14.347761,47.615588],[14.348059,47.615036],[14.348437,47.614309],[14.348697,47.613629],[14.348925,47.612893],[14.349099,47.612105],[14.349188,47.611347],[14.349233,47.610561],[14.349217,47.60761],[14.349185,47.604326],[14.349142,47.601512],[14.349107,47.599479],[14.349102,47.597934],[14.349062,47.595469],[14.349006,47.59464],[14.348955,47.594169],[14.348845,47.593615],[14.348685,47.59307],[14.34847,47.592593],[14.348228,47.592072],[14.347988,47.591677],[14.347699,47.591262],[14.347369,47.590824],[14.347222,47.590646],[14.34664,47.590053],[14.346523,47.589937],[14.346294,47.589732],[14.346027,47.589504],[14.345771,47.589301],[14.345523,47.589113],[14.345183,47.588866],[14.344883,47.588672],[14.344613,47.588504],[14.344358,47.588353],[14.344066,47.58819],[14.343702,47.587996],[14.343355,47.587829],[14.342925,47.587632],[14.342561,47.58748],[14.342144,47.587317],[14.341729,47.58717],[14.341265,47.587018],[14.340757,47.586867],[14.339981,47.586658],[14.338881,47.586368],[14.33392,47.585064],[14.332253,47.584626],[14.330995,47.584296],[14.330126,47.584068],[14.329278,47.58384],[14.328686,47.583675],[14.328225,47.583539],[14.327719,47.583383],[14.327126,47.583184],[14.326634,47.583007],[14.326174,47.582831],[14.325847,47.582698],[14.325433,47.582522],[14.325003,47.582331],[14.324647,47.582163],[14.324188,47.581934],[14.32374,47.581696],[14.323459,47.581543],[14.323116,47.581345],[14.322878,47.581201],[14.322556,47.581001],[14.322347,47.580866],[14.32206,47.580671],[14.32189,47.580554],[14.321587,47.580338],[14.320802,47.579743],[14.32013,47.579281],[14.31906,47.578373],[14.317949,47.577386],[14.317903,47.577344],[14.317852,47.577298],[14.317509,47.576982],[14.317417,47.576881],[14.317205,47.576623],[14.31711,47.576521],[14.316688,47.576144],[14.31648,47.575971],[14.31484,47.574285],[14.314634,47.574064],[14.314155,47.573521],[14.31352,47.572795],[14.312971,47.572135],[14.312485,47.571517],[14.311923,47.570804],[14.311469,47.570228],[14.309666,47.56793],[14.308395,47.5663],[14.308275,47.566148],[14.307867,47.565629],[14.306184,47.56347],[14.306103,47.563369],[14.306043,47.56329],[14.305814,47.562995],[14.305437,47.562508],[14.304638,47.561477],[14.30341,47.559914],[14.303169,47.559608],[14.3023,47.55848],[14.30116,47.557007],[14.300477,47.556042],[14.300279,47.555748],[14.299803,47.554849],[14.299571,47.554352],[14.299399,47.5539],[14.2992,47.553194],[14.299194,47.553163],[14.29902,47.552474],[14.298975,47.552003],[14.298953,47.55153],[14.298973,47.551107],[14.298973,47.551095],[14.29901,47.550789],[14.299064,47.55039],[14.299115,47.550074],[14.299207,47.549686],[14.29941,47.549027],[14.299541,47.548669],[14.299874,47.547969],[14.299956,47.547804],[14.300001,47.547715],[14.300432,47.546997],[14.30095,47.54628],[14.302805,47.543908],[14.304069,47.54232],[14.305078,47.540878],[14.305511,47.540223],[14.305891,47.539564],[14.306424,47.538714],[14.306866,47.538059],[14.307326,47.537444],[14.307875,47.536826],[14.308389,47.536318],[14.308879,47.535903],[14.309155,47.535697],[14.309378,47.535532],[14.309834,47.535216],[14.310349,47.534893],[14.310922,47.534574],[14.311555,47.534259],[14.312219,47.533981],[14.312885,47.533726],[14.313571,47.533501],[14.314395,47.53327],[14.315231,47.533085],[14.316065,47.53293],[14.316924,47.532788],[14.317793,47.532652],[14.318666,47.532493],[14.31954,47.532305],[14.320429,47.532061],[14.321197,47.531811],[14.32194,47.531522],[14.322419,47.531313],[14.322687,47.53119],[14.324128,47.530459],[14.325404,47.529778],[14.326136,47.529387],[14.326898,47.528998],[14.328483,47.528216],[14.328667,47.528135],[14.330047,47.527523],[14.330243,47.52744],[14.330482,47.527338],[14.332263,47.52663],[14.332824,47.526435],[14.333743,47.526105],[14.334505,47.52586],[14.3352,47.525631],[14.337237,47.525026],[14.33773,47.524896],[14.339362,47.524482],[14.341017,47.524112],[14.343842,47.523586],[14.344142,47.523536],[14.34786,47.522973],[14.352034,47.522351],[14.353445,47.522153],[14.354057,47.522088],[14.354698,47.522043],[14.355636,47.52203],[14.356587,47.522068],[14.357602,47.522163],[14.361784,47.522967],[14.362975,47.523187],[14.363467,47.523263],[14.364183,47.523353],[14.364985,47.523433],[14.365683,47.523481],[14.366368,47.523505],[14.367083,47.523509],[14.367804,47.523493],[14.368493,47.523451],[14.369184,47.523391],[14.369857,47.523311],[14.370534,47.523208],[14.371163,47.523086],[14.371783,47.522943],[14.372422,47.522774],[14.373053,47.522573],[14.373631,47.52237],[14.374202,47.52214],[14.374412,47.522048],[14.376665,47.521064],[14.37893,47.520108],[14.379833,47.519733],[14.380799,47.519344],[14.382218,47.518745],[14.385785,47.517193],[14.386238,47.516999],[14.387301,47.516533],[14.388067,47.516222],[14.388385,47.516095],[14.388948,47.515893],[14.389534,47.515702],[14.390049,47.515553],[14.390531,47.515423],[14.391298,47.515243],[14.392109,47.515071],[14.39271,47.514988],[14.393496,47.514885],[14.393829,47.514847],[14.394528,47.514788],[14.396108,47.514722],[14.398905,47.514692],[14.404094,47.514697],[14.404428,47.514693],[14.405579,47.514679],[14.407175,47.514628],[14.408604,47.514547],[14.410009,47.514433],[14.410465,47.514386],[14.410828,47.514347],[14.412413,47.514153],[14.414142,47.513881],[14.414301,47.513856],[14.414526,47.513821],[14.416583,47.513418],[14.418838,47.512879],[14.425103,47.511161],[14.427661,47.510532],[14.430416,47.50992],[14.433404,47.509325],[14.43419,47.509188],[14.436678,47.508748],[14.440213,47.508233],[14.443823,47.5078],[14.445521,47.507626],[14.447161,47.507431],[14.448344,47.507241],[14.44951,47.507003],[14.450493,47.506761],[14.451057,47.506605],[14.45161,47.506434],[14.452486,47.506139],[14.453018,47.50594],[14.453534,47.505734],[14.454013,47.505528],[14.454697,47.505212],[14.455467,47.504824],[14.456123,47.504463],[14.456742,47.504088],[14.458622,47.502849],[14.460974,47.501207],[14.46183,47.500641],[14.462706,47.500104],[14.463621,47.499591],[14.464595,47.4991],[14.46537,47.498755],[14.466163,47.498429],[14.466913,47.498151],[14.467692,47.497891],[14.468905,47.497525],[14.470516,47.497138],[14.472331,47.496815],[14.473409,47.496681],[14.474509,47.496584],[14.475393,47.496527],[14.476299,47.4965],[14.477582,47.496512],[14.478853,47.496547],[14.480184,47.496618],[14.48028,47.496622],[14.480833,47.49666],[14.482155,47.496719],[14.483737,47.496795],[14.484462,47.496808],[14.486032,47.496878],[14.487599,47.496889],[14.488376,47.496858],[14.489412,47.496785],[14.490173,47.496681],[14.490995,47.496531],[14.491852,47.496338],[14.492747,47.496085],[14.493874,47.495704],[14.49612,47.494859],[14.498231,47.494049],[14.500342,47.493246],[14.503827,47.491919],[14.506369,47.490976],[14.507249,47.49065],[14.509324,47.489951],[14.511435,47.4893],[14.513184,47.488802],[14.515017,47.488328],[14.517239,47.487807],[14.518711,47.487503],[14.51896,47.487451],[14.519526,47.487334],[14.521832,47.486918],[14.524648,47.486448],[14.525682,47.48626],[14.526714,47.48604],[14.527613,47.485809],[14.528488,47.485541],[14.52927,47.485268],[14.529957,47.485001],[14.530564,47.484728],[14.531225,47.484408],[14.532347,47.483805],[14.53398,47.482916],[14.534835,47.482497],[14.535898,47.482045],[14.536985,47.481658],[14.538125,47.481318],[14.538954,47.481113],[14.53981,47.480937],[14.540584,47.480807],[14.541509,47.480685],[14.542444,47.480603],[14.54339,47.480547],[14.544628,47.48051],[14.545327,47.480479],[14.546123,47.480431],[14.54684,47.480358],[14.547598,47.48026],[14.548172,47.480162],[14.550493,47.479738],[14.551222,47.479632],[14.552119,47.479546],[14.552842,47.479509],[14.553358,47.479498],[14.553856,47.479505],[14.556188,47.479591],[14.557186,47.479608],[14.558401,47.479594],[14.559519,47.479547],[14.560481,47.479478],[14.56171,47.47935],[14.563149,47.479135],[14.56467,47.478837],[14.566355,47.478416],[14.566581,47.47835],[14.567166,47.478172],[14.568273,47.477801],[14.570001,47.477141],[14.5717,47.476469],[14.572823,47.476027],[14.573481,47.475784],[14.573712,47.475709],[14.574434,47.475486],[14.57511,47.475311],[14.577586,47.474787],[14.578743,47.474479],[14.579885,47.474102],[14.580579,47.473865],[14.581343,47.473603],[14.582003,47.473419],[14.582764,47.473217],[14.583233,47.473115],[14.583828,47.472984],[14.585162,47.472757],[14.585733,47.472678],[14.586327,47.472609],[14.586863,47.472563],[14.587341,47.472531],[14.5879,47.4725],[14.588194,47.472488],[14.589503,47.472477],[14.590165,47.472492],[14.590879,47.472532],[14.591843,47.472609],[14.59244,47.472681],[14.593127,47.472775],[14.593787,47.472878],[14.594485,47.473004],[14.59586,47.473265],[14.59648,47.473387],[14.597185,47.473529],[14.598491,47.473764],[14.599009,47.47385],[14.599891,47.473967],[14.600773,47.474065],[14.601731,47.474137],[14.602666,47.474176],[14.603619,47.474192],[14.604708,47.474183],[14.605486,47.474153],[14.606725,47.474061],[14.607183,47.474018],[14.607912,47.473939],[14.609075,47.473767],[14.609786,47.473645],[14.610471,47.473504],[14.611819,47.473194],[14.613188,47.472841],[14.61453,47.472424],[14.618136,47.471354],[14.620449,47.470753],[14.622795,47.4702],[14.625503,47.469747],[14.628256,47.469376],[14.635285,47.468734],[14.636469,47.468619],[14.636912,47.468572],[14.638435,47.468386],[14.640134,47.468136],[14.642676,47.46768],[14.645045,47.467117],[14.645977,47.466863],[14.646836,47.466567],[14.647289,47.466383],[14.64799,47.4661],[14.648177,47.466014],[14.648853,47.465667],[14.649819,47.465098],[14.650803,47.46443],[14.651453,47.463882],[14.652042,47.463324],[14.652262,47.463082],[14.652656,47.462603],[14.653251,47.461762],[14.654128,47.460453],[14.655056,47.459115],[14.656177,47.45786],[14.657372,47.456802],[14.657993,47.456333],[14.658092,47.456258],[14.658817,47.455778],[14.659455,47.45538],[14.660149,47.455006],[14.660944,47.454631],[14.661581,47.454391],[14.662128,47.454223],[14.662686,47.454068],[14.663244,47.453945],[14.663803,47.453853],[14.664827,47.453719],[14.666616,47.453489],[14.667335,47.453376],[14.667912,47.453255],[14.668275,47.453157],[14.668893,47.452989],[14.670794,47.452362],[14.671542,47.452115],[14.673313,47.451517],[14.674605,47.450981],[14.675452,47.450532],[14.676878,47.449763],[14.677804,47.449277],[14.679504,47.448509],[14.681454,47.447771],[14.68297,47.447258],[14.684259,47.446748],[14.685,47.446401],[14.686287,47.445701],[14.687064,47.445182],[14.687789,47.444644],[14.689635,47.442966],[14.69112,47.441531],[14.693416,47.439393],[14.694407,47.438491],[14.69517,47.437914],[14.696001,47.437354],[14.696761,47.436946],[14.697837,47.436426],[14.69881,47.435995],[14.700074,47.43544],[14.700179,47.435394],[14.701313,47.434895],[14.702746,47.434203],[14.704344,47.433355],[14.704458,47.433289],[14.704967,47.432998],[14.706354,47.432125],[14.70759,47.431275],[14.70845,47.430677],[14.709045,47.430286],[14.709661,47.429942],[14.710248,47.429646],[14.710939,47.429353],[14.71168,47.429068],[14.712552,47.428758],[14.713339,47.428516],[14.713494,47.428474],[14.714193,47.428286],[14.714684,47.428171],[14.716908,47.427715],[14.717403,47.427603],[14.718839,47.427252],[14.719549,47.427064],[14.720271,47.426896],[14.720925,47.426768],[14.721613,47.42667],[14.722332,47.426598],[14.723063,47.42657],[14.723971,47.426584],[14.724751,47.426638],[14.725629,47.42675],[14.725898,47.426805],[14.726864,47.427007],[14.727701,47.427214],[14.728545,47.427425],[14.728918,47.427516],[14.731016,47.428044],[14.731598,47.428169],[14.732511,47.428329],[14.733457,47.428456],[14.734587,47.428559],[14.735716,47.4286],[14.736951,47.428586],[14.738313,47.428499],[14.738951,47.428427],[14.73956,47.42834],[14.740401,47.428195],[14.741254,47.428014],[14.742059,47.427806],[14.742776,47.427592],[14.744176,47.42713],[14.744774,47.426915],[14.745356,47.426698],[14.745872,47.426528],[14.746585,47.426265],[14.747175,47.426075],[14.750241,47.425005],[14.750852,47.424791],[14.752597,47.424159],[14.753493,47.423814],[14.75436,47.423437],[14.755899,47.422738],[14.756569,47.422429],[14.757076,47.422163],[14.757672,47.421838],[14.758191,47.421549],[14.759437,47.42079],[14.760616,47.420004],[14.761393,47.419429],[14.762368,47.418677],[14.762998,47.418173],[14.764372,47.41706],[14.768165,47.413977],[14.769422,47.412944],[14.769981,47.412441],[14.770585,47.411803],[14.771053,47.411219],[14.771681,47.410261],[14.772082,47.409632],[14.77248,47.409047],[14.772911,47.408496],[14.773403,47.407953],[14.773928,47.407441],[14.77451,47.40693],[14.775063,47.406504],[14.775646,47.406099],[14.776407,47.405626],[14.777221,47.405184],[14.778148,47.40475],[14.778359,47.404655],[14.778823,47.40447],[14.780094,47.404023],[14.782105,47.403427],[14.783379,47.403023],[14.784602,47.402571],[14.785803,47.402052],[14.788024,47.401015],[14.789217,47.400494],[14.790411,47.400015],[14.791719,47.399524],[14.793074,47.399069],[14.793926,47.398795],[14.794924,47.398505],[14.795925,47.398232],[14.797633,47.397812],[14.799393,47.397446],[14.801241,47.397124],[14.803165,47.396856],[14.803392,47.396829],[14.805523,47.396618],[14.806675,47.396534],[14.807416,47.396495],[14.808162,47.396455],[14.809656,47.396405],[14.810351,47.396407],[14.817772,47.396236],[14.818633,47.3962],[14.819816,47.396147],[14.821001,47.396075],[14.821236,47.396063],[14.821618,47.396035],[14.823137,47.395863],[14.824102,47.395722],[14.824478,47.395659],[14.826792,47.395236],[14.82783,47.395042],[14.828893,47.394862],[14.830099,47.394695],[14.831229,47.394575],[14.832273,47.394502],[14.833658,47.394455],[14.834619,47.394454],[14.835584,47.394478],[14.837704,47.394597],[14.839863,47.394738],[14.84215,47.394886],[14.844319,47.39502],[14.845418,47.395078],[14.846525,47.395108],[14.847813,47.39513],[14.849092,47.395113],[14.850345,47.395076],[14.851552,47.395012],[14.852974,47.394908],[14.854388,47.394762],[14.855911,47.394576],[14.857423,47.394342],[14.859903,47.393884],[14.863274,47.393213],[14.868099,47.392256],[14.870368,47.391821],[14.871566,47.391651],[14.872812,47.391515],[14.874178,47.391378],[14.875584,47.391194],[14.876737,47.390987],[14.87788,47.390725],[14.878772,47.390481],[14.87959,47.390222],[14.880173,47.390018],[14.881934,47.389338],[14.883236,47.388834],[14.884301,47.388456],[14.885544,47.388061],[14.886807,47.387708],[14.887862,47.387448],[14.88824,47.387363],[14.889217,47.387162],[14.890221,47.38699],[14.891424,47.386807],[14.892291,47.386711],[14.893395,47.386602],[14.894385,47.386517],[14.895769,47.386469],[14.895992,47.386458],[14.89657,47.386468],[14.89731,47.386468],[14.897837,47.386487],[14.898929,47.386524],[14.900575,47.386632],[14.902588,47.3868],[14.903081,47.386847],[14.903488,47.386888],[14.903995,47.386947],[14.905855,47.387151],[14.906993,47.387259],[14.907788,47.387313],[14.908587,47.387357],[14.909377,47.387368],[14.910088,47.387364],[14.911033,47.387332],[14.912268,47.387244],[14.913432,47.387107],[14.914203,47.386995],[14.915532,47.386745],[14.916888,47.386412],[14.918203,47.386024],[14.920176,47.38535],[14.921252,47.385001],[14.922337,47.384697],[14.923448,47.38443],[14.924395,47.384253],[14.926269,47.383952],[14.930343,47.383413],[14.935496,47.382715],[14.937387,47.382408],[14.939205,47.382021],[14.940098,47.381796],[14.940972,47.381548],[14.942703,47.380986],[14.944504,47.380283],[14.948571,47.378514],[14.949855,47.377989],[14.951061,47.377538],[14.953384,47.376765],[14.954738,47.376372],[14.956124,47.376014],[14.959292,47.375291],[14.962247,47.374643],[14.963737,47.374339],[14.965251,47.374069],[14.966527,47.373874],[14.967825,47.373711],[14.969104,47.373576],[14.970386,47.373469],[14.971317,47.373407],[14.972225,47.373368],[14.973836,47.373322],[14.975891,47.373312],[14.977089,47.373308],[14.978206,47.373288],[14.979338,47.373239],[14.980339,47.373156],[14.98134,47.373048],[14.981907,47.37297],[14.982129,47.372936],[14.983272,47.372742],[14.984344,47.372518],[14.985218,47.372309],[14.985815,47.372146],[14.987045,47.371763],[14.987643,47.371561],[14.988258,47.371336],[14.988688,47.371167],[14.989467,47.370848],[14.990212,47.3705],[14.990915,47.370131],[14.991671,47.369717],[14.992321,47.369336],[14.99295,47.368933],[14.993309,47.368689],[14.993695,47.368419],[14.99399,47.368196],[14.994255,47.367987],[14.994553,47.367748],[14.99478,47.36756],[14.99505,47.367325],[14.995359,47.367038],[14.996046,47.366356],[14.996815,47.365516],[14.997361,47.36481],[14.997676,47.36437],[14.998103,47.363677],[14.99826,47.363375],[14.99867,47.3626],[14.99904,47.361817],[14.999338,47.361189],[14.999658,47.360415],[15.000151,47.359159],[15.000727,47.357722],[15.001009,47.357],[15.001454,47.355983],[15.001712,47.355464],[15.002248,47.354521],[15.002731,47.353769],[15.003272,47.35303],[15.003817,47.352328],[15.004509,47.351454],[15.005402,47.350302],[15.005756,47.349803],[15.006313,47.348886],[15.006704,47.348022],[15.006987,47.347166],[15.007152,47.346349],[15.007183,47.346081],[15.007239,47.345447],[15.007223,47.34472],[15.0072,47.34434],[15.007179,47.344051],[15.007098,47.343263],[15.007052,47.342966],[15.00702,47.34275],[15.006994,47.342521],[15.006979,47.342295],[15.006971,47.34212],[15.006961,47.341943],[15.006959,47.341799],[15.006959,47.341583],[15.006979,47.341235],[15.007033,47.340948],[15.007077,47.340684],[15.007133,47.340432],[15.007169,47.340279],[15.007246,47.340035],[15.007433,47.339556],[15.007725,47.338975],[15.008027,47.338494],[15.008542,47.337852],[15.008873,47.337489],[15.009459,47.336985],[15.009884,47.336643],[15.010295,47.336361],[15.011113,47.33589],[15.011762,47.335568],[15.012214,47.335364],[15.012736,47.335165],[15.013849,47.334806],[15.01446,47.334606],[15.014966,47.334457],[15.016735,47.334008],[15.018565,47.333579],[15.018823,47.333514],[15.019273,47.333377],[15.020151,47.333083],[15.02112,47.332622],[15.021901,47.332165],[15.022623,47.33163],[15.023455,47.330805],[15.024183,47.329867],[15.024629,47.329244],[15.025227,47.328401],[15.026338,47.326936],[15.026947,47.326195],[15.027579,47.325489],[15.027897,47.325116],[15.028593,47.324313],[15.029668,47.323361],[15.029781,47.323278],[15.02985,47.323228],[15.029924,47.323175],[15.030612,47.322756],[15.031311,47.322382],[15.032937,47.321506],[15.033836,47.321097],[15.034053,47.320998],[15.034466,47.32083],[15.035399,47.320472],[15.03596,47.320282],[15.036505,47.320111],[15.037109,47.319935],[15.03767,47.319785],[15.037814,47.319749],[15.038699,47.31954],[15.039818,47.319331],[15.040416,47.319238],[15.041175,47.319124],[15.042856,47.318894],[15.043643,47.318784],[15.044095,47.318713],[15.044348,47.318669],[15.045031,47.31854],[15.045948,47.318323],[15.046748,47.318104],[15.047512,47.317858],[15.048312,47.31756],[15.048931,47.317301],[15.049511,47.317032],[15.050166,47.316699],[15.050836,47.316315],[15.051428,47.31594],[15.052059,47.315499],[15.052674,47.315011],[15.053271,47.31448],[15.054029,47.313731],[15.05453,47.313182],[15.055262,47.312335],[15.05817,47.308863],[15.059641,47.307145],[15.061178,47.305461],[15.062547,47.304121],[15.064179,47.302728],[15.065755,47.301564],[15.066412,47.301128],[15.066962,47.30078],[15.067482,47.300464],[15.068334,47.29997],[15.069645,47.299235],[15.069663,47.299225],[15.070561,47.298709],[15.071476,47.298208],[15.072036,47.297902],[15.072707,47.297546],[15.073097,47.297339],[15.073442,47.29715],[15.073804,47.296941],[15.074372,47.29661],[15.074851,47.296332],[15.075375,47.296015],[15.075834,47.295734],[15.076408,47.295374],[15.076905,47.295055],[15.077341,47.294769],[15.077603,47.294594],[15.077882,47.294408],[15.07858,47.293926],[15.079134,47.293523],[15.07958,47.293194],[15.080169,47.292736],[15.080725,47.292298],[15.081234,47.29188],[15.081496,47.291664],[15.081982,47.291246],[15.082487,47.290801],[15.08301,47.290321],[15.083469,47.289884],[15.083821,47.289543],[15.084391,47.288973],[15.085203,47.288122],[15.085633,47.287646],[15.086324,47.286867],[15.086953,47.286128],[15.088454,47.284354],[15.090014,47.282511],[15.091644,47.280583],[15.093121,47.278837],[15.093386,47.278524],[15.093969,47.277847],[15.094394,47.277365],[15.094911,47.276807],[15.095381,47.27631],[15.095788,47.275884],[15.096186,47.275474],[15.096652,47.275027],[15.097091,47.274616],[15.097642,47.274115],[15.098152,47.273676],[15.098714,47.273206],[15.099424,47.27263],[15.100216,47.272049],[15.100893,47.271576],[15.10156,47.27113],[15.102203,47.27071],[15.10277,47.270362],[15.103325,47.27003],[15.103731,47.269795],[15.104252,47.269506],[15.104977,47.269107],[15.105888,47.268615],[15.10692,47.268066],[15.10843,47.267284],[15.110926,47.265991],[15.113677,47.264567],[15.116177,47.263272],[15.118929,47.261847],[15.121553,47.260488],[15.122642,47.259923],[15.123266,47.259601],[15.124774,47.258819],[15.126775,47.257783],[15.127242,47.257541],[15.129452,47.256396],[15.131912,47.255122],[15.134672,47.253693],[15.137166,47.252401],[15.137918,47.252011],[15.138977,47.251473],[15.139554,47.251185],[15.139934,47.251001],[15.140416,47.250771],[15.141205,47.250422],[15.141795,47.250183],[15.142394,47.249959],[15.142804,47.249813],[15.143502,47.249579],[15.144003,47.249433],[15.144625,47.249259],[15.145239,47.249104],[15.145791,47.248979],[15.146426,47.24885],[15.14699,47.248744],[15.147485,47.248661],[15.148136,47.24858],[15.148924,47.248494],[15.149511,47.248443],[15.150246,47.24839],[15.150907,47.248357],[15.151687,47.248345],[15.152303,47.248348],[15.153121,47.248371],[15.153818,47.248403],[15.154654,47.248451],[15.155837,47.248526],[15.156638,47.248569],[15.157303,47.2486],[15.157792,47.248611],[15.158242,47.248615],[15.158755,47.248614],[15.15936,47.248602],[15.159662,47.248593],[15.159914,47.248584],[15.160174,47.248573],[15.160202,47.248572],[15.16064,47.248549],[15.161082,47.248518],[15.161668,47.248469],[15.162162,47.248418],[15.162582,47.248369],[15.162992,47.248317],[15.16359,47.248234],[15.16392,47.24818],[15.164547,47.248069],[15.16514,47.247952],[15.165678,47.247837],[15.166326,47.247688],[15.167093,47.247502],[15.169252,47.246983],[15.170176,47.246811],[15.170942,47.246708],[15.172698,47.246537],[15.174129,47.246399],[15.174855,47.246301],[15.175535,47.24618],[15.176559,47.245947],[15.177552,47.245657],[15.178997,47.245204],[15.18008,47.244888],[15.181202,47.244614],[15.182112,47.244428],[15.182902,47.244298],[15.183662,47.244195],[15.184429,47.24411],[15.185942,47.244008],[15.187604,47.243926],[15.189007,47.243805],[15.190173,47.243633],[15.191133,47.243422],[15.192239,47.24312],[15.193061,47.242834],[15.194196,47.242361],[15.195176,47.241854],[15.195975,47.241359],[15.196767,47.240805],[15.197757,47.240071],[15.198672,47.239455],[15.199107,47.239198],[15.199492,47.238985],[15.199843,47.238808],[15.200181,47.238646],[15.200512,47.238497],[15.201194,47.23822],[15.202257,47.237853],[15.203394,47.237507],[15.204298,47.23722],[15.205269,47.236906],[15.206296,47.236525],[15.207575,47.236],[15.208744,47.235431],[15.209834,47.234831],[15.21086,47.234195],[15.212345,47.233141],[15.214051,47.231864],[15.214602,47.231465],[15.215552,47.230807],[15.216545,47.230172],[15.217439,47.229645],[15.218437,47.229086],[15.219718,47.228443],[15.220948,47.227864],[15.221849,47.227466],[15.223014,47.226961],[15.225993,47.225734],[15.226744,47.225437],[15.227676,47.225064],[15.228353,47.224798],[15.22961,47.224307],[15.22983,47.224226],[15.230503,47.223963],[15.231799,47.223459],[15.237127,47.221489],[15.238715,47.220924],[15.242592,47.219598],[15.24399,47.219154],[15.245389,47.218733],[15.246974,47.21827],[15.248577,47.217833],[15.250217,47.217422],[15.251843,47.217048],[15.253439,47.216711],[15.255054,47.21642],[15.256417,47.21622],[15.257798,47.216073],[15.258993,47.215977],[15.260266,47.215904],[15.260825,47.215864],[15.262524,47.21582],[15.263171,47.215836],[15.264218,47.215835],[15.264816,47.215843],[15.267274,47.215876],[15.267615,47.215881],[15.26811,47.21587],[15.26973,47.215895],[15.270643,47.215927],[15.271906,47.215963],[15.273049,47.216011],[15.274231,47.216084],[15.276578,47.216351],[15.278889,47.216775],[15.280936,47.217293],[15.283549,47.218018],[15.28487,47.218319],[15.28863,47.219022],[15.289579,47.219193],[15.289611,47.219199],[15.290235,47.21931],[15.291576,47.219506],[15.292418,47.219592],[15.292464,47.219595],[15.293299,47.219639],[15.294423,47.219641],[15.29545,47.219587],[15.296576,47.21946],[15.297621,47.219282],[15.298464,47.219087],[15.299335,47.218845],[15.300407,47.218475],[15.301166,47.218158],[15.301977,47.217758],[15.302614,47.217401],[15.303227,47.217004],[15.303875,47.216529],[15.30446,47.216028],[15.305299,47.215183],[15.3069,47.213383],[15.308878,47.211119],[15.309039,47.210935],[15.310333,47.209499],[15.31084,47.208995],[15.311408,47.208491],[15.31196,47.208067],[15.312551,47.207661],[15.313081,47.207329],[15.313299,47.207206],[15.313788,47.206945],[15.314739,47.206525],[15.315562,47.206185],[15.317333,47.205497],[15.317996,47.205227],[15.31859,47.204973],[15.319066,47.204748],[15.319575,47.20449],[15.319997,47.204249],[15.32052,47.203927],[15.321001,47.203596],[15.321106,47.203522],[15.321477,47.203236],[15.321669,47.203077],[15.322025,47.202768],[15.322245,47.202552],[15.32268,47.2021],[15.322972,47.201752],[15.323265,47.201374],[15.323612,47.200937],[15.324246,47.199689],[15.324584,47.198107],[15.324762,47.196564],[15.325048,47.19521],[15.325586,47.194172],[15.326251,47.193074],[15.327268,47.191975],[15.328296,47.191087],[15.329085,47.190405],[15.329572,47.189952],[15.329743,47.189765],[15.330028,47.189438],[15.330261,47.189125],[15.330545,47.188699],[15.330779,47.188271],[15.331012,47.187745],[15.331171,47.187286],[15.331276,47.186764],[15.331328,47.186301],[15.331348,47.185835],[15.331338,47.185708],[15.331202,47.184034],[15.331084,47.182416],[15.331064,47.181769],[15.331068,47.180806],[15.331077,47.180238],[15.331123,47.179347],[15.331207,47.178237],[15.331319,47.177277],[15.331379,47.176796],[15.331597,47.175396],[15.331647,47.174847],[15.332038,47.172982],[15.33215,47.172465],[15.332278,47.171717],[15.332323,47.171339],[15.332335,47.171133],[15.332361,47.170648],[15.332286,47.16959],[15.332128,47.168788],[15.331884,47.168001],[15.33161,47.167343],[15.331276,47.166698],[15.330965,47.166197],[15.330615,47.165701],[15.329817,47.164752],[15.327745,47.162741],[15.32696,47.16194],[15.32653,47.161443],[15.326261,47.161077],[15.326026,47.16072],[15.325808,47.160349],[15.325471,47.159679],[15.325235,47.158984],[15.325072,47.15834],[15.32498,47.157749],[15.324961,47.157222],[15.324959,47.157161],[15.324973,47.156608],[15.325053,47.156046],[15.325173,47.155488],[15.325356,47.154929],[15.325586,47.154376],[15.325967,47.153644],[15.326634,47.152475],[15.327088,47.151702],[15.327144,47.151607],[15.327772,47.150519],[15.328693,47.148946],[15.328974,47.14845],[15.329442,47.147645],[15.329807,47.147104],[15.329834,47.147064],[15.330172,47.146628],[15.330536,47.146205],[15.331242,47.145527],[15.331782,47.145094],[15.332237,47.144763],[15.332498,47.144563],[15.332901,47.14431],[15.333292,47.144069],[15.333858,47.143783],[15.33433,47.143549],[15.334907,47.143313],[15.335033,47.143261],[15.335467,47.143108],[15.335691,47.143029],[15.337597,47.142493],[15.339712,47.141986],[15.342058,47.141415],[15.344021,47.140919],[15.344763,47.14074],[15.344997,47.140685],[15.34729,47.140133],[15.3489,47.139734],[15.349458,47.139575],[15.350269,47.13931],[15.351046,47.139013],[15.351272,47.138909],[15.351764,47.138684],[15.352857,47.138091],[15.353911,47.137385],[15.354661,47.136765],[15.35532,47.13612],[15.355704,47.135672],[15.356991,47.133951],[15.357632,47.13309],[15.358337,47.132171],[15.358855,47.131534],[15.359901,47.130298],[15.360996,47.129087],[15.361178,47.128911],[15.36129,47.128794],[15.361378,47.128701],[15.361692,47.128381],[15.362036,47.128036],[15.364371,47.125836],[15.365256,47.125017],[15.36685,47.123562],[15.367656,47.12288],[15.36823,47.122303],[15.36884,47.121718],[15.368975,47.1216],[15.369186,47.121397],[15.369258,47.121328],[15.369369,47.121199],[15.369675,47.120901],[15.36989,47.120662],[15.370126,47.120401],[15.370222,47.120287],[15.370564,47.119879],[15.370713,47.119648],[15.371361,47.11872],[15.371955,47.117776],[15.372033,47.11765],[15.372133,47.11749],[15.372179,47.117415],[15.372843,47.11637],[15.373175,47.115849],[15.373886,47.114702],[15.374092,47.114361],[15.374315,47.114093],[15.375345,47.112494],[15.375433,47.112357],[15.376326,47.11102],[15.37645,47.110855],[15.376863,47.110304],[15.377066,47.110033],[15.377307,47.109712],[15.377516,47.109437],[15.377739,47.109144],[15.3779,47.108923],[15.378061,47.108689],[15.378137,47.108574],[15.378339,47.108247],[15.378439,47.108072],[15.378559,47.107853],[15.378736,47.107502],[15.378883,47.107157],[15.378999,47.106838],[15.379121,47.106458],[15.379211,47.106109],[15.379274,47.105803],[15.379322,47.105485],[15.379363,47.105188],[15.379395,47.104757],[15.37941,47.10443],[15.379415,47.103996],[15.37941,47.103534],[15.379229,47.097272],[15.379008,47.089643],[15.378784,47.081898],[15.37857,47.074474],[15.378348,47.066804],[15.378071,47.057224],[15.377797,47.047752],[15.377771,47.046831],[15.377763,47.046141],[15.377766,47.045683],[15.377784,47.045203],[15.377808,47.044815],[15.377847,47.044421],[15.377888,47.04408],[15.377959,47.043644],[15.378064,47.043164],[15.378185,47.042728],[15.378328,47.042278],[15.378502,47.041828],[15.378657,47.041462],[15.378796,47.041171],[15.379027,47.040736],[15.379274,47.040307],[15.379477,47.039986],[15.379748,47.039588],[15.380054,47.039183],[15.380347,47.038815],[15.380659,47.038459],[15.381067,47.03803],[15.381439,47.037665],[15.381756,47.037375],[15.382122,47.037057],[15.382506,47.036749],[15.3829,47.036448],[15.383367,47.036116],[15.383853,47.035795],[15.38424,47.035556],[15.384622,47.03533],[15.385208,47.035007],[15.385596,47.034808],[15.38598,47.03462],[15.386296,47.034473],[15.386703,47.034291],[15.387097,47.034125],[15.38749,47.033969],[15.388172,47.033718],[15.388743,47.033528],[15.389432,47.033315],[15.390081,47.033135],[15.390725,47.032976],[15.391479,47.032813],[15.392065,47.0327],[15.392593,47.032613],[15.393159,47.032529],[15.393661,47.032466],[15.394128,47.032415],[15.394734,47.032361],[15.395433,47.032315],[15.395957,47.032295],[15.396481,47.032281],[15.397007,47.032279],[15.397601,47.032287],[15.398117,47.032303],[15.398682,47.032328],[15.39921,47.03236],[15.399732,47.032396],[15.400319,47.032443],[15.400906,47.032493],[15.401817,47.032578],[15.402924,47.03265],[15.405278,47.032881],[15.405961,47.032943],[15.406274,47.032966],[15.406637,47.03298],[15.406845,47.032986],[15.40688,47.032986],[15.407064,47.032988],[15.407258,47.032988],[15.407495,47.032986],[15.407771,47.032979],[15.407991,47.032974],[15.40838,47.03295],[15.408839,47.032901],[15.409423,47.032828],[15.409867,47.032743],[15.410138,47.032675],[15.4105,47.032562],[15.410838,47.032434],[15.411254,47.032238],[15.411651,47.031996],[15.411961,47.031764],[15.412272,47.031467],[15.41237,47.031357],[15.41247,47.031252],[15.412518,47.031184],[15.412693,47.030898],[15.412821,47.030641],[15.412931,47.030347],[15.412987,47.030121],[15.413094,47.029922],[15.413134,47.029523],[15.413139,47.0292],[15.413138,47.028958],[15.413095,47.028434],[15.413044,47.028131],[15.412949,47.027644],[15.412887,47.027412],[15.4128,47.027104],[15.412465,47.026286],[15.411889,47.025068],[15.411751,47.024795],[15.410422,47.022068],[15.410013,47.021181],[15.409851,47.020815],[15.409371,47.019665],[15.40894,47.018507],[15.408585,47.017413],[15.408224,47.016149],[15.408032,47.015359],[15.407875,47.014627],[15.407819,47.014373],[15.407766,47.014038],[15.407698,47.013677],[15.407584,47.012889],[15.407493,47.012134],[15.40745,47.011723],[15.407364,47.010634],[15.407347,47.01029],[15.407321,47.008699],[15.407338,47.008183],[15.407358,47.007728],[15.40739,47.007109],[15.407403,47.006926],[15.407475,47.006137],[15.407586,47.005146],[15.407805,47.003849],[15.407897,47.00349],[15.408208,47.002121],[15.408429,47.00127],[15.40858,47.000761],[15.408825,46.999953],[15.408846,46.999887],[15.408908,46.999687],[15.409167,46.998915],[15.409386,46.998343],[15.409478,46.9981],[15.409642,46.997676],[15.410037,46.996755],[15.411198,46.994324],[15.411335,46.994058],[15.412198,46.992557],[15.412665,46.991801],[15.413345,46.990759],[15.413811,46.990069],[15.414586,46.988981],[15.415348,46.987956],[15.416027,46.987089],[15.416335,46.986703],[15.416678,46.986283],[15.417041,46.98584],[15.417357,46.985459],[15.418124,46.984556],[15.418558,46.984043],[15.419255,46.98323],[15.42245,46.979612],[15.422934,46.979066],[15.423641,46.978273],[15.424547,46.977244],[15.42519,46.976519],[15.425547,46.976112],[15.425927,46.975686],[15.42633,46.975226],[15.426425,46.975119],[15.426525,46.975007],[15.427756,46.97362],[15.428605,46.972655],[15.429061,46.972144],[15.430223,46.970822],[15.431851,46.968985],[15.4322,46.968596],[15.432669,46.968065],[15.433241,46.967418],[15.433774,46.966815],[15.43451,46.965981],[15.435587,46.964765],[15.43584,46.964479],[15.436011,46.964296],[15.436601,46.963617],[15.43681,46.963383],[15.437104,46.963055],[15.437999,46.962039],[15.439361,46.960497],[15.440319,46.959415],[15.441585,46.957972],[15.443917,46.955347],[15.443969,46.955288],[15.447273,46.951541],[15.450074,46.948369],[15.452303,46.945851],[15.453137,46.944908],[15.45627,46.941369],[15.4578,46.939637],[15.458607,46.938709],[15.459495,46.937665],[15.459689,46.937435],[15.460258,46.936768],[15.460897,46.935995],[15.461456,46.935307],[15.462215,46.934347],[15.462542,46.933931],[15.462756,46.933647],[15.463165,46.933106],[15.463353,46.932853],[15.463582,46.932545],[15.463922,46.932074],[15.464535,46.931197],[15.465019,46.93048],[15.465565,46.929646],[15.465872,46.929149],[15.466335,46.928381],[15.466781,46.927603],[15.466903,46.927388],[15.467464,46.926353],[15.467974,46.925345],[15.468494,46.924237],[15.469046,46.922981],[15.469562,46.921677],[15.4699,46.920753],[15.470221,46.919805],[15.470603,46.91855],[15.470938,46.917289],[15.471172,46.916312],[15.471411,46.915151],[15.471612,46.913983],[15.471636,46.913826],[15.471703,46.913385],[15.471812,46.912552],[15.471926,46.911514],[15.472039,46.910196],[15.472109,46.908934],[15.472158,46.907727],[15.472187,46.906065],[15.472189,46.904918],[15.472174,46.90305],[15.472062,46.897453],[15.472048,46.896805],[15.472044,46.896604],[15.472037,46.896358],[15.47202,46.895431],[15.472003,46.894641],[15.471997,46.894293],[15.471995,46.894119],[15.471991,46.893231],[15.472005,46.892543],[15.472027,46.891987],[15.472081,46.891082],[15.472173,46.890145],[15.472262,46.889509],[15.472404,46.888694],[15.472578,46.887918],[15.472765,46.887242],[15.472948,46.886645],[15.473258,46.885805],[15.473458,46.885305],[15.473823,46.884524],[15.474464,46.883339],[15.474743,46.88289],[15.475026,46.88242],[15.47545,46.881811],[15.475789,46.881341],[15.476337,46.880643],[15.476798,46.880103],[15.477046,46.879824],[15.477286,46.879557],[15.477865,46.878943],[15.478308,46.878508],[15.478633,46.878196],[15.479035,46.877812],[15.479715,46.877189],[15.480289,46.876683],[15.481865,46.875358],[15.484342,46.873308],[15.485991,46.871985],[15.48802,46.870354],[15.489985,46.868792],[15.491988,46.86721],[15.49331,46.866179],[15.493535,46.866001],[15.494345,46.865374],[15.49599,46.864127],[15.49761,46.862952],[15.498737,46.862185],[15.499491,46.861683],[15.499581,46.861625],[15.501071,46.860693],[15.50225,46.859992],[15.503554,46.859244],[15.504936,46.858468],[15.50602,46.857862],[15.506936,46.857349],[15.508715,46.856349],[15.509774,46.855761],[15.510973,46.855084],[15.512214,46.85439],[15.513172,46.853852],[15.513599,46.853612],[15.514974,46.852841],[15.516135,46.852194],[15.517098,46.851648],[15.518495,46.850866],[15.521418,46.849229],[15.523315,46.848161],[15.526379,46.846436],[15.526599,46.846315],[15.527472,46.845828],[15.529592,46.844639],[15.534539,46.841856],[15.535036,46.841579],[15.539975,46.838763],[15.540582,46.838394],[15.541584,46.8378],[15.542774,46.837077],[15.543904,46.836371],[15.544534,46.83597],[15.54536,46.835437],[15.546191,46.83489],[15.547091,46.834275],[15.548193,46.833499],[15.549192,46.832772],[15.550084,46.832099],[15.551058,46.831336],[15.551399,46.83106],[15.552141,46.830454],[15.55314,46.829601],[15.553737,46.829074],[15.553819,46.829002],[15.554606,46.828287],[15.55553,46.827435],[15.555993,46.826953],[15.557172,46.825754],[15.558187,46.824672],[15.559012,46.823731],[15.559968,46.822606],[15.560835,46.821515],[15.561795,46.820239],[15.562568,46.819135],[15.56323,46.818143],[15.5639,46.817074],[15.56448,46.816097],[15.564934,46.815305],[15.565368,46.814495],[15.565703,46.813842],[15.566067,46.813102],[15.566463,46.812258],[15.566853,46.811379],[15.567214,46.810514],[15.567413,46.810032],[15.567651,46.809417],[15.567832,46.808938],[15.568013,46.808455],[15.568118,46.808159],[15.568668,46.806606],[15.568972,46.805658],[15.569172,46.805015],[15.569343,46.804493],[15.569533,46.803855],[15.56977,46.803066],[15.570329,46.801164],[15.570795,46.799557],[15.57153,46.796991],[15.572374,46.794103],[15.572865,46.792426],[15.573679,46.789804],[15.574,46.788818],[15.574881,46.786356],[15.575249,46.785387],[15.575696,46.784295],[15.576174,46.783213],[15.576398,46.782713],[15.57647,46.782573],[15.576907,46.781676],[15.578056,46.779523],[15.578416,46.778933],[15.579292,46.777498],[15.58016,46.776179],[15.581395,46.77446],[15.582709,46.772786],[15.584212,46.770984],[15.584474,46.770682],[15.585894,46.768994],[15.587154,46.767429],[15.588057,46.766261],[15.588839,46.765208],[15.589633,46.764093],[15.591892,46.760827],[15.593338,46.7588],[15.594475,46.757309],[15.595435,46.756147],[15.59619,46.755277],[15.597456,46.753908],[15.598529,46.752844],[15.599565,46.751859],[15.600444,46.751073],[15.601526,46.750144],[15.602815,46.749106],[15.604031,46.748179],[15.605445,46.747166],[15.606836,46.746228],[15.607389,46.745866],[15.6088,46.744994],[15.608954,46.7449],[15.610273,46.744131],[15.611408,46.743501],[15.612632,46.742851],[15.613663,46.742323],[15.613968,46.742172],[15.615764,46.741325],[15.616831,46.740851],[15.617939,46.740377],[15.619249,46.739844],[15.620897,46.739216],[15.622394,46.738709],[15.622494,46.738676],[15.623527,46.738365],[15.624428,46.738117],[15.625385,46.737888],[15.626376,46.737683],[15.627427,46.737502],[15.62994,46.737123],[15.630975,46.736937],[15.631733,46.736784],[15.632615,46.736575],[15.6334,46.736359],[15.634086,46.736145],[15.634729,46.735929],[15.635366,46.73569],[15.635987,46.735439],[15.63665,46.73514],[15.637313,46.734819],[15.63789,46.734522],[15.638572,46.734139],[15.639333,46.733677],[15.640021,46.733226],[15.64073,46.732727],[15.641408,46.732214],[15.642022,46.731706],[15.642653,46.731147],[15.643083,46.730738],[15.643582,46.730228],[15.643901,46.729869],[15.644188,46.729531],[15.64493,46.728608],[15.645562,46.7277],[15.645914,46.727144],[15.646349,46.726319],[15.646766,46.725423],[15.647059,46.724673],[15.647235,46.724116],[15.647362,46.723641],[15.647526,46.722941],[15.647647,46.722273],[15.647737,46.721571],[15.647775,46.720942],[15.647784,46.720188],[15.647756,46.719582],[15.647685,46.718891],[15.647583,46.718251],[15.647474,46.717706],[15.647288,46.716971],[15.647058,46.716254],[15.64679,46.715558],[15.646511,46.714916],[15.646237,46.714366],[15.645936,46.713825],[15.645455,46.713052],[15.644925,46.712279],[15.644228,46.711369],[15.643636,46.710641],[15.643043,46.709951],[15.642552,46.709396],[15.642058,46.708843],[15.641505,46.708237],[15.640834,46.707483],[15.64067,46.707289],[15.640518,46.707114],[15.640218,46.706758],[15.63968,46.706046],[15.639399,46.705623],[15.639203,46.705297],[15.638954,46.70484],[15.638712,46.704296],[15.638489,46.703661],[15.638405,46.703355],[15.638308,46.702904],[15.638221,46.702336],[15.638181,46.701601],[15.638217,46.701123],[15.638275,46.700672],[15.638452,46.699764],[15.638627,46.699237],[15.6389,46.698549],[15.639475,46.697557],[15.640137,46.696638],[15.64086,46.695764],[15.642292,46.694097],[15.642938,46.693342],[15.643814,46.692348],[15.643967,46.692175],[15.645005,46.690959],[15.645113,46.690828],[15.645278,46.690606],[15.645639,46.690153],[15.645884,46.689854],[15.646092,46.689624],[15.646606,46.689083],[15.646942,46.688706],[15.64715,46.688482],[15.648007,46.687623],[15.64858,46.686999],[15.649994,46.685398],[15.650212,46.685113],[15.650353,46.684924],[15.650515,46.684677],[15.650703,46.684325],[15.650919,46.68384],[15.651009,46.683593],[15.651071,46.683373],[15.651138,46.683059],[15.651206,46.682621],[15.651223,46.682261],[15.651222,46.681921],[15.6512,46.681716],[15.651148,46.681363],[15.651064,46.681038],[15.65098,46.680774],[15.650897,46.680561],[15.650801,46.680354],[15.650724,46.680218],[15.650528,46.679864],[15.65031,46.679531],[15.64963,46.678675],[15.648965,46.677887],[15.648381,46.677172],[15.648096,46.676825],[15.647724,46.676334],[15.647521,46.676037],[15.647197,46.675558],[15.646942,46.675153],[15.646555,46.674498],[15.64626,46.673943],[15.64595,46.673286],[15.645588,46.672409],[15.645301,46.671568],[15.645179,46.671138],[15.645022,46.670508],[15.644826,46.669496],[15.644746,46.66891],[15.644688,46.668252],[15.644677,46.667724],[15.644671,46.667062],[15.644686,46.666594],[15.644728,46.666112],[15.644778,46.665685],[15.644858,46.665138],[15.644951,46.664675],[15.645096,46.66403],[15.645417,46.662903],[15.645707,46.662101],[15.646632,46.659551],[15.647279,46.657766],[15.647567,46.656843],[15.647793,46.655952],[15.648002,46.654996],[15.648337,46.652876],[15.64846,46.651838],[15.648469,46.651741],[15.648566,46.650788],[15.648751,46.649407],[15.648863,46.648746],[15.649019,46.647977],[15.649259,46.646982],[15.649572,46.646019],[15.650006,46.644904],[15.650572,46.643696],[15.650996,46.642929],[15.651553,46.642029],[15.652543,46.640649],[15.653614,46.639259],[15.654218,46.638483],[15.654959,46.637494],[15.655353,46.636911],[15.655749,46.636267],[15.656199,46.635487],[15.656538,46.63476],[15.656801,46.634133],[15.65728,46.632688],[15.657435,46.632002],[15.657585,46.631234],[15.657662,46.630423],[15.657702,46.629528],[15.657664,46.627567],[15.657641,46.625442],[15.657662,46.624665],[15.657746,46.623782],[15.657895,46.622803],[15.658187,46.621561],[15.658417,46.620756],[15.658728,46.619888],[15.659047,46.619121],[15.659307,46.618558],[15.65941,46.618338],[15.659869,46.617448],[15.66013,46.616991],[15.660213,46.61684],[15.660296,46.616686],[15.660377,46.616537],[15.660458,46.616385],[15.660541,46.616231],[15.660622,46.61608],[15.660705,46.615928],[15.660784,46.615777],[15.660866,46.615624],[15.660948,46.615472],[15.661024,46.615321],[15.661104,46.615166],[15.661181,46.615015],[15.661258,46.614859],[15.661335,46.614705],[15.661407,46.614552],[15.661481,46.614399],[15.661552,46.614244],[15.661622,46.614088],[15.661692,46.613934],[15.661758,46.613778],[15.661886,46.613465],[15.661946,46.613311],[15.662006,46.613151],[15.662063,46.612995],[15.662117,46.612838],[15.66217,46.612677],[15.662227,46.612504],[15.662274,46.612344],[15.662319,46.612187],[15.662355,46.612059],[15.662397,46.6119],[15.662437,46.611741],[15.662476,46.611579],[15.662512,46.611418],[15.662546,46.611258],[15.662578,46.611097],[15.662607,46.610937],[15.662636,46.610774],[15.66266,46.610614],[15.662683,46.610452],[15.662707,46.610288],[15.662725,46.610127],[15.662741,46.609965],[15.662757,46.609803],[15.66277,46.609641],[15.662781,46.609478],[15.66279,46.609315],[15.662796,46.609153],[15.662802,46.608993],[15.662807,46.608829],[15.662809,46.608666],[15.662809,46.608505],[15.662811,46.608343],[15.662809,46.608179],[15.662807,46.608017],[15.662803,46.607854],[15.6628,46.607693],[15.662754,46.606585],[15.66274,46.605559],[15.662754,46.605015],[15.662772,46.604768],[15.662806,46.604458],[15.662834,46.604232],[15.662971,46.603594],[15.663124,46.603064],[15.663239,46.602721],[15.663603,46.601923],[15.664075,46.601169],[15.66419,46.601021],[15.664447,46.600701],[15.664908,46.600148],[15.665309,46.599749],[15.665814,46.599283],[15.666285,46.598905],[15.667148,46.59829],[15.667611,46.597974],[15.667924,46.597771],[15.668885,46.597199],[15.669802,46.596697],[15.670784,46.596201],[15.671611,46.59582],[15.672182,46.595578],[15.672665,46.595386],[15.675056,46.594482],[15.67678,46.593846],[15.677641,46.593509],[15.678876,46.593002],[15.679574,46.59268],[15.680221,46.592357],[15.681058,46.591915],[15.681702,46.591533],[15.682873,46.590783],[15.68339,46.590415],[15.683792,46.590109],[15.684371,46.589641],[15.684912,46.589184],[15.685244,46.588862],[15.68561,46.58851],[15.68606,46.588033],[15.686307,46.587764],[15.686872,46.587093],[15.687348,46.586454],[15.687648,46.586009],[15.687939,46.585554],[15.68821,46.585094],[15.688517,46.584471],[15.688786,46.583881],[15.689141,46.582925],[15.689301,46.582443],[15.689403,46.582054],[15.689506,46.58157],[15.689583,46.581116],[15.689632,46.580783],[15.689691,46.580175],[15.689716,46.57959],[15.689713,46.578877],[15.689694,46.578614],[15.689671,46.578218],[15.689619,46.577734],[15.689485,46.577025],[15.689335,46.576412],[15.689177,46.575882],[15.689026,46.575474],[15.688895,46.575142],[15.688804,46.574905],[15.688631,46.57451],[15.688272,46.573618],[15.688044,46.573101],[15.687858,46.5727],[15.687681,46.572338],[15.687471,46.571866],[15.687203,46.57129],[15.686868,46.57054],[15.686569,46.569785],[15.686304,46.56911],[15.68608,46.568483],[15.685953,46.568077],[15.685887,46.567856],[15.68576,46.567396],[15.685658,46.566904],[15.685616,46.566693],[15.685553,46.566365],[15.685494,46.565992],[15.685462,46.565253],[15.685516,46.564781],[15.685523,46.564606],[15.685568,46.564135],[15.685622,46.563738],[15.685689,46.563344],[15.685798,46.562699],[15.685965,46.562175],[15.686341,46.561297],[15.686696,46.560473],[15.686954,46.559924],[15.687208,46.559384],[15.687425,46.558952],[15.68748,46.558824],[15.688253,46.557253],[15.688361,46.557048],[15.688425,46.556909],[15.688541,46.556678],[15.688788,46.556163],[15.689058,46.555621],[15.689742,46.554247],[15.690268,46.553175],[15.690881,46.551929],[15.691581,46.550502],[15.691801,46.550058],[15.692024,46.549632],[15.692202,46.549286],[15.692358,46.548993],[15.692528,46.548664],[15.692692,46.548363],[15.693011,46.547808],[15.693226,46.547478],[15.693596,46.546851],[15.693884,46.546427],[15.694314,46.545789],[15.694585,46.54541],[15.694692,46.545268],[15.694802,46.545123],[15.694911,46.544982],[15.695022,46.544839],[15.695134,46.544698],[15.695246,46.544554],[15.695358,46.544414],[15.695473,46.544268],[15.696428,46.543108],[15.696577,46.542946],[15.697407,46.541926],[15.697862,46.541356],[15.698092,46.541052],[15.698384,46.540646],[15.698703,46.540184],[15.69897,46.539751],[15.699302,46.539155],[15.699541,46.538668],[15.699662,46.538372],[15.6998,46.53803],[15.69998,46.537502],[15.70015,46.53689],[15.700241,46.536514],[15.700312,46.536131],[15.700359,46.535797],[15.700388,46.535579],[15.70042,46.53519],[15.700432,46.534788],[15.700424,46.534265],[15.700404,46.533921],[15.700375,46.533606],[15.70032,46.533193],[15.700242,46.532774],[15.700142,46.532345],[15.700034,46.531932],[15.699876,46.531453],[15.699653,46.530874],[15.699488,46.530504],[15.699246,46.530023],[15.699033,46.529639],[15.698542,46.528874],[15.698457,46.528749],[15.698262,46.528474],[15.697959,46.528094],[15.697707,46.527784],[15.697544,46.527587],[15.697179,46.527198],[15.696637,46.526659],[15.696032,46.526133],[15.695406,46.525631],[15.694778,46.525146],[15.694227,46.524761],[15.693403,46.524208],[15.692992,46.523947],[15.692586,46.523696],[15.691898,46.523299],[15.691324,46.522974],[15.690617,46.522604],[15.689634,46.522117],[15.688404,46.521562],[15.687394,46.521143],[15.686724,46.520884],[15.685847,46.520557],[15.685013,46.520262],[15.684023,46.519923],[15.68372,46.519833],[15.682886,46.519551],[15.682232,46.51933],[15.680821,46.518822],[15.679528,46.518347],[15.678094,46.517756],[15.677437,46.517471],[15.67664,46.517096],[15.676042,46.516776],[15.675292,46.516345],[15.674719,46.515976],[15.67431,46.515709],[15.67391,46.515423],[15.673358,46.515016],[15.673003,46.514731],[15.672652,46.514426],[15.672235,46.514041],[15.671842,46.513651],[15.671519,46.513302],[15.671216,46.512952],[15.671077,46.512782],[15.670945,46.512619],[15.670692,46.512284],[15.670354,46.511819],[15.670271,46.511687],[15.670052,46.511337],[15.669764,46.510836],[15.669516,46.510334],[15.669273,46.509778],[15.669193,46.509555],[15.668951,46.508877],[15.668827,46.508429],[15.668709,46.507932],[15.668628,46.507487],[15.668559,46.506872],[15.668529,46.506272],[15.668501,46.505977],[15.668529,46.505514],[15.668573,46.505038],[15.668632,46.504548],[15.668744,46.503976],[15.668913,46.503264],[15.669067,46.502694],[15.669215,46.50222],[15.669284,46.50199],[15.669554,46.501109],[15.669727,46.500486],[15.669818,46.500182],[15.669904,46.499841],[15.669987,46.499532],[15.670082,46.499048],[15.670168,46.498563],[15.67021,46.498185],[15.670253,46.497708],[15.670257,46.497549],[15.670263,46.497278],[15.670248,46.496902],[15.670216,46.496569],[15.670169,46.496311],[15.670112,46.495977],[15.670041,46.49561],[15.66989,46.495145],[15.669716,46.4947],[15.6695,46.49424],[15.669271,46.493824],[15.669056,46.493496],[15.668842,46.493194],[15.668579,46.49286],[15.668305,46.492541],[15.667901,46.492113],[15.66733,46.49157],[15.666768,46.491088],[15.666189,46.490616],[15.665485,46.490082],[15.665135,46.48983],[15.66477,46.489559],[15.664424,46.48932],[15.663392,46.48858],[15.662461,46.487871],[15.661296,46.486889],[15.660731,46.486356],[15.660351,46.485971],[15.659966,46.485546],[15.659493,46.484955],[15.659264,46.484662],[15.658952,46.48418],[15.658586,46.48361],[15.6584,46.483254],[15.658355,46.483177],[15.658312,46.483095],[15.658172,46.482829],[15.658054,46.482565],[15.657915,46.482225],[15.657705,46.481646],[15.657643,46.481431],[15.657506,46.480924],[15.657432,46.4806],[15.657337,46.480156],[15.657304,46.47986],[15.657237,46.479324],[15.657223,46.478888],[15.65723,46.478085],[15.657257,46.477765],[15.657296,46.477288],[15.657363,46.476806],[15.657423,46.476325],[15.657517,46.475719],[15.657717,46.474526],[15.657791,46.474077],[15.657866,46.473561],[15.65798,46.472572],[15.658034,46.471938],[15.658073,46.471282],[15.658098,46.470639],[15.6581,46.469992],[15.658115,46.469225],[15.658072,46.468584],[15.65795,46.467219],[15.657875,46.466606],[15.657781,46.465969],[15.65755,46.464778],[15.657269,46.4636],[15.657104,46.463013],[15.656925,46.462428],[15.65676,46.461922],[15.656489,46.461155],[15.656208,46.460426],[15.655946,46.459805],[15.655669,46.45919],[15.655388,46.458583],[15.655072,46.457981],[15.654513,46.456961],[15.653918,46.455949],[15.652783,46.454162],[15.652028,46.452996],[15.651072,46.451539],[15.65018,46.450194],[15.649503,46.449177],[15.649093,46.448577],[15.648314,46.44742],[15.647918,46.446839],[15.647448,46.446122],[15.64379,46.440929],[15.64295,46.439775],[15.64214,46.438679],[15.641481,46.437769],[15.64081,46.436866],[15.639458,46.435074],[15.636946,46.431812],[15.635682,46.430212],[15.635607,46.430118],[15.634506,46.428728],[15.634032,46.428148],[15.633872,46.427944],[15.633598,46.427613],[15.633423,46.427393],[15.631722,46.425316],[15.630869,46.424259],[15.630836,46.424218],[15.629914,46.42312],[15.629786,46.422967],[15.627661,46.420476],[15.626415,46.419019],[15.625555,46.418044],[15.624408,46.416776],[15.623254,46.415511],[15.622899,46.41513],[15.622037,46.414218],[15.621168,46.41333],[15.620423,46.412589],[15.619407,46.411566],[15.618452,46.410663],[15.617495,46.409776],[15.616539,46.408898],[15.615505,46.407979],[15.614479,46.407104],[15.613457,46.406243],[15.612146,46.405169],[15.610818,46.404104],[15.610161,46.403596],[15.60946,46.403063],[15.60808,46.402039],[15.60711,46.40133],[15.606076,46.400593],[15.604001,46.399165],[15.603093,46.398566],[15.602661,46.398296],[15.600836,46.397147],[15.599639,46.39639],[15.598309,46.395556],[15.596177,46.394268],[15.59542,46.393797],[15.594133,46.393048],[15.592843,46.392307],[15.591765,46.391703],[15.590688,46.391119],[15.588559,46.389977],[15.587554,46.389458],[15.586523,46.388948],[15.584507,46.387961],[15.584127,46.387777],[15.581955,46.38675],[15.579539,46.385678],[15.578356,46.385175],[15.577382,46.384775],[15.576978,46.384625],[15.574781,46.383766],[15.573722,46.383365],[15.572848,46.383049],[15.57173,46.382649],[15.570227,46.38212],[15.569507,46.381875],[15.568154,46.381397],[15.567207,46.381049],[15.565698,46.380517],[15.563982,46.379919],[15.562929,46.379548],[15.562653,46.379449],[15.561512,46.379054],[15.559392,46.378316],[15.557289,46.377612],[15.555215,46.376953],[15.554083,46.376608],[15.553006,46.376279],[15.550353,46.375519],[15.549052,46.375164],[15.547708,46.374813],[15.546379,46.374467],[15.544968,46.37412],[15.542226,46.373458],[15.539532,46.372821],[15.538663,46.37261],[15.536785,46.372146],[15.534067,46.37142],[15.531364,46.370648],[15.528961,46.369908],[15.526635,46.369172],[15.525404,46.368762],[15.524279,46.36837],[15.522653,46.367803],[15.521252,46.367289],[15.520555,46.367025],[15.519939,46.366769],[15.519781,46.366708],[15.51841,46.366162],[15.516915,46.365535],[15.515143,46.364791],[15.513941,46.364258],[15.512621,46.363656],[15.511439,46.363098],[15.509852,46.362331],[15.508539,46.361653],[15.507115,46.360926],[15.505784,46.360199],[15.504922,46.359705],[15.504066,46.359214],[15.50225,46.358133],[15.500399,46.35702],[15.498953,46.356123],[15.497565,46.355236],[15.496194,46.354347],[15.494684,46.353366],[15.493352,46.352467],[15.492044,46.351579],[15.491425,46.351122],[15.490691,46.350597],[15.489437,46.3497],[15.488616,46.349095],[15.487811,46.348521],[15.486557,46.347582],[15.485138,46.346512],[15.483575,46.345327],[15.483169,46.344987],[15.482905,46.344766],[15.482395,46.344354],[15.481485,46.343614],[15.481006,46.343199],[15.480393,46.342704],[15.480109,46.342454],[15.479818,46.342206],[15.479146,46.341611],[15.478505,46.341054],[15.478219,46.340808],[15.478045,46.340648],[15.477256,46.339954],[15.477133,46.339832],[15.476933,46.339645],[15.4766,46.339314],[15.476357,46.339092],[15.475837,46.338595],[15.475,46.337802],[15.473534,46.336343],[15.47306,46.335862],[15.472034,46.334784],[15.470916,46.3336],[15.469429,46.331897],[15.468695,46.331035],[15.467975,46.330171],[15.467658,46.3298],[15.467534,46.329635],[15.466655,46.328516],[15.46565,46.327224],[15.465261,46.326669],[15.464668,46.32588],[15.463278,46.323878],[15.462609,46.322861],[15.461959,46.321872],[15.461224,46.320688],[15.460487,46.31943],[15.460124,46.31879],[15.459778,46.318145],[15.459653,46.317887],[15.45946,46.317485],[15.459215,46.316976],[15.458692,46.315755],[15.458288,46.314673],[15.45764,46.313176],[15.457035,46.311926],[15.456675,46.311402],[15.456335,46.310974],[15.455925,46.310526],[15.455706,46.310343],[15.455509,46.31019],[15.455303,46.310038],[15.455028,46.309854],[15.454765,46.309686],[15.454512,46.309526],[15.454047,46.309271],[15.453136,46.308805],[15.450611,46.30757],[15.449197,46.306858],[15.448319,46.306303],[15.447407,46.305599],[15.447051,46.305294],[15.446701,46.304958],[15.446328,46.304561],[15.445977,46.304135],[15.445615,46.303641],[15.445319,46.303154],[15.445021,46.302611],[15.44474,46.302034],[15.44443,46.301405],[15.444095,46.300788],[15.443688,46.300126],[15.443195,46.29946],[15.442742,46.298893],[15.442155,46.298191],[15.441897,46.297878],[15.441578,46.297366],[15.441215,46.296623],[15.440873,46.295816],[15.440223,46.29405],[15.439796,46.293388],[15.439287,46.292739],[15.438925,46.292244],[15.438522,46.291809],[15.438203,46.291483],[15.437843,46.291198],[15.437422,46.290874],[15.436691,46.290419],[15.435815,46.2899],[15.434948,46.289387],[15.434152,46.288904],[15.432812,46.288056],[15.431506,46.287197],[15.430318,46.286369],[15.42952,46.285797],[15.428789,46.285257],[15.427928,46.284614],[15.427346,46.284158],[15.425884,46.282972],[15.424883,46.282132],[15.424242,46.281591],[15.423389,46.280873],[15.422503,46.280134],[15.421723,46.279481],[15.420787,46.278702],[15.420428,46.278387],[15.419796,46.277862],[15.419088,46.277267],[15.418301,46.276625],[15.417492,46.27598],[15.41679,46.275447],[15.416052,46.274908],[15.415249,46.274335],[15.414373,46.273727],[15.413205,46.272961],[15.412274,46.272365],[15.411487,46.271891],[15.411173,46.271695],[15.410338,46.271212],[15.408767,46.270344],[15.407194,46.269518],[15.405574,46.268715],[15.403671,46.267839],[15.40321,46.267635],[15.402031,46.267108],[15.401182,46.266752],[15.399859,46.266213],[15.398599,46.265727],[15.397711,46.265401],[15.396666,46.265024],[15.394893,46.264401],[15.392316,46.263565],[15.391798,46.2634],[15.390494,46.263006],[15.389446,46.262709],[15.387977,46.262297],[15.387391,46.262134],[15.385679,46.261677],[15.384393,46.261344],[15.381713,46.260724],[15.379993,46.260385],[15.378387,46.260047],[15.376907,46.259737],[15.375429,46.259437],[15.374447,46.259236],[15.373428,46.259031],[15.371483,46.258677],[15.368983,46.258287],[15.367515,46.258048],[15.365771,46.257778],[15.364687,46.257603],[15.361799,46.257149],[15.357538,46.256474],[15.353385,46.255813],[15.351456,46.255519],[15.34931,46.255216],[15.347638,46.255014],[15.345867,46.254822],[15.343926,46.254642],[15.341925,46.254493],[15.339929,46.254386],[15.337892,46.254312],[15.335358,46.25427],[15.33396,46.254268],[15.332617,46.254287],[15.332258,46.254293],[15.326744,46.25443],[15.323849,46.254485],[15.321287,46.254525],[15.319783,46.254521],[15.317154,46.254508],[15.31627,46.254489],[15.313468,46.254438],[15.312398,46.254404],[15.31038,46.254357],[15.308067,46.254302],[15.307258,46.254282],[15.305163,46.254237],[15.303234,46.254229],[15.300467,46.254239],[15.298778,46.254256],[15.29733,46.254272],[15.295855,46.254305],[15.294394,46.254346],[15.291561,46.254457],[15.288515,46.254533],[15.287354,46.254565],[15.285383,46.254604],[15.284888,46.254605],[15.28433,46.254608],[15.283192,46.254599],[15.281919,46.254597],[15.28059,46.254571],[15.279185,46.25453],[15.278554,46.254509],[15.277785,46.254472],[15.276932,46.254441],[15.275921,46.25439],[15.27483,46.25432],[15.273364,46.254231],[15.272219,46.25415],[15.272013,46.254137],[15.270588,46.254054],[15.269182,46.253954],[15.267913,46.253864],[15.267163,46.253819],[15.266412,46.253778],[15.265216,46.253747],[15.263829,46.253735],[15.26247,46.253741],[15.261248,46.253756],[15.260502,46.253783],[15.259909,46.253802],[15.258646,46.253877],[15.257412,46.253962],[15.256143,46.254077],[15.25496,46.254203],[15.253478,46.254372],[15.251994,46.254595],[15.251259,46.254701],[15.250535,46.254824],[15.24903,46.255117],[15.247959,46.255336],[15.246855,46.255574],[15.245291,46.255927],[15.243801,46.256277],[15.242187,46.256648],[15.240655,46.257003],[15.239238,46.257334],[15.238359,46.257545],[15.237533,46.25773],[15.236821,46.257896],[15.236649,46.257936],[15.23526,46.258253],[15.235048,46.258303],[15.232213,46.258963],[15.23001,46.259488],[15.22912,46.259718],[15.227786,46.260074],[15.226363,46.260483],[15.22574,46.260663],[15.224995,46.260901],[15.223444,46.261401],[15.221604,46.262028],[15.219867,46.262635],[15.218522,46.263081],[15.217871,46.263308],[15.217167,46.263555],[15.216524,46.263761],[15.215669,46.264041],[15.214157,46.2645],[15.212875,46.264875],[15.211774,46.265176],[15.210864,46.26543],[15.209961,46.265653],[15.208261,46.266034],[15.206623,46.266348],[15.204904,46.26668],[15.203751,46.266898],[15.203033,46.267015],[15.202466,46.267099],[15.201324,46.267277],[15.200224,46.26743],[15.198982,46.267581],[15.198339,46.267657],[15.197698,46.267719],[15.196808,46.267792],[15.195575,46.267902],[15.194189,46.268026],[15.190831,46.268298],[15.189082,46.268438],[15.187408,46.268547],[15.184835,46.268715],[15.182741,46.268852],[15.180578,46.269026],[15.178741,46.269161],[15.17478,46.269454],[15.172735,46.269581],[15.171918,46.269626],[15.170114,46.269706],[15.168882,46.269755],[15.167529,46.269797],[15.166372,46.269825],[15.164292,46.269849],[15.161644,46.269841],[15.159373,46.26983],[15.157157,46.269847],[15.155185,46.269893],[15.153431,46.269959],[15.151519,46.270046],[15.149546,46.270187],[15.147675,46.270342],[15.145673,46.270536],[15.143692,46.270758],[15.141703,46.271013],[15.138731,46.271412],[15.137197,46.271585],[15.135772,46.271713],[15.134648,46.271784],[15.133414,46.271833],[15.132227,46.271854],[15.131387,46.271852],[15.130562,46.271833],[15.129391,46.271792],[15.128367,46.271733],[15.127502,46.271663],[15.126634,46.271575],[15.125737,46.271463],[15.125033,46.271359],[15.124312,46.271231],[15.123619,46.271096],[15.122354,46.270816],[15.121788,46.270674],[15.121207,46.27052],[15.120458,46.270307],[15.11976,46.27009],[15.11911,46.269864],[15.118162,46.269509],[15.117285,46.269152],[15.116604,46.268852],[15.115993,46.268563],[15.115401,46.268268],[15.114868,46.267992],[15.114357,46.267706],[15.113778,46.267358],[15.11333,46.267077],[15.112533,46.266558],[15.111788,46.266021],[15.111108,46.265499],[15.110435,46.264971],[15.109739,46.264421],[15.108855,46.263744],[15.108081,46.2632],[15.107302,46.262704],[15.106699,46.262351],[15.106131,46.262055],[15.105771,46.261876],[15.105412,46.261703],[15.104794,46.261404],[15.104383,46.261233],[15.103975,46.261072],[15.103203,46.260788],[15.102578,46.260577],[15.10224,46.26048],[15.10126,46.260223],[15.100603,46.260061],[15.099871,46.259898],[15.098962,46.259735],[15.098361,46.259643],[15.097682,46.259561],[15.096833,46.259472],[15.096035,46.259417],[15.09534,46.259388],[15.094622,46.259379],[15.093717,46.25939],[15.092775,46.259424],[15.091884,46.259486],[15.089975,46.259601],[15.088935,46.259665],[15.088266,46.25969],[15.087533,46.259712],[15.086775,46.259724],[15.086083,46.259724],[15.084531,46.259694],[15.080521,46.259578],[15.078399,46.259514],[15.077795,46.259491],[15.075234,46.259417],[15.073611,46.259374],[15.071665,46.259315],[15.069695,46.259257],[15.067466,46.25919],[15.065195,46.259126],[15.064565,46.259108],[15.064387,46.259104],[15.061298,46.259041],[15.060609,46.259021],[15.058096,46.258945],[15.057488,46.258918],[15.056384,46.258869],[15.054859,46.258774],[15.052981,46.258605],[15.052314,46.258535],[15.051175,46.258409],[15.049685,46.258207],[15.047643,46.25788],[15.045845,46.257634],[15.04399,46.257387],[15.04207,46.257231],[15.040383,46.257088],[15.038887,46.257],[15.037323,46.256947],[15.035683,46.256925],[15.034145,46.256937],[15.032971,46.256968],[15.031762,46.257032],[15.03005,46.257139],[15.028814,46.257234],[15.028176,46.257285],[15.024561,46.25757],[15.022947,46.257714],[15.020748,46.25794],[15.019344,46.258086],[15.017786,46.25821],[15.016301,46.25831],[15.015133,46.258363],[15.013653,46.258413],[15.012129,46.258424],[15.011023,46.258393],[15.010422,46.258382],[15.009186,46.258336],[15.007952,46.258259],[15.00635,46.258103],[15.005743,46.258049],[15.004736,46.257947],[15.003069,46.25776],[15.001479,46.257565],[15.000818,46.257484],[15.00076,46.257477],[14.997158,46.256942],[14.996094,46.256768],[14.994658,46.256555],[14.993574,46.256403],[14.993221,46.256353],[14.991895,46.256193],[14.990927,46.256102],[14.990085,46.256036],[14.989369,46.255979],[14.988359,46.255908],[14.987309,46.25586],[14.985252,46.255742],[14.98473,46.255709],[14.983784,46.255638],[14.982911,46.255533],[14.982206,46.255435],[14.981446,46.255317],[14.980655,46.255151],[14.979953,46.254992],[14.978805,46.254668],[14.978027,46.254408],[14.976861,46.253969],[14.976219,46.253685],[14.975429,46.253315],[14.974863,46.253023],[14.974447,46.252802],[14.973918,46.252468],[14.973468,46.252169],[14.9729,46.251762],[14.972453,46.251435],[14.972041,46.251099],[14.971524,46.250682],[14.970655,46.249957],[14.969788,46.249225],[14.96883,46.248432],[14.968606,46.248246],[14.965881,46.245963],[14.96439,46.244725],[14.96349,46.24399],[14.962977,46.243589],[14.962414,46.243188],[14.961895,46.242857],[14.9614,46.242558],[14.960854,46.242261],[14.960522,46.242087],[14.960169,46.241924],[14.959655,46.24169],[14.958837,46.241379],[14.958065,46.241123],[14.957239,46.240875],[14.956411,46.240668],[14.955425,46.24044],[14.953959,46.240123],[14.953254,46.239956],[14.95266,46.239768],[14.952196,46.239598],[14.951717,46.239391],[14.951241,46.239167],[14.950802,46.23892],[14.950326,46.238616],[14.949896,46.238302],[14.949427,46.237923],[14.948978,46.237443],[14.948598,46.23698],[14.948296,46.236552],[14.94806,46.23612],[14.947901,46.235778],[14.947743,46.235408],[14.947666,46.234993],[14.94759,46.234524],[14.947573,46.234058],[14.947576,46.23381],[14.947602,46.233543],[14.947625,46.233201],[14.947707,46.232718],[14.947895,46.232054],[14.94814,46.231157],[14.948332,46.230493],[14.948466,46.230006],[14.948604,46.229375],[14.948683,46.228877],[14.948769,46.228236],[14.948761,46.227716],[14.948735,46.227265],[14.948666,46.226777],[14.948598,46.226365],[14.948502,46.226021],[14.948235,46.225279],[14.947947,46.2246],[14.947607,46.224039],[14.947219,46.223463],[14.946648,46.222735],[14.946172,46.222237],[14.945411,46.221545],[14.944446,46.220804],[14.943712,46.220344],[14.943211,46.220042],[14.942591,46.219714],[14.941599,46.219257],[14.940997,46.219022],[14.94037,46.218803],[14.939532,46.218577],[14.938532,46.218357],[14.937905,46.218251],[14.936578,46.218108],[14.933745,46.217913],[14.933044,46.217866],[14.93235,46.217822],[14.931213,46.217778],[14.930009,46.217736],[14.92928,46.217729],[14.928545,46.217733],[14.926983,46.217789],[14.926551,46.217804],[14.925485,46.217873],[14.924521,46.21792],[14.923429,46.217975],[14.922505,46.218018],[14.921712,46.218023],[14.920999,46.21802],[14.920158,46.217959],[14.919444,46.217887],[14.918752,46.217781],[14.917788,46.217592],[14.916675,46.217318],[14.915765,46.217037],[14.915089,46.216762],[14.914387,46.216454],[14.913337,46.215914],[14.912612,46.215486],[14.911521,46.214725],[14.908035,46.212089],[14.90444,46.209277],[14.90247,46.207612],[14.901965,46.207132],[14.901621,46.206771],[14.901266,46.206375],[14.900877,46.205828],[14.900433,46.205063],[14.900184,46.204461],[14.900061,46.204023],[14.899905,46.203292],[14.899892,46.202856],[14.899907,46.202377],[14.899963,46.201908],[14.900074,46.201441],[14.900232,46.200943],[14.900385,46.200592],[14.900626,46.200115],[14.900926,46.199569],[14.901468,46.198604],[14.901681,46.198184],[14.901822,46.197873],[14.901985,46.197403],[14.902068,46.197101],[14.902115,46.196883],[14.902188,46.196301],[14.902194,46.19613],[14.902177,46.195734],[14.902174,46.195577],[14.902132,46.195273],[14.902109,46.195113],[14.902032,46.194806],[14.90195,46.194539],[14.901771,46.194067],[14.901465,46.193454],[14.901086,46.192902],[14.900651,46.192409],[14.900235,46.191995],[14.899779,46.191589],[14.899517,46.191388],[14.899295,46.191235],[14.898722,46.190883],[14.89806,46.190529],[14.897339,46.190198],[14.897125,46.190099],[14.896328,46.189797],[14.895489,46.189514],[14.89466,46.189305],[14.893825,46.189102],[14.893174,46.188978],[14.892507,46.188867],[14.89108,46.188705],[14.888381,46.188536],[14.886057,46.18841],[14.884501,46.188296],[14.878715,46.187932],[14.871806,46.18749],[14.870251,46.187301],[14.868624,46.18695],[14.866217,46.186306],[14.864082,46.185488],[14.861936,46.184578],[14.86039,46.183858],[14.859215,46.183273],[14.858144,46.182772],[14.857302,46.182433],[14.856742,46.182248],[14.85589,46.181986],[14.855108,46.181813],[14.854343,46.181672],[14.853153,46.18152],[14.852512,46.18147],[14.851827,46.18144],[14.851436,46.181438],[14.850861,46.181455],[14.850244,46.181491],[14.849713,46.181535],[14.849271,46.181584],[14.848494,46.181719],[14.847695,46.181877],[14.846812,46.182101],[14.844378,46.182862],[14.843352,46.183143],[14.842763,46.183286],[14.842328,46.183377],[14.841848,46.183465],[14.841,46.183571],[14.840549,46.183614],[14.840073,46.183639],[14.839404,46.183657],[14.838706,46.183625],[14.838255,46.183594],[14.837783,46.183537],[14.83733,46.183476],[14.836813,46.183386],[14.836176,46.183239],[14.835803,46.183133],[14.835388,46.183003],[14.83479,46.182787],[14.834526,46.182674],[14.834051,46.18247],[14.83364,46.182255],[14.83328,46.182053],[14.832481,46.181513],[14.831888,46.181009],[14.831582,46.180718],[14.831238,46.180344],[14.830594,46.179579],[14.830369,46.179304],[14.829992,46.178879],[14.829529,46.178422],[14.829077,46.178069],[14.828612,46.177763],[14.828199,46.177525],[14.827674,46.17724],[14.827318,46.177071],[14.826931,46.176914],[14.826337,46.176698],[14.826008,46.176605],[14.825849,46.176561],[14.8252,46.176401],[14.824749,46.176313],[14.824157,46.176223],[14.823628,46.176165],[14.823007,46.176133],[14.822551,46.17613],[14.82202,46.176131],[14.821577,46.176156],[14.820962,46.176225],[14.820498,46.176284],[14.819976,46.17638],[14.818907,46.176602],[14.818228,46.176735],[14.817604,46.176846],[14.816959,46.176925],[14.816417,46.176971],[14.815723,46.176975],[14.815138,46.176968],[14.81455,46.176935],[14.814199,46.176897],[14.813743,46.176834],[14.81299,46.176704],[14.811368,46.176275],[14.809806,46.175833],[14.809596,46.17578],[14.809258,46.175694],[14.808639,46.175537],[14.807391,46.175259],[14.80663,46.175118],[14.805737,46.174968],[14.804917,46.174854],[14.804058,46.174752],[14.802596,46.174626],[14.801245,46.174528],[14.799711,46.174417],[14.798082,46.174302],[14.797162,46.174234],[14.795815,46.174143],[14.79464,46.174037],[14.794005,46.173974],[14.793564,46.173922],[14.79284,46.173823],[14.791943,46.173689],[14.790192,46.173374],[14.789678,46.173272],[14.779736,46.171296],[14.778781,46.171083],[14.777768,46.170833],[14.777079,46.170635],[14.776681,46.170519],[14.775649,46.170194],[14.774931,46.169948],[14.774167,46.169655],[14.773557,46.169405],[14.772252,46.168831],[14.771965,46.168696],[14.768418,46.167095],[14.768011,46.166909],[14.767375,46.166636],[14.766733,46.166381],[14.766273,46.16621],[14.76565,46.165989],[14.765085,46.165811],[14.764616,46.165673],[14.764085,46.165529],[14.763623,46.165412],[14.76318,46.165313],[14.7627,46.165206],[14.762196,46.165111],[14.761449,46.164982],[14.760313,46.164805],[14.759223,46.164648],[14.756929,46.164315],[14.756024,46.164184],[14.755233,46.164066],[14.754328,46.163937],[14.753436,46.163821],[14.752887,46.163749],[14.752347,46.163691],[14.751694,46.163629],[14.750825,46.163588],[14.750103,46.163588],[14.749446,46.163612],[14.748934,46.163648],[14.748503,46.163686],[14.748034,46.163736],[14.747552,46.163805],[14.746957,46.163919],[14.746356,46.164035],[14.745972,46.164132],[14.7456,46.164229],[14.745215,46.16434],[14.744893,46.164444],[14.744559,46.164565],[14.744135,46.164719],[14.743758,46.164875],[14.743361,46.165049],[14.742991,46.165226],[14.742609,46.16542],[14.742093,46.165708],[14.741584,46.166013],[14.741225,46.166239],[14.740705,46.166582],[14.740215,46.166912],[14.740043,46.16703],[14.739716,46.167251],[14.739381,46.167463],[14.739078,46.167657],[14.738622,46.167942],[14.738264,46.168162],[14.737896,46.168351],[14.737347,46.168636],[14.736963,46.168818],[14.736365,46.169082],[14.735974,46.169242],[14.735522,46.169412],[14.734918,46.16962],[14.734283,46.169815],[14.733642,46.169985],[14.732563,46.170227],[14.731919,46.170354],[14.731101,46.170475],[14.730351,46.170555],[14.729625,46.170602],[14.728453,46.170643],[14.72588,46.170637],[14.721331,46.170586],[14.718934,46.170574],[14.717834,46.170582],[14.716797,46.170621],[14.716015,46.17067],[14.715262,46.170734],[14.714611,46.170801],[14.713555,46.170933],[14.712985,46.171019],[14.71208,46.171172],[14.711037,46.171357],[14.710479,46.171458],[14.709793,46.171577],[14.709088,46.171692],[14.70842,46.171787],[14.707952,46.17184],[14.707316,46.171898],[14.706801,46.171927],[14.706368,46.171941],[14.705914,46.171943],[14.705239,46.171929],[14.704743,46.171901],[14.704291,46.171865],[14.703793,46.171813],[14.703382,46.17176],[14.702867,46.17168],[14.702314,46.171579],[14.701804,46.171466],[14.701328,46.171344],[14.70086,46.171216],[14.700306,46.171042],[14.699845,46.170882],[14.699275,46.170667],[14.698795,46.17047],[14.698088,46.170156],[14.697304,46.169767],[14.696482,46.16932],[14.695609,46.168838],[14.694321,46.168122],[14.692874,46.167324],[14.690689,46.166109],[14.688495,46.164893],[14.686476,46.163775],[14.685969,46.163493],[14.684838,46.162869],[14.684294,46.162562],[14.683748,46.162263],[14.681852,46.161206],[14.680666,46.160552],[14.678426,46.159312],[14.677289,46.158676],[14.676176,46.15806],[14.67517,46.157503],[14.674284,46.157031],[14.674025,46.156903],[14.673649,46.156715],[14.673108,46.156488],[14.672709,46.156323],[14.672155,46.156115],[14.671679,46.155951],[14.671249,46.155815],[14.67061,46.155628],[14.6701,46.155495],[14.669466,46.155346],[14.668779,46.155207],[14.668067,46.155085],[14.667366,46.155004],[14.666815,46.154945],[14.666248,46.154897],[14.665613,46.154857],[14.66516,46.154837],[14.664353,46.154822],[14.663414,46.154812],[14.662865,46.15481],[14.661651,46.154812],[14.660393,46.154811],[14.659359,46.154795],[14.658585,46.154777],[14.657677,46.154741],[14.656951,46.154707],[14.656329,46.154668],[14.655506,46.154601],[14.654883,46.154539],[14.654331,46.154471],[14.653672,46.154378],[14.652943,46.154263],[14.651872,46.154058],[14.65099,46.153871],[14.650144,46.153673],[14.649912,46.153609],[14.649318,46.153452],[14.648788,46.153296],[14.647924,46.153021],[14.647407,46.152848],[14.64688,46.152658],[14.64608,46.152347],[14.64512,46.151939],[14.644704,46.151749],[14.64393,46.151382],[14.643334,46.15107],[14.642613,46.15067],[14.641896,46.150236],[14.641112,46.149733],[14.639844,46.148843],[14.638215,46.1476],[14.636795,46.146458],[14.635974,46.145798],[14.635739,46.145617],[14.635499,46.145428],[14.634318,46.144513],[14.633543,46.143942],[14.633099,46.143611],[14.631893,46.142735],[14.630668,46.141937],[14.629516,46.141223],[14.628263,46.140462],[14.626718,46.139625],[14.625631,46.139075],[14.62483,46.138687],[14.624035,46.138302],[14.624035,46.138302],[14.622352,46.137522],[14.621493,46.137149],[14.620756,46.136838],[14.619002,46.136096],[14.617233,46.135369],[14.616816,46.135193],[14.616709,46.135184],[14.616596,46.135163],[14.616339,46.135073],[14.616167,46.135032],[14.615973,46.13502],[14.615839,46.135027],[14.615727,46.135051],[14.615594,46.135099],[14.615447,46.135183],[14.615211,46.135348],[14.615077,46.135419],[14.614958,46.135461],[14.614822,46.135493],[14.614662,46.135506],[14.614519,46.13551],[14.614336,46.135513],[14.614156,46.135513],[14.614025,46.135512],[14.61391,46.13551],[14.613792,46.135509],[14.61358,46.135508],[14.613421,46.135501],[14.613277,46.135487],[14.612885,46.135447],[14.612575,46.13544],[14.610843,46.135431],[14.610807,46.135453],[14.61071,46.135458],[14.610651,46.135463],[14.61059,46.135482],[14.610526,46.13551],[14.610509,46.135529],[14.610459,46.135558],[14.610399,46.135575],[14.610333,46.135583],[14.610274,46.135577],[14.61022,46.135557],[14.610186,46.135534],[14.610138,46.135507],[14.610094,46.135487],[14.610037,46.13547],[14.609972,46.135461],[14.609867,46.135447],[14.609712,46.135441],[14.60968,46.135424],[14.609366,46.13542],[14.607707,46.135403],[14.607343,46.135408],[14.607164,46.135412],[14.606488,46.135414],[14.606188,46.13543],[14.606023,46.135449],[14.605292,46.135534],[14.605125,46.135556],[14.605002,46.135573],[14.60458,46.135634],[14.603941,46.135714],[14.603318,46.135761],[14.602456,46.135809],[14.601999,46.135837],[14.601615,46.135901],[14.600798,46.136106],[14.600632,46.136157],[14.60049,46.136197],[14.600246,46.136277],[14.6,46.136387],[14.599714,46.136568],[14.599543,46.136709],[14.599406,46.136839],[14.599115,46.137133],[14.598994,46.137248],[14.598754,46.137535],[14.598713,46.137573],[14.59867,46.137602],[14.598621,46.137617],[14.59855,46.137623],[14.598249,46.137618],[14.598109,46.137617],[14.597807,46.137613],[14.597267,46.137609],[14.59716,46.137609],[14.596244,46.13761],[14.595895,46.137613],[14.595546,46.137615],[14.595329,46.137618],[14.59512,46.137626],[14.59495,46.137642],[14.594725,46.137677],[14.594424,46.137736],[14.594139,46.137795],[14.593959,46.137848],[14.593995,46.138022],[14.594057,46.13831],[14.594077,46.138406],[14.594126,46.138621],[14.594143,46.138841],[14.594135,46.139072],[14.594118,46.139338],[14.594106,46.13947],[14.5941,46.139589],[14.594094,46.139692],[14.594116,46.139926],[14.594177,46.140285],[14.594232,46.14072],[14.594246,46.140813],[14.594324,46.141301],[14.59437,46.141337],[14.594482,46.141732],[14.594506,46.141822],[14.594514,46.141853],[14.594546,46.14187],[14.594571,46.141891],[14.594587,46.141917],[14.594593,46.141951],[14.594582,46.141985],[14.594556,46.142015],[14.594533,46.142031],[14.594486,46.142155],[14.594467,46.14223],[14.59443,46.142265],[14.594393,46.142519],[14.594309,46.142865],[14.594275,46.143007],[14.594165,46.143556],[14.594057,46.144027],[14.593976,46.1443],[14.593929,46.144433],[14.59366,46.145167],[14.593631,46.145234],[14.593615,46.145268],[14.593499,46.145455],[14.593426,46.145587],[14.5931,46.146126],[14.5931,46.146127],[14.592932,46.146393],[14.592812,46.146676],[14.592721,46.146963],[14.59268,46.147255],[14.592667,46.1479],[14.592677,46.148891],[14.592676,46.149056],[14.592685,46.149599],[14.592711,46.149898],[14.59276,46.1503],[14.59281,46.150583],[14.592864,46.150887],[14.592956,46.151482],[14.592962,46.151542],[14.593002,46.151949],[14.592933,46.153668],[14.592925,46.154084],[14.592922,46.154346],[14.592923,46.154461],[14.592931,46.15462],[14.592932,46.154818],[14.592959,46.155179],[14.593006,46.155814],[14.593013,46.155925],[14.593037,46.156264],[14.593062,46.156778],[14.593037,46.157693],[14.593034,46.157785],[14.59304,46.158108],[14.593067,46.158458],[14.593103,46.158984],[14.593133,46.159345],[14.59315,46.159503],[14.593188,46.159775],[14.593243,46.160166],[14.593277,46.160358],[14.593279,46.160419],[14.593342,46.160773],[14.593348,46.160817],[14.593372,46.161002],[14.593435,46.161512],[14.593447,46.161813],[14.593462,46.162076],[14.593483,46.16243],[14.593498,46.162573],[14.593528,46.162705],[14.593552,46.162808],[14.593605,46.163013],[14.593616,46.163058],[14.593701,46.163429],[14.593932,46.164415],[14.593995,46.164657],[14.594086,46.165072],[14.594111,46.165201],[14.594169,46.16548],[14.594189,46.165574],[14.59431,46.166131],[14.59439,46.166504],[14.594546,46.167241],[14.594567,46.167789],[14.594573,46.167925],[14.594606,46.168229],[14.594646,46.168447],[14.594712,46.168726],[14.594762,46.168986],[14.594863,46.169431],[14.594893,46.169562],[14.594972,46.169926],[14.594995,46.170023],[14.59507,46.170235],[14.595149,46.17046],[14.5952,46.170634],[14.595216,46.17072],[14.595253,46.170865],[14.595291,46.171135],[14.595297,46.171233],[14.595316,46.171476],[14.595317,46.171714],[14.595304,46.171897],[14.595287,46.17208],[14.595233,46.172451],[14.595164,46.172814],[14.59511,46.1731],[14.595027,46.17353],[14.594917,46.174096],[14.594877,46.17426],[14.594801,46.174433],[14.594656,46.1747],[14.594546,46.174901],[14.594453,46.175084],[14.594359,46.175307],[14.594287,46.175547],[14.594248,46.175752],[14.594231,46.175989],[14.594236,46.176208],[14.594281,46.17659],[14.594339,46.177117],[14.594362,46.177323],[14.594401,46.177798],[14.59443,46.178066],[14.594471,46.178286],[14.594505,46.178491],[14.594521,46.178574],[14.594584,46.178908],[14.594606,46.179023],[14.594705,46.179554],[14.59494,46.180822],[14.595051,46.181316],[14.595124,46.181683],[14.595216,46.18222],[14.595269,46.182604],[14.5953,46.183059],[14.595306,46.183406],[14.595303,46.183464],[14.59529,46.183642],[14.595216,46.184353],[14.595144,46.184781],[14.595122,46.185025],[14.595051,46.185469],[14.594995,46.185822],[14.594961,46.186108],[14.594946,46.18626],[14.594929,46.186463],[14.594922,46.186721],[14.594921,46.18675],[14.594924,46.186824],[14.594935,46.187147],[14.594932,46.187222],[14.594929,46.187502],[14.594916,46.187737],[14.594905,46.188054],[14.594889,46.188241],[14.594872,46.188357],[14.594843,46.188563],[14.594795,46.188809],[14.594762,46.188961],[14.594713,46.189189],[14.594653,46.189559],[14.594644,46.189626],[14.594638,46.189677],[14.594605,46.189898],[14.594586,46.190036],[14.594542,46.190364],[14.59453,46.190537],[14.594524,46.190723],[14.594543,46.190874],[14.59457,46.190989],[14.594602,46.191098],[14.594639,46.191214],[14.594692,46.191351],[14.594739,46.191522],[14.594762,46.191674],[14.594779,46.191856],[14.594794,46.191985],[14.594782,46.192178],[14.594774,46.192251],[14.594747,46.192476],[14.594666,46.193045],[14.594655,46.19319],[14.594635,46.193666],[14.594641,46.193941],[14.594686,46.194268],[14.594717,46.194548],[14.594738,46.194773],[14.59473,46.194963],[14.594708,46.19513],[14.594652,46.195336],[14.594524,46.195651],[14.594461,46.195787],[14.59393,46.196849],[14.593835,46.197072],[14.59378,46.197319],[14.593748,46.197502],[14.593747,46.197679],[14.593769,46.197898],[14.593774,46.197944],[14.593775,46.197965],[14.593809,46.198249],[14.593825,46.198354],[14.59383,46.198458],[14.593935,46.198456],[14.594036,46.198477],[14.594121,46.19852],[14.594182,46.198579],[14.59493,46.19851],[14.595583,46.198448],[14.595921,46.198422],[14.596035,46.198412],[14.596185,46.198401],[14.59667,46.198372],[14.597051,46.19836],[14.597384,46.198358],[14.597588,46.198372],[14.597877,46.1984],[14.598142,46.198444],[14.598376,46.198492],[14.598476,46.198512],[14.598741,46.198584],[14.598959,46.198655],[14.59924,46.198763],[14.599559,46.198915],[14.59984,46.199084],[14.599991,46.19915],[14.600217,46.199319],[14.600375,46.199462],[14.600559,46.199648],[14.600633,46.199727],[14.600731,46.199841],[14.600763,46.199844],[14.600792,46.199854],[14.600816,46.199869],[14.600833,46.199888],[14.600841,46.199909],[14.60084,46.199932],[14.600829,46.199953],[14.600848,46.200006],[14.600962,46.200212],[14.601238,46.200677],[14.601359,46.200891],[14.601463,46.201076],[14.601641,46.201423],[14.602138,46.202256],[14.602462,46.202828],[14.60305,46.203817],[14.603575,46.204723],[14.603769,46.205076],[14.603921,46.205347],[14.60404,46.205555],[14.604239,46.205781],[14.604335,46.205853],[14.604366,46.205855],[14.604414,46.20587],[14.604466,46.205901],[14.60449,46.205927],[14.604506,46.205957],[14.60451,46.206004],[14.604492,46.206046],[14.604453,46.206086],[14.604468,46.206191],[14.604602,46.206512],[14.605079,46.207342],[14.605297,46.207707],[14.605511,46.207998],[14.605671,46.208185],[14.605931,46.208476],[14.606184,46.208717],[14.606379,46.208885],[14.606561,46.209038],[14.606897,46.209321],[14.607281,46.209674],[14.607669,46.210103],[14.607806,46.210273],[14.607845,46.210335],[14.607982,46.210533],[14.608139,46.210818],[14.60825,46.211078],[14.608409,46.211528],[14.608442,46.211678],[14.608477,46.211997],[14.608497,46.212215],[14.608488,46.213083],[14.608486,46.213247],[14.608482,46.213387],[14.608471,46.213719],[14.608469,46.213801],[14.60847,46.213864],[14.608471,46.213973],[14.608476,46.214373],[14.608495,46.215298],[14.608506,46.215414],[14.608557,46.215735],[14.608629,46.21605],[14.608802,46.216537],[14.608959,46.216914],[14.609311,46.217488],[14.609462,46.217692],[14.609708,46.218026],[14.609877,46.218245],[14.610038,46.218518],[14.610132,46.218727],[14.610193,46.218915],[14.61024,46.219212],[14.61024,46.219368],[14.610256,46.219811],[14.610287,46.220136],[14.610368,46.22046],[14.610419,46.220624],[14.610453,46.22071],[14.610488,46.220799],[14.610629,46.221111],[14.610809,46.221412],[14.611056,46.221705],[14.611258,46.221909],[14.611503,46.222127],[14.611854,46.222404],[14.612153,46.22265],[14.612475,46.222919],[14.613011,46.223379],[14.61352,46.223873],[14.613703,46.224074],[14.614087,46.224599],[14.614482,46.225136],[14.614631,46.22533],[14.614702,46.225423],[14.614839,46.225558],[14.614989,46.225714],[14.615077,46.225783],[14.615161,46.225841],[14.615325,46.225929],[14.61548,46.226003],[14.615527,46.226024],[14.615504,46.226078],[14.61549,46.226117],[14.615403,46.226309],[14.61534,46.226449],[14.615286,46.226568],[14.61515,46.226926],[14.614728,46.228015],[14.614514,46.228467],[14.614477,46.228543],[14.614432,46.228622],[14.614193,46.229039],[14.613972,46.229343],[14.61388,46.22947],[14.613688,46.229724],[14.613441,46.230046],[14.613324,46.230201],[14.613226,46.230364],[14.613186,46.23045],[14.613159,46.2305],[14.613103,46.230552],[14.613037,46.230582],[14.612936,46.230589],[14.612044,46.23059],[14.611978,46.230591],[14.611912,46.230591],[14.611533,46.230599],[14.611151,46.230598],[14.611142,46.230646],[14.61111,46.230688],[14.611059,46.230721],[14.610996,46.230741],[14.610927,46.230745],[14.610911,46.230835],[14.610891,46.230941],[14.610772,46.231283],[14.610703,46.231453],[14.610366,46.232073],[14.609965,46.232787],[14.609799,46.233103],[14.609703,46.233305],[14.609653,46.233465],[14.609608,46.233664],[14.609547,46.23404],[14.609492,46.234389],[14.609462,46.234626],[14.60942,46.234776],[14.609334,46.234964],[14.609227,46.235146],[14.60912,46.235303],[14.609017,46.235429],[14.608865,46.235585],[14.608659,46.235762],[14.608089,46.236228],[14.606254,46.237712],[14.606049,46.23789],[14.605881,46.238066],[14.605727,46.23826],[14.605692,46.238312],[14.605627,46.238409],[14.605496,46.238645],[14.605217,46.239269],[14.604802,46.240262],[14.604686,46.240549],[14.604606,46.240779],[14.604566,46.241015],[14.604566,46.241238],[14.604607,46.2418],[14.604643,46.242212],[14.604709,46.242719],[14.604711,46.242885],[14.604698,46.243032],[14.604672,46.243114],[14.604613,46.243261],[14.604538,46.243384],[14.604464,46.243462],[14.604364,46.243541],[14.604203,46.243651],[14.604044,46.243726],[14.603844,46.243791],[14.603532,46.243917],[14.603293,46.244026],[14.603149,46.244098],[14.602949,46.244223],[14.602923,46.244247],[14.602881,46.244285],[14.602794,46.244375],[14.602706,46.244499],[14.602581,46.244697],[14.602492,46.244809],[14.602243,46.245092],[14.601821,46.245576],[14.601746,46.245677],[14.601687,46.2458],[14.601655,46.245933],[14.601641,46.246363],[14.601644,46.246725],[14.601657,46.246914],[14.601698,46.247124],[14.601733,46.247298],[14.60177,46.247461],[14.601996,46.24833],[14.602042,46.248521],[14.602082,46.24868],[14.602111,46.248853],[14.602159,46.249071],[14.602168,46.249237],[14.602148,46.249433],[14.602109,46.249608],[14.602026,46.249928],[14.601991,46.250059],[14.601946,46.250227],[14.601908,46.25041],[14.601888,46.250557],[14.601884,46.25071],[14.601891,46.250898],[14.6019,46.251097],[14.601921,46.25139],[14.602001,46.252053],[14.602048,46.252399],[14.60209,46.252734],[14.602118,46.25296],[14.602124,46.253132],[14.602093,46.253553],[14.602088,46.253637],[14.6021,46.25378],[14.602116,46.253865],[14.602148,46.253959],[14.602197,46.25406],[14.602274,46.254197],[14.602394,46.254366],[14.602664,46.254747],[14.602731,46.254838],[14.602925,46.255106],[14.603357,46.255713],[14.603572,46.256029],[14.603658,46.256185],[14.60371,46.256314],[14.603756,46.256468],[14.603783,46.256657],[14.603776,46.256851],[14.603749,46.256989],[14.603704,46.257176],[14.603689,46.257222],[14.603665,46.257301],[14.603608,46.257485],[14.603549,46.257674],[14.603485,46.257873],[14.603469,46.25794],[14.603483,46.258065],[14.603501,46.25815],[14.603557,46.258261],[14.603714,46.258453],[14.603938,46.258688],[14.603982,46.258733],[14.604064,46.258859],[14.604136,46.258951],[14.604234,46.259102],[14.604314,46.259272],[14.604395,46.259425],[14.604541,46.259593],[14.604695,46.259732],[14.604855,46.259882],[14.604917,46.259953],[14.605017,46.260073],[14.605074,46.260154],[14.605118,46.260258],[14.605149,46.260361],[14.605157,46.260493],[14.605137,46.26062],[14.605069,46.260806],[14.604978,46.26101],[14.604906,46.261159],[14.604796,46.261369],[14.604633,46.261672],[14.60457,46.261795],[14.604477,46.262003],[14.604347,46.262447],[14.604286,46.26264],[14.60421,46.262816],[14.604114,46.262962],[14.604106,46.262975],[14.60398,46.263124],[14.603569,46.263601],[14.603342,46.26388],[14.603182,46.264107],[14.603087,46.264273],[14.603031,46.26442],[14.602973,46.26464],[14.602953,46.264745],[14.602943,46.264912],[14.602957,46.265049],[14.603018,46.265174],[14.603088,46.265267],[14.603127,46.265311],[14.603172,46.265361],[14.603272,46.265435],[14.603382,46.265497],[14.603527,46.26556],[14.603601,46.266245],[14.603681,46.266826],[14.603779,46.26759],[14.603863,46.267753],[14.604002,46.267911],[14.604469,46.26824],[14.605365,46.268831],[14.605561,46.26899],[14.605686,46.269128],[14.605827,46.269291],[14.605947,46.269473],[14.606054,46.269666],[14.606132,46.269865],[14.606195,46.270067],[14.606318,46.270531],[14.606393,46.270792],[14.606521,46.271207],[14.606586,46.271363],[14.606621,46.27143],[14.60665,46.271476],[14.606744,46.271612],[14.606915,46.271813],[14.607622,46.27257],[14.607873,46.272822],[14.608044,46.272955],[14.608226,46.273031],[14.608397,46.273087],[14.608903,46.273218],[14.609455,46.27335],[14.609611,46.273387],[14.610104,46.273504],[14.610343,46.273614],[14.610457,46.273713],[14.610544,46.273844],[14.610583,46.273952],[14.610677,46.274069],[14.610796,46.274174],[14.610929,46.274263],[14.611185,46.274376],[14.611514,46.274465],[14.611796,46.274548],[14.611971,46.274639],[14.612135,46.27476],[14.612204,46.27483],[14.61247,46.275172],[14.612551,46.275369],[14.612707,46.275809],[14.61277,46.275984],[14.612901,46.27627],[14.613,46.276431],[14.613182,46.276644],[14.613529,46.276986],[14.613724,46.277174],[14.613846,46.277304],[14.61403,46.277552],[14.614598,46.278376],[14.614728,46.27866],[14.61479,46.278785],[14.614845,46.279064],[14.614814,46.279236],[14.61476,46.279365],[14.614652,46.279509],[14.614494,46.279632],[14.614477,46.279648],[14.614362,46.279755],[14.614255,46.279887],[14.614219,46.279978],[14.614238,46.280094],[14.614362,46.280209],[14.614552,46.280356],[14.614747,46.28051],[14.614834,46.280602],[14.614947,46.280746],[14.615065,46.28095],[14.615108,46.281061],[14.615219,46.281612],[14.615261,46.281842],[14.61532,46.282127],[14.615424,46.282823],[14.615594,46.283786],[14.615723,46.284054],[14.615827,46.284198],[14.61594,46.284291],[14.616058,46.284399],[14.616579,46.284875],[14.616931,46.285208],[14.617112,46.285448],[14.617447,46.285927],[14.617796,46.28643],[14.617875,46.286652],[14.617864,46.286783],[14.617831,46.286942],[14.617743,46.287104],[14.617671,46.287227],[14.617478,46.287415],[14.617152,46.287646],[14.616742,46.287907],[14.616309,46.288161],[14.615993,46.28839],[14.615879,46.288532],[14.615831,46.28865],[14.615844,46.288786],[14.616111,46.28929],[14.616233,46.289458],[14.616347,46.289619],[14.616394,46.289747],[14.616379,46.289863],[14.616304,46.290021],[14.616127,46.290181],[14.615849,46.290379],[14.615655,46.290682],[14.615556,46.290864],[14.615549,46.291017],[14.615591,46.291149],[14.615703,46.291376],[14.615712,46.291491],[14.615672,46.291628],[14.615581,46.291792],[14.615388,46.29196],[14.615233,46.292128],[14.615021,46.292549],[14.614835,46.293104],[14.614707,46.293698],[14.614653,46.293901],[14.614656,46.294157],[14.61471,46.294599],[14.614624,46.294757],[14.613956,46.295514],[14.613339,46.295902],[14.613241,46.295999],[14.613083,46.296181],[14.613038,46.296347],[14.613042,46.296526],[14.613017,46.296681],[14.612883,46.296937],[14.612661,46.297251],[14.612613,46.297341],[14.612609,46.297507],[14.612625,46.298111],[14.612595,46.298233],[14.612543,46.298353],[14.612357,46.298489],[14.612223,46.298569],[14.611652,46.29868],[14.611332,46.298811],[14.610923,46.299027],[14.610849,46.299101],[14.610809,46.299191],[14.610784,46.299566],[14.610706,46.299735],[14.610395,46.300035],[14.610334,46.300185],[14.610299,46.300422],[14.610296,46.300719],[14.610257,46.300902],[14.610105,46.301158],[14.609529,46.302054],[14.609388,46.302215],[14.609219,46.302372],[14.608976,46.302548],[14.608854,46.302717],[14.608745,46.30291],[14.608722,46.303053],[14.608798,46.303272],[14.608831,46.303347],[14.608835,46.303653],[14.608827,46.303895],[14.608797,46.304492],[14.608826,46.304649],[14.608922,46.304903],[14.609002,46.305039],[14.609094,46.305274],[14.609083,46.305447],[14.609031,46.305548],[14.608969,46.305644],[14.608838,46.305798],[14.608584,46.306074],[14.608442,46.306213],[14.608269,46.306411],[14.608034,46.306708],[14.607934,46.306885],[14.607925,46.307051],[14.607962,46.307163],[14.608009,46.30723],[14.608115,46.307396],[14.608128,46.307448],[14.608158,46.307659],[14.608154,46.307854],[14.608129,46.308324],[14.608101,46.308618],[14.608085,46.308955],[14.608035,46.309275],[14.607988,46.309431],[14.607893,46.309707],[14.607823,46.309857],[14.607801,46.309905],[14.60765,46.310252],[14.60763,46.310291],[14.607442,46.310676],[14.607373,46.310818],[14.607206,46.311142],[14.607072,46.311346],[14.606961,46.31149],[14.606906,46.311561],[14.606879,46.311596],[14.606794,46.311667],[14.606654,46.311777],[14.606321,46.311996],[14.606064,46.312184],[14.605847,46.312378],[14.605436,46.312743],[14.605048,46.3131],[14.604811,46.313327],[14.604789,46.313349],[14.604404,46.31372],[14.603863,46.314207],[14.603676,46.314447],[14.603464,46.315033],[14.603385,46.315198],[14.60323,46.31546],[14.60301,46.315787],[14.602458,46.316323],[14.601736,46.316928],[14.60084,46.317721],[14.600729,46.317836],[14.600666,46.318027],[14.600701,46.318194],[14.600768,46.318418],[14.600754,46.318594],[14.600753,46.318614],[14.600728,46.318646],[14.600662,46.318704],[14.600598,46.318756],[14.600126,46.318898],[14.599742,46.318983],[14.59958,46.319059],[14.599459,46.319128],[14.59915,46.319373],[14.598787,46.31966],[14.598376,46.320016],[14.597949,46.320369],[14.597744,46.320483],[14.597158,46.320676],[14.596569,46.320841],[14.595526,46.321047],[14.595177,46.321145],[14.594656,46.321389],[14.594325,46.321647],[14.594174,46.32186],[14.5939,46.322363],[14.59351,46.323472],[14.593299,46.324116],[14.59322,46.324255],[14.593127,46.324363],[14.592952,46.324525],[14.59268,46.324717],[14.592416,46.324852],[14.592138,46.324985],[14.591953,46.325116],[14.591707,46.325438],[14.591191,46.326083],[14.590961,46.326385],[14.590801,46.326596],[14.590676,46.326721],[14.590513,46.326855],[14.590349,46.326945],[14.590235,46.326977],[14.590094,46.327011],[14.589701,46.32711],[14.589673,46.327118],[14.5896,46.327152],[14.589569,46.327203],[14.589588,46.327253],[14.589578,46.327336],[14.589564,46.327456],[14.589536,46.327547],[14.589484,46.327631],[14.589418,46.327698],[14.589258,46.327812],[14.589174,46.327898],[14.588997,46.328077],[14.588801,46.328213],[14.588744,46.328267],[14.588686,46.328343],[14.588613,46.328443],[14.588588,46.328476],[14.588454,46.328624],[14.588377,46.328679],[14.588281,46.328756],[14.588199,46.328806],[14.588125,46.328878],[14.588019,46.329014],[14.587935,46.329178],[14.587912,46.329281],[14.587887,46.329369],[14.587851,46.329419],[14.587777,46.329469],[14.587666,46.329511],[14.587456,46.329552],[14.587234,46.329557],[14.587116,46.329552],[14.587058,46.329542],[14.586989,46.329524],[14.586578,46.3295],[14.586296,46.32946],[14.586069,46.329406],[14.585884,46.329354],[14.585616,46.329297],[14.585528,46.329279]]}}