{"type":"Feature","properties":{"id":"si-b","distanceKm":688.245,"drivingMinutes":464.05578333333335},"geometry":{"type":"LineString","coordinates":[[14.560413,50.001612],[14.560548,50.00162],[14.560825,50.001636],[14.561156,50.001659],[14.561228,50.001665],[14.561255,50.001642],[14.561282,50.001631],[14.561319,50.001625],[14.56135,50.001627],[14.561384,50.001636],[14.561408,50.00165],[14.561427,50.001671],[14.561433,50.001694],[14.561427,50.001717],[14.561407,50.00174],[14.561378,50.001755],[14.561335,50.001764],[14.561333,50.001896],[14.561205,50.002168],[14.561189,50.002219],[14.5612,50.002249],[14.561236,50.002282],[14.5613,50.002315],[14.56144,50.002379],[14.561454,50.002385],[14.561503,50.002409],[14.561617,50.002498],[14.561745,50.00262],[14.561969,50.002944],[14.562096,50.003141],[14.56223,50.003333],[14.562346,50.00349],[14.562426,50.003585],[14.56245,50.003604],[14.562482,50.003639],[14.562504,50.003656],[14.562712,50.003775],[14.562854,50.003857],[14.562881,50.003872],[14.5633,50.004106],[14.563362,50.004141],[14.56339,50.004153],[14.563643,50.004234],[14.563734,50.004255],[14.563771,50.004258],[14.563811,50.004259],[14.563849,50.004255],[14.563883,50.004248],[14.563936,50.004232],[14.564232,50.004175],[14.564387,50.004142],[14.564537,50.004101],[14.564687,50.004056],[14.564884,50.00399],[14.565106,50.003917],[14.565907,50.003652],[14.565995,50.003625],[14.566078,50.003604],[14.566165,50.003587],[14.566244,50.003574],[14.566338,50.003568],[14.566417,50.003569],[14.566493,50.003574],[14.566564,50.003585],[14.566639,50.003602],[14.566703,50.003621],[14.566818,50.003659],[14.567237,50.003836],[14.567293,50.003859],[14.567356,50.003877],[14.567427,50.003893],[14.567499,50.003905],[14.567578,50.003915],[14.567656,50.003918],[14.567727,50.003915],[14.567791,50.00391],[14.567846,50.003902],[14.567904,50.003893],[14.567961,50.003877],[14.568324,50.003777],[14.569015,50.003504],[14.570052,50.003138],[14.570545,50.002893],[14.571001,50.002657],[14.571594,50.00234],[14.572145,50.002033],[14.572574,50.00179],[14.573054,50.001513],[14.57364,50.001173],[14.575203,50.000278],[14.575856,49.999905],[14.584162,49.995133],[14.585001,49.99465],[14.585717,49.994239],[14.587083,49.993455],[14.587943,49.992962],[14.589443,49.992104],[14.590481,49.991498],[14.590842,49.991296],[14.591654,49.99083],[14.594303,49.989309],[14.595175,49.988799],[14.596041,49.98828],[14.596593,49.987941],[14.597381,49.987448],[14.597979,49.987054],[14.598565,49.986663],[14.599145,49.986275],[14.600419,49.98537],[14.601589,49.984496],[14.602025,49.984161],[14.60358,49.982902],[14.605746,49.981109],[14.606363,49.980608],[14.606975,49.980107],[14.607169,49.979944],[14.607965,49.979288],[14.608922,49.978493],[14.610765,49.97698],[14.611372,49.976485],[14.611824,49.976113],[14.613728,49.974535],[14.614048,49.974269],[14.614849,49.973613],[14.616211,49.9725],[14.617089,49.971771],[14.617504,49.971422],[14.619039,49.970156],[14.619392,49.969864],[14.620256,49.969151],[14.620347,49.969076],[14.621869,49.967821],[14.622195,49.967553],[14.623239,49.966695],[14.628362,49.962484],[14.629383,49.96164],[14.630475,49.960737],[14.631518,49.959876],[14.633701,49.958071],[14.637337,49.955073],[14.638093,49.95444],[14.639236,49.95349],[14.641613,49.951516],[14.642866,49.950508],[14.643032,49.950348],[14.644148,49.949424],[14.644234,49.949353],[14.64482,49.948871],[14.645486,49.948369],[14.64596,49.948043],[14.646467,49.947737],[14.646977,49.947448],[14.647538,49.947161],[14.648017,49.946946],[14.64856,49.946715],[14.649196,49.946478],[14.649852,49.946266],[14.65031,49.946128],[14.650686,49.946023],[14.651307,49.945852],[14.652064,49.945649],[14.653256,49.945326],[14.653869,49.945168],[14.654929,49.944893],[14.655497,49.944726],[14.656468,49.944473],[14.657001,49.944328],[14.65986,49.943554],[14.668941,49.941094],[14.669412,49.940971],[14.67314,49.939961],[14.675185,49.939414],[14.678107,49.938616],[14.680948,49.93784],[14.681508,49.93768],[14.682074,49.937511],[14.68265,49.93732],[14.683247,49.937114],[14.683783,49.936905],[14.684423,49.936647],[14.68496,49.936412],[14.685449,49.93618],[14.686034,49.935885],[14.686575,49.935592],[14.687328,49.935157],[14.689584,49.933804],[14.691133,49.932883],[14.692285,49.932179],[14.693365,49.931474],[14.693915,49.931097],[14.694693,49.930526],[14.695904,49.929618],[14.696946,49.928791],[14.698221,49.92775],[14.699011,49.927086],[14.699912,49.926298],[14.700277,49.925968],[14.700839,49.925438],[14.701176,49.925103],[14.701407,49.924857],[14.701824,49.924426],[14.702265,49.923936],[14.703195,49.922868],[14.70421,49.921723],[14.705349,49.920413],[14.706614,49.918959],[14.707758,49.91762],[14.70826,49.91708],[14.708777,49.916507],[14.709379,49.915952],[14.709852,49.915565],[14.710366,49.915175],[14.710921,49.914792],[14.711337,49.914529],[14.71204,49.914107],[14.712391,49.91392],[14.713211,49.913503],[14.713849,49.913212],[14.71443,49.912974],[14.714943,49.912777],[14.715507,49.912586],[14.716083,49.912394],[14.717204,49.912073],[14.718192,49.911846],[14.718701,49.91174],[14.71921,49.911637],[14.722342,49.911025],[14.723708,49.91073],[14.724673,49.91048],[14.724685,49.910477],[14.72549,49.910247],[14.726225,49.910013],[14.727362,49.909624],[14.728246,49.909271],[14.728669,49.909091],[14.729132,49.908871],[14.729881,49.908511],[14.730635,49.908112],[14.731741,49.90745],[14.731895,49.907348],[14.732341,49.907055],[14.732734,49.906778],[14.733125,49.906485],[14.733505,49.906185],[14.733906,49.905849],[14.73476,49.905078],[14.73559,49.904285],[14.736097,49.903801],[14.736395,49.903516],[14.737018,49.902922],[14.737794,49.902193],[14.738166,49.901843],[14.739158,49.900907],[14.741167,49.899015],[14.741322,49.89887],[14.742758,49.897511],[14.743516,49.896799],[14.743968,49.896385],[14.744201,49.89617],[14.744365,49.89602],[14.744819,49.895612],[14.745776,49.894802],[14.747191,49.89369],[14.748378,49.892801],[14.751518,49.89062],[14.751697,49.890495],[14.751822,49.890404],[14.751995,49.890279],[14.752536,49.889885],[14.753174,49.889385],[14.753549,49.889059],[14.753994,49.888644],[14.75435,49.888271],[14.754627,49.887951],[14.755023,49.887439],[14.755253,49.887108],[14.755474,49.886749],[14.755667,49.88639],[14.755829,49.886046],[14.755932,49.885796],[14.756023,49.885564],[14.756181,49.885082],[14.756396,49.884233],[14.756543,49.883534],[14.756755,49.882152],[14.756943,49.8813],[14.757117,49.88069],[14.757357,49.879944],[14.757519,49.879571],[14.757683,49.879225],[14.75782,49.878954],[14.758024,49.878577],[14.75848,49.877852],[14.758834,49.877397],[14.758925,49.877275],[14.75914,49.877002],[14.759254,49.876881],[14.759374,49.87675],[14.759467,49.876656],[14.759749,49.876382],[14.759943,49.876194],[14.760482,49.875703],[14.760836,49.875406],[14.761323,49.875035],[14.761492,49.874911],[14.761859,49.874643],[14.762425,49.874276],[14.763006,49.873931],[14.763621,49.873579],[14.764385,49.873184],[14.764918,49.872917],[14.765586,49.872606],[14.766307,49.8723],[14.76699,49.872032],[14.767689,49.871768],[14.76863,49.871448],[14.769629,49.871129],[14.771303,49.870696],[14.772499,49.870434],[14.773837,49.870182],[14.775019,49.869977],[14.775941,49.869807],[14.77665,49.869656],[14.777093,49.869555],[14.77755,49.869437],[14.778068,49.869281],[14.77864,49.869094],[14.779188,49.868898],[14.779616,49.868726],[14.780242,49.86845],[14.780907,49.868123],[14.781351,49.867869],[14.781796,49.867602],[14.782192,49.86735],[14.78257,49.867079],[14.783321,49.866483],[14.78407,49.865848],[14.78445,49.865525],[14.785202,49.864869],[14.785572,49.864555],[14.786145,49.864068],[14.786959,49.863401],[14.787729,49.862796],[14.788392,49.862327],[14.789179,49.861782],[14.790226,49.861141],[14.790855,49.860737],[14.791311,49.860463],[14.792303,49.859859],[14.792889,49.859482],[14.793592,49.85899],[14.793957,49.8587],[14.79433,49.858381],[14.794718,49.858015],[14.795062,49.857657],[14.795293,49.857388],[14.795494,49.857138],[14.795789,49.85673],[14.796067,49.856294],[14.796327,49.855812],[14.796476,49.855468],[14.796639,49.855029],[14.796749,49.854675],[14.796819,49.85438],[14.796877,49.854061],[14.796929,49.853628],[14.796952,49.853198],[14.796934,49.852623],[14.796893,49.852122],[14.796781,49.851317],[14.796695,49.85061],[14.796649,49.850136],[14.796626,49.849671],[14.796637,49.849362],[14.79666,49.849041],[14.796688,49.848822],[14.796731,49.84859],[14.79679,49.848324],[14.79689,49.847999],[14.796985,49.847691],[14.797149,49.8473],[14.797447,49.846739],[14.797723,49.846315],[14.797978,49.845947],[14.798222,49.845658],[14.798471,49.845372],[14.798804,49.845042],[14.799128,49.844744],[14.799488,49.844451],[14.799884,49.84415],[14.800404,49.843807],[14.800839,49.843542],[14.801513,49.843178],[14.802359,49.842782],[14.802937,49.842554],[14.803449,49.842373],[14.804009,49.842197],[14.804576,49.842048],[14.805196,49.841894],[14.805804,49.841777],[14.806372,49.841679],[14.80697,49.841594],[14.807327,49.841549],[14.807961,49.84148],[14.808646,49.841411],[14.811105,49.841167],[14.813711,49.840929],[14.815099,49.840789],[14.815595,49.840736],[14.816839,49.840608],[14.818113,49.840479],[14.819305,49.840355],[14.820432,49.840224],[14.821593,49.840073],[14.822385,49.83996],[14.823343,49.839813],[14.824411,49.839634],[14.825343,49.839466],[14.826297,49.839282],[14.827744,49.838989],[14.828479,49.838831],[14.83121,49.838247],[14.832694,49.837933],[14.835159,49.837411],[14.835949,49.837243],[14.836684,49.837085],[14.837438,49.836922],[14.837667,49.836873],[14.838393,49.836717],[14.843933,49.835529],[14.847184,49.834832],[14.850443,49.834131],[14.85159,49.833883],[14.852676,49.833634],[14.853292,49.833485],[14.853978,49.833305],[14.854673,49.833111],[14.855432,49.832883],[14.85628,49.832606],[14.857163,49.83229],[14.85825,49.831864],[14.858804,49.831629],[14.859365,49.831377],[14.860098,49.831026],[14.860836,49.830654],[14.8618,49.830121],[14.862274,49.829842],[14.862752,49.829548],[14.863477,49.829061],[14.864174,49.82857],[14.864729,49.828141],[14.865315,49.827666],[14.865871,49.827181],[14.866443,49.826671],[14.867216,49.825937],[14.867989,49.825187],[14.870941,49.822338],[14.872461,49.820876],[14.873867,49.819522],[14.875338,49.818098],[14.875496,49.817947],[14.875913,49.817548],[14.876477,49.817002],[14.877085,49.816425],[14.878331,49.815284],[14.879016,49.814698],[14.879664,49.81416],[14.880468,49.813543],[14.880875,49.813245],[14.881301,49.812943],[14.881728,49.812652],[14.882164,49.812359],[14.883007,49.811832],[14.883262,49.811679],[14.883575,49.81149],[14.884179,49.811143],[14.885116,49.810611],[14.88608,49.81012],[14.887183,49.809591],[14.887745,49.809344],[14.888306,49.809102],[14.888924,49.808842],[14.889562,49.808582],[14.891586,49.807782],[14.892603,49.807387],[14.893629,49.806986],[14.895224,49.806374],[14.896842,49.805748],[14.898192,49.805228],[14.89956,49.804693],[14.901148,49.80408],[14.90368,49.803118],[14.90467,49.802732],[14.908343,49.801311],[14.911018,49.800285],[14.913803,49.799206],[14.916513,49.79815],[14.918127,49.79753],[14.918603,49.797342],[14.919468,49.796987],[14.920028,49.796733],[14.920514,49.796496],[14.921086,49.796181],[14.921656,49.795829],[14.922202,49.795441],[14.922462,49.795233],[14.922718,49.795014],[14.92312,49.794653],[14.923309,49.794454],[14.923477,49.794277],[14.92379,49.793905],[14.924088,49.793504],[14.924284,49.793208],[14.924462,49.792905],[14.92463,49.792592],[14.924789,49.792266],[14.925105,49.79157],[14.925538,49.790578],[14.925762,49.790104],[14.925931,49.789782],[14.926165,49.78936],[14.926372,49.789018],[14.926867,49.78828],[14.927049,49.788039],[14.927713,49.787147],[14.928019,49.786733],[14.928352,49.786302],[14.929051,49.785373],[14.92967,49.78455],[14.930495,49.78346],[14.931246,49.782462],[14.932038,49.78142],[14.932224,49.781167],[14.932563,49.780719],[14.933126,49.77998],[14.933939,49.778916],[14.93442,49.778279],[14.934845,49.777713],[14.935099,49.777327],[14.935445,49.776863],[14.935803,49.776389],[14.93633,49.775735],[14.936776,49.775232],[14.93725,49.774768],[14.937788,49.774285],[14.938361,49.77383],[14.938844,49.77348],[14.939379,49.773128],[14.939762,49.77288],[14.940673,49.772327],[14.941952,49.771555],[14.943303,49.770734],[14.944861,49.769791],[14.945541,49.769383],[14.946283,49.768932],[14.947036,49.768475],[14.947569,49.768131],[14.948031,49.767815],[14.948436,49.767503],[14.94878,49.767213],[14.949131,49.766889],[14.949412,49.766601],[14.949691,49.766285],[14.949904,49.766024],[14.950102,49.765752],[14.950307,49.765446],[14.950478,49.765177],[14.950727,49.764762],[14.951085,49.764169],[14.951419,49.763641],[14.951633,49.763339],[14.951915,49.762969],[14.952214,49.76262],[14.952496,49.762328],[14.952716,49.762121],[14.952951,49.761912],[14.953334,49.761596],[14.953563,49.76142],[14.95386,49.761203],[14.95418,49.760994],[14.954615,49.760732],[14.954958,49.760535],[14.955361,49.760327],[14.955804,49.760115],[14.956267,49.759913],[14.956689,49.759749],[14.9571,49.7596],[14.95753,49.759459],[14.957941,49.759337],[14.958552,49.759172],[14.959221,49.75902],[14.959853,49.758899],[14.960529,49.758788],[14.961589,49.75863],[14.962273,49.758537],[14.963139,49.758405],[14.963879,49.758274],[14.96443,49.758158],[14.964908,49.758042],[14.965409,49.757905],[14.965962,49.757737],[14.966245,49.757644],[14.96654,49.75754],[14.966868,49.757415],[14.967205,49.757277],[14.967536,49.757134],[14.967878,49.756975],[14.968455,49.756684],[14.969061,49.756345],[14.969636,49.75599],[14.970213,49.755628],[14.970976,49.755143],[14.971346,49.75491],[14.971739,49.754675],[14.972513,49.754224],[14.974248,49.753298],[14.974998,49.752938],[14.975646,49.752652],[14.976355,49.75236],[14.978038,49.751737],[14.978946,49.751433],[14.979954,49.751122],[14.980915,49.750847],[14.981496,49.750696],[14.982108,49.750543],[14.98299,49.750348],[14.983818,49.750175],[14.984735,49.750002],[14.985668,49.749849],[14.986648,49.749711],[14.987628,49.749595],[14.989001,49.74947],[14.99041,49.749374],[14.991101,49.74935],[14.991765,49.749331],[14.992935,49.749322],[14.9939,49.749338],[14.994748,49.749363],[14.995642,49.749413],[14.996521,49.749477],[14.997562,49.749576],[14.998501,49.749682],[14.999371,49.749799],[15.000184,49.749927],[15.001174,49.750099],[15.002129,49.750283],[15.003096,49.750496],[15.004038,49.750722],[15.005011,49.750968],[15.005958,49.751218],[15.007812,49.751738],[15.009711,49.75227],[15.011472,49.752731],[15.012249,49.752909],[15.01305,49.753078],[15.01347,49.753151],[15.013933,49.753223],[15.014329,49.753273],[15.014773,49.75332],[15.015242,49.753356],[15.015723,49.753383],[15.016225,49.753396],[15.01698,49.753397],[15.017494,49.753378],[15.017989,49.753349],[15.018506,49.753303],[15.019123,49.753229],[15.01972,49.753139],[15.02026,49.753041],[15.020803,49.752921],[15.021395,49.752772],[15.021809,49.752652],[15.022264,49.752508],[15.022674,49.752366],[15.023129,49.752192],[15.023537,49.752017],[15.024062,49.751774],[15.024602,49.751498],[15.024969,49.751282],[15.025332,49.751056],[15.025689,49.75082],[15.026063,49.750547],[15.026364,49.750306],[15.026756,49.749963],[15.026983,49.749742],[15.027277,49.749428],[15.027837,49.748831],[15.028444,49.74812],[15.02898,49.747492],[15.029495,49.746894],[15.029945,49.746393],[15.030429,49.745893],[15.030901,49.745452],[15.031482,49.744962],[15.031967,49.74459],[15.032483,49.744213],[15.033509,49.743545],[15.034768,49.742758],[15.035495,49.742291],[15.036331,49.741715],[15.037034,49.741152],[15.037693,49.740591],[15.037993,49.740319],[15.038294,49.740031],[15.038581,49.739741],[15.038871,49.739433],[15.039236,49.739008],[15.039438,49.738761],[15.039688,49.738441],[15.039908,49.73813],[15.040275,49.737588],[15.040793,49.736744],[15.041628,49.735364],[15.043288,49.732624],[15.044597,49.730446],[15.045956,49.728197],[15.046127,49.72791],[15.046476,49.727334],[15.048368,49.724201],[15.0485,49.723969],[15.049474,49.722398],[15.049944,49.721621],[15.050473,49.720738],[15.051209,49.719517],[15.051598,49.718892],[15.051937,49.718359],[15.052268,49.717912],[15.052519,49.717608],[15.052804,49.717294],[15.053126,49.716967],[15.053366,49.716749],[15.053706,49.716465],[15.054029,49.716206],[15.054489,49.715869],[15.054956,49.715557],[15.05557,49.715192],[15.056298,49.714816],[15.056658,49.71464],[15.057056,49.714462],[15.057739,49.714194],[15.058432,49.71395],[15.059048,49.713763],[15.059699,49.713583],[15.060457,49.713389],[15.061607,49.713101],[15.062246,49.712948],[15.062927,49.712783],[15.064064,49.712501],[15.065504,49.712148],[15.067626,49.711629],[15.070438,49.710938],[15.073352,49.710224],[15.075983,49.709579],[15.078645,49.708926],[15.079157,49.708794],[15.07967,49.708655],[15.08067,49.708358],[15.081353,49.708133],[15.082012,49.707894],[15.082932,49.707512],[15.083797,49.707112],[15.084591,49.70668],[15.08497,49.706471],[15.085458,49.706174],[15.086177,49.705692],[15.08684,49.705186],[15.087324,49.704772],[15.087711,49.704417],[15.088516,49.703569],[15.08885,49.703158],[15.08915,49.702766],[15.089427,49.702352],[15.089692,49.701913],[15.08992,49.701486],[15.090141,49.701023],[15.090344,49.700506],[15.0905,49.700025],[15.090601,49.69961],[15.090697,49.699172],[15.090774,49.698719],[15.09084,49.698221],[15.090938,49.69742],[15.091028,49.696641],[15.091079,49.69626],[15.09115,49.695876],[15.091225,49.695513],[15.09133,49.695117],[15.09151,49.69461],[15.091617,49.69436],[15.091805,49.694002],[15.092078,49.69355],[15.092393,49.693097],[15.092705,49.692706],[15.092909,49.692478],[15.093126,49.69225],[15.093541,49.69185],[15.094026,49.691438],[15.094339,49.691195],[15.094791,49.690875],[15.095195,49.690617],[15.095635,49.69036],[15.09604,49.690144],[15.096436,49.689946],[15.096852,49.689754],[15.097335,49.689545],[15.097797,49.689368],[15.098327,49.689181],[15.099472,49.688798],[15.102111,49.687921],[15.103186,49.687563],[15.103874,49.687334],[15.104674,49.68706],[15.105483,49.686773],[15.106765,49.686257],[15.107431,49.685959],[15.107976,49.685694],[15.10859,49.685376],[15.109073,49.685101],[15.109531,49.684822],[15.109972,49.684542],[15.110641,49.684085],[15.111136,49.683712],[15.111576,49.683364],[15.112052,49.682948],[15.112509,49.68254],[15.112976,49.682059],[15.113425,49.68155],[15.113855,49.68101],[15.114082,49.680706],[15.114293,49.680395],[15.114495,49.680072],[15.114881,49.679402],[15.115166,49.678804],[15.115323,49.678443],[15.115479,49.678025],[15.115629,49.677574],[15.115769,49.677135],[15.115917,49.676632],[15.116054,49.676155],[15.116454,49.674825],[15.116493,49.674688],[15.116711,49.673907],[15.11689,49.673282],[15.117068,49.672672],[15.117373,49.67164],[15.117683,49.67056],[15.11831,49.668411],[15.118945,49.666231],[15.119549,49.66414],[15.119966,49.662657],[15.120237,49.66169],[15.120736,49.660038],[15.121077,49.658881],[15.121139,49.658678],[15.121221,49.658383],[15.121405,49.657768],[15.12159,49.657093],[15.12206,49.655434],[15.122286,49.654662],[15.122646,49.653427],[15.122896,49.652547],[15.12409,49.648455],[15.124357,49.64753],[15.124818,49.645929],[15.125292,49.644308],[15.125638,49.643104],[15.125962,49.641979],[15.126334,49.640791],[15.126964,49.638618],[15.12745,49.636946],[15.127939,49.635266],[15.128466,49.63354],[15.128783,49.632588],[15.129109,49.631668],[15.129402,49.63093],[15.129704,49.63019],[15.130449,49.628548],[15.131276,49.626784],[15.132089,49.625068],[15.132804,49.623583],[15.133318,49.622507],[15.133779,49.621551],[15.134178,49.620713],[15.134863,49.619295],[15.135067,49.618858],[15.135564,49.617826],[15.135901,49.617119],[15.13642,49.616054],[15.136648,49.615647],[15.136815,49.615366],[15.137075,49.614973],[15.137318,49.614641],[15.137688,49.614201],[15.138088,49.613783],[15.138476,49.613416],[15.138908,49.613051],[15.139338,49.61272],[15.1398,49.612394],[15.140273,49.612102],[15.140792,49.611806],[15.141301,49.611539],[15.141898,49.611259],[15.142638,49.610954],[15.143215,49.610746],[15.143844,49.610539],[15.144448,49.610365],[15.144869,49.610261],[15.145318,49.610157],[15.145955,49.610029],[15.146575,49.609918],[15.147901,49.609689],[15.150409,49.609279],[15.152738,49.608894],[15.155342,49.608465],[15.161799,49.6074],[15.163203,49.607169],[15.170448,49.605972],[15.172323,49.605655],[15.173376,49.605479],[15.174453,49.605281],[15.175645,49.605035],[15.176854,49.604772],[15.177495,49.60461],[15.178084,49.604455],[15.178488,49.60434],[15.179247,49.60412],[15.179865,49.603934],[15.18048,49.603734],[15.181731,49.603306],[15.182762,49.602945],[15.185591,49.60194],[15.186604,49.601601],[15.187614,49.601292],[15.188717,49.600986],[15.18922,49.600861],[15.189835,49.600717],[15.191037,49.600451],[15.192655,49.600105],[15.193446,49.599917],[15.194171,49.599713],[15.194683,49.599551],[15.195267,49.599344],[15.19578,49.599141],[15.196263,49.598925],[15.196722,49.598714],[15.197163,49.598501],[15.198001,49.598082],[15.199007,49.597595],[15.199602,49.597337],[15.20021,49.597107],[15.200646,49.596955],[15.20109,49.596813],[15.201547,49.596681],[15.201999,49.596562],[15.202475,49.596447],[15.202938,49.596356],[15.203415,49.596267],[15.203887,49.59619],[15.204372,49.596127],[15.204859,49.596073],[15.20506,49.596054],[15.205343,49.596029],[15.205599,49.596013],[15.205845,49.595998],[15.20609,49.595986],[15.206343,49.595976],[15.206587,49.595971],[15.206833,49.595967],[15.207075,49.595967],[15.207331,49.595969],[15.207573,49.595974],[15.207824,49.595982],[15.208068,49.595993],[15.208317,49.596007],[15.20856,49.596023],[15.208718,49.596034],[15.209053,49.596065],[15.209544,49.596116],[15.210023,49.596179],[15.210505,49.596254],[15.210983,49.596339],[15.211458,49.596437],[15.211928,49.596544],[15.212388,49.596665],[15.21284,49.596794],[15.213281,49.596932],[15.213718,49.597084],[15.21428,49.597284],[15.215351,49.597672],[15.216362,49.59805],[15.216872,49.598223],[15.217417,49.598387],[15.217899,49.598522],[15.218382,49.59864],[15.218963,49.598766],[15.219514,49.59887],[15.22025,49.59898],[15.22095,49.59906],[15.22165,49.59912],[15.222425,49.599154],[15.223173,49.599164],[15.22392,49.599143],[15.224539,49.599108],[15.22523,49.599045],[15.225837,49.598978],[15.226532,49.598881],[15.227076,49.59879],[15.227683,49.598675],[15.228228,49.598557],[15.228788,49.598425],[15.229485,49.59824],[15.23016,49.598039],[15.231053,49.597758],[15.231884,49.597467],[15.232058,49.5974],[15.232699,49.597152],[15.233318,49.596895],[15.233946,49.596625],[15.234786,49.596235],[15.235679,49.595799],[15.236616,49.595324],[15.237564,49.594814],[15.238488,49.594306],[15.239164,49.593947],[15.239575,49.593715],[15.240149,49.593391],[15.240507,49.593192],[15.241701,49.592505],[15.242694,49.591957],[15.243689,49.591427],[15.244197,49.591165],[15.244695,49.590918],[15.245793,49.590399],[15.246324,49.590169],[15.246872,49.589937],[15.248025,49.589467],[15.250319,49.588572],[15.251598,49.588063],[15.252824,49.587533],[15.253575,49.587191],[15.254296,49.586835],[15.25566,49.586093],[15.256351,49.585667],[15.257024,49.585236],[15.257637,49.584811],[15.258257,49.584351],[15.258854,49.583869],[15.259459,49.583362],[15.259742,49.583114],[15.260029,49.582856],[15.260629,49.582315],[15.262116,49.580945],[15.264458,49.578785],[15.265586,49.577744],[15.266771,49.576653],[15.267603,49.575897],[15.268524,49.575084],[15.269157,49.574562],[15.269815,49.574055],[15.270696,49.573409],[15.271799,49.572691],[15.272509,49.572275],[15.273281,49.571872],[15.274946,49.571046],[15.2759,49.570631],[15.276907,49.570238],[15.278782,49.569574],[15.280868,49.568888],[15.282065,49.568465],[15.282852,49.568179],[15.28383,49.567793],[15.284515,49.567501],[15.285563,49.567029],[15.286191,49.566733],[15.287139,49.566276],[15.288424,49.565661],[15.288577,49.565588],[15.288994,49.56539],[15.289599,49.565112],[15.290172,49.564859],[15.290842,49.56458],[15.291547,49.564302],[15.292349,49.564006],[15.293333,49.563678],[15.294363,49.563367],[15.295729,49.562998],[15.297121,49.562683],[15.298532,49.562414],[15.299673,49.562244],[15.300821,49.562103],[15.301996,49.561977],[15.303187,49.561866],[15.306136,49.561598],[15.307784,49.561408],[15.308637,49.561282],[15.309492,49.561142],[15.310436,49.560971],[15.311381,49.560785],[15.312173,49.560596],[15.313011,49.560377],[15.313813,49.560145],[15.314681,49.559872],[15.315489,49.5596],[15.316386,49.559269],[15.317231,49.558929],[15.317987,49.5586],[15.318576,49.558331],[15.319198,49.558026],[15.319639,49.557797],[15.320091,49.557549],[15.320947,49.557056],[15.321996,49.556401],[15.323,49.555697],[15.323893,49.555003],[15.324722,49.554297],[15.325237,49.5538],[15.325793,49.553234],[15.32643,49.552532],[15.326712,49.552184],[15.326996,49.551824],[15.327472,49.55117],[15.327941,49.550435],[15.328573,49.549287],[15.329122,49.548049],[15.329543,49.546932],[15.329935,49.545682],[15.330389,49.544003],[15.330817,49.542317],[15.331157,49.541085],[15.331233,49.540832],[15.331532,49.539861],[15.331687,49.539398],[15.331916,49.538788],[15.332136,49.538259],[15.33235,49.53778],[15.332626,49.537218],[15.332879,49.536731],[15.333104,49.536355],[15.333337,49.535978],[15.33367,49.535462],[15.333832,49.535242],[15.334157,49.53481],[15.3345,49.534382],[15.334893,49.533938],[15.335073,49.533733],[15.335357,49.533429],[15.335663,49.533118],[15.336017,49.532776],[15.336394,49.532429],[15.336829,49.532056],[15.337335,49.531647],[15.337861,49.53124],[15.338247,49.530957],[15.338588,49.530723],[15.338957,49.530469],[15.3395,49.530126],[15.340162,49.529732],[15.340668,49.529442],[15.341217,49.52915],[15.341954,49.528785],[15.34256,49.528495],[15.343182,49.528225],[15.344012,49.527883],[15.344751,49.527599],[15.345298,49.527404],[15.345714,49.527264],[15.346339,49.527063],[15.346941,49.526881],[15.34742,49.526748],[15.347915,49.526619],[15.348697,49.526421],[15.349169,49.526311],[15.349937,49.526148],[15.350644,49.526018],[15.350958,49.525962],[15.3513,49.525905],[15.351911,49.525812],[15.35233,49.525752],[15.352791,49.525691],[15.353267,49.525637],[15.35377,49.525584],[15.354678,49.525503],[15.355993,49.525412],[15.357097,49.525352],[15.365461,49.524907],[15.367478,49.524788],[15.367889,49.524764],[15.369055,49.524681],[15.370162,49.524588],[15.371466,49.524476],[15.37278,49.524336],[15.374216,49.524158],[15.375749,49.52394],[15.376074,49.52389],[15.377017,49.523727],[15.378101,49.523528],[15.379138,49.523317],[15.380165,49.52309],[15.381471,49.522776],[15.382621,49.522483],[15.383769,49.522158],[15.38498,49.521788],[15.386457,49.521321],[15.388007,49.520794],[15.389505,49.520264],[15.391026,49.519722],[15.393992,49.518661],[15.395503,49.518142],[15.397038,49.517633],[15.398366,49.517228],[15.399018,49.517031],[15.399699,49.516836],[15.401067,49.51648],[15.402359,49.516174],[15.403178,49.516003],[15.403827,49.515875],[15.405253,49.515615],[15.40664,49.515412],[15.407762,49.515268],[15.409068,49.515132],[15.409833,49.515066],[15.410455,49.515016],[15.411214,49.51497],[15.411906,49.514942],[15.412598,49.514913],[15.41345,49.514896],[15.414212,49.514888],[15.41498,49.514891],[15.415718,49.514906],[15.416555,49.514928],[15.417395,49.514967],[15.41855,49.515041],[15.419523,49.515115],[15.420199,49.515184],[15.421162,49.515289],[15.422343,49.515431],[15.423999,49.515652],[15.425418,49.515848],[15.426882,49.516049],[15.42795,49.516186],[15.428691,49.516278],[15.429433,49.516361],[15.430236,49.516441],[15.430989,49.51651],[15.432387,49.5166],[15.433778,49.516671],[15.435166,49.516738],[15.435875,49.51678],[15.43657,49.516828],[15.437511,49.516905],[15.43809,49.516965],[15.438777,49.517052],[15.439289,49.51712],[15.440442,49.517317],[15.441764,49.517568],[15.443503,49.517887],[15.444441,49.518033],[15.445019,49.518102],[15.445597,49.518157],[15.446098,49.518197],[15.446623,49.518222],[15.447294,49.518239],[15.447958,49.518238],[15.448493,49.518223],[15.44922,49.518181],[15.449991,49.51811],[15.45054,49.518047],[15.451154,49.517954],[15.451976,49.517808],[15.452441,49.517709],[15.452908,49.517599],[15.453412,49.517465],[15.454029,49.517286],[15.454427,49.517157],[15.454808,49.517023],[15.455422,49.516797],[15.456056,49.516527],[15.456664,49.516246],[15.457415,49.515852],[15.458065,49.515461],[15.458645,49.515072],[15.459257,49.514617],[15.459695,49.514243],[15.460098,49.513873],[15.46043,49.513531],[15.460809,49.513108],[15.461257,49.512552],[15.461718,49.511938],[15.462285,49.511197],[15.462732,49.51062],[15.46301,49.510311],[15.463224,49.510083],[15.463477,49.509799],[15.463744,49.509523],[15.464161,49.509112],[15.464649,49.508661],[15.464987,49.508365],[15.465341,49.508067],[15.466001,49.507548],[15.466513,49.507177],[15.46732,49.506603],[15.468059,49.506122],[15.468753,49.505684],[15.469825,49.505026],[15.470757,49.504435],[15.471337,49.504062],[15.47189,49.503685],[15.472365,49.503331],[15.472855,49.502948],[15.473352,49.502549],[15.473857,49.502141],[15.474257,49.501793],[15.474537,49.501535],[15.474946,49.501177],[15.475327,49.500839],[15.475748,49.500457],[15.476201,49.500077],[15.476621,49.499741],[15.477154,49.49933],[15.47766,49.498956],[15.478387,49.498446],[15.478856,49.498134],[15.479256,49.497879],[15.479799,49.497546],[15.480383,49.497199],[15.480929,49.496891],[15.48156,49.496546],[15.482231,49.496201],[15.482938,49.495852],[15.483671,49.495513],[15.484439,49.49517],[15.485267,49.494826],[15.486047,49.494518],[15.48683,49.494235],[15.48773,49.493919],[15.488631,49.493628],[15.489319,49.493421],[15.490125,49.493195],[15.490946,49.492971],[15.491818,49.492749],[15.492741,49.492521],[15.494581,49.492095],[15.496591,49.491657],[15.497348,49.491501],[15.500366,49.490823],[15.502626,49.490328],[15.505319,49.489733],[15.507149,49.48935],[15.507919,49.489182],[15.508962,49.488941],[15.509726,49.488774],[15.510762,49.488526],[15.512224,49.488183],[15.513064,49.487985],[15.515125,49.487474],[15.516227,49.487187],[15.517144,49.486942],[15.518366,49.486609],[15.51943,49.486311],[15.521529,49.485713],[15.522265,49.485502],[15.525065,49.484681],[15.526467,49.484272],[15.527844,49.483875],[15.52986,49.483308],[15.530698,49.483089],[15.531236,49.482949],[15.532877,49.482541],[15.534259,49.482222],[15.535677,49.481924],[15.537126,49.481643],[15.538594,49.48138],[15.539716,49.481195],[15.540674,49.481037],[15.5409,49.481003],[15.543378,49.480629],[15.544977,49.480394],[15.546468,49.480174],[15.547847,49.479969],[15.549666,49.479702],[15.551067,49.479494],[15.553688,49.479104],[15.555055,49.4789],[15.556006,49.478755],[15.55704,49.47858],[15.557579,49.478476],[15.558075,49.478367],[15.558532,49.478252],[15.558943,49.478138],[15.559328,49.478026],[15.559812,49.477866],[15.560376,49.477654],[15.560974,49.477412],[15.561565,49.477136],[15.562104,49.476852],[15.562537,49.476598],[15.562891,49.476369],[15.563493,49.475962],[15.563767,49.475731],[15.564009,49.475541],[15.56427,49.475311],[15.564511,49.475082],[15.564933,49.474648],[15.565325,49.474175],[15.565595,49.473799],[15.565866,49.473402],[15.566365,49.472606],[15.566604,49.472224],[15.566855,49.471828],[15.567169,49.471391],[15.56739,49.471103],[15.567626,49.470809],[15.56808,49.470337],[15.568359,49.470069],[15.56881,49.469677],[15.569206,49.469368],[15.569643,49.469072],[15.570194,49.468707],[15.57088,49.468336],[15.571353,49.468098],[15.571873,49.467865],[15.572777,49.467498],[15.573526,49.467216],[15.57507,49.466615],[15.575937,49.46626],[15.57661,49.465945],[15.577192,49.465623],[15.577687,49.465339],[15.578346,49.4649],[15.578679,49.464651],[15.579015,49.464381],[15.57936,49.464089],[15.579717,49.463769],[15.580121,49.463392],[15.580507,49.462979],[15.581084,49.462365],[15.581847,49.461546],[15.582729,49.460608],[15.583575,49.459738],[15.584144,49.459201],[15.584738,49.45871],[15.585649,49.458012],[15.586073,49.457704],[15.586356,49.45753],[15.587206,49.457012],[15.587458,49.45688],[15.587981,49.456597],[15.588792,49.456205],[15.589734,49.455789],[15.590472,49.45551],[15.591054,49.455312],[15.591595,49.455132],[15.592086,49.454989],[15.592968,49.454746],[15.593542,49.454609],[15.594249,49.454455],[15.595118,49.454295],[15.595716,49.454207],[15.596336,49.454119],[15.59785,49.453966],[15.598775,49.453895],[15.599689,49.453824],[15.600363,49.453773],[15.601241,49.453711],[15.602157,49.45362],[15.602448,49.453587],[15.602929,49.453527],[15.603603,49.453436],[15.604124,49.453355],[15.604593,49.453277],[15.605405,49.453118],[15.605842,49.453027],[15.606462,49.452894],[15.607121,49.45273],[15.608009,49.452485],[15.608932,49.452203],[15.609788,49.451913],[15.610852,49.45151],[15.611531,49.45124],[15.611983,49.451046],[15.613603,49.450334],[15.61491,49.449734],[15.61707,49.448778],[15.617242,49.448698],[15.618702,49.448045],[15.618852,49.447963],[15.620862,49.447065],[15.623674,49.445802],[15.624726,49.445327],[15.625691,49.444902],[15.626672,49.444467],[15.628305,49.443711],[15.629822,49.443024],[15.631014,49.44249],[15.632204,49.441942],[15.6344,49.440902],[15.635902,49.440185],[15.636867,49.439722],[15.637869,49.439228],[15.639347,49.438485],[15.640816,49.437761],[15.642401,49.436957],[15.644311,49.435957],[15.645335,49.435412],[15.646631,49.434727],[15.64721,49.434424],[15.648574,49.433706],[15.650191,49.432854],[15.651309,49.43225],[15.652262,49.431763],[15.653115,49.431325],[15.654275,49.430746],[15.655219,49.43026],[15.656015,49.429883],[15.657143,49.429383],[15.658152,49.428946],[15.658843,49.428664],[15.659548,49.428386],[15.661515,49.427658],[15.662852,49.427208],[15.663963,49.42686],[15.664731,49.426628],[15.665529,49.426396],[15.666992,49.425998],[15.667955,49.425759],[15.668939,49.425522],[15.669647,49.425365],[15.670381,49.425207],[15.671197,49.425041],[15.672078,49.424869],[15.672957,49.424717],[15.674253,49.424503],[15.675675,49.424286],[15.677078,49.424096],[15.678593,49.423899],[15.680559,49.423657],[15.682133,49.423462],[15.683037,49.423353],[15.684609,49.423163],[15.685065,49.423104],[15.687355,49.422832],[15.687574,49.422804],[15.688171,49.422731],[15.689186,49.422592],[15.690003,49.422478],[15.691017,49.422312],[15.691864,49.422155],[15.692865,49.42195],[15.693913,49.421722],[15.695071,49.421431],[15.695866,49.421214],[15.697026,49.420871],[15.697414,49.420748],[15.698385,49.420423],[15.699461,49.420035],[15.700796,49.419497],[15.702651,49.418659],[15.704597,49.417714],[15.706461,49.4168],[15.707501,49.416285],[15.710061,49.415053],[15.711109,49.414605],[15.71187,49.414297],[15.712929,49.413907],[15.713899,49.413584],[15.714994,49.41326],[15.715994,49.412997],[15.717314,49.412694],[15.718348,49.412485],[15.719242,49.41232],[15.720184,49.412183],[15.721037,49.412073],[15.721815,49.411989],[15.722443,49.411935],[15.723737,49.411825],[15.724158,49.411792],[15.726478,49.411629],[15.728645,49.411472],[15.730268,49.411341],[15.732787,49.411118],[15.734424,49.410957],[15.73573,49.410822],[15.737282,49.410645],[15.740093,49.410307],[15.741002,49.410193],[15.741606,49.41012],[15.745023,49.409696],[15.747504,49.409392],[15.748909,49.409238],[15.74984,49.409139],[15.750816,49.409046],[15.75212,49.408945],[15.753343,49.408881],[15.755413,49.408837],[15.755837,49.408833],[15.757449,49.408846],[15.759327,49.408879],[15.761041,49.40891],[15.762751,49.408935],[15.764037,49.408936],[15.765477,49.4089],[15.76681,49.408841],[15.768063,49.40875],[15.769155,49.408648],[15.7701,49.408543],[15.771106,49.408423],[15.772092,49.408299],[15.773414,49.408125],[15.775268,49.407884],[15.776463,49.407741],[15.777693,49.407584],[15.778548,49.407497],[15.779592,49.407394],[15.780472,49.407317],[15.781431,49.407252],[15.782323,49.407203],[15.783363,49.407165],[15.784799,49.407134],[15.786274,49.407134],[15.787804,49.407171],[15.789558,49.407233],[15.79321,49.407408],[15.795002,49.407499],[15.796143,49.407539],[15.797337,49.407582],[15.798745,49.407615],[15.80004,49.407628],[15.800869,49.407626],[15.80199,49.407613],[15.80368,49.407563],[15.804584,49.407519],[15.80564,49.407457],[15.805787,49.407449],[15.806896,49.407366],[15.807831,49.407291],[15.808635,49.407216],[15.809471,49.407132],[15.810255,49.407044],[15.811426,49.406901],[15.812529,49.406766],[15.814229,49.406535],[15.815262,49.40639],[15.815541,49.40635],[15.817531,49.406067],[15.818955,49.405874],[15.821104,49.405617],[15.823172,49.405399],[15.824511,49.405282],[15.825186,49.405223],[15.826916,49.405093],[15.827331,49.405065],[15.827756,49.405036],[15.830301,49.404872],[15.831857,49.404785],[15.832959,49.404703],[15.833911,49.404633],[15.835936,49.404455],[15.837095,49.404339],[15.839549,49.404048],[15.841446,49.403793],[15.843031,49.403547],[15.843889,49.403425],[15.845159,49.403214],[15.845425,49.403169],[15.854512,49.401554],[15.857961,49.400939],[15.862981,49.400045],[15.864999,49.399686],[15.866454,49.399423],[15.866846,49.399357],[15.868525,49.399056],[15.871142,49.398605],[15.872613,49.398368],[15.873976,49.398192],[15.876137,49.39797],[15.878481,49.397768],[15.880369,49.397583],[15.881453,49.397454],[15.882548,49.397293],[15.883056,49.3972],[15.88345,49.397128],[15.884081,49.397014],[15.884857,49.396843],[15.885227,49.396752],[15.885791,49.396619],[15.887078,49.396277],[15.887751,49.396068],[15.888712,49.39576],[15.890688,49.395074],[15.893603,49.394048],[15.896656,49.392979],[15.896963,49.392874],[15.898067,49.392508],[15.899155,49.39216],[15.900862,49.391646],[15.901672,49.39142],[15.902544,49.391187],[15.903938,49.390844],[15.905668,49.390472],[15.908085,49.390008],[15.909497,49.389749],[15.910744,49.389514],[15.911915,49.389279],[15.912453,49.389164],[15.913038,49.389035],[15.913892,49.38884],[15.914734,49.388636],[15.915858,49.38833],[15.917565,49.387832],[15.918503,49.387536],[15.920781,49.386796],[15.92098,49.386731],[15.93396,49.382523],[15.934267,49.382425],[15.939624,49.380688],[15.941747,49.379998],[15.944748,49.379024],[15.946942,49.378315],[15.948981,49.377657],[15.950248,49.377246],[15.950632,49.377122],[15.951887,49.376715],[15.95224,49.376601],[15.953888,49.376065],[15.955871,49.37542],[15.958551,49.374551],[15.961539,49.373584],[15.961893,49.373466],[15.963487,49.372951],[15.965016,49.372451],[15.966674,49.371892],[15.968321,49.371337],[15.970078,49.370733],[15.972185,49.370011],[15.972512,49.369897],[15.975178,49.368971],[15.977815,49.368063],[15.980685,49.367071],[15.983152,49.366217],[15.984475,49.365783],[15.985147,49.36558],[15.986136,49.365283],[15.986349,49.365224],[15.987524,49.364912],[15.987948,49.364805],[15.988432,49.364691],[15.989769,49.364388],[15.991212,49.364096],[15.992556,49.363864],[15.993867,49.363663],[15.99493,49.363525],[15.996096,49.363387],[15.997266,49.363279],[15.998505,49.36319],[16.00054,49.363086],[16.002618,49.362986],[16.00356,49.36293],[16.004315,49.362865],[16.005208,49.362769],[16.006026,49.362678],[16.007415,49.362482],[16.008786,49.362232],[16.010165,49.361937],[16.010878,49.361774],[16.011609,49.361583],[16.012616,49.361294],[16.013981,49.360867],[16.014765,49.360591],[16.015595,49.360284],[16.016775,49.359801],[16.01764,49.359414],[16.018634,49.358968],[16.019471,49.358601],[16.020089,49.358339],[16.020682,49.358103],[16.021713,49.357731],[16.023187,49.35725],[16.025638,49.3565],[16.026698,49.356153],[16.027522,49.355847],[16.028465,49.35548],[16.029662,49.354956],[16.030329,49.354635],[16.031671,49.353901],[16.032442,49.353434],[16.03323,49.352913],[16.033802,49.3525],[16.034255,49.352147],[16.034648,49.351825],[16.036049,49.350585],[16.036654,49.350035],[16.037131,49.349644],[16.037818,49.349094],[16.038562,49.348524],[16.039617,49.347799],[16.040342,49.347343],[16.040694,49.347128],[16.04134,49.346747],[16.041946,49.346407],[16.043837,49.345397],[16.047135,49.343653],[16.047584,49.343415],[16.048935,49.342702],[16.049998,49.34213],[16.050905,49.341615],[16.051637,49.341204],[16.052903,49.340451],[16.056138,49.338474],[16.057536,49.337619],[16.059634,49.336478],[16.061427,49.33561],[16.063154,49.334804],[16.065481,49.33374],[16.066837,49.333123],[16.067513,49.332812],[16.067701,49.332727],[16.067827,49.33267],[16.069221,49.332039],[16.070828,49.331294],[16.071638,49.330884],[16.072454,49.330455],[16.073365,49.32992],[16.074214,49.329396],[16.075002,49.328869],[16.075605,49.328437],[16.07613,49.328047],[16.078984,49.325599],[16.079687,49.325008],[16.080431,49.324417],[16.08088,49.324086],[16.081,49.323998],[16.081767,49.323469],[16.083921,49.32218],[16.086571,49.320849],[16.087634,49.320434],[16.088714,49.320013],[16.090293,49.319484],[16.092017,49.318949],[16.092301,49.318861],[16.094992,49.318043],[16.096226,49.31766],[16.097429,49.317274],[16.098215,49.317009],[16.098983,49.316744],[16.099878,49.316418],[16.100721,49.316091],[16.10155,49.315761],[16.102418,49.315379],[16.103063,49.315085],[16.103741,49.31477],[16.105096,49.314097],[16.108326,49.312455],[16.109266,49.311981],[16.11126,49.310987],[16.11347,49.309994],[16.114624,49.309507],[16.116314,49.308838],[16.118103,49.308192],[16.119738,49.307646],[16.121515,49.307101],[16.123025,49.306682],[16.124659,49.306262],[16.126335,49.305876],[16.127805,49.305564],[16.129478,49.305245],[16.132118,49.304801],[16.134854,49.304397],[16.138503,49.303876],[16.141862,49.303385],[16.142068,49.303355],[16.144872,49.302941],[16.147693,49.302502],[16.148748,49.302326],[16.15143,49.301843],[16.152799,49.301574],[16.155641,49.300954],[16.158416,49.300284],[16.160243,49.299788],[16.161784,49.299348],[16.162246,49.299216],[16.162518,49.299132],[16.164346,49.298565],[16.16566,49.298141],[16.16701,49.297672],[16.169609,49.296728],[16.170887,49.296234],[16.172175,49.295713],[16.174587,49.294694],[16.178345,49.292923],[16.182143,49.290895],[16.187022,49.288119],[16.187215,49.288012],[16.188783,49.287114],[16.190193,49.2863],[16.193306,49.284591],[16.193943,49.284266],[16.194598,49.283935],[16.195296,49.283598],[16.196048,49.283248],[16.197038,49.282796],[16.198469,49.282197],[16.200003,49.28158],[16.200961,49.281219],[16.202066,49.280834],[16.203066,49.280497],[16.204095,49.280159],[16.206307,49.279516],[16.206618,49.27943],[16.209268,49.278757],[16.211355,49.2783],[16.214409,49.277711],[16.218991,49.276893],[16.221136,49.276479],[16.223337,49.276017],[16.225617,49.275514],[16.225972,49.275429],[16.227637,49.27503],[16.229305,49.274611],[16.230549,49.274289],[16.232332,49.273826],[16.233227,49.273596],[16.234144,49.273368],[16.234955,49.273179],[16.235216,49.273124],[16.235894,49.272984],[16.237394,49.272692],[16.238972,49.272446],[16.24071,49.27224],[16.241802,49.272154],[16.243063,49.272072],[16.243993,49.272022],[16.246207,49.27192],[16.247608,49.271861],[16.249012,49.271798],[16.250987,49.271709],[16.253728,49.27159],[16.255849,49.27149],[16.257708,49.271397],[16.259056,49.271323],[16.259894,49.271273],[16.261631,49.271168],[16.26335,49.271055],[16.265537,49.270905],[16.267645,49.270758],[16.269761,49.270615],[16.271613,49.270484],[16.273182,49.270373],[16.275427,49.270218],[16.276831,49.270121],[16.277423,49.270081],[16.278038,49.270036],[16.2789,49.269968],[16.279501,49.269911],[16.28011,49.269849],[16.280789,49.269772],[16.281179,49.269722],[16.281614,49.269663],[16.281926,49.26962],[16.282263,49.269571],[16.282748,49.269495],[16.283259,49.269412],[16.283604,49.269352],[16.284098,49.269261],[16.284392,49.269205],[16.284704,49.269144],[16.285061,49.269071],[16.285376,49.269005],[16.28577,49.268919],[16.28619,49.268824],[16.28653,49.268745],[16.286953,49.26864],[16.287307,49.268552],[16.288387,49.26826],[16.289034,49.268083],[16.290308,49.267673],[16.291346,49.267321],[16.292552,49.266877],[16.294473,49.266107],[16.296426,49.265303],[16.298079,49.26462],[16.300342,49.263685],[16.302361,49.26285],[16.303658,49.262314],[16.304677,49.261892],[16.305817,49.261421],[16.306887,49.260996],[16.307772,49.260651],[16.308713,49.260318],[16.309601,49.260014],[16.310607,49.259688],[16.311508,49.259434],[16.31315,49.259002],[16.313925,49.258825],[16.315116,49.25857],[16.31613,49.25838],[16.317652,49.25812],[16.318178,49.258045],[16.319523,49.257871],[16.321156,49.257717],[16.322489,49.257621],[16.324377,49.257547],[16.333323,49.257356],[16.334355,49.257328],[16.3355,49.257253],[16.336509,49.257167],[16.337396,49.257059],[16.338379,49.25693],[16.339528,49.256742],[16.340428,49.256565],[16.341432,49.256351],[16.342518,49.256081],[16.343384,49.255839],[16.344641,49.255453],[16.345562,49.255139],[16.346447,49.254802],[16.348047,49.254121],[16.349289,49.253513],[16.350142,49.25306],[16.351681,49.252205],[16.353188,49.251344],[16.356487,49.249442],[16.358818,49.248084],[16.361161,49.246732],[16.362329,49.246058],[16.363385,49.245448],[16.364425,49.244842],[16.365135,49.244413],[16.36586,49.243948],[16.366602,49.243439],[16.367323,49.242893],[16.368351,49.242043],[16.368864,49.241589],[16.371581,49.2391],[16.373096,49.237757],[16.373812,49.237145],[16.37509,49.236182],[16.376122,49.235485],[16.377197,49.234795],[16.378679,49.233856],[16.379499,49.233325],[16.380041,49.232975],[16.380536,49.232631],[16.381036,49.232259],[16.381855,49.231602],[16.382212,49.231306],[16.382641,49.230914],[16.383007,49.230574],[16.383332,49.230262],[16.385046,49.228485],[16.385862,49.227668],[16.386607,49.227004],[16.387112,49.226579],[16.388034,49.225859],[16.388723,49.225374],[16.389442,49.224906],[16.390464,49.224291],[16.391237,49.223864],[16.392057,49.223441],[16.392986,49.22301],[16.393777,49.222658],[16.394646,49.222308],[16.395697,49.221931],[16.396554,49.221639],[16.397942,49.221216],[16.399391,49.220782],[16.401111,49.220268],[16.402124,49.219948],[16.40302,49.219654],[16.403937,49.219326],[16.404695,49.219045],[16.40557,49.21869],[16.406205,49.218413],[16.407804,49.217647],[16.408583,49.217242],[16.409363,49.216802],[16.409905,49.216471],[16.410454,49.216118],[16.410859,49.215855],[16.411395,49.215479],[16.412204,49.214883],[16.412788,49.214414],[16.413367,49.213925],[16.414009,49.213329],[16.414631,49.21274],[16.415176,49.212127],[16.415586,49.211673],[16.416126,49.211019],[16.416272,49.210835],[16.416702,49.210238],[16.417096,49.209646],[16.417386,49.209174],[16.417683,49.20869],[16.417818,49.208454],[16.418621,49.207022],[16.419309,49.205756],[16.419914,49.204702],[16.420182,49.204267],[16.420478,49.203822],[16.421009,49.20308],[16.421362,49.202612],[16.421717,49.202176],[16.422501,49.201285],[16.423338,49.200412],[16.423866,49.199901],[16.424276,49.199529],[16.424754,49.199108],[16.425472,49.198512],[16.426382,49.197808],[16.427248,49.197193],[16.428739,49.196224],[16.430051,49.195433],[16.431019,49.194886],[16.431915,49.194394],[16.432875,49.193894],[16.434761,49.192974],[16.435571,49.192604],[16.436778,49.192085],[16.437931,49.191605],[16.439091,49.191166],[16.439635,49.19096],[16.441022,49.190472],[16.442517,49.189979],[16.443465,49.189672],[16.445093,49.189201],[16.446041,49.188954],[16.44684,49.188747],[16.447879,49.188498],[16.449436,49.18814],[16.451114,49.187797],[16.45243,49.187538],[16.453339,49.187377],[16.454853,49.187103],[16.456066,49.186885],[16.457933,49.186548],[16.45981,49.18621],[16.464356,49.185394],[16.467503,49.184834],[16.470003,49.184387],[16.470162,49.184359],[16.471605,49.184096],[16.473039,49.183832],[16.47448,49.183541],[16.476534,49.183076],[16.47746,49.182845],[16.478773,49.182496],[16.480179,49.182108],[16.481292,49.181765],[16.483364,49.181083],[16.487343,49.179662],[16.489142,49.17902],[16.489634,49.178845],[16.491198,49.178303],[16.491636,49.178157],[16.493306,49.177617],[16.495027,49.177133],[16.496159,49.176861],[16.497366,49.176596],[16.498105,49.176449],[16.498832,49.176315],[16.500121,49.176103],[16.501854,49.175854],[16.503716,49.175607],[16.504198,49.175545],[16.505204,49.175414],[16.506658,49.175191],[16.507564,49.175023],[16.508259,49.174876],[16.509029,49.174693],[16.509528,49.174585],[16.510639,49.174285],[16.512557,49.173678],[16.516305,49.172294],[16.517581,49.171882],[16.518105,49.17173],[16.518687,49.171579],[16.51943,49.171404],[16.520145,49.171254],[16.520932,49.171113],[16.521791,49.170976],[16.523324,49.17077],[16.52354,49.170742],[16.528905,49.170076],[16.53168,49.169716],[16.534752,49.169327],[16.536067,49.169139],[16.538164,49.168791],[16.538686,49.168704],[16.54161,49.168129],[16.542708,49.167883],[16.543055,49.167806],[16.544215,49.167542],[16.544924,49.167369],[16.545209,49.167299],[16.545687,49.167179],[16.547483,49.16669],[16.548697,49.166353],[16.549162,49.166209],[16.550222,49.165869],[16.552143,49.165237],[16.554587,49.164414],[16.555118,49.164236],[16.555898,49.163973],[16.556797,49.163667],[16.557403,49.163462],[16.561082,49.162219],[16.561632,49.162042],[16.562324,49.161846],[16.563137,49.161623],[16.563778,49.161467],[16.564137,49.161387],[16.56522,49.161168],[16.565958,49.161032],[16.566714,49.160919],[16.567444,49.16083],[16.568096,49.160755],[16.568874,49.160686],[16.569764,49.160632],[16.570519,49.1606],[16.57102,49.160588],[16.571528,49.160584],[16.572238,49.160587],[16.572932,49.160605],[16.573631,49.16064],[16.57478,49.160714],[16.578811,49.161154],[16.578992,49.161174],[16.579844,49.161253],[16.580545,49.161307],[16.580989,49.161336],[16.581444,49.161361],[16.581949,49.161383],[16.582828,49.161403],[16.583425,49.16141],[16.584018,49.161405],[16.584884,49.161379],[16.58614,49.161319],[16.586723,49.161278],[16.58747,49.161209],[16.588462,49.161105],[16.589985,49.160935],[16.591442,49.160763],[16.594634,49.160401],[16.595521,49.160172],[16.595684,49.160127],[16.595829,49.160079],[16.595991,49.160022],[16.596186,49.159942],[16.596415,49.159838],[16.59664,49.159719],[16.596998,49.159516],[16.59858,49.158576],[16.598756,49.158463],[16.598896,49.158371],[16.599058,49.158252],[16.599181,49.158147],[16.599288,49.158042],[16.599392,49.157923],[16.599462,49.157831],[16.59953,49.157733],[16.599584,49.157643],[16.599637,49.157537],[16.599742,49.157282],[16.599936,49.156849],[16.600038,49.15631],[16.602938,49.139379],[16.603029,49.138847],[16.60314,49.138199],[16.603255,49.137457],[16.603401,49.136176],[16.603438,49.13554],[16.603554,49.133943],[16.603571,49.133698],[16.6036,49.132285],[16.603573,49.130526],[16.603563,49.13007],[16.603571,49.129612],[16.603572,49.129461],[16.603575,49.129327],[16.603582,49.129058],[16.603629,49.127683],[16.603714,49.126557],[16.603736,49.126285],[16.603873,49.124752],[16.604014,49.1232],[16.604032,49.123019],[16.604041,49.12288],[16.604432,49.118264],[16.60452,49.117292],[16.604851,49.113709],[16.604894,49.113096],[16.604946,49.112036],[16.604951,49.111357],[16.604941,49.111031],[16.604913,49.110411],[16.604871,49.109902],[16.60481,49.109382],[16.604775,49.109075],[16.604674,49.108421],[16.604521,49.107685],[16.604474,49.107491],[16.604401,49.107163],[16.604324,49.106861],[16.604236,49.106558],[16.604087,49.106084],[16.603981,49.105742],[16.603786,49.105168],[16.603519,49.104511],[16.603399,49.104224],[16.603204,49.103779],[16.603052,49.103453],[16.602815,49.102992],[16.602511,49.102405],[16.602343,49.102111],[16.602046,49.101597],[16.601632,49.100933],[16.601225,49.100332],[16.600913,49.099887],[16.600275,49.099027],[16.600162,49.098869],[16.599789,49.098386],[16.599248,49.097681],[16.598714,49.096999],[16.598214,49.096408],[16.597678,49.095818],[16.597213,49.095332],[16.596534,49.094685],[16.596498,49.094652],[16.596402,49.094564],[16.595834,49.094047],[16.595142,49.093464],[16.594823,49.093211],[16.594405,49.092888],[16.594025,49.092606],[16.593698,49.092367],[16.593357,49.092129],[16.592884,49.09181],[16.592369,49.091475],[16.591951,49.091209],[16.591285,49.090809],[16.590659,49.090454],[16.590316,49.090264],[16.589962,49.090078],[16.589182,49.089679],[16.588657,49.089423],[16.588119,49.089171],[16.587748,49.089002],[16.587365,49.088834],[16.586742,49.088574],[16.586058,49.088297],[16.585804,49.088201],[16.584963,49.087886],[16.584875,49.087855],[16.584747,49.087809],[16.584381,49.087678],[16.583286,49.087304],[16.581452,49.086712],[16.578329,49.085745],[16.576989,49.085318],[16.576097,49.085023],[16.574567,49.084474],[16.573574,49.084078],[16.571966,49.083397],[16.571092,49.082986],[16.570009,49.082459],[16.568511,49.081654],[16.567866,49.081275],[16.567396,49.081001],[16.566919,49.080708],[16.565823,49.080004],[16.565433,49.079738],[16.565148,49.079524],[16.564537,49.079086],[16.563716,49.07846],[16.562788,49.077704],[16.561806,49.076838],[16.561045,49.076104],[16.560433,49.075473],[16.560048,49.075065],[16.559611,49.074613],[16.557679,49.072538],[16.556415,49.071164],[16.55503,49.069643],[16.554112,49.068625],[16.55285,49.067227],[16.552112,49.066392],[16.551638,49.065855],[16.551234,49.065403],[16.550781,49.064877],[16.550707,49.064786],[16.550391,49.064413],[16.549949,49.06386],[16.549717,49.063562],[16.549205,49.062862],[16.548692,49.062124],[16.548408,49.061696],[16.547851,49.060796],[16.547492,49.060178],[16.546796,49.058869],[16.546423,49.05802],[16.546389,49.057942],[16.545949,49.05694],[16.545911,49.056854],[16.545382,49.055457],[16.545072,49.054589],[16.544788,49.053712],[16.544423,49.05246],[16.544336,49.052133],[16.543979,49.050677],[16.543852,49.05007],[16.54358,49.048592],[16.543505,49.04812],[16.543408,49.047392],[16.543311,49.046517],[16.543259,49.045997],[16.543216,49.045416],[16.543154,49.044391],[16.543124,49.043428],[16.543121,49.04255],[16.543139,49.041637],[16.543177,49.040823],[16.543234,49.040024],[16.543311,49.039177],[16.543482,49.037777],[16.543586,49.03704],[16.543705,49.036315],[16.543877,49.035334],[16.544086,49.034271],[16.544273,49.033361],[16.544628,49.031787],[16.544955,49.03045],[16.54531,49.029038],[16.546054,49.026177],[16.546675,49.023757],[16.547101,49.022042],[16.547369,49.020923],[16.547645,49.019733],[16.547935,49.018443],[16.548148,49.01736],[16.548364,49.016252],[16.548634,49.014761],[16.548725,49.014185],[16.548907,49.012963],[16.549053,49.011804],[16.549198,49.010473],[16.549334,49.008747],[16.549379,49.008021],[16.549405,49.007509],[16.549418,49.007165],[16.549446,49.006437],[16.549465,49.004786],[16.549424,49.002653],[16.54932,49.000979],[16.549208,48.999836],[16.549059,48.99878],[16.549041,48.99866],[16.548806,48.997346],[16.548639,48.996603],[16.548351,48.995498],[16.548182,48.994914],[16.547858,48.993929],[16.547719,48.99352],[16.547468,48.992882],[16.547212,48.99226],[16.547022,48.991828],[16.546988,48.99175],[16.546956,48.991676],[16.54664,48.990967],[16.546149,48.990001],[16.546047,48.989805],[16.54589,48.989498],[16.545439,48.988684],[16.545069,48.988035],[16.544163,48.986581],[16.543558,48.985676],[16.543153,48.985092],[16.542532,48.984233],[16.542088,48.983665],[16.541637,48.9831],[16.541405,48.982813],[16.54043,48.98163],[16.539856,48.980997],[16.53918,48.980292],[16.538331,48.979462],[16.537887,48.979057],[16.536992,48.978261],[16.536906,48.978184],[16.5367,48.978009],[16.536146,48.97756],[16.535351,48.976931],[16.534434,48.976254],[16.533763,48.975781],[16.533279,48.975448],[16.532797,48.975129],[16.532256,48.974778],[16.53135,48.974213],[16.530505,48.973699],[16.529814,48.973283],[16.52957,48.973135],[16.529184,48.972908],[16.528738,48.972649],[16.528302,48.972392],[16.527024,48.971622],[16.526743,48.971438],[16.52628,48.971135],[16.526131,48.971037],[16.52563,48.970702],[16.525421,48.970546],[16.52491,48.970163],[16.524564,48.969885],[16.52418,48.969566],[16.523779,48.969202],[16.523225,48.968646],[16.522957,48.968361],[16.522632,48.967983],[16.522266,48.967504],[16.521931,48.967027],[16.521638,48.966561],[16.521385,48.966095],[16.521182,48.965701],[16.520999,48.965265],[16.520825,48.964801],[16.520712,48.964482],[16.520638,48.96418],[16.520594,48.963979],[16.52054,48.963749],[16.52047,48.963386],[16.520459,48.963331],[16.520404,48.962922],[16.520397,48.962866],[16.520348,48.962496],[16.520331,48.962215],[16.520325,48.961965],[16.520331,48.961727],[16.52037,48.961091],[16.52043,48.960717],[16.520533,48.960328],[16.52064,48.959761],[16.52072,48.959364],[16.520807,48.959038],[16.520828,48.95896],[16.521227,48.957627],[16.521923,48.955329],[16.52302,48.95167],[16.523189,48.951157],[16.523303,48.950873],[16.523552,48.950248],[16.523712,48.949917],[16.523998,48.949397],[16.524146,48.949149],[16.524301,48.948913],[16.524646,48.948421],[16.525154,48.947807],[16.525738,48.947187],[16.526401,48.94658],[16.526938,48.94613],[16.529098,48.944512],[16.529883,48.943886],[16.530888,48.942994],[16.531362,48.942451],[16.532123,48.9415],[16.532571,48.940762],[16.533034,48.939784],[16.533128,48.939555],[16.533246,48.939171],[16.533392,48.938635],[16.533496,48.938083],[16.533566,48.937527],[16.533589,48.936804],[16.533542,48.936081],[16.533445,48.935532],[16.53335,48.935082],[16.53322,48.934513],[16.53309,48.93378],[16.533097,48.933432],[16.53313,48.933004],[16.533251,48.93254],[16.533401,48.932157],[16.53362,48.931761],[16.533883,48.931388],[16.534199,48.931043],[16.534518,48.930726],[16.534889,48.930414],[16.535318,48.930132],[16.535779,48.929867],[16.536414,48.92955],[16.538734,48.928394],[16.546489,48.924543],[16.547597,48.923993],[16.548217,48.923682],[16.550151,48.922715],[16.551127,48.922217],[16.5522,48.921676],[16.55324,48.921154],[16.553924,48.920805],[16.555317,48.920094],[16.556427,48.91953],[16.557349,48.919083],[16.558423,48.918546],[16.559115,48.918199],[16.560146,48.917662],[16.560746,48.91735],[16.564228,48.915583],[16.565006,48.915163],[16.565719,48.914721],[16.566316,48.914289],[16.566853,48.913845],[16.567526,48.913216],[16.56809,48.912589],[16.56866,48.911901],[16.571053,48.908904],[16.571548,48.908358],[16.572105,48.90782],[16.572684,48.907358],[16.573171,48.907022],[16.573781,48.906645],[16.57447,48.906294],[16.574839,48.906124],[16.575229,48.905966],[16.575556,48.905845],[16.576084,48.905666],[16.577186,48.905299],[16.577372,48.905255],[16.577643,48.905196],[16.578502,48.90505],[16.579197,48.904908],[16.579663,48.904809],[16.580318,48.904671],[16.580928,48.904531],[16.581524,48.904374],[16.581981,48.90423],[16.582391,48.904083],[16.582897,48.903863],[16.583251,48.90367],[16.583528,48.903507],[16.583901,48.903251],[16.584126,48.903073],[16.584458,48.902784],[16.584735,48.902459],[16.584874,48.902281],[16.585094,48.901961],[16.585222,48.901747],[16.585405,48.901407],[16.58806,48.895386],[16.588449,48.894483],[16.588659,48.893993],[16.588702,48.8939],[16.588907,48.893419],[16.58912,48.892945],[16.589324,48.892483],[16.589527,48.892028],[16.589667,48.891718],[16.589778,48.891481],[16.589882,48.89127],[16.590213,48.890653],[16.590482,48.890212],[16.590687,48.88991],[16.59091,48.889613],[16.591165,48.889325],[16.591555,48.888903],[16.591817,48.888654],[16.592181,48.888336],[16.592715,48.887914],[16.593467,48.887375],[16.599343,48.883339],[16.599983,48.882867],[16.600287,48.882656],[16.600895,48.882207],[16.601615,48.881595],[16.601986,48.88123],[16.602338,48.88085],[16.602654,48.880461],[16.602939,48.880068],[16.603078,48.879829],[16.603274,48.879498],[16.603603,48.878827],[16.603861,48.878143],[16.604197,48.877201],[16.607212,48.865475],[16.607358,48.865035],[16.607702,48.863778],[16.607794,48.863404],[16.607972,48.862603],[16.60807,48.862193],[16.608268,48.861349],[16.608299,48.861107],[16.608353,48.860851],[16.608451,48.860374],[16.608547,48.859848],[16.608613,48.859508],[16.608778,48.858565],[16.608942,48.85752],[16.609099,48.856479],[16.609348,48.854811],[16.609391,48.854525],[16.609496,48.853823],[16.609608,48.853051],[16.609661,48.852714],[16.609814,48.851823],[16.609856,48.851559],[16.609896,48.8513],[16.610032,48.850311],[16.610106,48.849848],[16.610273,48.848723],[16.61059,48.846513],[16.611318,48.841254],[16.611336,48.841121],[16.61235,48.833792],[16.612554,48.832317],[16.612642,48.831682],[16.612772,48.830741],[16.612892,48.829875],[16.612996,48.82935],[16.61313,48.828818],[16.613414,48.827852],[16.61375,48.827237],[16.614505,48.825855],[16.617417,48.82191],[16.619003,48.820243],[16.620783,48.818871],[16.622707,48.817634],[16.62351,48.816918],[16.62382,48.816642],[16.62428,48.815987],[16.624634,48.815482],[16.62481,48.815047],[16.625004,48.814486],[16.625095,48.814152],[16.625144,48.813853],[16.6253,48.812902],[16.625424,48.812146],[16.625461,48.811918],[16.625746,48.810141],[16.626337,48.806401],[16.626278,48.806391],[16.626227,48.806369],[16.626188,48.806338],[16.626165,48.806301],[16.626162,48.806261],[16.626177,48.806222],[16.626211,48.806187],[16.626259,48.806162],[16.626317,48.806147],[16.626379,48.806146],[16.626607,48.804798],[16.626661,48.804463],[16.626734,48.804122],[16.626882,48.803667],[16.627015,48.803377],[16.627104,48.803186],[16.627194,48.803031],[16.627339,48.802816],[16.627448,48.802678],[16.627598,48.802506],[16.627713,48.802381],[16.62779,48.80231],[16.628116,48.802023],[16.628372,48.801829],[16.628689,48.801629],[16.628937,48.801487],[16.629942,48.800951],[16.630222,48.800805],[16.630204,48.800781],[16.630198,48.800773],[16.630188,48.800739],[16.630192,48.800704],[16.630211,48.800671],[16.630248,48.800638],[16.630298,48.800615],[16.630357,48.800603],[16.630419,48.800603],[16.630477,48.800616],[16.630526,48.800641],[16.630777,48.800523],[16.63143,48.800142],[16.631593,48.800037],[16.631738,48.799935],[16.631877,48.799827],[16.632095,48.799621],[16.632219,48.799495],[16.63248,48.79919],[16.632509,48.799157],[16.632732,48.798857],[16.63288,48.798586],[16.633015,48.798281],[16.633062,48.798147],[16.6331,48.798013],[16.633171,48.797674],[16.633203,48.797489],[16.633296,48.79695],[16.633486,48.795852],[16.633551,48.79541],[16.633576,48.795262],[16.633649,48.794817],[16.633697,48.794586],[16.633831,48.79369],[16.633939,48.793054],[16.633964,48.792905],[16.634004,48.792701],[16.634054,48.792508],[16.634116,48.792322],[16.634196,48.792126],[16.63429,48.791945],[16.63437,48.791786],[16.634512,48.791586],[16.634633,48.791411],[16.63513,48.790829],[16.635176,48.790775],[16.63544,48.790464],[16.635537,48.790354],[16.636023,48.78979],[16.636281,48.789498],[16.636733,48.788973],[16.636796,48.788899],[16.637202,48.788432],[16.637397,48.788187],[16.637555,48.787945],[16.637728,48.787675],[16.63789,48.787388],[16.638008,48.787132],[16.638104,48.786924],[16.638208,48.786666],[16.638306,48.786399],[16.638374,48.786189],[16.638452,48.785926],[16.63848,48.785829],[16.638499,48.785748],[16.638566,48.785534],[16.639231,48.78328],[16.639391,48.782725],[16.639659,48.781855],[16.640051,48.780501],[16.640302,48.779672],[16.640458,48.779163],[16.640583,48.778761],[16.6407,48.778351],[16.640714,48.778304],[16.640753,48.77816],[16.640889,48.777678],[16.640919,48.777587],[16.640989,48.777364],[16.641016,48.777276],[16.641138,48.776871],[16.641198,48.776644],[16.641231,48.776529],[16.641429,48.775868],[16.641649,48.775116],[16.641704,48.774937],[16.641772,48.774714],[16.64216,48.773366],[16.642375,48.772711],[16.642407,48.772595],[16.642438,48.772459],[16.642435,48.772314],[16.642431,48.772225],[16.642342,48.772096],[16.642326,48.772053],[16.642301,48.772014],[16.642274,48.771981],[16.642241,48.771954],[16.642205,48.771925],[16.642088,48.771921],[16.642014,48.771903],[16.64195,48.771874],[16.641899,48.771835],[16.641865,48.771789],[16.641849,48.771739],[16.641854,48.771687],[16.641877,48.771638],[16.64192,48.771594],[16.641911,48.77155],[16.641892,48.771507],[16.641874,48.771466],[16.641736,48.771248],[16.6416,48.771136],[16.641458,48.771028],[16.641389,48.77098],[16.641146,48.770812],[16.640845,48.770608],[16.640656,48.770456],[16.640511,48.770327],[16.640312,48.770128],[16.640177,48.769976],[16.640082,48.769834],[16.639944,48.769633],[16.639803,48.769396],[16.639045,48.76789],[16.638103,48.766002],[16.637587,48.764975],[16.637048,48.763876],[16.636523,48.76283],[16.635888,48.761552],[16.635581,48.760974],[16.635258,48.760331],[16.634991,48.759746],[16.634757,48.75916],[16.634601,48.758722],[16.634468,48.758176],[16.63435,48.757614],[16.634286,48.757124],[16.634243,48.756662],[16.634229,48.756174],[16.634242,48.755673],[16.634295,48.755079],[16.634344,48.754736],[16.634415,48.754375],[16.634512,48.753917],[16.634683,48.753201],[16.634895,48.752346],[16.635006,48.751904],[16.635178,48.751217],[16.635564,48.749745],[16.63574,48.749043],[16.635882,48.748459],[16.636095,48.747642],[16.636234,48.747112],[16.636383,48.746482],[16.636488,48.746077],[16.636591,48.74571],[16.636749,48.745064],[16.636876,48.74453],[16.636962,48.744114],[16.637034,48.743792],[16.63713,48.743442],[16.637205,48.7432],[16.637323,48.742885],[16.637513,48.742455],[16.637708,48.742088],[16.637874,48.741814],[16.638079,48.741519],[16.638323,48.741189],[16.638579,48.740876],[16.638853,48.740562],[16.639185,48.74022],[16.639582,48.739852],[16.639967,48.73953],[16.640356,48.739234],[16.640792,48.738929],[16.641144,48.738702],[16.641604,48.738424],[16.642008,48.738195],[16.642498,48.737946],[16.642618,48.73789],[16.642977,48.737726],[16.6435,48.737511],[16.643911,48.737358],[16.644439,48.737178],[16.644989,48.737012],[16.645522,48.736868],[16.646104,48.736729],[16.647158,48.73651],[16.647968,48.736336],[16.648727,48.736144],[16.649403,48.735945],[16.650131,48.735699],[16.650836,48.735431],[16.65152,48.735139],[16.651991,48.734914],[16.652834,48.734485],[16.653088,48.734374],[16.653332,48.734289],[16.653603,48.734218],[16.653835,48.734174],[16.654056,48.734144],[16.654355,48.734121],[16.654809,48.734117],[16.655378,48.734109],[16.655798,48.734071],[16.655881,48.734053],[16.655935,48.734032],[16.65598,48.733993],[16.65604,48.733964],[16.656074,48.733928],[16.656096,48.733872],[16.65612,48.733757],[16.656185,48.733608],[16.656238,48.733296],[16.656304,48.732957],[16.656382,48.732649],[16.65643,48.732498],[16.656479,48.732345],[16.656589,48.732041],[16.656715,48.731743],[16.657134,48.730864],[16.657477,48.730159],[16.657598,48.729886],[16.657713,48.729578],[16.657781,48.729332],[16.657847,48.728991],[16.657876,48.7286],[16.657863,48.728232],[16.657834,48.727936],[16.657732,48.72745],[16.656975,48.724488],[16.656211,48.721499],[16.656052,48.72088],[16.655306,48.717976],[16.654772,48.715898],[16.654624,48.715296],[16.65441,48.714418],[16.65433,48.714094],[16.654317,48.714039],[16.654237,48.713871],[16.654195,48.713702],[16.654046,48.713041],[16.654021,48.712902],[16.654003,48.712716],[16.654,48.712563],[16.654002,48.712413],[16.654026,48.712172],[16.654071,48.711784],[16.654078,48.711637],[16.654077,48.711495],[16.654069,48.711365],[16.654057,48.711232],[16.654018,48.710979],[16.653935,48.710638],[16.653852,48.710293],[16.653818,48.710166],[16.653656,48.709548],[16.653538,48.70913],[16.653358,48.708616],[16.653195,48.708182],[16.653055,48.707882],[16.652898,48.707576],[16.652756,48.707312],[16.652605,48.707037],[16.652446,48.706744],[16.652173,48.706215],[16.652001,48.705863],[16.651894,48.705613],[16.651795,48.705358],[16.651717,48.705139],[16.651606,48.704757],[16.651521,48.704403],[16.65146,48.704068],[16.651416,48.703757],[16.651387,48.703448],[16.651366,48.703196],[16.651359,48.702905],[16.651363,48.702613],[16.651377,48.702302],[16.651418,48.701906],[16.651472,48.701569],[16.651525,48.701284],[16.651562,48.701137],[16.651712,48.700616],[16.651789,48.70037],[16.651874,48.700126],[16.651974,48.699878],[16.652201,48.699419],[16.652358,48.699115],[16.652555,48.698769],[16.652701,48.698543],[16.652883,48.698284],[16.653069,48.698025],[16.653292,48.697737],[16.653597,48.697366],[16.653933,48.696968],[16.654243,48.696587],[16.654504,48.69623],[16.65474,48.695882],[16.654985,48.695493],[16.655222,48.69509],[16.655353,48.694833],[16.655551,48.694392],[16.655638,48.694158],[16.655756,48.69383],[16.655842,48.693536],[16.655918,48.693252],[16.655971,48.693004],[16.656015,48.692748],[16.656059,48.692387],[16.656092,48.692024],[16.656122,48.691462],[16.656202,48.688615],[16.65624,48.687529],[16.656274,48.687126],[16.656325,48.686721],[16.656419,48.686232],[16.656567,48.6857],[16.656745,48.685214],[16.656896,48.684852],[16.657079,48.684443],[16.657261,48.684104],[16.657489,48.683704],[16.657685,48.683394],[16.657894,48.683104],[16.658138,48.682778],[16.658428,48.682431],[16.658632,48.682203],[16.658959,48.68187],[16.659482,48.681389],[16.659669,48.681239],[16.660024,48.680939],[16.660428,48.680635],[16.660965,48.680242],[16.661396,48.679965],[16.662154,48.679528],[16.66262,48.679271],[16.663098,48.679012],[16.667647,48.676561],[16.670665,48.674947],[16.671315,48.674591],[16.671991,48.674205],[16.672513,48.673889],[16.673114,48.673482],[16.673394,48.673282],[16.673638,48.6731],[16.673899,48.672888],[16.674221,48.67262],[16.674454,48.67241],[16.674731,48.672151],[16.675069,48.671802],[16.675269,48.671578],[16.675519,48.671296],[16.675696,48.671067],[16.675896,48.670803],[16.676086,48.670533],[16.676184,48.670393],[16.676423,48.670045],[16.676732,48.669632],[16.677099,48.669188],[16.677343,48.66891],[16.677697,48.66854],[16.67796,48.6683],[16.678347,48.667954],[16.678468,48.66785],[16.67864,48.66771],[16.678908,48.667499],[16.679357,48.667156],[16.680178,48.666546],[16.681957,48.665225],[16.683087,48.664387],[16.683664,48.66396],[16.684274,48.663509],[16.684797,48.663112],[16.685161,48.662826],[16.685497,48.66255],[16.685867,48.662232],[16.686195,48.661935],[16.686476,48.661671],[16.686737,48.661411],[16.686981,48.661158],[16.687267,48.660849],[16.687531,48.660549],[16.687806,48.660218],[16.68805,48.659902],[16.688245,48.659638],[16.688432,48.659381],[16.688628,48.659093],[16.688904,48.658658],[16.689142,48.658245],[16.689344,48.65787],[16.689562,48.657421],[16.689734,48.657036],[16.689899,48.656618],[16.690054,48.656182],[16.690182,48.65577],[16.690291,48.655366],[16.690353,48.655097],[16.690418,48.654776],[16.690477,48.654432],[16.69053,48.654062],[16.690563,48.653735],[16.690584,48.65342],[16.6906,48.653102],[16.690601,48.652805],[16.690599,48.652514],[16.690585,48.652179],[16.690552,48.651779],[16.690508,48.65141],[16.690482,48.651233],[16.69043,48.650933],[16.690376,48.650655],[16.690293,48.650287],[16.690183,48.649877],[16.690056,48.649467],[16.689912,48.649033],[16.689699,48.648452],[16.689468,48.647862],[16.689241,48.647313],[16.68899,48.646738],[16.688763,48.646248],[16.688477,48.645661],[16.688215,48.645148],[16.687906,48.644567],[16.687597,48.644018],[16.687317,48.643533],[16.687022,48.643041],[16.686581,48.642347],[16.686224,48.641807],[16.685869,48.641291],[16.685504,48.640778],[16.685147,48.640298],[16.684685,48.639693],[16.68393,48.638737],[16.681749,48.635983],[16.681278,48.635389],[16.68079,48.634833],[16.68049,48.634443],[16.679785,48.633514],[16.679261,48.632837],[16.67875,48.632185],[16.678302,48.631565],[16.678102,48.631274],[16.677893,48.630941],[16.67757,48.63039],[16.677396,48.630079],[16.677234,48.629771],[16.677115,48.629535],[16.676938,48.629164],[16.676734,48.628668],[16.676608,48.628355],[16.676454,48.627923],[16.67631,48.627447],[16.676219,48.627123],[16.676132,48.626772],[16.676089,48.626567],[16.675982,48.626006],[16.67595,48.625815],[16.675894,48.625378],[16.675854,48.624822],[16.67583,48.624346],[16.675822,48.623887],[16.675832,48.623358],[16.675862,48.622967],[16.675909,48.622566],[16.675959,48.622204],[16.676008,48.621919],[16.676029,48.621811],[16.676054,48.621666],[16.676156,48.621203],[16.676316,48.620533],[16.67642,48.620063],[16.676482,48.6197],[16.676531,48.619327],[16.676568,48.618891],[16.676583,48.61839],[16.676575,48.617974],[16.676545,48.617537],[16.676481,48.616988],[16.676393,48.61652],[16.676272,48.615976],[16.676197,48.615712],[16.676106,48.615428],[16.675953,48.615043],[16.675811,48.614679],[16.675643,48.614279],[16.675426,48.613845],[16.675336,48.613683],[16.675112,48.613314],[16.674906,48.612993],[16.674666,48.612654],[16.67443,48.612332],[16.674158,48.611986],[16.673867,48.611633],[16.67355,48.611278],[16.673165,48.610876],[16.672845,48.610563],[16.672448,48.610216],[16.671989,48.609833],[16.671455,48.609413],[16.671089,48.609147],[16.670739,48.608905],[16.670361,48.608657],[16.669775,48.608317],[16.669556,48.608188],[16.669033,48.6079],[16.66839,48.607568],[16.667768,48.607274],[16.667343,48.607087],[16.666971,48.606929],[16.666437,48.606717],[16.665983,48.606543],[16.665382,48.606331],[16.664929,48.606183],[16.664517,48.606061],[16.663905,48.605892],[16.663412,48.60577],[16.662887,48.605641],[16.66235,48.605515],[16.661818,48.605394],[16.661215,48.605264],[16.660339,48.605086],[16.659036,48.604828],[16.657599,48.604552],[16.655138,48.604079],[16.653039,48.603673],[16.645217,48.602158],[16.644765,48.602067],[16.644214,48.601947],[16.64381,48.601856],[16.643344,48.60174],[16.642934,48.601634],[16.642536,48.601525],[16.642171,48.60142],[16.641774,48.601298],[16.641413,48.601182],[16.640989,48.601041],[16.640438,48.600844],[16.639954,48.600662],[16.639446,48.600461],[16.63895,48.600251],[16.638507,48.600055],[16.63808,48.599855],[16.637592,48.599622],[16.637236,48.599438],[16.63689,48.599247],[16.636415,48.598982],[16.636168,48.598837],[16.635836,48.598635],[16.635416,48.598367],[16.635091,48.598152],[16.634781,48.597939],[16.634414,48.597668],[16.63405,48.5974],[16.633706,48.597125],[16.633446,48.596913],[16.633177,48.596681],[16.632896,48.596431],[16.632603,48.596157],[16.632529,48.596084],[16.632329,48.595889],[16.632066,48.595621],[16.631794,48.59533],[16.631547,48.595051],[16.631266,48.594719],[16.631012,48.594397],[16.630751,48.594048],[16.63055,48.593763],[16.630363,48.593481],[16.630176,48.593185],[16.62997,48.592841],[16.629792,48.592516],[16.629589,48.592114],[16.629479,48.591885],[16.62933,48.591548],[16.629224,48.591285],[16.629104,48.590969],[16.628988,48.590625],[16.628895,48.59034],[16.628724,48.589766],[16.628563,48.589235],[16.628394,48.588736],[16.628252,48.588368],[16.628096,48.588],[16.627951,48.587681],[16.627804,48.587381],[16.627631,48.587049],[16.627465,48.586749],[16.627267,48.58641],[16.62712,48.586172],[16.62695,48.585906],[16.626719,48.585555],[16.62646,48.58519],[16.626165,48.584798],[16.625909,48.584458],[16.62558,48.584015],[16.625288,48.583595],[16.625124,48.583345],[16.624929,48.583011],[16.624762,48.582697],[16.624601,48.582374],[16.624466,48.582067],[16.62434,48.581736],[16.624205,48.581348],[16.62408,48.580903],[16.624014,48.580605],[16.623969,48.580382],[16.623926,48.580075],[16.623902,48.579824],[16.62389,48.579561],[16.623881,48.579275],[16.623884,48.579073],[16.623902,48.578731],[16.623925,48.578472],[16.623963,48.578201],[16.624021,48.577862],[16.624079,48.577601],[16.624159,48.577282],[16.624259,48.576949],[16.624405,48.576536],[16.624542,48.576205],[16.624801,48.575671],[16.625025,48.575243],[16.625171,48.57499],[16.625333,48.574739],[16.625617,48.574361],[16.625944,48.573964],[16.626403,48.573444],[16.627329,48.572423],[16.629068,48.570513],[16.630454,48.568987],[16.630944,48.568444],[16.631208,48.568143],[16.631555,48.567725],[16.631858,48.567339],[16.632244,48.566805],[16.632457,48.56649],[16.632747,48.56603],[16.632979,48.565638],[16.633173,48.565289],[16.633401,48.564843],[16.633575,48.564472],[16.633779,48.564001],[16.633952,48.563554],[16.634113,48.56309],[16.63431,48.562451],[16.634457,48.561818],[16.634562,48.561293],[16.634649,48.560638],[16.634678,48.560359],[16.63471,48.559963],[16.634727,48.559465],[16.634724,48.558995],[16.634706,48.558608],[16.634679,48.558224],[16.634628,48.557857],[16.634546,48.557305],[16.634446,48.556775],[16.634316,48.556222],[16.63417,48.555704],[16.633991,48.555177],[16.63381,48.554694],[16.633591,48.554187],[16.63334,48.55365],[16.633089,48.553171],[16.631955,48.550991],[16.630729,48.54866],[16.62882,48.544962],[16.628635,48.544605],[16.628223,48.543816],[16.628166,48.543707],[16.627899,48.543196],[16.627653,48.542701],[16.627442,48.542246],[16.62726,48.541805],[16.62714,48.541494],[16.626959,48.540949],[16.626845,48.540574],[16.626753,48.540241],[16.626658,48.539843],[16.626558,48.539356],[16.626505,48.539024],[16.62645,48.538621],[16.626424,48.53834],[16.626387,48.53787],[16.626369,48.537379],[16.626366,48.536865],[16.626391,48.536394],[16.626571,48.534096],[16.626764,48.53171],[16.62692,48.529776],[16.626995,48.528838],[16.627037,48.528285],[16.627059,48.527876],[16.627061,48.527603],[16.627059,48.527309],[16.627046,48.527013],[16.627026,48.526749],[16.626996,48.526473],[16.626939,48.526088],[16.626896,48.525852],[16.626847,48.525619],[16.626766,48.525278],[16.626671,48.524946],[16.626596,48.524706],[16.626448,48.524289],[16.626295,48.523908],[16.626085,48.523448],[16.625888,48.523063],[16.625717,48.52276],[16.625585,48.522537],[16.62545,48.522322],[16.625217,48.521971],[16.625025,48.521706],[16.624834,48.521452],[16.624579,48.521137],[16.624333,48.520856],[16.624009,48.520507],[16.623701,48.520199],[16.62348,48.519994],[16.623196,48.51974],[16.622899,48.519487],[16.622484,48.519158],[16.622198,48.518945],[16.621829,48.518682],[16.621558,48.518499],[16.621233,48.518291],[16.62083,48.518044],[16.620398,48.517798],[16.619866,48.51751],[16.61924,48.51718],[16.618767,48.516932],[16.616736,48.515858],[16.615702,48.515313],[16.614722,48.514775],[16.614174,48.51446],[16.61352,48.51407],[16.612595,48.513488],[16.612041,48.513111],[16.611571,48.512787],[16.611097,48.51245],[16.610358,48.511899],[16.609731,48.511413],[16.608669,48.510518],[16.608192,48.510081],[16.60769,48.509619],[16.607269,48.509209],[16.606837,48.508772],[16.606097,48.507976],[16.605349,48.507095],[16.604748,48.506321],[16.604203,48.505582],[16.60354,48.504622],[16.603136,48.50401],[16.602942,48.503726],[16.60202,48.502278],[16.601525,48.501463],[16.601065,48.500696],[16.600919,48.500447],[16.600475,48.499668],[16.599869,48.498567],[16.599523,48.497903],[16.599044,48.496987],[16.598853,48.496648],[16.598709,48.496426],[16.598498,48.496111],[16.598306,48.495857],[16.598026,48.49552],[16.597711,48.495175],[16.59756,48.495017],[16.59716,48.494634],[16.596956,48.494461],[16.596779,48.494316],[16.596561,48.494142],[16.596304,48.493952],[16.595923,48.493687],[16.59555,48.493444],[16.595246,48.493259],[16.594906,48.493064],[16.594423,48.492813],[16.594013,48.492613],[16.593569,48.492422],[16.593107,48.492237],[16.592525,48.492019],[16.592079,48.491874],[16.591605,48.491736],[16.590984,48.49157],[16.590402,48.491438],[16.589769,48.491322],[16.58857,48.491131],[16.587746,48.490994],[16.587305,48.490912],[16.586828,48.490813],[16.586329,48.490701],[16.585749,48.490558],[16.585299,48.490438],[16.584874,48.490311],[16.584354,48.490147],[16.58384,48.489973],[16.58357,48.489874],[16.583219,48.489745],[16.582759,48.489561],[16.582226,48.489334],[16.581431,48.488962],[16.581088,48.488792],[16.580652,48.488562],[16.580377,48.48841],[16.579807,48.488092],[16.579093,48.487684],[16.578232,48.487183],[16.577268,48.486605],[16.576337,48.486031],[16.575851,48.485725],[16.575408,48.485442],[16.574932,48.485136],[16.574102,48.48459],[16.573176,48.483964],[16.572412,48.483438],[16.571697,48.482932],[16.571173,48.482552],[16.570284,48.481897],[16.569242,48.481101],[16.568087,48.480189],[16.566908,48.479217],[16.565785,48.478257],[16.56539,48.477912],[16.564377,48.477001],[16.563015,48.475707],[16.562402,48.475109],[16.561819,48.474521],[16.561209,48.473884],[16.560634,48.473259],[16.560082,48.472631],[16.559529,48.471986],[16.55909,48.471457],[16.558757,48.471032],[16.558347,48.470503],[16.557927,48.469947],[16.557523,48.469401],[16.557133,48.468836],[16.556731,48.468251],[16.556257,48.46752],[16.555694,48.466602],[16.55534,48.46599],[16.554991,48.465366],[16.55459,48.464601],[16.554278,48.463974],[16.553885,48.463137],[16.553549,48.462396],[16.55325,48.461634],[16.55303,48.461],[16.552786,48.460168],[16.552712,48.459888],[16.552589,48.459344],[16.552509,48.458935],[16.552422,48.458404],[16.552343,48.457746],[16.552284,48.457093],[16.552268,48.456677],[16.552271,48.456405],[16.55228,48.455943],[16.552309,48.455331],[16.552347,48.45478],[16.552393,48.454374],[16.552485,48.453739],[16.552558,48.45334],[16.552709,48.452644],[16.552903,48.45192],[16.553105,48.451285],[16.55319,48.451026],[16.55342,48.450409],[16.553733,48.449656],[16.554332,48.44827],[16.554674,48.447505],[16.555046,48.446708],[16.555999,48.444745],[16.556187,48.444318],[16.556302,48.444049],[16.55637,48.443854],[16.55643,48.443661],[16.55652,48.44332],[16.556599,48.442971],[16.556629,48.442773],[16.556666,48.4425],[16.556694,48.442044],[16.556691,48.441624],[16.556664,48.4413],[16.55663,48.440986],[16.556588,48.440754],[16.556539,48.440528],[16.556461,48.440223],[16.556359,48.439895],[16.556236,48.439562],[16.556137,48.439335],[16.556025,48.439097],[16.555863,48.438791],[16.555652,48.438435],[16.55529,48.437875],[16.554793,48.437129],[16.554241,48.43629],[16.553017,48.434445],[16.552294,48.433348],[16.551904,48.432762],[16.550752,48.431016],[16.550244,48.430253],[16.550137,48.430087],[16.549949,48.429803],[16.549116,48.428553],[16.548025,48.426899],[16.544181,48.421084],[16.543743,48.420431],[16.543142,48.41951],[16.541623,48.417167],[16.539953,48.414596],[16.538625,48.412551],[16.536508,48.409308],[16.536,48.408578],[16.53554,48.407979],[16.535134,48.407502],[16.534741,48.407064],[16.534429,48.406739],[16.534096,48.406401],[16.533764,48.406086],[16.53344,48.405789],[16.533161,48.40555],[16.532908,48.405344],[16.53225,48.40481],[16.531684,48.404381],[16.530879,48.403827],[16.530461,48.403555],[16.53,48.403263],[16.529475,48.402955],[16.528714,48.402534],[16.528027,48.40218],[16.52752,48.401932],[16.527004,48.401698],[16.526638,48.40154],[16.52615,48.401327],[16.525786,48.401172],[16.525081,48.400898],[16.524321,48.400612],[16.523456,48.400288],[16.522878,48.400081],[16.522177,48.399841],[16.520923,48.399397],[16.51965,48.398973],[16.518998,48.398762],[16.51838,48.398567],[16.517244,48.398207],[16.516111,48.397868],[16.51512,48.397579],[16.514507,48.397398],[16.513891,48.397206],[16.51351,48.397077],[16.513076,48.396921],[16.51272,48.396784],[16.512153,48.396548],[16.511662,48.396327],[16.511175,48.396093],[16.51068,48.395831],[16.510154,48.395534],[16.509711,48.39526],[16.509241,48.394944],[16.508567,48.394456],[16.508069,48.394083],[16.507635,48.393775],[16.507311,48.393549],[16.507007,48.393352],[16.506392,48.392975],[16.505821,48.392636],[16.505429,48.392414],[16.504995,48.392178],[16.504619,48.391983],[16.504372,48.391859],[16.5035,48.39143],[16.502582,48.390987],[16.501689,48.390549],[16.501113,48.390256],[16.499982,48.389664],[16.498908,48.389087],[16.498643,48.388945],[16.497655,48.388416],[16.496686,48.387913],[16.495469,48.387294],[16.495021,48.387062],[16.494777,48.386928],[16.494572,48.386804],[16.494217,48.386577],[16.493915,48.38637],[16.493658,48.386179],[16.493437,48.386005],[16.493223,48.385818],[16.492944,48.385561],[16.492754,48.38537],[16.492578,48.385188],[16.492394,48.384974],[16.492235,48.384777],[16.492056,48.384539],[16.491919,48.384339],[16.491799,48.384151],[16.49166,48.383902],[16.491556,48.383704],[16.491457,48.383482],[16.491262,48.382987],[16.49117,48.382714],[16.490907,48.381872],[16.490551,48.380629],[16.490377,48.379999],[16.490217,48.379365],[16.490073,48.378867],[16.489793,48.37794],[16.489423,48.376763],[16.489232,48.37618],[16.488905,48.375146],[16.488722,48.374519],[16.488486,48.373684],[16.488219,48.372789],[16.487976,48.37203],[16.487863,48.371695],[16.487344,48.370105],[16.487144,48.369549],[16.487002,48.369202],[16.486865,48.368892],[16.486727,48.368594],[16.48646,48.368111],[16.486103,48.367467],[16.485945,48.367216],[16.485543,48.366581],[16.485321,48.366225],[16.485093,48.365838],[16.484934,48.365555],[16.48479,48.365292],[16.484606,48.364917],[16.484434,48.364537],[16.484327,48.364296],[16.484224,48.364053],[16.484119,48.36378],[16.483992,48.363418],[16.483875,48.363073],[16.483774,48.362727],[16.483697,48.362444],[16.483635,48.362203],[16.483553,48.361821],[16.48344,48.361042],[16.483392,48.360664],[16.483361,48.360247],[16.483346,48.359474],[16.483379,48.357694],[16.483384,48.357275],[16.483375,48.356958],[16.483366,48.356621],[16.483349,48.3563],[16.483328,48.356047],[16.483289,48.35566],[16.483231,48.355237],[16.48317,48.354955],[16.483102,48.354688],[16.482986,48.354302],[16.482878,48.354026],[16.482758,48.353747],[16.482656,48.353545],[16.482536,48.35331],[16.482289,48.352881],[16.482117,48.352577],[16.481929,48.352231],[16.481875,48.351963],[16.48184,48.351831],[16.48181,48.351698],[16.48179,48.351572],[16.481777,48.351441],[16.481772,48.351257],[16.481778,48.351082],[16.481793,48.350945],[16.481819,48.350794],[16.481847,48.350672],[16.481901,48.350494],[16.481946,48.350376],[16.481981,48.35028],[16.482028,48.350173],[16.48212,48.350001],[16.482197,48.349869],[16.482275,48.349754],[16.48238,48.349612],[16.482496,48.349473],[16.4826,48.349362],[16.482744,48.349215],[16.482849,48.349115],[16.482986,48.348997],[16.483147,48.348875],[16.483291,48.348777],[16.483432,48.348683],[16.48356,48.348603],[16.483679,48.348536],[16.483884,48.348425],[16.484062,48.34834],[16.484198,48.34828],[16.484364,48.348211],[16.484563,48.348135],[16.484799,48.348056],[16.485034,48.347984],[16.48529,48.347916],[16.485498,48.347869],[16.485717,48.347826],[16.485908,48.347795],[16.486127,48.347764],[16.487082,48.347644],[16.487286,48.347633],[16.487489,48.347619],[16.487799,48.347592],[16.488113,48.34756],[16.488462,48.34752],[16.488751,48.347482],[16.489002,48.347443],[16.489298,48.347396],[16.48958,48.347346],[16.489896,48.347283],[16.490323,48.347191],[16.490733,48.347096],[16.491351,48.346944],[16.491816,48.346801],[16.492225,48.346665],[16.492659,48.346506],[16.493089,48.346332],[16.493438,48.346184],[16.493849,48.345995],[16.49429,48.345785],[16.494625,48.345608],[16.495158,48.345294],[16.495872,48.344852],[16.496705,48.344328],[16.497453,48.343867],[16.497917,48.343589],[16.501938,48.341095],[16.503338,48.340242],[16.505078,48.339171],[16.505348,48.339001],[16.511081,48.335444],[16.511844,48.334922],[16.51251,48.334373],[16.512923,48.334006],[16.513354,48.333585],[16.513593,48.333317],[16.513909,48.332962],[16.514284,48.332472],[16.514668,48.331914],[16.514878,48.33156],[16.51503,48.331279],[16.515275,48.330765],[16.515434,48.330354],[16.515584,48.329923],[16.515666,48.329669],[16.515713,48.329439],[16.51575,48.329257],[16.515818,48.328906],[16.515857,48.328591],[16.51589,48.328184],[16.515897,48.32758],[16.515862,48.327163],[16.51581,48.326737],[16.515765,48.326312],[16.515559,48.325166],[16.51545,48.324489],[16.515346,48.323556],[16.515297,48.322618],[16.515293,48.321768],[16.515329,48.320985],[16.515401,48.320158],[16.515529,48.31897],[16.515578,48.318221],[16.515577,48.317787],[16.515552,48.317198],[16.515467,48.316533],[16.515349,48.315917],[16.515185,48.315307],[16.514985,48.314703],[16.514749,48.314114],[16.514478,48.313519],[16.513833,48.312195],[16.51176,48.308004],[16.510888,48.306238],[16.510614,48.305652],[16.510228,48.304891],[16.509734,48.303877],[16.509453,48.303156],[16.509338,48.302792],[16.509214,48.302305],[16.509112,48.301771],[16.509052,48.301236],[16.509035,48.300701],[16.509052,48.300253],[16.509097,48.299815],[16.509149,48.299465],[16.509238,48.299026],[16.509361,48.29857],[16.509521,48.298087],[16.509715,48.297621],[16.509884,48.297286],[16.510261,48.29662],[16.510677,48.295981],[16.512117,48.293923],[16.512685,48.29312],[16.512973,48.29271],[16.513246,48.292285],[16.513451,48.291923],[16.513584,48.291665],[16.513734,48.291343],[16.513904,48.290928],[16.514046,48.290514],[16.514146,48.290177],[16.514231,48.289823],[16.514317,48.289374],[16.514376,48.288912],[16.514399,48.288465],[16.514392,48.288047],[16.514371,48.287647],[16.514326,48.287246],[16.514242,48.286772],[16.514132,48.286348],[16.513983,48.285883],[16.513816,48.285432],[16.51369,48.285154],[16.513528,48.28481],[16.513278,48.28435],[16.51275,48.283512],[16.512339,48.282862],[16.511741,48.281916],[16.511311,48.281241],[16.510923,48.280618],[16.510259,48.279552],[16.509037,48.277625],[16.508897,48.277406],[16.508493,48.27669],[16.508264,48.276251],[16.508044,48.275776],[16.507905,48.275449],[16.507747,48.275055],[16.507546,48.274493],[16.507098,48.27315],[16.506857,48.272417],[16.506742,48.272075],[16.506613,48.271729],[16.506466,48.271395],[16.506311,48.271115],[16.506147,48.270864],[16.505955,48.270605],[16.505776,48.270385],[16.505513,48.270107],[16.505263,48.269877],[16.504999,48.269665],[16.504726,48.269456],[16.504422,48.269246],[16.504109,48.26905],[16.503687,48.268818],[16.50328,48.268611],[16.502808,48.268397],[16.502345,48.268201],[16.501972,48.268057],[16.501597,48.267922],[16.501179,48.267782],[16.500753,48.267651],[16.50006,48.267463],[16.499237,48.267276],[16.498511,48.267147],[16.497785,48.267048],[16.497245,48.266988],[16.496623,48.266942],[16.496034,48.266915],[16.495474,48.266905],[16.494908,48.26691],[16.494262,48.266935],[16.493589,48.266979],[16.492933,48.267048],[16.492372,48.267126],[16.491861,48.267216],[16.491293,48.267324],[16.490033,48.267635],[16.488636,48.268008],[16.487857,48.268172],[16.487072,48.268298],[16.486355,48.268385],[16.48567,48.268446],[16.484913,48.268486],[16.484145,48.268498],[16.483355,48.268482],[16.48267,48.268441],[16.482074,48.268389],[16.48152,48.268321],[16.480951,48.268237],[16.480434,48.268144],[16.480295,48.268116],[16.479935,48.268037],[16.479687,48.267973],[16.479433,48.267901],[16.479166,48.26781],[16.478878,48.2677],[16.478584,48.267573],[16.478325,48.267441],[16.478062,48.267289],[16.477777,48.267103],[16.477565,48.266945],[16.477387,48.266795],[16.477145,48.266573],[16.476937,48.266337],[16.47678,48.266125],[16.476631,48.265886],[16.476462,48.265574],[16.475371,48.263426],[16.475278,48.263222],[16.475214,48.263041],[16.475161,48.26286],[16.475128,48.262672],[16.475117,48.262501],[16.475122,48.262302],[16.475158,48.262059],[16.475215,48.261824],[16.475388,48.2613],[16.475461,48.261077],[16.475504,48.260931],[16.475541,48.260771],[16.475579,48.260558],[16.475594,48.260282],[16.475571,48.259927],[16.475534,48.259708],[16.475472,48.259388],[16.475399,48.259037],[16.47534,48.25876],[16.47529,48.258551],[16.475234,48.258337],[16.475162,48.258083],[16.475056,48.257752],[16.474995,48.257577],[16.474902,48.257312],[16.474706,48.256821],[16.474493,48.256339],[16.474272,48.255886],[16.474038,48.255433],[16.473816,48.255027],[16.473614,48.254679],[16.473398,48.254309],[16.472924,48.253568],[16.472629,48.253151],[16.472411,48.252863],[16.472162,48.252554],[16.471632,48.251927],[16.47132,48.25156],[16.470539,48.250641],[16.470065,48.250082],[16.469876,48.249868],[16.469476,48.249442],[16.46913,48.249096],[16.4688,48.248773],[16.46839,48.248387],[16.467986,48.248026],[16.467392,48.247522],[16.466377,48.246702],[16.463777,48.244595],[16.463033,48.243992],[16.462381,48.243367],[16.461913,48.24289],[16.461787,48.242741],[16.46131,48.242194],[16.46097,48.241775],[16.460598,48.241277],[16.460472,48.2411],[16.460211,48.240711],[16.460095,48.240531],[16.459478,48.239531],[16.45936,48.239341],[16.458604,48.23811],[16.45856,48.238039],[16.45777,48.236759],[16.457608,48.236513],[16.45726,48.236085],[16.456802,48.23566],[16.455704,48.234804],[16.455424,48.234556],[16.45492,48.234069],[16.454619,48.233723],[16.454457,48.233529],[16.454232,48.233236],[16.453938,48.232791],[16.453747,48.232455],[16.453465,48.231873],[16.452879,48.2304],[16.452741,48.230061],[16.452497,48.229474],[16.452288,48.228996],[16.452082,48.228539],[16.451857,48.228059],[16.451706,48.227747],[16.451552,48.227448],[16.451324,48.227099],[16.451144,48.226838],[16.450877,48.226528],[16.450664,48.226321],[16.449726,48.225517],[16.449536,48.225341],[16.449329,48.225114],[16.44915,48.224885],[16.448977,48.22462],[16.448805,48.224299],[16.448561,48.223792],[16.448265,48.223057],[16.448109,48.222703],[16.447879,48.222217],[16.447655,48.221761],[16.447362,48.221203],[16.447249,48.220958],[16.447193,48.220807],[16.447142,48.22065],[16.447098,48.220473],[16.447067,48.220276],[16.447045,48.219972],[16.447031,48.219112],[16.447015,48.217917],[16.447005,48.217042],[16.447004,48.216982],[16.447021,48.216524],[16.447071,48.215751],[16.447066,48.215384],[16.447043,48.215128],[16.446975,48.214844],[16.4469,48.214631],[16.446803,48.214406],[16.446633,48.214115],[16.446471,48.213887],[16.446271,48.213654],[16.44599,48.213373],[16.445633,48.213078],[16.445192,48.212753],[16.444984,48.212611],[16.443527,48.211614],[16.44271,48.211053],[16.442246,48.210733],[16.441479,48.210209],[16.441385,48.210145],[16.440463,48.209513],[16.440302,48.209425],[16.439335,48.208764],[16.438653,48.208295],[16.438443,48.208151],[16.436191,48.206607],[16.433952,48.205077],[16.433257,48.204601],[16.432812,48.204298],[16.432161,48.203852],[16.430799,48.202922],[16.429888,48.202313],[16.428507,48.201397],[16.427814,48.200925],[16.425983,48.19967],[16.422298,48.197148],[16.421151,48.196362],[16.420649,48.196011],[16.420422,48.195852],[16.420089,48.195614],[16.419781,48.195395],[16.419674,48.195323],[16.41885,48.194742],[16.418071,48.194208],[16.417303,48.193683],[16.416972,48.193464],[16.415643,48.192555],[16.414926,48.192061],[16.41458,48.19182],[16.414159,48.191537],[16.413156,48.190869],[16.413111,48.190838],[16.413037,48.190787],[16.412728,48.190576],[16.412316,48.190294],[16.411364,48.189642],[16.410474,48.189031],[16.408573,48.18773],[16.407735,48.187155],[16.406796,48.186512],[16.406501,48.186304],[16.406325,48.186174],[16.406107,48.186008],[16.405909,48.185842],[16.405746,48.185701],[16.405552,48.185513],[16.405386,48.185335],[16.405257,48.185183],[16.405114,48.184999],[16.404999,48.184837],[16.404881,48.184656],[16.404744,48.184436],[16.404593,48.184169],[16.404383,48.183773],[16.40424,48.183483],[16.404105,48.183192],[16.404014,48.18297],[16.403932,48.182752],[16.403742,48.182213],[16.403687,48.182078],[16.403609,48.181906],[16.403538,48.181784],[16.40347,48.181686],[16.403375,48.181567],[16.40328,48.181461],[16.403176,48.181357],[16.403036,48.181237],[16.402922,48.18115],[16.402806,48.181069],[16.402659,48.180974],[16.402225,48.180698],[16.402003,48.180553],[16.401819,48.180424],[16.401654,48.180297],[16.401478,48.180151],[16.401316,48.180007],[16.401171,48.179866],[16.401048,48.179736],[16.400923,48.179594],[16.400812,48.179457],[16.400715,48.179328],[16.400604,48.179164],[16.400514,48.179018],[16.400428,48.178862],[16.400341,48.178683],[16.400253,48.178475],[16.400172,48.178247],[16.40012,48.178085],[16.400061,48.177878],[16.399949,48.177381],[16.399758,48.176495],[16.399435,48.174986],[16.39916,48.173729],[16.399122,48.173545],[16.399055,48.17327],[16.398982,48.17299],[16.398921,48.172784],[16.39885,48.172594],[16.398777,48.172422],[16.398691,48.172261],[16.398601,48.172119],[16.398484,48.17196],[16.398372,48.17183],[16.398235,48.171695],[16.398115,48.171593],[16.397964,48.17148],[16.39779,48.171369],[16.397578,48.171251],[16.397349,48.171146],[16.397157,48.171069],[16.396932,48.170994],[16.396699,48.170925],[16.396436,48.170858],[16.396132,48.170791],[16.395752,48.170717],[16.39533,48.170648],[16.394361,48.170496],[16.393993,48.170426],[16.393646,48.170352],[16.393435,48.170298],[16.393146,48.170215],[16.392968,48.170155],[16.392826,48.170102],[16.392662,48.170035],[16.392461,48.169944],[16.392279,48.169851],[16.392094,48.169749],[16.391932,48.169653],[16.391576,48.169414],[16.391397,48.16928],[16.391096,48.169044],[16.389896,48.168103],[16.387906,48.16655],[16.387683,48.166376],[16.387405,48.166149],[16.387063,48.165866],[16.386889,48.165715],[16.386723,48.165556],[16.386569,48.165406],[16.386378,48.16519],[16.386209,48.164973],[16.386068,48.164762],[16.385952,48.16455],[16.385864,48.164367],[16.385785,48.164172],[16.385714,48.163963],[16.385488,48.163187],[16.385418,48.162974],[16.38532,48.162743],[16.385196,48.162505],[16.385093,48.162339],[16.384977,48.162173],[16.384837,48.161998],[16.384699,48.16185],[16.384497,48.161676],[16.384257,48.161491],[16.383967,48.161278],[16.383702,48.161111],[16.383369,48.160931],[16.383053,48.160779],[16.38269,48.160633],[16.382369,48.160521],[16.382058,48.160435],[16.381828,48.160383],[16.381603,48.160335],[16.380532,48.16012],[16.380189,48.160043],[16.379895,48.159967],[16.379617,48.159888],[16.379327,48.159797],[16.379025,48.15969],[16.378722,48.159576],[16.378401,48.159441],[16.378119,48.15931],[16.377824,48.159156],[16.377532,48.158992],[16.377291,48.158846],[16.376968,48.158625],[16.376712,48.158432],[16.376443,48.15821],[16.376212,48.157997],[16.376027,48.157809],[16.375781,48.157526],[16.375574,48.157262],[16.375419,48.157028],[16.37529,48.156818],[16.375161,48.156577],[16.37506,48.156346],[16.374953,48.156055],[16.374886,48.155835],[16.374834,48.155604],[16.3748,48.155404],[16.374772,48.155098],[16.374764,48.154859],[16.374768,48.15461],[16.374813,48.153757],[16.374813,48.153522],[16.374802,48.15328],[16.374785,48.1531],[16.374751,48.152902],[16.3747,48.152698],[16.374655,48.152568],[16.374604,48.152444],[16.374549,48.152325],[16.374467,48.152178],[16.374364,48.152028],[16.374248,48.151881],[16.374127,48.151751],[16.374018,48.151644],[16.373892,48.151532],[16.373747,48.151419],[16.373564,48.151294],[16.373383,48.151184],[16.373195,48.151082],[16.372978,48.15098],[16.372742,48.150885],[16.372494,48.150799],[16.372271,48.150735],[16.372027,48.150677],[16.37179,48.150631],[16.371598,48.150603],[16.371378,48.150578],[16.371165,48.150561],[16.370949,48.150552],[16.370707,48.150552],[16.370493,48.150558],[16.37026,48.150571],[16.369981,48.150596],[16.369677,48.150632],[16.369303,48.150685],[16.368835,48.150764],[16.364031,48.151649],[16.362994,48.151839],[16.362327,48.151957],[16.361413,48.152105],[16.360547,48.152233],[16.359907,48.152315],[16.35926,48.152391],[16.358172,48.152502],[16.357597,48.152554],[16.356959,48.152604],[16.356291,48.152646],[16.355491,48.152682],[16.354848,48.152702],[16.354276,48.152712],[16.353646,48.152715],[16.353052,48.15271],[16.352453,48.152696],[16.351851,48.152674],[16.351395,48.15265],[16.350943,48.152619],[16.350586,48.15259],[16.350208,48.152551],[16.349964,48.152522],[16.349691,48.152484],[16.34938,48.152435],[16.349096,48.152382],[16.348805,48.152321],[16.348497,48.15225],[16.348161,48.152161],[16.347861,48.152075],[16.347542,48.151974],[16.347219,48.151859],[16.346918,48.151742],[16.346644,48.151629],[16.346414,48.151531],[16.346109,48.151391],[16.345909,48.15127],[16.345775,48.151202],[16.345526,48.151073],[16.345248,48.150927],[16.344985,48.150776],[16.344751,48.150638],[16.344414,48.150426],[16.344108,48.150233],[16.34322,48.149614],[16.341852,48.14858],[16.337886,48.145613],[16.336526,48.144586],[16.33639,48.144483],[16.335713,48.143954],[16.335198,48.143497],[16.3347,48.142976],[16.334313,48.14248],[16.334002,48.141982],[16.333814,48.141634],[16.333655,48.141427],[16.332685,48.139193],[16.328061,48.128487],[16.32801,48.128368],[16.32773,48.127722],[16.327341,48.12682],[16.327174,48.126434],[16.326828,48.125636],[16.326679,48.125288],[16.326488,48.124844],[16.326355,48.124539],[16.326274,48.124352],[16.325629,48.122841],[16.325079,48.121552],[16.324365,48.119884],[16.323908,48.118828],[16.32383,48.11865],[16.322687,48.115988],[16.322452,48.115453],[16.322356,48.115227],[16.321966,48.11432],[16.321583,48.113391],[16.321317,48.112698],[16.321174,48.112313],[16.32094,48.111615],[16.320723,48.110906],[16.320543,48.110197],[16.320388,48.109463],[16.32025,48.108653],[16.32015,48.107744],[16.320098,48.106837],[16.320094,48.106],[16.320123,48.105259],[16.320201,48.104359],[16.3203,48.103676],[16.320459,48.102815],[16.320639,48.102048],[16.320916,48.101114],[16.321289,48.10005],[16.321604,48.099309],[16.321764,48.098942],[16.322122,48.098192],[16.322986,48.096703],[16.323743,48.095544],[16.324307,48.094774],[16.324548,48.094407],[16.325657,48.092948],[16.326129,48.092382],[16.329457,48.088059],[16.330238,48.08705],[16.330647,48.086512],[16.331042,48.085991],[16.331989,48.084765],[16.33313,48.083202],[16.333305,48.082959],[16.333521,48.082634],[16.334194,48.081615],[16.334937,48.080326],[16.335566,48.079148],[16.335925,48.078392],[16.336285,48.077598],[16.336611,48.076792],[16.337047,48.075594],[16.337313,48.074759],[16.337537,48.073939],[16.337717,48.073224],[16.338009,48.071838],[16.338098,48.071415],[16.338327,48.070066],[16.339277,48.064484],[16.339434,48.063561],[16.339613,48.062484],[16.339711,48.061911],[16.339891,48.060871],[16.340003,48.060208],[16.34007,48.059815],[16.340144,48.059381],[16.340166,48.059267],[16.340445,48.057645],[16.340543,48.057036],[16.340822,48.055347],[16.341069,48.053864],[16.341353,48.052162],[16.341635,48.049909],[16.341784,48.048082],[16.341823,48.046588],[16.341817,48.045764],[16.341814,48.04529],[16.341732,48.044013],[16.341684,48.043592],[16.341554,48.042606],[16.341489,48.042074],[16.341412,48.0415],[16.341343,48.041096],[16.341187,48.040289],[16.341078,48.039797],[16.34077,48.038579],[16.34063,48.038168],[16.340424,48.037396],[16.34009,48.036332],[16.339673,48.035263],[16.339099,48.033924],[16.338477,48.032573],[16.337884,48.031426],[16.337181,48.030189],[16.336237,48.028681],[16.335244,48.027244],[16.335096,48.027056],[16.334371,48.026078],[16.333691,48.025229],[16.333437,48.024916],[16.332889,48.024276],[16.331721,48.022998],[16.330632,48.021898],[16.329874,48.021131],[16.328443,48.019817],[16.326969,48.018567],[16.325312,48.017263],[16.323713,48.016092],[16.321976,48.014895],[16.31887,48.012849],[16.310162,48.007225],[16.309024,48.00649],[16.308389,48.006074],[16.308106,48.00589],[16.30735,48.005399],[16.304873,48.003804],[16.302863,48.002513],[16.291704,47.995298],[16.285746,47.991452],[16.283259,47.989836],[16.282304,47.989232],[16.281707,47.98886],[16.281226,47.988559],[16.280424,47.98807],[16.279993,47.987803],[16.279548,47.987536],[16.277892,47.986576],[16.276419,47.98577],[16.274714,47.984884],[16.2742,47.984634],[16.273122,47.984128],[16.271993,47.983625],[16.270392,47.982939],[16.267769,47.981947],[16.267357,47.981791],[16.26421,47.980687],[16.262989,47.98029],[16.261459,47.979781],[16.257688,47.978491],[16.25465,47.977465],[16.252236,47.976612],[16.249885,47.975751],[16.24933,47.975526],[16.248745,47.975293],[16.247712,47.974887],[16.247167,47.974672],[16.245644,47.974033],[16.244472,47.973518],[16.243407,47.973031],[16.242043,47.972378],[16.241262,47.971987],[16.240323,47.971505],[16.239911,47.971283],[16.239315,47.970968],[16.237571,47.969987],[16.237027,47.96965],[16.235114,47.968463],[16.234078,47.967793],[16.232965,47.96702],[16.231869,47.966227],[16.230884,47.965465],[16.229879,47.964665],[16.228927,47.963858],[16.227663,47.96274],[16.226534,47.961693],[16.225544,47.960672],[16.22526,47.96038],[16.223686,47.958666],[16.222465,47.957257],[16.221505,47.956122],[16.220816,47.955251],[16.220011,47.954217],[16.219896,47.954067],[16.218937,47.952732],[16.218348,47.95188],[16.217632,47.950796],[16.216753,47.949374],[16.216616,47.949152],[16.216218,47.948497],[16.215737,47.947626],[16.21558,47.947342],[16.214775,47.945864],[16.213903,47.944142],[16.213102,47.942393],[16.212844,47.941769],[16.212604,47.941192],[16.212061,47.939822],[16.211687,47.938791],[16.211519,47.938313],[16.211142,47.937195],[16.210905,47.936415],[16.210408,47.934662],[16.210062,47.933325],[16.209996,47.933043],[16.209966,47.932915],[16.209796,47.932136],[16.209719,47.931813],[16.20949,47.930555],[16.209393,47.929977],[16.20915,47.928475],[16.209137,47.928375],[16.208912,47.926547],[16.208739,47.924916],[16.208607,47.923313],[16.208525,47.922344],[16.208411,47.920441],[16.208396,47.920196],[16.208066,47.91442],[16.207973,47.912793],[16.207901,47.91171],[16.207835,47.910534],[16.207626,47.90684],[16.207582,47.90598],[16.207522,47.904866],[16.207287,47.900606],[16.207088,47.897287],[16.20698,47.895352],[16.206858,47.893432],[16.206843,47.893175],[16.206769,47.89228],[16.206696,47.891405],[16.206571,47.890309],[16.206455,47.889461],[16.206292,47.888486],[16.206162,47.887797],[16.206037,47.887233],[16.20585,47.88645],[16.205755,47.886072],[16.205411,47.88496],[16.20498,47.883774],[16.20468,47.883042],[16.204418,47.882462],[16.204173,47.881949],[16.203885,47.881391],[16.203441,47.880587],[16.203004,47.879839],[16.202624,47.879241],[16.202227,47.878646],[16.20161,47.877782],[16.201098,47.877109],[16.200587,47.876458],[16.199478,47.875143],[16.198107,47.873633],[16.197436,47.872919],[16.196835,47.872296],[16.195845,47.871283],[16.193387,47.8688],[16.193107,47.868509],[16.191825,47.867202],[16.19038,47.865647],[16.189048,47.864115],[16.188944,47.863982],[16.188533,47.863482],[16.188197,47.863057],[16.187632,47.86233],[16.187213,47.861752],[16.1867,47.861009],[16.186212,47.860262],[16.185965,47.859872],[16.185844,47.859696],[16.185256,47.858703],[16.184893,47.85805],[16.184697,47.857679],[16.184651,47.857593],[16.184615,47.857524],[16.184091,47.856454],[16.1838,47.855849],[16.1835,47.855126],[16.183223,47.854445],[16.182944,47.853708],[16.182733,47.853067],[16.182542,47.852492],[16.182172,47.851235],[16.182032,47.850646],[16.181858,47.849909],[16.181625,47.848687],[16.181512,47.847935],[16.181436,47.847276],[16.18137,47.846605],[16.181308,47.845764],[16.181259,47.844904],[16.18124,47.84336],[16.181256,47.842256],[16.181321,47.840998],[16.181424,47.839624],[16.181521,47.838763],[16.181609,47.838016],[16.181715,47.837289],[16.181783,47.836848],[16.181809,47.836675],[16.182046,47.835354],[16.182112,47.835046],[16.182137,47.834931],[16.182399,47.83378],[16.182714,47.832582],[16.182943,47.831881],[16.183092,47.831416],[16.183533,47.830181],[16.183966,47.829124],[16.18437,47.828217],[16.184866,47.827194],[16.184918,47.827094],[16.185589,47.825852],[16.186276,47.82469],[16.187668,47.822596],[16.188475,47.821448],[16.190247,47.819035],[16.191903,47.816774],[16.193064,47.815178],[16.193547,47.814519],[16.194226,47.813574],[16.194631,47.812993],[16.195001,47.812455],[16.195395,47.811882],[16.196283,47.810531],[16.19726,47.808964],[16.197705,47.808195],[16.197904,47.807844],[16.198174,47.807365],[16.198241,47.807242],[16.198639,47.806516],[16.198899,47.806007],[16.199149,47.805514],[16.199314,47.805163],[16.199696,47.804359],[16.199792,47.804151],[16.200274,47.803077],[16.200689,47.802084],[16.200742,47.801955],[16.201145,47.800942],[16.201462,47.800074],[16.201974,47.798525],[16.202356,47.797221],[16.202714,47.795895],[16.202943,47.79494],[16.203179,47.793786],[16.203234,47.7935],[16.203338,47.792931],[16.203489,47.792059],[16.203616,47.791174],[16.203691,47.790613],[16.203771,47.789911],[16.20385,47.789111],[16.203935,47.788025],[16.203979,47.78708],[16.203985,47.786875],[16.204006,47.786343],[16.204032,47.785107],[16.204038,47.784725],[16.204039,47.784694],[16.20406,47.783247],[16.204085,47.782342],[16.204094,47.781837],[16.204174,47.778758],[16.204184,47.778334],[16.204189,47.778102],[16.204206,47.777511],[16.204239,47.776189],[16.204282,47.77441],[16.204295,47.77377],[16.204312,47.773156],[16.204303,47.771855],[16.204252,47.770692],[16.204217,47.770247],[16.204068,47.768957],[16.203828,47.76767],[16.203687,47.767021],[16.203518,47.766368],[16.203415,47.766006],[16.202955,47.764602],[16.202665,47.763854],[16.202335,47.76306],[16.201913,47.762165],[16.201569,47.761499],[16.200727,47.760032],[16.200249,47.759284],[16.199752,47.758534],[16.199416,47.758105],[16.198576,47.756999],[16.197836,47.756122],[16.196574,47.754758],[16.195475,47.753682],[16.194437,47.752778],[16.194044,47.752439],[16.193227,47.751778],[16.192306,47.751071],[16.190897,47.750034],[16.190118,47.74954],[16.18943,47.749096],[16.188356,47.74844],[16.186605,47.747437],[16.18485,47.746486],[16.17902,47.743383],[16.169991,47.738587],[16.154937,47.730552],[16.15187,47.728887],[16.151098,47.728461],[16.150824,47.728307],[16.148537,47.72702],[16.143716,47.724201],[16.141227,47.722697],[16.140478,47.722249],[16.139545,47.721675],[16.138716,47.721147],[16.137824,47.720559],[16.137384,47.720269],[16.137139,47.720096],[16.136795,47.71985],[16.136494,47.719633],[16.135999,47.719243],[16.135388,47.718761],[16.134608,47.718125],[16.133758,47.717341],[16.13307,47.71663],[16.132429,47.7159],[16.131817,47.715118],[16.131298,47.714377],[16.131107,47.714053],[16.130884,47.713676],[16.130523,47.713016],[16.130198,47.712352],[16.129959,47.711777],[16.129595,47.710761],[16.129339,47.709947],[16.129203,47.709278],[16.129126,47.708771],[16.12906,47.708191],[16.129025,47.707549],[16.129015,47.706813],[16.12905,47.706081],[16.129111,47.705439],[16.129176,47.705009],[16.129243,47.704623],[16.129363,47.703918],[16.129532,47.703049],[16.1298,47.701814],[16.12986,47.70148],[16.129943,47.701038],[16.130028,47.700547],[16.13016,47.699616],[16.130214,47.699117],[16.130272,47.697858],[16.130255,47.697336],[16.130228,47.696788],[16.130137,47.695942],[16.130038,47.695199],[16.129867,47.694433],[16.129664,47.693666],[16.129456,47.693008],[16.129214,47.692356],[16.128668,47.691096],[16.12791,47.689681],[16.127449,47.688888],[16.126586,47.687486],[16.125985,47.686544],[16.125386,47.685603],[16.124823,47.684659],[16.124268,47.683606],[16.123936,47.682863],[16.123646,47.682041],[16.123522,47.681598],[16.123423,47.681131],[16.123369,47.680762],[16.123327,47.680344],[16.123309,47.679662],[16.123351,47.679021],[16.12338,47.678811],[16.123441,47.678427],[16.123532,47.678037],[16.123735,47.677359],[16.123907,47.676916],[16.124155,47.676348],[16.124307,47.676024],[16.124642,47.675361],[16.125211,47.674281],[16.125607,47.673497],[16.126003,47.672601],[16.126197,47.67208],[16.126371,47.671555],[16.126489,47.671097],[16.126578,47.670639],[16.126674,47.669989],[16.126716,47.669445],[16.126724,47.668841],[16.126723,47.668755],[16.126688,47.66796],[16.126606,47.667141],[16.126438,47.665843],[16.12624,47.664539],[16.125873,47.662577],[16.125465,47.660627],[16.125039,47.658645],[16.124642,47.656808],[16.124144,47.654455],[16.123912,47.653402],[16.123701,47.652346],[16.12352,47.651287],[16.123377,47.650229],[16.123282,47.649013],[16.123284,47.648066],[16.123314,47.647601],[16.123343,47.647151],[16.123498,47.646097],[16.123756,47.645045],[16.124035,47.644179],[16.124354,47.643357],[16.125433,47.640914],[16.125993,47.639583],[16.126066,47.639402],[16.126569,47.638153],[16.12712,47.636668],[16.127214,47.636421],[16.127542,47.635484],[16.127951,47.634311],[16.128173,47.633729],[16.128899,47.632013],[16.129288,47.631197],[16.12995,47.629898],[16.130117,47.62958],[16.130335,47.629194],[16.131148,47.627822],[16.131341,47.627512],[16.132052,47.62636],[16.132345,47.625895],[16.132631,47.625412],[16.132783,47.625124],[16.1329,47.624888],[16.132998,47.62467],[16.133136,47.624258],[16.133212,47.623839],[16.133252,47.623408],[16.133231,47.623008],[16.133142,47.622481],[16.133062,47.622192],[16.132913,47.621793],[16.132654,47.621268],[16.132042,47.620126],[16.131414,47.618833],[16.130907,47.617685],[16.130401,47.616419],[16.130128,47.615661],[16.129831,47.614766],[16.129632,47.614101],[16.129319,47.612938],[16.129075,47.611907],[16.12891,47.61101],[16.128865,47.610722],[16.128841,47.610406],[16.128839,47.61009],[16.128852,47.609843],[16.128905,47.609526],[16.128991,47.609161],[16.129145,47.608724],[16.129327,47.608358],[16.12954,47.60797],[16.129839,47.607466],[16.130063,47.607047],[16.130203,47.606678],[16.130286,47.606327],[16.130319,47.605905],[16.130292,47.605479],[16.1302,47.605073],[16.13006,47.604692],[16.129853,47.604312],[16.129599,47.603954],[16.129299,47.603626],[16.128959,47.603321],[16.128565,47.603027],[16.128029,47.602711],[16.127801,47.60259],[16.126734,47.60207],[16.126237,47.601805],[16.125848,47.601543],[16.125496,47.60126],[16.125248,47.601024],[16.125137,47.600904],[16.125047,47.600772],[16.124845,47.600504],[16.124717,47.600311],[16.124526,47.599923],[16.12441,47.5996],[16.124325,47.59928],[16.12426,47.598935],[16.124149,47.597995],[16.124043,47.597067],[16.123941,47.59614],[16.12385,47.595599],[16.12375,47.595146],[16.123571,47.594645],[16.123392,47.594354],[16.123128,47.593972],[16.122805,47.593624],[16.12244,47.593306],[16.121988,47.592991],[16.121723,47.592825],[16.121072,47.592487],[16.120398,47.592168],[16.117736,47.59093],[16.117138,47.590667],[16.116513,47.590432],[16.115943,47.590269],[16.11542,47.590161],[16.114978,47.590095],[16.114652,47.590058],[16.113595,47.589952],[16.112898,47.58986],[16.112518,47.589789],[16.111973,47.589651],[16.111391,47.589456],[16.110978,47.58929],[16.110611,47.589111],[16.110254,47.588908],[16.109892,47.588667],[16.109565,47.58841],[16.109214,47.588073],[16.108896,47.587699],[16.108655,47.58731],[16.108441,47.586838],[16.108316,47.586358],[16.108277,47.586038],[16.108279,47.585716],[16.108311,47.585389],[16.108393,47.585055],[16.108509,47.584744],[16.108689,47.584362],[16.108887,47.584],[16.109001,47.583791],[16.109292,47.583211],[16.10943,47.582774],[16.109517,47.58236],[16.109596,47.581941],[16.109682,47.581502],[16.109781,47.58113],[16.109907,47.580806],[16.110049,47.580514],[16.110357,47.580031],[16.110548,47.579779],[16.11075,47.57954],[16.111216,47.579098],[16.111779,47.578559],[16.11211,47.578225],[16.112366,47.577888],[16.112534,47.577613],[16.112694,47.577275],[16.112814,47.576943],[16.112881,47.57662],[16.112907,47.576297],[16.112886,47.575913],[16.112798,47.575449],[16.112672,47.575022],[16.112613,47.574828],[16.112488,47.574363],[16.112412,47.573953],[16.112407,47.5736],[16.112437,47.573244],[16.112525,47.572868],[16.112635,47.57256],[16.112759,47.572282],[16.112953,47.571962],[16.113129,47.571701],[16.11336,47.571407],[16.114079,47.570655],[16.114308,47.570414],[16.114492,47.570156],[16.114694,47.569813],[16.11483,47.569471],[16.114934,47.569079],[16.11498,47.568622],[16.114947,47.568041],[16.114853,47.567305],[16.114841,47.567103],[16.114857,47.566586],[16.114962,47.566169],[16.115138,47.565712],[16.115342,47.565337],[16.115621,47.564959],[16.11598,47.564584],[16.116377,47.564241],[16.116859,47.563925],[16.117348,47.563653],[16.117824,47.563438],[16.118334,47.563238],[16.119373,47.562816],[16.119903,47.562549],[16.120327,47.562281],[16.120768,47.561935],[16.121107,47.561602],[16.122061,47.560514],[16.122413,47.560159],[16.122775,47.55982],[16.123375,47.559345],[16.124095,47.558851],[16.124796,47.558443],[16.125506,47.558095],[16.127482,47.557255],[16.128037,47.556946],[16.128463,47.556661],[16.128788,47.556398],[16.12917,47.556008],[16.129474,47.55559],[16.129645,47.55532],[16.129852,47.55482],[16.129942,47.554431],[16.129973,47.554074],[16.129947,47.553574],[16.129779,47.552507],[16.129764,47.552142],[16.129769,47.552091],[16.129798,47.551769],[16.129937,47.551237],[16.130153,47.550765],[16.130439,47.550328],[16.130628,47.55009],[16.130838,47.54986],[16.131646,47.549125],[16.131937,47.548855],[16.132185,47.548586],[16.13251,47.548134],[16.132657,47.547871],[16.132776,47.547606],[16.132885,47.54724],[16.132952,47.546817],[16.132963,47.546428],[16.132918,47.546099],[16.132808,47.545707],[16.132703,47.545421],[16.132459,47.544984],[16.132283,47.544748],[16.132082,47.544496],[16.13175,47.544183],[16.131499,47.543972],[16.131219,47.543761],[16.130577,47.543396],[16.129943,47.543123],[16.129503,47.542973],[16.129075,47.542853],[16.128593,47.542751],[16.128162,47.542685],[16.127647,47.542636],[16.127152,47.542617],[16.126697,47.542624],[16.126136,47.542668],[16.125584,47.542741],[16.125013,47.542845],[16.124411,47.542986],[16.12417,47.543038],[16.123669,47.543146],[16.123214,47.543219],[16.122697,47.543287],[16.122111,47.543328],[16.121643,47.543338],[16.121173,47.543329],[16.120558,47.543279],[16.119817,47.543169],[16.119249,47.543046],[16.118758,47.542908],[16.118092,47.542673],[16.117737,47.542522],[16.117417,47.54237],[16.116654,47.541955],[16.116188,47.541704],[16.11572,47.54147],[16.114824,47.541144],[16.113881,47.540878],[16.113199,47.540668],[16.11283,47.540536],[16.112539,47.540417],[16.112285,47.540293],[16.112115,47.540208],[16.111791,47.540019],[16.111321,47.539691],[16.110965,47.539394],[16.110674,47.539081],[16.110438,47.538796],[16.110248,47.538499],[16.110062,47.538137],[16.109918,47.537701],[16.10985,47.537363],[16.109827,47.536876],[16.109865,47.536522],[16.109952,47.53615],[16.110122,47.535717],[16.110337,47.535261],[16.110608,47.534641],[16.110698,47.534355],[16.110768,47.533995],[16.110798,47.533576],[16.110794,47.533252],[16.110784,47.532785],[16.110816,47.532284],[16.110891,47.531935],[16.110979,47.531655],[16.111138,47.531304],[16.111283,47.531061],[16.111433,47.530813],[16.111618,47.530542],[16.111931,47.530055],[16.112116,47.529707],[16.112287,47.52925],[16.112341,47.529047],[16.112381,47.528781],[16.112397,47.528515],[16.112353,47.528029],[16.112236,47.52758],[16.112061,47.527196],[16.111888,47.526881],[16.111665,47.526574],[16.111375,47.526253],[16.111056,47.525962],[16.110559,47.525551],[16.110177,47.52526],[16.1099,47.525047],[16.109295,47.524587],[16.108362,47.523911],[16.107339,47.523258],[16.106962,47.523028],[16.106208,47.522602],[16.105395,47.522171],[16.10451,47.521707],[16.102786,47.52081],[16.102104,47.520451],[16.101505,47.520123],[16.101249,47.519972],[16.101028,47.519826],[16.100568,47.519477],[16.100196,47.51911],[16.099782,47.518596],[16.099541,47.518142],[16.099398,47.517726],[16.099295,47.517228],[16.099293,47.516786],[16.099345,47.516341],[16.099459,47.515962],[16.099625,47.515588],[16.100021,47.514968],[16.100483,47.514362],[16.101443,47.513151],[16.10216,47.512237],[16.10273,47.511511],[16.103393,47.510697],[16.103775,47.510284],[16.104204,47.509886],[16.104586,47.509574],[16.105008,47.509279],[16.105597,47.50892],[16.106222,47.508598],[16.106834,47.508338],[16.107399,47.50813],[16.10798,47.507944],[16.109053,47.507604],[16.109771,47.507321],[16.11017,47.507128],[16.110528,47.506929],[16.111178,47.506485],[16.111702,47.506028],[16.112071,47.505606],[16.112209,47.50541],[16.112492,47.504942],[16.112677,47.504507],[16.112785,47.504159],[16.112853,47.503776],[16.112858,47.503167],[16.11282,47.502866],[16.112755,47.502549],[16.112708,47.502401],[16.112649,47.502238],[16.112572,47.502054],[16.11243,47.501767],[16.112281,47.501516],[16.111886,47.501016],[16.111694,47.500799],[16.111483,47.500605],[16.111115,47.5003],[16.110721,47.500024],[16.110259,47.499751],[16.109748,47.499502],[16.109379,47.499348],[16.108975,47.499204],[16.108312,47.499016],[16.107711,47.49889],[16.107112,47.498801],[16.106296,47.498726],[16.105412,47.498648],[16.104931,47.498588],[16.104266,47.498461],[16.10382,47.498344],[16.103354,47.498193],[16.102804,47.497964],[16.102212,47.497647],[16.101929,47.497468],[16.101658,47.49728],[16.101458,47.497127],[16.101266,47.496983],[16.09864,47.494933],[16.098445,47.494776],[16.097932,47.494277],[16.097529,47.49379],[16.097346,47.493483],[16.097161,47.493068],[16.09705,47.492649],[16.096997,47.492205],[16.097022,47.491733],[16.097069,47.491465],[16.097176,47.491094],[16.09732,47.490771],[16.097589,47.490313],[16.098334,47.4893],[16.098531,47.488963],[16.098638,47.488747],[16.098769,47.488414],[16.098861,47.488081],[16.09892,47.487584],[16.098911,47.487144],[16.098848,47.486734],[16.098722,47.486338],[16.098555,47.485957],[16.09833,47.485617],[16.098017,47.485176],[16.097658,47.484809],[16.097309,47.484516],[16.097,47.484287],[16.096642,47.484057],[16.09624,47.483844],[16.095134,47.483262],[16.094808,47.483074],[16.094481,47.482847],[16.094153,47.482577],[16.093847,47.482291],[16.093663,47.482075],[16.093352,47.481656],[16.093169,47.481295],[16.092996,47.480805],[16.092937,47.480542],[16.092907,47.480315],[16.092907,47.479949],[16.092931,47.479707],[16.09297,47.479468],[16.093049,47.479188],[16.093154,47.478904],[16.093327,47.478577],[16.093487,47.478326],[16.093721,47.478031],[16.093863,47.477873],[16.094099,47.477634],[16.094246,47.477508],[16.095072,47.476781],[16.095585,47.476243],[16.095855,47.475898],[16.096084,47.475537],[16.096332,47.475038],[16.096531,47.474442],[16.096687,47.473693],[16.0968,47.473056],[16.097046,47.471669],[16.097158,47.471033],[16.097262,47.470431],[16.097316,47.470083],[16.097346,47.469876],[16.097375,47.469488],[16.097357,47.46897],[16.097306,47.46864],[16.097216,47.468294],[16.096982,47.467675],[16.096737,47.467046],[16.096566,47.466425],[16.096518,47.466079],[16.096497,47.465731],[16.096579,47.464064],[16.09671,47.462402],[16.096797,47.461673],[16.096963,47.460729],[16.097146,47.459927],[16.097392,47.459007],[16.097469,47.458737],[16.097816,47.457702],[16.097933,47.457329],[16.098019,47.456951],[16.09806,47.456539],[16.098032,47.456133],[16.098002,47.455944],[16.097959,47.455752],[16.097872,47.455504],[16.097771,47.455268],[16.097608,47.454935],[16.097291,47.454407],[16.097197,47.454228],[16.096992,47.453768],[16.096901,47.453473],[16.096841,47.453176],[16.096821,47.452826],[16.096831,47.452529],[16.096861,47.452289],[16.096913,47.452062],[16.09696,47.451879],[16.09709,47.451566],[16.097705,47.45033],[16.097895,47.449861],[16.098049,47.449385],[16.098187,47.448855],[16.098277,47.44849],[16.098433,47.447861],[16.098581,47.447263],[16.098689,47.4468],[16.098734,47.446587],[16.098755,47.446409],[16.098784,47.446176],[16.098787,47.445924],[16.098769,47.445695],[16.09873,47.445472],[16.098691,47.445277],[16.098627,47.445088],[16.098529,47.444834],[16.098406,47.444592],[16.098228,47.4443],[16.097486,47.443237],[16.097351,47.442992],[16.097213,47.442663],[16.097139,47.442451],[16.097086,47.442234],[16.097054,47.442033],[16.097034,47.44182],[16.097049,47.441335],[16.097109,47.441027],[16.097214,47.440664],[16.097286,47.440489],[16.097484,47.440106],[16.097575,47.439949],[16.097663,47.43982],[16.098054,47.439243],[16.098734,47.438265],[16.099921,47.436547],[16.100127,47.43624],[16.10025,47.43605],[16.1004,47.435803],[16.100618,47.43534],[16.100746,47.434912],[16.100797,47.434571],[16.10077,47.433889],[16.100649,47.433415],[16.100468,47.432995],[16.100249,47.432629],[16.099968,47.432278],[16.099535,47.431853],[16.099045,47.431464],[16.098018,47.430654],[16.097725,47.430374],[16.097473,47.430086],[16.097021,47.429469],[16.096654,47.428751],[16.096458,47.428065],[16.096396,47.42759],[16.096396,47.427123],[16.096427,47.426327],[16.096414,47.425923],[16.096344,47.425518],[16.09621,47.4251],[16.09602,47.424696],[16.095813,47.424398],[16.095582,47.424109],[16.095231,47.423757],[16.094834,47.423431],[16.094307,47.423072],[16.093756,47.422731],[16.09303,47.42233],[16.092275,47.421961],[16.091493,47.421623],[16.090691,47.421315],[16.089982,47.42108],[16.088711,47.420663],[16.088304,47.420506],[16.087922,47.42033],[16.087535,47.420126],[16.087193,47.419912],[16.08698,47.419766],[16.086708,47.419534],[16.086392,47.419239],[16.08562,47.418334],[16.085355,47.418043],[16.085069,47.417765],[16.08479,47.417546],[16.084499,47.417348],[16.084076,47.417093],[16.083641,47.416879],[16.083185,47.416689],[16.082284,47.416335],[16.081842,47.416134],[16.081623,47.416029],[16.081447,47.415934],[16.081115,47.415734],[16.080787,47.415505],[16.080541,47.415312],[16.080217,47.415],[16.079981,47.414732],[16.079773,47.414452],[16.079596,47.414131],[16.079447,47.41381],[16.079337,47.413453],[16.079259,47.413085],[16.079185,47.412151],[16.07911,47.410887],[16.079097,47.410221],[16.079116,47.409886],[16.079152,47.409533],[16.079187,47.409325],[16.079322,47.408806],[16.079446,47.40844],[16.079804,47.407674],[16.080188,47.40696],[16.080419,47.406489],[16.080718,47.40581],[16.080959,47.405115],[16.081096,47.40461],[16.081208,47.404103],[16.081347,47.403041],[16.081372,47.40217],[16.08134,47.401262],[16.081173,47.399621],[16.081079,47.398793],[16.08101,47.397966],[16.081011,47.397111],[16.081053,47.396555],[16.081104,47.396131],[16.081166,47.395788],[16.081302,47.395188],[16.081469,47.394608],[16.081745,47.393874],[16.082126,47.393054],[16.082346,47.392649],[16.082673,47.392097],[16.083001,47.391617],[16.083424,47.39107],[16.083862,47.390535],[16.085511,47.388647],[16.086031,47.388035],[16.086511,47.387419],[16.086669,47.387212],[16.086987,47.386777],[16.087333,47.386268],[16.087772,47.385566],[16.088173,47.384861],[16.088555,47.3841],[16.088909,47.383339],[16.08935,47.382186],[16.0897,47.381024],[16.089941,47.37997],[16.090084,47.379069],[16.090175,47.378146],[16.090195,47.377623],[16.090206,47.377222],[16.090203,47.376762],[16.090153,47.37583],[16.090106,47.375363],[16.090042,47.374871],[16.089909,47.374087],[16.089725,47.373275],[16.089622,47.372888],[16.089418,47.372247],[16.089254,47.371757],[16.089016,47.371132],[16.088807,47.370633],[16.088408,47.369805],[16.088083,47.369195],[16.087469,47.368148],[16.086943,47.367318],[16.085777,47.365529],[16.084609,47.363743],[16.083608,47.362219],[16.082285,47.360188],[16.081807,47.359484],[16.081302,47.358795],[16.080798,47.358161],[16.080249,47.357546],[16.079888,47.357162],[16.079505,47.356785],[16.078719,47.356058],[16.077051,47.354633],[16.07533,47.353158],[16.073665,47.351665],[16.072427,47.350468],[16.071398,47.349397],[16.070855,47.348819],[16.07036,47.348266],[16.069357,47.347085],[16.068529,47.346043],[16.068004,47.345347],[16.067485,47.344631],[16.066979,47.343895],[16.066497,47.343155],[16.066029,47.342409],[16.065581,47.34166],[16.065423,47.341386],[16.064786,47.340207],[16.064059,47.338736],[16.063438,47.337332],[16.063146,47.336602],[16.0629,47.335922],[16.062775,47.335588],[16.062599,47.335064],[16.062452,47.334616],[16.062246,47.333936],[16.062032,47.333146],[16.061842,47.332395],[16.061573,47.33116],[16.061512,47.330837],[16.061465,47.330585],[16.061323,47.329731],[16.061208,47.328896],[16.06112,47.328062],[16.061051,47.327234],[16.061003,47.326396],[16.060983,47.324821],[16.061044,47.323239],[16.061146,47.322003],[16.061297,47.320769],[16.061338,47.320484],[16.061507,47.319511],[16.06162,47.318908],[16.061776,47.318217],[16.062094,47.316935],[16.062332,47.316112],[16.06258,47.315344],[16.062727,47.314899],[16.0631,47.313876],[16.063501,47.312854],[16.064058,47.311594],[16.064719,47.310179],[16.066274,47.307166],[16.066506,47.306727],[16.067073,47.305644],[16.067736,47.304338],[16.068351,47.303049],[16.068874,47.301841],[16.069155,47.30111],[16.069316,47.300636],[16.069441,47.30026],[16.069666,47.299462],[16.069845,47.298661],[16.070034,47.29748],[16.070089,47.296871],[16.07013,47.296262],[16.070144,47.295584],[16.070125,47.294907],[16.070036,47.293878],[16.069886,47.292862],[16.069679,47.291906],[16.069417,47.290969],[16.069279,47.29056],[16.068933,47.289648],[16.06854,47.288754],[16.068172,47.288028],[16.067761,47.287318],[16.067319,47.286602],[16.066843,47.285899],[16.0663,47.285173],[16.065978,47.284763],[16.065444,47.284138],[16.064995,47.283637],[16.063964,47.282596],[16.063156,47.281857],[16.062684,47.281448],[16.062298,47.281139],[16.061627,47.280616],[16.060928,47.280105],[16.060101,47.279538],[16.059258,47.279018],[16.058514,47.278563],[16.057758,47.278134],[16.057222,47.277858],[16.056633,47.277557],[16.055844,47.277179],[16.055195,47.276886],[16.054065,47.276398],[16.053172,47.27605],[16.052475,47.27579],[16.051865,47.275583],[16.051295,47.275396],[16.050517,47.275151],[16.049952,47.274977],[16.049185,47.274767],[16.048134,47.27451],[16.047033,47.274255],[16.046196,47.274085],[16.045946,47.274032],[16.045063,47.273876],[16.04413,47.273728],[16.043412,47.27363],[16.042495,47.273519],[16.041755,47.273442],[16.041036,47.273379],[16.040386,47.273329],[16.039147,47.273265],[16.037673,47.273225],[16.036898,47.27322],[16.03625,47.273229],[16.034861,47.273278],[16.033504,47.273362],[16.032364,47.273459],[16.031221,47.273581],[16.029755,47.273774],[16.028004,47.274036],[16.025807,47.274405],[16.023628,47.274779],[16.02282,47.274916],[16.022007,47.275042],[16.020858,47.275194],[16.019875,47.275306],[16.019018,47.275377],[16.018294,47.275418],[16.017197,47.27544],[16.016325,47.275418],[16.015563,47.275375],[16.014651,47.275295],[16.013703,47.275171],[16.012896,47.275035],[16.012091,47.274872],[16.011336,47.274686],[16.010619,47.274485],[16.009779,47.274214],[16.008886,47.273881],[16.008052,47.273526],[16.007489,47.273258],[16.007037,47.273019],[16.006324,47.272612],[16.005873,47.272328],[16.005417,47.27202],[16.005172,47.271852],[16.004596,47.271412],[16.004062,47.270961],[16.003636,47.270555],[16.003242,47.270141],[16.002616,47.269408],[16.00202,47.268557],[16.001443,47.267484],[16.001218,47.266947],[16.001035,47.266402],[16.000994,47.266256],[16.000872,47.265761],[16.000778,47.265264],[16.000722,47.264794],[16.000693,47.264096],[16.000713,47.263408],[16.000806,47.26259],[16.000935,47.261767],[16.001265,47.260165],[16.00144,47.259378],[16.001602,47.258584],[16.001734,47.257716],[16.001812,47.256956],[16.001843,47.256357],[16.001843,47.255758],[16.001801,47.255166],[16.001729,47.254576],[16.001611,47.253895],[16.001436,47.253211],[16.0012,47.252448],[16.000922,47.251713],[16.00053,47.250863],[16.000107,47.250017],[15.999354,47.24862],[15.998715,47.247433],[15.998118,47.24627],[15.997998,47.246028],[15.997655,47.245368],[15.997302,47.244581],[15.996807,47.24341],[15.99636,47.242246],[15.99617,47.241705],[15.995851,47.240677],[15.995584,47.239699],[15.995397,47.238947],[15.995233,47.238197],[15.995088,47.237427],[15.994968,47.236645],[15.994843,47.235666],[15.994753,47.23468],[15.994713,47.234182],[15.994695,47.233696],[15.994679,47.232644],[15.994703,47.231538],[15.994766,47.230434],[15.994872,47.229071],[15.994938,47.22834],[15.994979,47.227939],[15.995092,47.226853],[15.995206,47.225742],[15.995293,47.22471],[15.995357,47.223657],[15.995376,47.222633],[15.995344,47.221575],[15.995285,47.220844],[15.995193,47.220109],[15.994977,47.218888],[15.994853,47.218314],[15.994708,47.21774],[15.994323,47.216513],[15.993894,47.215358],[15.993811,47.215138],[15.99282,47.212908],[15.991812,47.210699],[15.99129,47.209422],[15.991016,47.208627],[15.990778,47.207827],[15.990615,47.20717],[15.990484,47.206519],[15.990442,47.206205],[15.99035,47.20553],[15.990273,47.20455],[15.990256,47.203835],[15.990269,47.203121],[15.990294,47.202718],[15.990409,47.201644],[15.990596,47.200593],[15.990861,47.199543],[15.991114,47.198726],[15.991412,47.197916],[15.991762,47.19711],[15.992156,47.196312],[15.992481,47.195712],[15.992823,47.195115],[15.994306,47.192713],[15.995168,47.191267],[15.995533,47.19059],[15.995869,47.189911],[15.996197,47.189179],[15.996484,47.188447],[15.996736,47.187707],[15.996946,47.186962],[15.997058,47.186531],[15.997182,47.185951],[15.997286,47.18537],[15.997373,47.18465],[15.997426,47.184128],[15.997458,47.183361],[15.997455,47.182973],[15.997447,47.182506],[15.997421,47.181948],[15.997379,47.181477],[15.997332,47.181223],[15.997297,47.180939],[15.997244,47.180499],[15.997205,47.180208],[15.997052,47.179215],[15.99691,47.178306],[15.996842,47.17777],[15.996789,47.177306],[15.996766,47.176755],[15.996775,47.176255],[15.996813,47.175741],[15.996922,47.174926],[15.996984,47.174638],[15.997064,47.17432],[15.997166,47.17396],[15.997235,47.173716],[15.9994,47.16759],[15.999927,47.166101],[16.000466,47.164575],[16.000793,47.163551],[16.001024,47.162726],[16.001202,47.161891],[16.001332,47.161018],[16.001396,47.16014],[16.001406,47.159371],[16.00137,47.158686],[16.001332,47.158259],[16.00127,47.157826],[16.001129,47.157048],[16.000965,47.156376],[16.00076,47.155709],[16.000496,47.154971],[16.000482,47.15494],[16.000183,47.154243],[15.99983,47.15353],[15.999457,47.15288],[15.998968,47.152114],[15.998433,47.151367],[15.997857,47.15064],[15.997353,47.150058],[15.996393,47.148972],[15.996115,47.148658],[15.995795,47.148317],[15.995275,47.147709],[15.99453,47.146836],[15.99378,47.145945],[15.99304,47.145061],[15.992316,47.144174],[15.991378,47.142958],[15.990788,47.142152],[15.990606,47.141897],[15.989733,47.140592],[15.988931,47.139299],[15.988856,47.139171],[15.988053,47.137716],[15.987294,47.136197],[15.986822,47.135139],[15.986392,47.134086],[15.985839,47.132566],[15.985367,47.131022],[15.985128,47.130144],[15.98492,47.129262],[15.984879,47.129067],[15.984674,47.128048],[15.984506,47.127014],[15.984389,47.126142],[15.984305,47.12534],[15.984236,47.124496],[15.984216,47.124126],[15.98419,47.123655],[15.984185,47.123518],[15.984153,47.122692],[15.984145,47.121042],[15.984152,47.120714],[15.984214,47.118546],[15.984289,47.117097],[15.984321,47.116531],[15.984444,47.114632],[15.984492,47.113855],[15.984529,47.113198],[15.984785,47.109109],[15.984801,47.108841],[15.984866,47.107476],[15.984869,47.107144],[15.984877,47.106609],[15.984881,47.105724],[15.984846,47.104845],[15.984809,47.104287],[15.984763,47.10377],[15.984688,47.103155],[15.98461,47.102651],[15.984493,47.102016],[15.984359,47.10141],[15.984199,47.100773],[15.984065,47.100308],[15.983895,47.099767],[15.983787,47.099451],[15.983587,47.098893],[15.983227,47.098031],[15.982787,47.097071],[15.982443,47.096409],[15.982176,47.095929],[15.981858,47.095387],[15.981309,47.094527],[15.980862,47.093884],[15.980607,47.09354],[15.980265,47.093076],[15.979904,47.092628],[15.97918,47.091776],[15.978644,47.091186],[15.978087,47.090604],[15.977515,47.090044],[15.976923,47.089494],[15.976368,47.089003],[15.975098,47.087954],[15.973747,47.086955],[15.973096,47.086504],[15.971529,47.085509],[15.970778,47.085063],[15.970529,47.084925],[15.969967,47.084613],[15.968901,47.084058],[15.96781,47.083528],[15.967127,47.08321],[15.96662,47.082986],[15.966026,47.08273],[15.965187,47.082388],[15.964389,47.082083],[15.963778,47.08186],[15.963254,47.081673],[15.962726,47.081492],[15.962201,47.081322],[15.961664,47.081152],[15.961119,47.080987],[15.960425,47.080789],[15.959773,47.080609],[15.958801,47.080356],[15.95786,47.080135],[15.957001,47.079955],[15.955991,47.079746],[15.954969,47.07956],[15.95384,47.079387],[15.953315,47.079307],[15.951909,47.079129],[15.95099,47.079031],[15.949794,47.078925],[15.948609,47.078846],[15.947407,47.078791],[15.946204,47.078758],[15.945163,47.078755],[15.944116,47.078768],[15.943107,47.078801],[15.942098,47.078843],[15.940581,47.078944],[15.939072,47.079066],[15.936046,47.079344],[15.933231,47.079592],[15.930394,47.079814],[15.929127,47.079898],[15.927858,47.079972],[15.926563,47.080034],[15.925273,47.080086],[15.92384,47.080132],[15.923593,47.08014],[15.919219,47.08019],[15.917598,47.080171],[15.914122,47.080084],[15.912815,47.080033],[15.908513,47.079857],[15.908054,47.079837],[15.907114,47.079797],[15.901071,47.079546],[15.899062,47.07949],[15.896869,47.079477],[15.895451,47.079517],[15.894045,47.079595],[15.892962,47.079683],[15.891906,47.0798],[15.890782,47.079946],[15.889667,47.080125],[15.889205,47.080205],[15.887151,47.080634],[15.886071,47.080901],[15.884996,47.081196],[15.88391,47.081525],[15.882842,47.081881],[15.881821,47.082259],[15.880826,47.082661],[15.879374,47.083297],[15.877936,47.083968],[15.876702,47.084557],[15.876248,47.084774],[15.875126,47.085305],[15.874,47.085827],[15.873024,47.086254],[15.87203,47.086654],[15.87122,47.086959],[15.870404,47.087244],[15.86942,47.087545],[15.868393,47.087835],[15.867402,47.088078],[15.866402,47.088292],[15.865441,47.088474],[15.864475,47.088631],[15.863482,47.088767],[15.862492,47.088877],[15.860064,47.089107],[15.857371,47.089323],[15.856166,47.089412],[15.853417,47.089635],[15.850493,47.089867],[15.849646,47.089935],[15.848729,47.090008],[15.847708,47.090089],[15.847075,47.090139],[15.84401,47.090395],[15.843272,47.090466],[15.842448,47.090558],[15.841485,47.090674],[15.84051,47.090815],[15.839554,47.09098],[15.838286,47.091234],[15.83705,47.091527],[15.835865,47.091859],[15.834717,47.092225],[15.833299,47.092719],[15.831729,47.093317],[15.831429,47.093432],[15.829333,47.094244],[15.825848,47.095586],[15.825131,47.095864],[15.823593,47.096459],[15.821731,47.097177],[15.820446,47.097643],[15.819298,47.098022],[15.818927,47.098133],[15.818272,47.098316],[15.817602,47.098492],[15.816937,47.098646],[15.816242,47.098784],[15.815544,47.098906],[15.814515,47.099055],[15.813637,47.099152],[15.812591,47.09923],[15.811729,47.099277],[15.810755,47.099306],[15.809702,47.099323],[15.80654,47.099349],[15.803737,47.099368],[15.803361,47.099376],[15.801391,47.099419],[15.799445,47.099496],[15.798829,47.099529],[15.796775,47.099668],[15.794725,47.099865],[15.793148,47.100061],[15.791583,47.100302],[15.790775,47.100443],[15.7883,47.100931],[15.788094,47.100977],[15.787888,47.101023],[15.786228,47.101417],[15.784572,47.101839],[15.781586,47.102681],[15.779746,47.103216],[15.775918,47.104325],[15.77421,47.104825],[15.773571,47.105],[15.773044,47.105148],[15.772736,47.105222],[15.772004,47.10538],[15.771257,47.105516],[15.770389,47.105635],[15.769679,47.105697],[15.768969,47.105738],[15.768451,47.105748],[15.767648,47.105736],[15.766842,47.105691],[15.766238,47.105634],[15.765493,47.105543],[15.764899,47.105451],[15.764308,47.105335],[15.76372,47.1052],[15.762808,47.104943],[15.761751,47.104585],[15.760907,47.104233],[15.760096,47.103841],[15.759339,47.10341],[15.758594,47.102952],[15.757828,47.102455],[15.757045,47.101941],[15.753558,47.099654],[15.751353,47.098225],[15.750162,47.097499],[15.748941,47.096799],[15.748916,47.096785],[15.748106,47.096349],[15.74726,47.095925],[15.746372,47.095515],[15.745928,47.095326],[15.745441,47.095118],[15.744405,47.094712],[15.743703,47.094459],[15.743356,47.094343],[15.742265,47.094004],[15.741252,47.093709],[15.74025,47.093449],[15.739231,47.093216],[15.738407,47.093053],[15.73729,47.092852],[15.736256,47.092699],[15.735891,47.092652],[15.734447,47.092489],[15.733528,47.092413],[15.73251,47.092355],[15.730699,47.092315],[15.729967,47.09232],[15.72908,47.092341],[15.728048,47.09239],[15.727349,47.092433],[15.726659,47.092492],[15.725967,47.092562],[15.725113,47.092663],[15.724484,47.09275],[15.724074,47.092817],[15.723242,47.092957],[15.72243,47.093112],[15.721424,47.093326],[15.720439,47.093565],[15.720002,47.093676],[15.718045,47.09423],[15.716021,47.094886],[15.71436,47.095477],[15.711157,47.096711],[15.710429,47.096995],[15.709799,47.097245],[15.708279,47.097837],[15.706722,47.09841],[15.705643,47.098773],[15.704539,47.099106],[15.703767,47.099315],[15.702971,47.099497],[15.702233,47.09965],[15.700863,47.099871],[15.700124,47.099962],[15.699253,47.100037],[15.698178,47.100096],[15.697357,47.100108],[15.696669,47.1001],[15.695435,47.100042],[15.694266,47.099941],[15.69359,47.099848],[15.692512,47.099675],[15.691336,47.099432],[15.690422,47.099203],[15.68934,47.098874],[15.688696,47.098654],[15.686947,47.097947],[15.686149,47.09755],[15.685324,47.097097],[15.684733,47.096741],[15.684333,47.096516],[15.683759,47.096101],[15.68304,47.095579],[15.681916,47.094756],[15.681659,47.094581],[15.680995,47.094136],[15.680301,47.093705],[15.678744,47.092854],[15.677878,47.092427],[15.677043,47.092047],[15.67561,47.091469],[15.675316,47.091358],[15.674733,47.091156],[15.67372,47.090826],[15.672895,47.090596],[15.672223,47.09041],[15.671032,47.090127],[15.670036,47.089916],[15.66717,47.089367],[15.666482,47.089235],[15.665162,47.088959],[15.664243,47.088754],[15.663877,47.088664],[15.663326,47.088528],[15.661638,47.088062],[15.660687,47.087778],[15.659755,47.087478],[15.659694,47.087458],[15.659677,47.087452],[15.659591,47.087423],[15.658858,47.087166],[15.657973,47.086842],[15.656299,47.086167],[15.654644,47.085422],[15.652863,47.084531],[15.652834,47.084514],[15.65112,47.08355],[15.649665,47.082637],[15.648945,47.082152],[15.648246,47.081655],[15.647419,47.08103],[15.646224,47.080057],[15.645709,47.079603],[15.644875,47.078835],[15.644324,47.078296],[15.643631,47.077553],[15.642962,47.076796],[15.642673,47.076457],[15.6418,47.075426],[15.640898,47.074415],[15.640742,47.074245],[15.640309,47.073792],[15.639972,47.073478],[15.639548,47.073116],[15.638899,47.072588],[15.638103,47.072036],[15.637227,47.071522],[15.636448,47.071127],[15.635629,47.070768],[15.635165,47.070586],[15.634751,47.070443],[15.634414,47.070328],[15.633705,47.070112],[15.633329,47.07001],[15.632504,47.069808],[15.631358,47.069558],[15.630189,47.069339],[15.627835,47.068926],[15.626753,47.068724],[15.62557,47.068485],[15.625061,47.068375],[15.623542,47.068022],[15.621804,47.067573],[15.62144,47.067479],[15.619372,47.06687],[15.61919,47.066812],[15.618272,47.066517],[15.617221,47.066162],[15.615141,47.065413],[15.614788,47.065289],[15.614764,47.065281],[15.61469,47.065256],[15.613443,47.064818],[15.611728,47.06427],[15.610459,47.063932],[15.609256,47.063658],[15.608385,47.063488],[15.607423,47.06332],[15.606479,47.063187],[15.605532,47.06307],[15.604195,47.062946],[15.602861,47.062838],[15.601261,47.062697],[15.600713,47.06264],[15.600157,47.062568],[15.599671,47.062504],[15.599142,47.062413],[15.598777,47.062347],[15.598019,47.062196],[15.597069,47.062012],[15.596612,47.061924],[15.59599,47.06182],[15.595811,47.061793],[15.595638,47.061768],[15.59542,47.061736],[15.594533,47.061655],[15.593958,47.061619],[15.593198,47.061596],[15.592625,47.061604],[15.591921,47.061635],[15.591162,47.061696],[15.590616,47.061757],[15.589852,47.061877],[15.588876,47.062073],[15.588786,47.062094],[15.58812,47.062264],[15.587432,47.062462],[15.586649,47.062723],[15.585763,47.063021],[15.585658,47.063053],[15.584823,47.063314],[15.584196,47.063483],[15.583759,47.063591],[15.583316,47.063687],[15.582865,47.063775],[15.582394,47.063845],[15.581756,47.063931],[15.580996,47.064008],[15.58029,47.064045],[15.579785,47.064056],[15.579154,47.06405],[15.578701,47.064035],[15.578249,47.06401],[15.57748,47.063939],[15.57674,47.063844],[15.57562,47.06364],[15.574564,47.063415],[15.572922,47.06305],[15.571847,47.062862],[15.571186,47.062776],[15.570529,47.06271],[15.569455,47.062641],[15.568314,47.062626],[15.56728,47.062661],[15.565929,47.062744],[15.564766,47.062823],[15.56393,47.062854],[15.563033,47.062854],[15.56286,47.062848],[15.562301,47.062826],[15.561516,47.062761],[15.560611,47.062647],[15.559702,47.062485],[15.558974,47.062321],[15.55829,47.062133],[15.557473,47.061874],[15.556884,47.061663],[15.556179,47.061367],[15.555593,47.061082],[15.555106,47.060826],[15.554149,47.060286],[15.553987,47.0602],[15.553048,47.059699],[15.552681,47.059514],[15.552291,47.05934],[15.55187,47.05916],[15.551269,47.058913],[15.550784,47.058737],[15.550069,47.058498],[15.549328,47.05829],[15.548628,47.058119],[15.547488,47.057899],[15.547252,47.057854],[15.54535,47.057577],[15.544438,47.05742],[15.543541,47.057225],[15.542993,47.057094],[15.542475,47.05694],[15.541868,47.056742],[15.541268,47.056524],[15.541018,47.056419],[15.540472,47.056182],[15.539904,47.0559],[15.539288,47.05556],[15.538599,47.055135],[15.537909,47.05463],[15.537365,47.054172],[15.536816,47.053645],[15.536215,47.052963],[15.53575,47.052308],[15.535356,47.051625],[15.534948,47.050739],[15.53456,47.049767],[15.534372,47.049312],[15.53414,47.048824],[15.533773,47.048158],[15.533136,47.047268],[15.532459,47.046535],[15.531882,47.046024],[15.531429,47.045656],[15.530951,47.045298],[15.530185,47.044831],[15.529509,47.044468],[15.528965,47.044213],[15.527871,47.043763],[15.526848,47.043432],[15.525757,47.043156],[15.52475,47.042951],[15.523742,47.042772],[15.522418,47.042547],[15.520506,47.042196],[15.519342,47.041922],[15.518398,47.041663],[15.51758,47.041403],[15.516782,47.041121],[15.515878,47.040767],[15.515039,47.040388],[15.513674,47.039693],[15.512136,47.038717],[15.51105,47.037901],[15.510094,47.037049],[15.50952,47.036467],[15.509091,47.035974],[15.508859,47.035692],[15.508156,47.034727],[15.507545,47.033805],[15.507423,47.033618],[15.5073,47.033432],[15.506628,47.032429],[15.506002,47.031573],[15.505593,47.031062],[15.503965,47.029223],[15.503616,47.028871],[15.502039,47.027396],[15.501349,47.026826],[15.500716,47.02633],[15.500206,47.025938],[15.499308,47.025282],[15.498718,47.024881],[15.498316,47.024623],[15.497446,47.024065],[15.496965,47.023768],[15.496004,47.023219],[15.495029,47.022695],[15.494455,47.022396],[15.493268,47.021826],[15.492207,47.021352],[15.491848,47.021203],[15.490764,47.020736],[15.489892,47.020399],[15.488874,47.020031],[15.488449,47.019882],[15.48747,47.019556],[15.487321,47.019506],[15.487218,47.019474],[15.486834,47.019356],[15.486429,47.019227],[15.485633,47.018981],[15.484938,47.018779],[15.483958,47.018495],[15.483093,47.018261],[15.481646,47.017879],[15.480376,47.017559],[15.478913,47.0172],[15.476423,47.016603],[15.473895,47.016021],[15.473071,47.015839],[15.472342,47.015687],[15.471685,47.015567],[15.471068,47.015466],[15.470311,47.015357],[15.469154,47.01522],[15.468338,47.015145],[15.467636,47.015091],[15.46676,47.015053],[15.465635,47.015027],[15.464647,47.015023],[15.464291,47.01502],[15.463302,47.015021],[15.462448,47.015003],[15.461597,47.014979],[15.460907,47.01494],[15.460094,47.014876],[15.45954,47.01482],[15.458899,47.014734],[15.457664,47.014525],[15.456542,47.01429],[15.455624,47.014068],[15.454722,47.013829],[15.453413,47.013451],[15.452122,47.01306],[15.451544,47.012875],[15.448342,47.011879],[15.447936,47.011753],[15.445981,47.011144],[15.444259,47.010614],[15.444082,47.010557],[15.443939,47.01051],[15.4438,47.010466],[15.44317,47.010268],[15.44218,47.009961],[15.442048,47.009922],[15.441989,47.009902],[15.441858,47.00986],[15.441775,47.009835],[15.441736,47.009821],[15.441652,47.009796],[15.441136,47.009639],[15.439003,47.008976],[15.438924,47.008951],[15.438749,47.008894],[15.436755,47.008273],[15.435815,47.007977],[15.432404,47.006913],[15.429252,47.005942],[15.427642,47.005435],[15.427047,47.005255],[15.426864,47.005197],[15.426651,47.005132],[15.426244,47.005008],[15.425219,47.004674],[15.422723,47.00388],[15.421537,47.003476],[15.420409,47.003076],[15.4187,47.002463],[15.418281,47.002297],[15.416945,47.001761],[15.415196,47.001147],[15.414147,47.000791],[15.413746,47.000631],[15.413317,47.000486],[15.412935,47.000383],[15.412549,47.000303],[15.412226,47.000262],[15.411883,47.000238],[15.410753,47.000224],[15.410477,47.000212],[15.410223,47.000178],[15.409979,47.000114],[15.409689,46.999989],[15.409564,46.999913],[15.40945,46.999833],[15.409319,46.999694],[15.409221,46.999557],[15.409216,46.999551],[15.409195,46.999517],[15.40901,46.999223],[15.408963,46.999146],[15.408618,46.998544],[15.408038,46.99748],[15.407667,46.996817],[15.407517,46.996516],[15.407446,46.996306],[15.407421,46.996111],[15.407429,46.996002],[15.407497,46.995814],[15.407611,46.995641],[15.407745,46.995523],[15.407913,46.995402],[15.408169,46.995287],[15.408432,46.995186],[15.408962,46.995024],[15.409437,46.994852],[15.409939,46.994619],[15.410125,46.994504],[15.410315,46.994358],[15.410526,46.994208],[15.410776,46.994011],[15.411016,46.993762],[15.411465,46.99325],[15.412232,46.992246],[15.412401,46.992023],[15.412665,46.991801],[15.413345,46.990759],[15.413811,46.990069],[15.414586,46.988981],[15.415348,46.987956],[15.416027,46.987089],[15.416335,46.986703],[15.416678,46.986283],[15.417041,46.98584],[15.417357,46.985459],[15.418124,46.984556],[15.418558,46.984043],[15.419255,46.98323],[15.42245,46.979612],[15.422934,46.979066],[15.423641,46.978273],[15.424547,46.977244],[15.42519,46.976519],[15.425547,46.976112],[15.425927,46.975686],[15.42633,46.975226],[15.426425,46.975119],[15.426525,46.975007],[15.427756,46.97362],[15.428605,46.972655],[15.429061,46.972144],[15.430223,46.970822],[15.431851,46.968985],[15.4322,46.968596],[15.432669,46.968065],[15.433241,46.967418],[15.433774,46.966815],[15.43451,46.965981],[15.435587,46.964765],[15.43584,46.964479],[15.436011,46.964296],[15.436601,46.963617],[15.43681,46.963383],[15.437104,46.963055],[15.437999,46.962039],[15.439361,46.960497],[15.440319,46.959415],[15.441585,46.957972],[15.443917,46.955347],[15.443969,46.955288],[15.447273,46.951541],[15.450074,46.948369],[15.452303,46.945851],[15.453137,46.944908],[15.45627,46.941369],[15.4578,46.939637],[15.458607,46.938709],[15.459495,46.937665],[15.459689,46.937435],[15.460258,46.936768],[15.460897,46.935995],[15.461456,46.935307],[15.462215,46.934347],[15.462542,46.933931],[15.462756,46.933647],[15.463165,46.933106],[15.463353,46.932853],[15.463582,46.932545],[15.463922,46.932074],[15.464535,46.931197],[15.465019,46.93048],[15.465565,46.929646],[15.465872,46.929149],[15.466335,46.928381],[15.466781,46.927603],[15.466903,46.927388],[15.467464,46.926353],[15.467974,46.925345],[15.468494,46.924237],[15.469046,46.922981],[15.469562,46.921677],[15.4699,46.920753],[15.470221,46.919805],[15.470603,46.91855],[15.470938,46.917289],[15.471172,46.916312],[15.471411,46.915151],[15.471612,46.913983],[15.471636,46.913826],[15.471703,46.913385],[15.471812,46.912552],[15.471926,46.911514],[15.472039,46.910196],[15.472109,46.908934],[15.472158,46.907727],[15.472187,46.906065],[15.472189,46.904918],[15.472174,46.90305],[15.472062,46.897453],[15.472048,46.896805],[15.472044,46.896604],[15.472037,46.896358],[15.47202,46.895431],[15.472003,46.894641],[15.471997,46.894293],[15.471995,46.894119],[15.471991,46.893231],[15.472005,46.892543],[15.472027,46.891987],[15.472081,46.891082],[15.472173,46.890145],[15.472262,46.889509],[15.472404,46.888694],[15.472578,46.887918],[15.472765,46.887242],[15.472948,46.886645],[15.473258,46.885805],[15.473458,46.885305],[15.473823,46.884524],[15.474464,46.883339],[15.474743,46.88289],[15.475026,46.88242],[15.47545,46.881811],[15.475789,46.881341],[15.476337,46.880643],[15.476798,46.880103],[15.477046,46.879824],[15.477286,46.879557],[15.477865,46.878943],[15.478308,46.878508],[15.478633,46.878196],[15.479035,46.877812],[15.479715,46.877189],[15.480289,46.876683],[15.481865,46.875358],[15.484342,46.873308],[15.485991,46.871985],[15.48802,46.870354],[15.489985,46.868792],[15.491988,46.86721],[15.49331,46.866179],[15.493535,46.866001],[15.494345,46.865374],[15.49599,46.864127],[15.49761,46.862952],[15.498737,46.862185],[15.499491,46.861683],[15.499581,46.861625],[15.501071,46.860693],[15.50225,46.859992],[15.503554,46.859244],[15.504936,46.858468],[15.50602,46.857862],[15.506936,46.857349],[15.508715,46.856349],[15.509774,46.855761],[15.510973,46.855084],[15.512214,46.85439],[15.513172,46.853852],[15.513599,46.853612],[15.514974,46.852841],[15.516135,46.852194],[15.517098,46.851648],[15.518495,46.850866],[15.521418,46.849229],[15.523315,46.848161],[15.526379,46.846436],[15.526599,46.846315],[15.527472,46.845828],[15.529592,46.844639],[15.534539,46.841856],[15.535036,46.841579],[15.539975,46.838763],[15.540582,46.838394],[15.541584,46.8378],[15.542774,46.837077],[15.543904,46.836371],[15.544534,46.83597],[15.54536,46.835437],[15.546191,46.83489],[15.547091,46.834275],[15.548193,46.833499],[15.549192,46.832772],[15.550084,46.832099],[15.551058,46.831336],[15.551399,46.83106],[15.552141,46.830454],[15.55314,46.829601],[15.553737,46.829074],[15.553819,46.829002],[15.554606,46.828287],[15.55553,46.827435],[15.555993,46.826953],[15.557172,46.825754],[15.558187,46.824672],[15.559012,46.823731],[15.559968,46.822606],[15.560835,46.821515],[15.561795,46.820239],[15.562568,46.819135],[15.56323,46.818143],[15.5639,46.817074],[15.56448,46.816097],[15.564934,46.815305],[15.565368,46.814495],[15.565703,46.813842],[15.566067,46.813102],[15.566463,46.812258],[15.566853,46.811379],[15.567214,46.810514],[15.567413,46.810032],[15.567651,46.809417],[15.567832,46.808938],[15.568013,46.808455],[15.568118,46.808159],[15.568668,46.806606],[15.568972,46.805658],[15.569172,46.805015],[15.569343,46.804493],[15.569533,46.803855],[15.56977,46.803066],[15.570329,46.801164],[15.570795,46.799557],[15.57153,46.796991],[15.572374,46.794103],[15.572865,46.792426],[15.573679,46.789804],[15.574,46.788818],[15.574881,46.786356],[15.575249,46.785387],[15.575696,46.784295],[15.576174,46.783213],[15.576398,46.782713],[15.57647,46.782573],[15.576907,46.781676],[15.578056,46.779523],[15.578416,46.778933],[15.579292,46.777498],[15.58016,46.776179],[15.581395,46.77446],[15.582709,46.772786],[15.584212,46.770984],[15.584474,46.770682],[15.585894,46.768994],[15.587154,46.767429],[15.588057,46.766261],[15.588839,46.765208],[15.589633,46.764093],[15.591892,46.760827],[15.593338,46.7588],[15.594475,46.757309],[15.595435,46.756147],[15.59619,46.755277],[15.597456,46.753908],[15.598529,46.752844],[15.599565,46.751859],[15.600444,46.751073],[15.601526,46.750144],[15.602815,46.749106],[15.604031,46.748179],[15.605445,46.747166],[15.606836,46.746228],[15.607389,46.745866],[15.6088,46.744994],[15.608954,46.7449],[15.610273,46.744131],[15.611408,46.743501],[15.612632,46.742851],[15.613663,46.742323],[15.613968,46.742172],[15.615764,46.741325],[15.616831,46.740851],[15.617939,46.740377],[15.619249,46.739844],[15.620897,46.739216],[15.622394,46.738709],[15.622494,46.738676],[15.623527,46.738365],[15.624428,46.738117],[15.625385,46.737888],[15.626376,46.737683],[15.627427,46.737502],[15.62994,46.737123],[15.630975,46.736937],[15.631733,46.736784],[15.632615,46.736575],[15.6334,46.736359],[15.634086,46.736145],[15.634729,46.735929],[15.635366,46.73569],[15.635987,46.735439],[15.63665,46.73514],[15.637313,46.734819],[15.63789,46.734522],[15.638572,46.734139],[15.639333,46.733677],[15.640021,46.733226],[15.64073,46.732727],[15.641408,46.732214],[15.642022,46.731706],[15.642653,46.731147],[15.643083,46.730738],[15.643582,46.730228],[15.643901,46.729869],[15.644188,46.729531],[15.64493,46.728608],[15.645562,46.7277],[15.645914,46.727144],[15.646349,46.726319],[15.646766,46.725423],[15.647059,46.724673],[15.647235,46.724116],[15.647362,46.723641],[15.647526,46.722941],[15.647647,46.722273],[15.647737,46.721571],[15.647775,46.720942],[15.647784,46.720188],[15.647756,46.719582],[15.647685,46.718891],[15.647583,46.718251],[15.647474,46.717706],[15.647288,46.716971],[15.647058,46.716254],[15.64679,46.715558],[15.646511,46.714916],[15.646237,46.714366],[15.645936,46.713825],[15.645455,46.713052],[15.644925,46.712279],[15.644228,46.711369],[15.643636,46.710641],[15.643043,46.709951],[15.642552,46.709396],[15.642058,46.708843],[15.641505,46.708237],[15.640834,46.707483],[15.64067,46.707289],[15.640518,46.707114],[15.640218,46.706758],[15.63968,46.706046],[15.639399,46.705623],[15.639203,46.705297],[15.638954,46.70484],[15.638712,46.704296],[15.638489,46.703661],[15.638405,46.703355],[15.638308,46.702904],[15.638221,46.702336],[15.638181,46.701601],[15.638217,46.701123],[15.638275,46.700672],[15.638452,46.699764],[15.638627,46.699237],[15.6389,46.698549],[15.639475,46.697557],[15.640137,46.696638],[15.64086,46.695764],[15.642292,46.694097],[15.642938,46.693342],[15.643814,46.692348],[15.643967,46.692175],[15.645005,46.690959],[15.645113,46.690828],[15.645278,46.690606],[15.645639,46.690153],[15.645884,46.689854],[15.646092,46.689624],[15.646606,46.689083],[15.646942,46.688706],[15.64715,46.688482],[15.648007,46.687623],[15.64858,46.686999],[15.649994,46.685398],[15.650212,46.685113],[15.650353,46.684924],[15.650515,46.684677],[15.650703,46.684325],[15.650919,46.68384],[15.651009,46.683593],[15.651071,46.683373],[15.651138,46.683059],[15.651206,46.682621],[15.651223,46.682261],[15.651222,46.681921],[15.6512,46.681716],[15.651148,46.681363],[15.651064,46.681038],[15.65098,46.680774],[15.650897,46.680561],[15.650801,46.680354],[15.650724,46.680218],[15.650528,46.679864],[15.65031,46.679531],[15.64963,46.678675],[15.648965,46.677887],[15.648381,46.677172],[15.648096,46.676825],[15.647724,46.676334],[15.647521,46.676037],[15.647197,46.675558],[15.646942,46.675153],[15.646555,46.674498],[15.64626,46.673943],[15.64595,46.673286],[15.645588,46.672409],[15.645301,46.671568],[15.645179,46.671138],[15.645022,46.670508],[15.644826,46.669496],[15.644746,46.66891],[15.644688,46.668252],[15.644677,46.667724],[15.644671,46.667062],[15.644686,46.666594],[15.644728,46.666112],[15.644778,46.665685],[15.644858,46.665138],[15.644951,46.664675],[15.645096,46.66403],[15.645417,46.662903],[15.645707,46.662101],[15.646632,46.659551],[15.647279,46.657766],[15.647567,46.656843],[15.647793,46.655952],[15.648002,46.654996],[15.648337,46.652876],[15.64846,46.651838],[15.648469,46.651741],[15.648566,46.650788],[15.648751,46.649407],[15.648863,46.648746],[15.649019,46.647977],[15.649259,46.646982],[15.649572,46.646019],[15.650006,46.644904],[15.650572,46.643696],[15.650996,46.642929],[15.651553,46.642029],[15.652543,46.640649],[15.653614,46.639259],[15.654218,46.638483],[15.654959,46.637494],[15.655353,46.636911],[15.655749,46.636267],[15.656199,46.635487],[15.656538,46.63476],[15.656801,46.634133],[15.65728,46.632688],[15.657435,46.632002],[15.657585,46.631234],[15.657662,46.630423],[15.657702,46.629528],[15.657664,46.627567],[15.657641,46.625442],[15.657662,46.624665],[15.657746,46.623782],[15.657895,46.622803],[15.658187,46.621561],[15.658417,46.620756],[15.658728,46.619888],[15.659047,46.619121],[15.659307,46.618558],[15.65941,46.618338],[15.659869,46.617448],[15.66013,46.616991],[15.660213,46.61684],[15.660296,46.616686],[15.660377,46.616537],[15.660458,46.616385],[15.660541,46.616231],[15.660622,46.61608],[15.660705,46.615928],[15.660784,46.615777],[15.660866,46.615624],[15.660948,46.615472],[15.661024,46.615321],[15.661104,46.615166],[15.661181,46.615015],[15.661258,46.614859],[15.661335,46.614705],[15.661407,46.614552],[15.661481,46.614399],[15.661552,46.614244],[15.661622,46.614088],[15.661692,46.613934],[15.661758,46.613778],[15.661886,46.613465],[15.661946,46.613311],[15.662006,46.613151],[15.662063,46.612995],[15.662117,46.612838],[15.66217,46.612677],[15.662227,46.612504],[15.662274,46.612344],[15.662319,46.612187],[15.662355,46.612059],[15.662397,46.6119],[15.662437,46.611741],[15.662476,46.611579],[15.662512,46.611418],[15.662546,46.611258],[15.662578,46.611097],[15.662607,46.610937],[15.662636,46.610774],[15.66266,46.610614],[15.662683,46.610452],[15.662707,46.610288],[15.662725,46.610127],[15.662741,46.609965],[15.662757,46.609803],[15.66277,46.609641],[15.662781,46.609478],[15.66279,46.609315],[15.662796,46.609153],[15.662802,46.608993],[15.662807,46.608829],[15.662809,46.608666],[15.662809,46.608505],[15.662811,46.608343],[15.662809,46.608179],[15.662807,46.608017],[15.662803,46.607854],[15.6628,46.607693],[15.662754,46.606585],[15.66274,46.605559],[15.662754,46.605015],[15.662772,46.604768],[15.662806,46.604458],[15.662834,46.604232],[15.662971,46.603594],[15.663124,46.603064],[15.663239,46.602721],[15.663603,46.601923],[15.664075,46.601169],[15.66419,46.601021],[15.664447,46.600701],[15.664908,46.600148],[15.665309,46.599749],[15.665814,46.599283],[15.666285,46.598905],[15.667148,46.59829],[15.667611,46.597974],[15.667924,46.597771],[15.668885,46.597199],[15.669802,46.596697],[15.670784,46.596201],[15.671611,46.59582],[15.672182,46.595578],[15.672665,46.595386],[15.675056,46.594482],[15.67678,46.593846],[15.677641,46.593509],[15.678876,46.593002],[15.679574,46.59268],[15.680221,46.592357],[15.681058,46.591915],[15.681702,46.591533],[15.682873,46.590783],[15.68339,46.590415],[15.683792,46.590109],[15.684371,46.589641],[15.684912,46.589184],[15.685244,46.588862],[15.68561,46.58851],[15.68606,46.588033],[15.686307,46.587764],[15.686872,46.587093],[15.687348,46.586454],[15.687648,46.586009],[15.687939,46.585554],[15.68821,46.585094],[15.688517,46.584471],[15.688786,46.583881],[15.689141,46.582925],[15.689301,46.582443],[15.689403,46.582054],[15.689506,46.58157],[15.689583,46.581116],[15.689632,46.580783],[15.689691,46.580175],[15.689716,46.57959],[15.689713,46.578877],[15.689694,46.578614],[15.689671,46.578218],[15.689619,46.577734],[15.689485,46.577025],[15.689335,46.576412],[15.689177,46.575882],[15.689026,46.575474],[15.688895,46.575142],[15.688804,46.574905],[15.688631,46.57451],[15.688272,46.573618],[15.688044,46.573101],[15.687858,46.5727],[15.687681,46.572338],[15.687471,46.571866],[15.687203,46.57129],[15.686868,46.57054],[15.686569,46.569785],[15.686304,46.56911],[15.68608,46.568483],[15.685953,46.568077],[15.685887,46.567856],[15.68576,46.567396],[15.685658,46.566904],[15.685616,46.566693],[15.685553,46.566365],[15.685494,46.565992],[15.685462,46.565253],[15.685516,46.564781],[15.685523,46.564606],[15.685568,46.564135],[15.685622,46.563738],[15.685689,46.563344],[15.685798,46.562699],[15.685965,46.562175],[15.686341,46.561297],[15.686696,46.560473],[15.686954,46.559924],[15.687208,46.559384],[15.687425,46.558952],[15.68748,46.558824],[15.688253,46.557253],[15.688361,46.557048],[15.688425,46.556909],[15.688541,46.556678],[15.688788,46.556163],[15.689058,46.555621],[15.689742,46.554247],[15.690268,46.553175],[15.690881,46.551929],[15.691581,46.550502],[15.691801,46.550058],[15.692024,46.549632],[15.692202,46.549286],[15.692358,46.548993],[15.692528,46.548664],[15.692692,46.548363],[15.693011,46.547808],[15.693226,46.547478],[15.693596,46.546851],[15.693884,46.546427],[15.694314,46.545789],[15.694585,46.54541],[15.694692,46.545268],[15.694802,46.545123],[15.694911,46.544982],[15.695022,46.544839],[15.695134,46.544698],[15.695246,46.544554],[15.695358,46.544414],[15.695473,46.544268],[15.696428,46.543108],[15.696577,46.542946],[15.697407,46.541926],[15.697862,46.541356],[15.698092,46.541052],[15.698384,46.540646],[15.698703,46.540184],[15.69897,46.539751],[15.699302,46.539155],[15.699541,46.538668],[15.699662,46.538372],[15.6998,46.53803],[15.69998,46.537502],[15.70015,46.53689],[15.700241,46.536514],[15.700312,46.536131],[15.700359,46.535797],[15.700388,46.535579],[15.70042,46.53519],[15.700432,46.534788],[15.700424,46.534265],[15.700404,46.533921],[15.700375,46.533606],[15.70032,46.533193],[15.700242,46.532774],[15.700142,46.532345],[15.700034,46.531932],[15.699876,46.531453],[15.699653,46.530874],[15.699488,46.530504],[15.699246,46.530023],[15.699033,46.529639],[15.698542,46.528874],[15.698457,46.528749],[15.698262,46.528474],[15.697959,46.528094],[15.697707,46.527784],[15.697544,46.527587],[15.697179,46.527198],[15.696637,46.526659],[15.696032,46.526133],[15.695406,46.525631],[15.694778,46.525146],[15.694227,46.524761],[15.693403,46.524208],[15.692992,46.523947],[15.692586,46.523696],[15.691898,46.523299],[15.691324,46.522974],[15.690617,46.522604],[15.689634,46.522117],[15.688404,46.521562],[15.687394,46.521143],[15.686724,46.520884],[15.685847,46.520557],[15.685013,46.520262],[15.684023,46.519923],[15.68372,46.519833],[15.682886,46.519551],[15.682232,46.51933],[15.680821,46.518822],[15.679528,46.518347],[15.678094,46.517756],[15.677437,46.517471],[15.67664,46.517096],[15.676042,46.516776],[15.675292,46.516345],[15.674719,46.515976],[15.67431,46.515709],[15.67391,46.515423],[15.673358,46.515016],[15.673003,46.514731],[15.672652,46.514426],[15.672235,46.514041],[15.671842,46.513651],[15.671519,46.513302],[15.671216,46.512952],[15.671077,46.512782],[15.670945,46.512619],[15.670692,46.512284],[15.670354,46.511819],[15.670271,46.511687],[15.670052,46.511337],[15.669764,46.510836],[15.669516,46.510334],[15.669273,46.509778],[15.669193,46.509555],[15.668951,46.508877],[15.668827,46.508429],[15.668709,46.507932],[15.668628,46.507487],[15.668559,46.506872],[15.668529,46.506272],[15.668501,46.505977],[15.668529,46.505514],[15.668573,46.505038],[15.668632,46.504548],[15.668744,46.503976],[15.668913,46.503264],[15.669067,46.502694],[15.669215,46.50222],[15.669284,46.50199],[15.669554,46.501109],[15.669727,46.500486],[15.669818,46.500182],[15.669904,46.499841],[15.669987,46.499532],[15.670082,46.499048],[15.670168,46.498563],[15.67021,46.498185],[15.670253,46.497708],[15.670257,46.497549],[15.670263,46.497278],[15.670248,46.496902],[15.670216,46.496569],[15.670169,46.496311],[15.670112,46.495977],[15.670041,46.49561],[15.66989,46.495145],[15.669716,46.4947],[15.6695,46.49424],[15.669271,46.493824],[15.669056,46.493496],[15.668842,46.493194],[15.668579,46.49286],[15.668305,46.492541],[15.667901,46.492113],[15.66733,46.49157],[15.666768,46.491088],[15.666189,46.490616],[15.665485,46.490082],[15.665135,46.48983],[15.66477,46.489559],[15.664424,46.48932],[15.663392,46.48858],[15.662461,46.487871],[15.661296,46.486889],[15.660731,46.486356],[15.660351,46.485971],[15.659966,46.485546],[15.659493,46.484955],[15.659264,46.484662],[15.658952,46.48418],[15.658586,46.48361],[15.6584,46.483254],[15.658355,46.483177],[15.658312,46.483095],[15.658172,46.482829],[15.658054,46.482565],[15.657915,46.482225],[15.657705,46.481646],[15.657643,46.481431],[15.657506,46.480924],[15.657432,46.4806],[15.657337,46.480156],[15.657304,46.47986],[15.657237,46.479324],[15.657223,46.478888],[15.65723,46.478085],[15.657257,46.477765],[15.657296,46.477288],[15.657363,46.476806],[15.657423,46.476325],[15.657517,46.475719],[15.657717,46.474526],[15.657791,46.474077],[15.657866,46.473561],[15.65798,46.472572],[15.658034,46.471938],[15.658073,46.471282],[15.658098,46.470639],[15.6581,46.469992],[15.658115,46.469225],[15.658072,46.468584],[15.65795,46.467219],[15.657875,46.466606],[15.657781,46.465969],[15.65755,46.464778],[15.657269,46.4636],[15.657104,46.463013],[15.656925,46.462428],[15.65676,46.461922],[15.656489,46.461155],[15.656208,46.460426],[15.655946,46.459805],[15.655669,46.45919],[15.655388,46.458583],[15.655072,46.457981],[15.654513,46.456961],[15.653918,46.455949],[15.652783,46.454162],[15.652028,46.452996],[15.651072,46.451539],[15.65018,46.450194],[15.649503,46.449177],[15.649093,46.448577],[15.648314,46.44742],[15.647918,46.446839],[15.647448,46.446122],[15.64379,46.440929],[15.64295,46.439775],[15.64214,46.438679],[15.641481,46.437769],[15.64081,46.436866],[15.639458,46.435074],[15.636946,46.431812],[15.635682,46.430212],[15.635607,46.430118],[15.634506,46.428728],[15.634032,46.428148],[15.633872,46.427944],[15.633598,46.427613],[15.633423,46.427393],[15.631722,46.425316],[15.630869,46.424259],[15.630836,46.424218],[15.629914,46.42312],[15.629786,46.422967],[15.627661,46.420476],[15.626415,46.419019],[15.625555,46.418044],[15.624408,46.416776],[15.623254,46.415511],[15.622899,46.41513],[15.622037,46.414218],[15.621168,46.41333],[15.620423,46.412589],[15.619407,46.411566],[15.618452,46.410663],[15.617495,46.409776],[15.616539,46.408898],[15.615505,46.407979],[15.614479,46.407104],[15.613457,46.406243],[15.612146,46.405169],[15.610818,46.404104],[15.610161,46.403596],[15.60946,46.403063],[15.60808,46.402039],[15.60711,46.40133],[15.606076,46.400593],[15.604001,46.399165],[15.603093,46.398566],[15.602661,46.398296],[15.600836,46.397147],[15.599639,46.39639],[15.598309,46.395556],[15.596177,46.394268],[15.59542,46.393797],[15.594133,46.393048],[15.592843,46.392307],[15.591765,46.391703],[15.590688,46.391119],[15.588559,46.389977],[15.587554,46.389458],[15.586523,46.388948],[15.584507,46.387961],[15.584127,46.387777],[15.581955,46.38675],[15.579539,46.385678],[15.578356,46.385175],[15.577382,46.384775],[15.576978,46.384625],[15.574781,46.383766],[15.573722,46.383365],[15.572848,46.383049],[15.57173,46.382649],[15.570227,46.38212],[15.569507,46.381875],[15.568154,46.381397],[15.567207,46.381049],[15.565698,46.380517],[15.563982,46.379919],[15.562929,46.379548],[15.562653,46.379449],[15.561512,46.379054],[15.559392,46.378316],[15.557289,46.377612],[15.555215,46.376953],[15.554083,46.376608],[15.553006,46.376279],[15.550353,46.375519],[15.549052,46.375164],[15.547708,46.374813],[15.546379,46.374467],[15.544968,46.37412],[15.542226,46.373458],[15.539532,46.372821],[15.538663,46.37261],[15.536785,46.372146],[15.534067,46.37142],[15.531364,46.370648],[15.528961,46.369908],[15.526635,46.369172],[15.525404,46.368762],[15.524279,46.36837],[15.522653,46.367803],[15.521252,46.367289],[15.520555,46.367025],[15.519939,46.366769],[15.519781,46.366708],[15.51841,46.366162],[15.516915,46.365535],[15.515143,46.364791],[15.513941,46.364258],[15.512621,46.363656],[15.511439,46.363098],[15.509852,46.362331],[15.508539,46.361653],[15.507115,46.360926],[15.505784,46.360199],[15.504922,46.359705],[15.504066,46.359214],[15.50225,46.358133],[15.500399,46.35702],[15.498953,46.356123],[15.497565,46.355236],[15.496194,46.354347],[15.494684,46.353366],[15.493352,46.352467],[15.492044,46.351579],[15.491425,46.351122],[15.490691,46.350597],[15.489437,46.3497],[15.488616,46.349095],[15.487811,46.348521],[15.486557,46.347582],[15.485138,46.346512],[15.483575,46.345327],[15.483169,46.344987],[15.482905,46.344766],[15.482395,46.344354],[15.481485,46.343614],[15.481006,46.343199],[15.480393,46.342704],[15.480109,46.342454],[15.479818,46.342206],[15.479146,46.341611],[15.478505,46.341054],[15.478219,46.340808],[15.478045,46.340648],[15.477256,46.339954],[15.477133,46.339832],[15.476933,46.339645],[15.4766,46.339314],[15.476357,46.339092],[15.475837,46.338595],[15.475,46.337802],[15.473534,46.336343],[15.47306,46.335862],[15.472034,46.334784],[15.470916,46.3336],[15.469429,46.331897],[15.468695,46.331035],[15.467975,46.330171],[15.467658,46.3298],[15.467534,46.329635],[15.466655,46.328516],[15.46565,46.327224],[15.465261,46.326669],[15.464668,46.32588],[15.463278,46.323878],[15.462609,46.322861],[15.461959,46.321872],[15.461224,46.320688],[15.460487,46.31943],[15.460124,46.31879],[15.459778,46.318145],[15.459653,46.317887],[15.45946,46.317485],[15.459215,46.316976],[15.458692,46.315755],[15.458288,46.314673],[15.45764,46.313176],[15.457035,46.311926],[15.456675,46.311402],[15.456335,46.310974],[15.455925,46.310526],[15.455706,46.310343],[15.455509,46.31019],[15.455303,46.310038],[15.455028,46.309854],[15.454765,46.309686],[15.454512,46.309526],[15.454047,46.309271],[15.453136,46.308805],[15.450611,46.30757],[15.449197,46.306858],[15.448319,46.306303],[15.447407,46.305599],[15.447051,46.305294],[15.446701,46.304958],[15.446328,46.304561],[15.445977,46.304135],[15.445615,46.303641],[15.445319,46.303154],[15.445021,46.302611],[15.44474,46.302034],[15.44443,46.301405],[15.444095,46.300788],[15.443688,46.300126],[15.443195,46.29946],[15.442742,46.298893],[15.442155,46.298191],[15.441897,46.297878],[15.441578,46.297366],[15.441215,46.296623],[15.440873,46.295816],[15.440223,46.29405],[15.439796,46.293388],[15.439287,46.292739],[15.438925,46.292244],[15.438522,46.291809],[15.438203,46.291483],[15.437843,46.291198],[15.437422,46.290874],[15.436691,46.290419],[15.435815,46.2899],[15.434948,46.289387],[15.434152,46.288904],[15.432812,46.288056],[15.431506,46.287197],[15.430318,46.286369],[15.42952,46.285797],[15.428789,46.285257],[15.427928,46.284614],[15.427346,46.284158],[15.425884,46.282972],[15.424883,46.282132],[15.424242,46.281591],[15.423389,46.280873],[15.422503,46.280134],[15.421723,46.279481],[15.420787,46.278702],[15.420428,46.278387],[15.419796,46.277862],[15.419088,46.277267],[15.418301,46.276625],[15.417492,46.27598],[15.41679,46.275447],[15.416052,46.274908],[15.415249,46.274335],[15.414373,46.273727],[15.413205,46.272961],[15.412274,46.272365],[15.411487,46.271891],[15.411173,46.271695],[15.410338,46.271212],[15.408767,46.270344],[15.407194,46.269518],[15.405574,46.268715],[15.403671,46.267839],[15.40321,46.267635],[15.402031,46.267108],[15.401182,46.266752],[15.399859,46.266213],[15.398599,46.265727],[15.397711,46.265401],[15.396666,46.265024],[15.394893,46.264401],[15.392316,46.263565],[15.391798,46.2634],[15.390494,46.263006],[15.389446,46.262709],[15.387977,46.262297],[15.387391,46.262134],[15.385679,46.261677],[15.384393,46.261344],[15.381713,46.260724],[15.379993,46.260385],[15.378387,46.260047],[15.376907,46.259737],[15.375429,46.259437],[15.374447,46.259236],[15.373428,46.259031],[15.371483,46.258677],[15.368983,46.258287],[15.367515,46.258048],[15.365771,46.257778],[15.364687,46.257603],[15.361799,46.257149],[15.357538,46.256474],[15.353385,46.255813],[15.351456,46.255519],[15.34931,46.255216],[15.347638,46.255014],[15.345867,46.254822],[15.343926,46.254642],[15.341925,46.254493],[15.339929,46.254386],[15.337892,46.254312],[15.335358,46.25427],[15.33396,46.254268],[15.332617,46.254287],[15.332258,46.254293],[15.326744,46.25443],[15.323849,46.254485],[15.321287,46.254525],[15.319783,46.254521],[15.317154,46.254508],[15.31627,46.254489],[15.313468,46.254438],[15.312398,46.254404],[15.31038,46.254357],[15.308067,46.254302],[15.307258,46.254282],[15.305163,46.254237],[15.303234,46.254229],[15.300467,46.254239],[15.298778,46.254256],[15.29733,46.254272],[15.295855,46.254305],[15.294394,46.254346],[15.291561,46.254457],[15.288515,46.254533],[15.287354,46.254565],[15.285383,46.254604],[15.284888,46.254605],[15.28433,46.254608],[15.283192,46.254599],[15.281919,46.254597],[15.28059,46.254571],[15.279185,46.25453],[15.278554,46.254509],[15.277785,46.254472],[15.276932,46.254441],[15.275921,46.25439],[15.27483,46.25432],[15.273364,46.254231],[15.272219,46.25415],[15.272013,46.254137],[15.270588,46.254054],[15.269182,46.253954],[15.267913,46.253864],[15.267163,46.253819],[15.266412,46.253778],[15.265216,46.253747],[15.263829,46.253735],[15.26247,46.253741],[15.261248,46.253756],[15.260502,46.253783],[15.259909,46.253802],[15.258646,46.253877],[15.257412,46.253962],[15.256143,46.254077],[15.25496,46.254203],[15.253478,46.254372],[15.251994,46.254595],[15.251259,46.254701],[15.250535,46.254824],[15.24903,46.255117],[15.247959,46.255336],[15.246855,46.255574],[15.245291,46.255927],[15.243801,46.256277],[15.242187,46.256648],[15.240655,46.257003],[15.239238,46.257334],[15.238359,46.257545],[15.237533,46.25773],[15.236821,46.257896],[15.236649,46.257936],[15.23526,46.258253],[15.235048,46.258303],[15.232213,46.258963],[15.23001,46.259488],[15.22912,46.259718],[15.227786,46.260074],[15.226363,46.260483],[15.22574,46.260663],[15.224995,46.260901],[15.223444,46.261401],[15.221604,46.262028],[15.219867,46.262635],[15.218522,46.263081],[15.217871,46.263308],[15.217167,46.263555],[15.216524,46.263761],[15.215669,46.264041],[15.214157,46.2645],[15.212875,46.264875],[15.211774,46.265176],[15.210864,46.26543],[15.209961,46.265653],[15.208261,46.266034],[15.206623,46.266348],[15.204904,46.26668],[15.203751,46.266898],[15.203033,46.267015],[15.202466,46.267099],[15.201324,46.267277],[15.200224,46.26743],[15.198982,46.267581],[15.198339,46.267657],[15.197698,46.267719],[15.196808,46.267792],[15.195575,46.267902],[15.194189,46.268026],[15.190831,46.268298],[15.189082,46.268438],[15.187408,46.268547],[15.184835,46.268715],[15.182741,46.268852],[15.180578,46.269026],[15.178741,46.269161],[15.17478,46.269454],[15.172735,46.269581],[15.171918,46.269626],[15.170114,46.269706],[15.168882,46.269755],[15.167529,46.269797],[15.166372,46.269825],[15.164292,46.269849],[15.161644,46.269841],[15.159373,46.26983],[15.157157,46.269847],[15.155185,46.269893],[15.153431,46.269959],[15.151519,46.270046],[15.149546,46.270187],[15.147675,46.270342],[15.145673,46.270536],[15.143692,46.270758],[15.141703,46.271013],[15.138731,46.271412],[15.137197,46.271585],[15.135772,46.271713],[15.134648,46.271784],[15.133414,46.271833],[15.132227,46.271854],[15.131387,46.271852],[15.130562,46.271833],[15.129391,46.271792],[15.128367,46.271733],[15.127502,46.271663],[15.126634,46.271575],[15.125737,46.271463],[15.125033,46.271359],[15.124312,46.271231],[15.123619,46.271096],[15.122354,46.270816],[15.121788,46.270674],[15.121207,46.27052],[15.120458,46.270307],[15.11976,46.27009],[15.11911,46.269864],[15.118162,46.269509],[15.117285,46.269152],[15.116604,46.268852],[15.115993,46.268563],[15.115401,46.268268],[15.114868,46.267992],[15.114357,46.267706],[15.113778,46.267358],[15.11333,46.267077],[15.112533,46.266558],[15.111788,46.266021],[15.111108,46.265499],[15.110435,46.264971],[15.109739,46.264421],[15.108855,46.263744],[15.108081,46.2632],[15.107302,46.262704],[15.106699,46.262351],[15.106131,46.262055],[15.105771,46.261876],[15.105412,46.261703],[15.104794,46.261404],[15.104383,46.261233],[15.103975,46.261072],[15.103203,46.260788],[15.102578,46.260577],[15.10224,46.26048],[15.10126,46.260223],[15.100603,46.260061],[15.099871,46.259898],[15.098962,46.259735],[15.098361,46.259643],[15.097682,46.259561],[15.096833,46.259472],[15.096035,46.259417],[15.09534,46.259388],[15.094622,46.259379],[15.093717,46.25939],[15.092775,46.259424],[15.091884,46.259486],[15.089975,46.259601],[15.088935,46.259665],[15.088266,46.25969],[15.087533,46.259712],[15.086775,46.259724],[15.086083,46.259724],[15.084531,46.259694],[15.080521,46.259578],[15.078399,46.259514],[15.077795,46.259491],[15.075234,46.259417],[15.073611,46.259374],[15.071665,46.259315],[15.069695,46.259257],[15.067466,46.25919],[15.065195,46.259126],[15.064565,46.259108],[15.064387,46.259104],[15.061298,46.259041],[15.060609,46.259021],[15.058096,46.258945],[15.057488,46.258918],[15.056384,46.258869],[15.054859,46.258774],[15.052981,46.258605],[15.052314,46.258535],[15.051175,46.258409],[15.049685,46.258207],[15.047643,46.25788],[15.045845,46.257634],[15.04399,46.257387],[15.04207,46.257231],[15.040383,46.257088],[15.038887,46.257],[15.037323,46.256947],[15.035683,46.256925],[15.034145,46.256937],[15.032971,46.256968],[15.031762,46.257032],[15.03005,46.257139],[15.028814,46.257234],[15.028176,46.257285],[15.024561,46.25757],[15.022947,46.257714],[15.020748,46.25794],[15.019344,46.258086],[15.017786,46.25821],[15.016301,46.25831],[15.015133,46.258363],[15.013653,46.258413],[15.012129,46.258424],[15.011023,46.258393],[15.010422,46.258382],[15.009186,46.258336],[15.007952,46.258259],[15.00635,46.258103],[15.005743,46.258049],[15.004736,46.257947],[15.003069,46.25776],[15.001479,46.257565],[15.000818,46.257484],[15.00076,46.257477],[14.997158,46.256942],[14.996094,46.256768],[14.994658,46.256555],[14.993574,46.256403],[14.993221,46.256353],[14.991895,46.256193],[14.990927,46.256102],[14.990085,46.256036],[14.989369,46.255979],[14.988359,46.255908],[14.987309,46.25586],[14.985252,46.255742],[14.98473,46.255709],[14.983784,46.255638],[14.982911,46.255533],[14.982206,46.255435],[14.981446,46.255317],[14.980655,46.255151],[14.979953,46.254992],[14.978805,46.254668],[14.978027,46.254408],[14.976861,46.253969],[14.976219,46.253685],[14.975429,46.253315],[14.974863,46.253023],[14.974447,46.252802],[14.973918,46.252468],[14.973468,46.252169],[14.973289,46.252114],[14.973,46.251937],[14.972838,46.251878],[14.972712,46.251834],[14.972586,46.251799],[14.972478,46.251775],[14.972357,46.251757],[14.972225,46.25175],[14.972022,46.251749],[14.971771,46.25176],[14.971546,46.251766],[14.971359,46.251764],[14.971229,46.251752],[14.971125,46.251733],[14.971026,46.251706],[14.970932,46.251673],[14.970841,46.251633],[14.970751,46.251586],[14.970673,46.251535],[14.970598,46.251477],[14.970537,46.251416],[14.970481,46.251352],[14.970435,46.25128],[14.970397,46.251208],[14.970372,46.251136],[14.970363,46.25106],[14.970364,46.250987],[14.970369,46.250923],[14.970383,46.250861],[14.970406,46.250772],[14.97043,46.250697],[14.97046,46.250633],[14.970494,46.250577],[14.97039,46.25054],[14.970257,46.250486],[14.97015,46.25044],[14.970009,46.250375],[14.969887,46.250319],[14.969721,46.250232],[14.969693,46.250218],[14.969434,46.250065],[14.969207,46.249931],[14.969038,46.24983],[14.96882,46.2497],[14.968597,46.249579],[14.968466,46.249512],[14.968291,46.249432],[14.968106,46.249357],[14.967901,46.249278],[14.967744,46.249218],[14.967491,46.249125],[14.967125,46.249002],[14.967025,46.248964],[14.966547,46.248806],[14.966009,46.248625],[14.965438,46.248421],[14.964981,46.248228],[14.964919,46.248201],[14.964558,46.248022],[14.964409,46.247943],[14.964183,46.247828],[14.963708,46.247576],[14.963445,46.247427],[14.963084,46.247224],[14.962478,46.246904],[14.961877,46.246602],[14.961141,46.246265],[14.961102,46.246248],[14.960572,46.246004],[14.960445,46.245946],[14.959706,46.245612],[14.957913,46.244787],[14.957575,46.244635],[14.956217,46.243999],[14.954884,46.243382],[14.954308,46.243104],[14.953359,46.242645],[14.953292,46.242612],[14.952091,46.242019],[14.951428,46.241674],[14.950865,46.241354],[14.950262,46.240947],[14.949739,46.240521],[14.949371,46.24018],[14.949071,46.239841],[14.948875,46.2396],[14.948646,46.239272],[14.948479,46.239008],[14.948223,46.238541],[14.948029,46.238109],[14.947729,46.237337],[14.947504,46.23677],[14.947217,46.236082],[14.947023,46.235671],[14.946737,46.235083],[14.946433,46.234508],[14.94608,46.233908],[14.945796,46.233367],[14.945514,46.232791],[14.945251,46.232213],[14.945096,46.231815],[14.944884,46.231236],[14.944658,46.230665],[14.944482,46.23019],[14.944317,46.229753],[14.944179,46.229394],[14.943969,46.228909],[14.943774,46.228392],[14.943602,46.227981],[14.943544,46.227825],[14.943384,46.227875],[14.943097,46.227916],[14.942874,46.227907],[14.942596,46.227799],[14.942149,46.227536],[14.941885,46.227412],[14.941561,46.227325],[14.941291,46.227298],[14.940525,46.227288],[14.939837,46.227285],[14.939151,46.227276],[14.9388,46.227268],[14.938588,46.227264],[14.938429,46.227241],[14.938155,46.2272],[14.937945,46.227157],[14.937382,46.227009],[14.936515,46.226741],[14.936148,46.226636],[14.935688,46.226529],[14.935241,46.226444],[14.93421,46.226259],[14.93326,46.226082],[14.932636,46.225972],[14.931752,46.225789],[14.931448,46.225721],[14.931263,46.225674],[14.930735,46.225519],[14.930209,46.225355],[14.929628,46.22517],[14.929462,46.225117],[14.929113,46.225007],[14.928638,46.224849],[14.928309,46.224737],[14.927845,46.224605],[14.927547,46.224539],[14.927276,46.224495],[14.926761,46.224453],[14.926222,46.224442],[14.925739,46.224414],[14.92547,46.224398],[14.925253,46.224349],[14.924968,46.224284],[14.924351,46.224128],[14.924117,46.224066],[14.923908,46.224031],[14.923548,46.223973],[14.923279,46.223942],[14.922916,46.223913],[14.922629,46.2239],[14.922375,46.223895],[14.922087,46.223901],[14.921793,46.223902],[14.921146,46.223928],[14.918811,46.22403],[14.918572,46.224034],[14.918429,46.224029],[14.918304,46.224022],[14.918008,46.223985],[14.917833,46.223961],[14.917355,46.223845],[14.916989,46.223715],[14.916681,46.223563],[14.916503,46.223459],[14.916286,46.223314],[14.915843,46.222957],[14.915358,46.222592],[14.915244,46.222521],[14.915114,46.222447],[14.914877,46.222323],[14.9141,46.221977],[14.913248,46.221585],[14.91308,46.221504],[14.912995,46.221464],[14.912567,46.221281],[14.912442,46.221212],[14.912316,46.221139],[14.912207,46.221058],[14.912095,46.220952],[14.912006,46.220852],[14.911902,46.220716],[14.911782,46.220521],[14.911671,46.220318],[14.911552,46.220095],[14.911424,46.219922],[14.911306,46.219784],[14.911164,46.219641],[14.91053,46.219132],[14.909912,46.218657],[14.909205,46.218094],[14.908986,46.217938],[14.90871,46.217734],[14.90847,46.217575],[14.908257,46.217468],[14.90775,46.217299],[14.907165,46.217169],[14.906665,46.217091],[14.905818,46.216967],[14.904956,46.216833],[14.904418,46.216748],[14.90393,46.216665],[14.903402,46.216572],[14.902955,46.216475],[14.902418,46.216339],[14.901967,46.216227],[14.901627,46.216163],[14.901488,46.21614],[14.901143,46.216115],[14.900691,46.216113],[14.900301,46.216097],[14.899891,46.216054],[14.899586,46.216048],[14.899271,46.216052],[14.899037,46.216081],[14.898802,46.216121],[14.898402,46.216182],[14.898285,46.216187],[14.89818,46.216189],[14.897937,46.216192],[14.89746,46.216194],[14.897246,46.216201],[14.896996,46.216203],[14.896659,46.216233],[14.895907,46.216314],[14.895477,46.216351],[14.895071,46.216374],[14.894263,46.216388],[14.89347,46.216393],[14.892634,46.2164],[14.891875,46.216405],[14.891426,46.216414],[14.890868,46.216478],[14.890309,46.216564],[14.889698,46.216614],[14.889479,46.216632],[14.88812,46.216664],[14.886931,46.216769],[14.886016,46.216897],[14.885301,46.216935],[14.884798,46.216929],[14.884316,46.216876],[14.883764,46.216785],[14.883364,46.216706],[14.882924,46.216574],[14.882208,46.216343],[14.881599,46.216137],[14.880883,46.21599],[14.880488,46.215934],[14.880173,46.215917],[14.879554,46.215894],[14.878623,46.215871],[14.878229,46.215861],[14.877438,46.215853],[14.876899,46.215855],[14.876239,46.215837],[14.875786,46.215873],[14.875209,46.215984],[14.874857,46.216031],[14.874639,46.216043],[14.874301,46.216021],[14.874141,46.215998],[14.87396,46.215962],[14.873676,46.215887],[14.873619,46.215868],[14.87353,46.215826],[14.87334,46.215734],[14.873,46.215511],[14.872677,46.215321],[14.872485,46.215249],[14.872292,46.215193],[14.871889,46.215127],[14.871469,46.215078],[14.871125,46.215031],[14.870798,46.214966],[14.870136,46.214787],[14.869247,46.214506],[14.868849,46.214384],[14.868339,46.214261],[14.86791,46.214193],[14.867473,46.214161],[14.866616,46.21413],[14.865719,46.214056],[14.865211,46.21403],[14.86461,46.214046],[14.864026,46.214091],[14.863662,46.214118],[14.863359,46.214136],[14.863035,46.214138],[14.862776,46.214119],[14.862249,46.21407],[14.861922,46.214074],[14.861578,46.214106],[14.86127,46.214132],[14.861107,46.214137],[14.860935,46.21413],[14.860723,46.214094],[14.860592,46.214063],[14.860418,46.214005],[14.860104,46.213882],[14.859828,46.213779],[14.859733,46.213748],[14.859611,46.213718],[14.859449,46.213688],[14.85924,46.213676],[14.859019,46.21368],[14.858872,46.213697],[14.858451,46.213755],[14.858282,46.213776],[14.858121,46.213792],[14.857962,46.213798],[14.857783,46.213797],[14.857034,46.213774],[14.856431,46.213756],[14.856073,46.213758],[14.855879,46.213767],[14.855682,46.213789],[14.855496,46.213819],[14.855318,46.213853],[14.855119,46.213906],[14.854881,46.213981],[14.854644,46.214076],[14.854457,46.214163],[14.854128,46.214328],[14.853827,46.214463],[14.853602,46.214532],[14.853406,46.214573],[14.853251,46.214588],[14.853085,46.2146],[14.852513,46.214621],[14.851778,46.214661],[14.851414,46.214688],[14.851085,46.214706],[14.850777,46.214714],[14.850438,46.214706],[14.849849,46.214689],[14.849543,46.214674],[14.849276,46.214655],[14.848951,46.214617],[14.848617,46.214573],[14.848177,46.214516],[14.847855,46.214504],[14.84761,46.214516],[14.847316,46.214564],[14.847048,46.214642],[14.846813,46.214754],[14.845601,46.21551],[14.845179,46.215747],[14.844957,46.215858],[14.844735,46.215963],[14.844523,46.216063],[14.844303,46.216155],[14.844086,46.216239],[14.843853,46.216314],[14.84372,46.216344],[14.843524,46.216376],[14.843332,46.216391],[14.843201,46.216395],[14.843071,46.216391],[14.842924,46.216379],[14.84278,46.21636],[14.842654,46.216338],[14.842533,46.216313],[14.842403,46.216273],[14.842275,46.216224],[14.842066,46.216115],[14.841831,46.215983],[14.841601,46.215857],[14.841359,46.215738],[14.841295,46.215713],[14.841153,46.215662],[14.840999,46.21562],[14.840825,46.215588],[14.840649,46.215568],[14.840516,46.215565],[14.840381,46.215571],[14.840108,46.215608],[14.839484,46.215748],[14.839054,46.215817],[14.838622,46.215874],[14.83797,46.215954],[14.837254,46.216042],[14.836986,46.216067],[14.836755,46.216072],[14.836625,46.216065],[14.836499,46.216055],[14.836063,46.216001],[14.836035,46.215997],[14.835535,46.215934],[14.835334,46.215907],[14.835006,46.215862],[14.834783,46.215822],[14.834529,46.215757],[14.834335,46.215699],[14.834133,46.215632],[14.833931,46.215562],[14.833641,46.215442],[14.833444,46.215357],[14.833136,46.215223],[14.833052,46.215187],[14.832642,46.215014],[14.832545,46.214982],[14.832424,46.214945],[14.832218,46.214892],[14.832032,46.214862],[14.831878,46.214846],[14.831766,46.21484],[14.831601,46.214842],[14.831442,46.214849],[14.831251,46.214866],[14.830889,46.214914],[14.83027,46.214997],[14.83006,46.215023],[14.829683,46.215074],[14.829398,46.21511],[14.829081,46.215134],[14.828897,46.215133],[14.828753,46.215121],[14.828668,46.215109],[14.828542,46.215085],[14.828347,46.215035],[14.827933,46.214918],[14.827393,46.214759],[14.827033,46.214663],[14.82677,46.214606],[14.826436,46.214561],[14.826169,46.214541],[14.825878,46.214541],[14.825614,46.214553],[14.825391,46.214576],[14.825005,46.214643],[14.824545,46.214753],[14.824115,46.214862],[14.82369,46.21498],[14.822924,46.215175],[14.822586,46.215236],[14.822343,46.215253],[14.822102,46.215251],[14.821732,46.21522],[14.821316,46.215167],[14.820516,46.215167],[14.81997,46.215173],[14.819823,46.215163],[14.819683,46.215143],[14.819412,46.215089],[14.819126,46.21503],[14.818546,46.21494],[14.817867,46.214892],[14.817319,46.214825],[14.816765,46.214735],[14.816211,46.214652],[14.815183,46.214434],[14.814304,46.214359],[14.813447,46.214288],[14.812711,46.21417],[14.811955,46.214061],[14.811222,46.21401],[14.810371,46.214036],[14.809691,46.214066],[14.809487,46.214073],[14.809241,46.214068],[14.809107,46.214061],[14.808966,46.214037],[14.808803,46.213985],[14.808573,46.213879],[14.808226,46.213737],[14.808023,46.213707],[14.80781,46.213708],[14.807652,46.213728],[14.807499,46.213772],[14.807295,46.213887],[14.807234,46.213955],[14.807181,46.214068],[14.807282,46.214297],[14.80732,46.214483],[14.807307,46.214603],[14.807212,46.214704],[14.806829,46.214845],[14.806235,46.215053],[14.805604,46.215279],[14.805396,46.215322],[14.805181,46.215328],[14.804469,46.215316],[14.803271,46.215287],[14.802642,46.215234],[14.802085,46.215146],[14.801602,46.215101],[14.801279,46.215149],[14.800979,46.21521],[14.80023,46.215476],[14.799674,46.215622],[14.799162,46.215725],[14.798234,46.215811],[14.797156,46.215877],[14.796135,46.215939],[14.795613,46.215982],[14.795025,46.21607],[14.794745,46.216133],[14.794378,46.216227],[14.794008,46.216332],[14.793656,46.21645],[14.793471,46.216546],[14.793247,46.216673],[14.793028,46.216854],[14.792974,46.216901],[14.792797,46.217199],[14.792616,46.217511],[14.792419,46.217733],[14.791971,46.218037],[14.79166,46.218255],[14.791348,46.218485],[14.791143,46.218729],[14.790869,46.219036],[14.790631,46.219198],[14.78997,46.219477],[14.789022,46.219857],[14.788575,46.220029],[14.788184,46.220177],[14.787526,46.220397],[14.786868,46.220597],[14.786367,46.220743],[14.785879,46.220893],[14.785511,46.221025],[14.785322,46.22112],[14.785144,46.221224],[14.784002,46.221947],[14.783632,46.222128],[14.783438,46.222202],[14.783208,46.222274],[14.782965,46.222334],[14.782647,46.222382],[14.782331,46.222408],[14.782073,46.222419],[14.781548,46.222432],[14.781242,46.222427],[14.78073,46.222403],[14.780142,46.222345],[14.779936,46.222313],[14.77973,46.222247],[14.779503,46.222133],[14.779279,46.221999],[14.778564,46.221581],[14.778525,46.22156],[14.778339,46.221463],[14.777651,46.221101],[14.777095,46.220906],[14.776091,46.220672],[14.775526,46.220542],[14.775015,46.22042],[14.774185,46.220262],[14.773759,46.220175],[14.773593,46.220144],[14.773356,46.2201],[14.772779,46.219974],[14.772147,46.21986],[14.771719,46.219789],[14.770976,46.219704],[14.770215,46.21964],[14.769324,46.219525],[14.767974,46.219279],[14.767526,46.219223],[14.766274,46.219077],[14.765444,46.218982],[14.765031,46.218941],[14.764738,46.218926],[14.764547,46.218929],[14.763824,46.218956],[14.763482,46.218953],[14.763211,46.218928],[14.762877,46.218888],[14.762256,46.218793],[14.761988,46.218774],[14.761795,46.218783],[14.761486,46.218817],[14.76078,46.218885],[14.760628,46.218891],[14.760519,46.218888],[14.760499,46.218887],[14.760384,46.218872],[14.760321,46.218852],[14.760218,46.218816],[14.76008,46.218757],[14.759768,46.218626],[14.759322,46.218431],[14.759096,46.218344],[14.75886,46.21829],[14.758296,46.218192],[14.757617,46.218074],[14.756485,46.217894],[14.75602,46.217829],[14.755732,46.2178],[14.755474,46.21779],[14.755282,46.217796],[14.754896,46.217844],[14.754589,46.217914],[14.754311,46.21798],[14.753361,46.21823],[14.753084,46.218288],[14.752817,46.218323],[14.752583,46.218335],[14.752143,46.218332],[14.751764,46.218318],[14.751673,46.218315],[14.750011,46.218264],[14.749584,46.218252],[14.749115,46.218255],[14.748687,46.218275],[14.747861,46.218324],[14.747006,46.21837],[14.746226,46.218416],[14.745689,46.218458],[14.744454,46.218569],[14.744073,46.218582],[14.743348,46.218562],[14.743042,46.218557],[14.742735,46.218541],[14.74255,46.218529],[14.742369,46.218508],[14.741996,46.218448],[14.741478,46.218351],[14.740872,46.21824],[14.740246,46.218118],[14.739369,46.217951],[14.738988,46.217875],[14.738732,46.217811],[14.738453,46.217727],[14.738042,46.217596],[14.737607,46.217433],[14.737385,46.217316],[14.737086,46.217166],[14.736791,46.216966],[14.736565,46.21679],[14.736282,46.216525],[14.736071,46.216285],[14.735682,46.215843],[14.735077,46.215134],[14.734805,46.214838],[14.734651,46.214703],[14.734565,46.214646],[14.734477,46.214588],[14.734302,46.214511],[14.73402,46.21442],[14.733825,46.21438],[14.733626,46.214364],[14.733575,46.214362],[14.733319,46.214356],[14.732623,46.214391],[14.732212,46.214421],[14.731828,46.214446],[14.731538,46.214479],[14.731251,46.21452],[14.731003,46.21459],[14.730862,46.214631],[14.73024,46.214866],[14.729497,46.215124],[14.728874,46.215301],[14.728315,46.21543],[14.727959,46.215521],[14.727478,46.215652],[14.727201,46.215719],[14.726991,46.215765],[14.726627,46.215833],[14.726206,46.21591],[14.725707,46.215982],[14.725493,46.216014],[14.725104,46.216063],[14.724825,46.216079],[14.724766,46.21608],[14.724438,46.216087],[14.724028,46.216099],[14.723634,46.216142],[14.723531,46.216157],[14.723214,46.216199],[14.723144,46.216205],[14.722964,46.216217],[14.722343,46.216211],[14.722111,46.21623],[14.721953,46.216253],[14.721723,46.216263],[14.721598,46.216251],[14.72152,46.216235],[14.721132,46.216135],[14.720893,46.216085],[14.720641,46.216052],[14.720454,46.216051],[14.720271,46.216072],[14.720065,46.216117],[14.719648,46.216245],[14.719207,46.216414],[14.719012,46.216493],[14.718861,46.216542],[14.718621,46.216593],[14.718395,46.21662],[14.71812,46.216643],[14.717864,46.216669],[14.71753,46.216726],[14.717149,46.21681],[14.716971,46.216842],[14.71681,46.216865],[14.716617,46.216867],[14.716421,46.216854],[14.716162,46.216809],[14.716036,46.216788],[14.71587,46.216758],[14.715737,46.216736],[14.715346,46.216657],[14.715242,46.216634],[14.714973,46.216585],[14.714786,46.216575],[14.714639,46.216578],[14.714491,46.216585],[14.714223,46.216626],[14.714035,46.216661],[14.713849,46.216698],[14.713472,46.216779],[14.71318,46.21686],[14.71291,46.21695],[14.712704,46.217036],[14.712508,46.217163],[14.712342,46.217324],[14.712196,46.217491],[14.712062,46.217648],[14.711967,46.217743],[14.711854,46.217825],[14.711665,46.217939],[14.711533,46.217988],[14.711411,46.218027],[14.711257,46.218073],[14.711151,46.218102],[14.711067,46.218125],[14.710944,46.218151],[14.710412,46.218301],[14.709874,46.218472],[14.709682,46.218505],[14.709525,46.218518],[14.709345,46.21851],[14.708705,46.218433],[14.708632,46.218424],[14.707992,46.218333],[14.707805,46.21831],[14.707611,46.218283],[14.707115,46.218225],[14.706606,46.218169],[14.706252,46.218137],[14.705966,46.218114],[14.705683,46.2181],[14.705289,46.218087],[14.705108,46.218073],[14.704861,46.218037],[14.704543,46.21797],[14.704416,46.217947],[14.704184,46.217904],[14.703807,46.217839],[14.703533,46.217796],[14.703312,46.217764],[14.703125,46.21775],[14.702661,46.217753],[14.702376,46.217759],[14.702075,46.217763],[14.701988,46.217769],[14.701907,46.217782],[14.701452,46.217903],[14.701283,46.217921],[14.700694,46.217925],[14.700431,46.217943],[14.70018,46.217997],[14.700004,46.218063],[14.699825,46.218155],[14.699699,46.218251],[14.699598,46.218376],[14.699486,46.21868],[14.699434,46.218797],[14.699368,46.21886],[14.699289,46.218906],[14.699077,46.218985],[14.698814,46.21907],[14.698743,46.2191],[14.698496,46.219229],[14.698351,46.219334],[14.698195,46.219459],[14.697978,46.219636],[14.697852,46.21972],[14.697739,46.219768],[14.697709,46.21978],[14.697531,46.219838],[14.697198,46.219934],[14.696891,46.220044],[14.69672,46.220121],[14.696578,46.220205],[14.696415,46.22032],[14.696252,46.220464],[14.696144,46.220574],[14.696063,46.220691],[14.695971,46.220855],[14.695909,46.220987],[14.695854,46.221094],[14.69571,46.221376],[14.695653,46.221458],[14.695544,46.221568],[14.695478,46.221628],[14.695401,46.221693],[14.693893,46.22286],[14.693623,46.223058],[14.693132,46.223418],[14.693022,46.223504],[14.692871,46.223629],[14.692682,46.223839],[14.692617,46.223915],[14.692537,46.22402],[14.692436,46.224122],[14.692331,46.224203],[14.692187,46.224282],[14.692049,46.224335],[14.691937,46.224375],[14.691816,46.2244],[14.691167,46.224519],[14.690651,46.224603],[14.690315,46.22465],[14.689741,46.224694],[14.689203,46.224706],[14.688304,46.224725],[14.68787,46.224734],[14.687587,46.224735],[14.687224,46.224725],[14.686646,46.224702],[14.686134,46.224685],[14.685479,46.224686],[14.685256,46.22469],[14.684956,46.224713],[14.684859,46.224727],[14.684706,46.224756],[14.684411,46.224841],[14.684119,46.22493],[14.683849,46.22501],[14.68356,46.225096],[14.683097,46.225235],[14.682808,46.225316],[14.682717,46.225341],[14.682286,46.225446],[14.682186,46.22549],[14.682106,46.225546],[14.682015,46.225668],[14.68193,46.225778],[14.681877,46.22582],[14.681827,46.225852],[14.681736,46.225882],[14.681555,46.225914],[14.681209,46.225952],[14.680452,46.226038],[14.680152,46.226068],[14.679843,46.226093],[14.679556,46.226098],[14.67898,46.226108],[14.678558,46.226113],[14.678352,46.226115],[14.677904,46.226111],[14.677765,46.226111],[14.677329,46.226097],[14.676927,46.226083],[14.676854,46.22608],[14.676554,46.226061],[14.676201,46.226036],[14.675872,46.225993],[14.675273,46.225887],[14.675024,46.225859],[14.674706,46.225855],[14.674518,46.225859],[14.674338,46.225863],[14.674235,46.225866],[14.673812,46.225885],[14.673476,46.225939],[14.673264,46.225973],[14.67304,46.226001],[14.672846,46.226018],[14.672715,46.226024],[14.672568,46.22602],[14.672277,46.225981],[14.671987,46.225928],[14.671705,46.225907],[14.67153,46.225914],[14.671368,46.225936],[14.67117,46.225981],[14.670986,46.226055],[14.669414,46.226734],[14.66864,46.227069],[14.668305,46.227251],[14.668132,46.22738],[14.668085,46.227428],[14.667986,46.227557],[14.66793,46.227648],[14.667761,46.228033],[14.667463,46.22881],[14.667293,46.229266],[14.667277,46.229312],[14.667215,46.229502],[14.667176,46.229718],[14.667162,46.229865],[14.667219,46.230645],[14.66723,46.230731],[14.667239,46.230798],[14.667265,46.231061],[14.667286,46.231334],[14.667283,46.231474],[14.667267,46.23156],[14.667251,46.231622],[14.667211,46.231711],[14.667127,46.231838],[14.666934,46.232111],[14.666816,46.232295],[14.6667,46.232494],[14.666624,46.23265],[14.666572,46.232807],[14.666497,46.233087],[14.666462,46.233214],[14.66643,46.233336],[14.666399,46.233459],[14.66635,46.233645],[14.666279,46.233911],[14.666221,46.234019],[14.666132,46.234117],[14.665967,46.234245],[14.665767,46.234341],[14.665641,46.234379],[14.665368,46.234464],[14.665078,46.234552],[14.664955,46.234589],[14.664722,46.234658],[14.66401,46.234861],[14.663718,46.234941],[14.663421,46.235009],[14.663183,46.235053],[14.663016,46.23507],[14.662727,46.235093],[14.662432,46.235097],[14.662098,46.235087],[14.661565,46.235046],[14.661362,46.235033],[14.660811,46.234994],[14.660464,46.234956],[14.660345,46.234938],[14.660228,46.234909],[14.660052,46.234842],[14.65992,46.234764],[14.659774,46.234643],[14.659604,46.234476],[14.659369,46.234242],[14.659113,46.233973],[14.658833,46.23369],[14.658644,46.233495],[14.658333,46.233171],[14.658134,46.232975],[14.657847,46.232688],[14.657667,46.232531],[14.65758,46.23247],[14.657394,46.232376],[14.657154,46.23231],[14.656855,46.232266],[14.65653,46.232238],[14.656203,46.232225],[14.655738,46.232228],[14.655389,46.23224],[14.654828,46.232285],[14.654236,46.232308],[14.653909,46.232338],[14.653478,46.232398],[14.652569,46.23251],[14.652272,46.232537],[14.651993,46.232547],[14.651724,46.232535],[14.651501,46.232506],[14.651231,46.23245],[14.65002,46.232154],[14.649767,46.232092],[14.649429,46.232015],[14.649104,46.231964],[14.648395,46.231871],[14.648123,46.231839],[14.647591,46.231754],[14.647354,46.231702],[14.64715,46.231644],[14.647015,46.231593],[14.646914,46.231557],[14.646764,46.231493],[14.646467,46.231369],[14.646259,46.231305],[14.646106,46.231275],[14.645879,46.231254],[14.645264,46.231224],[14.64517,46.231217],[14.645033,46.231196],[14.644828,46.231154],[14.64468,46.231097],[14.644561,46.231044],[14.644323,46.23091],[14.644145,46.23084],[14.644028,46.230825],[14.64395,46.230821],[14.643867,46.230832],[14.643728,46.230869],[14.643566,46.230938],[14.643356,46.231011],[14.643288,46.231027],[14.643219,46.231038],[14.643142,46.231043],[14.643065,46.231041],[14.642996,46.231024],[14.64291,46.230995],[14.642827,46.230942],[14.642573,46.230755],[14.642345,46.230596],[14.642133,46.230474],[14.641896,46.230388],[14.641503,46.230281],[14.640828,46.230139],[14.640287,46.230039],[14.64013,46.230021],[14.639978,46.230021],[14.639853,46.230036],[14.63971,46.230079],[14.639524,46.230149],[14.639179,46.230279],[14.638777,46.230437],[14.638462,46.23056],[14.638365,46.230592],[14.638254,46.230619],[14.638111,46.230633],[14.638016,46.230638],[14.637936,46.230638],[14.637658,46.230616],[14.637338,46.230556],[14.63715,46.230507],[14.636969,46.230453],[14.636629,46.230322],[14.636544,46.230289],[14.636298,46.230205],[14.636173,46.23017],[14.635372,46.230018],[14.635106,46.229967],[14.634593,46.229878],[14.633957,46.229781],[14.633782,46.229747],[14.633604,46.229702],[14.63334,46.229615],[14.632571,46.229343],[14.63219,46.229221],[14.631567,46.229033],[14.630827,46.228815],[14.630243,46.22866],[14.630076,46.228619],[14.629919,46.22859],[14.629577,46.22855],[14.629265,46.228535],[14.628864,46.228539],[14.628555,46.228556],[14.628284,46.228585],[14.628045,46.228634],[14.627836,46.228675],[14.627653,46.228714],[14.627374,46.228769],[14.627266,46.228784],[14.627073,46.22881],[14.626931,46.228814],[14.626838,46.228815],[14.626702,46.228809],[14.626578,46.228799],[14.626382,46.228781],[14.625909,46.228724],[14.625382,46.228674],[14.624845,46.228625],[14.624466,46.228601],[14.624047,46.228596],[14.623759,46.2286],[14.623142,46.228636],[14.622897,46.228622],[14.622721,46.228601],[14.622492,46.228558],[14.622353,46.228523],[14.622269,46.228502],[14.622159,46.228474],[14.621989,46.22843],[14.621871,46.228399],[14.621554,46.228314],[14.621289,46.22824],[14.621103,46.22818],[14.620972,46.22813],[14.620801,46.228053],[14.620126,46.22773],[14.619991,46.22767],[14.619713,46.227542],[14.619499,46.22745],[14.619282,46.227354],[14.61918,46.227312],[14.619133,46.227293],[14.618505,46.227006],[14.617938,46.22678],[14.617598,46.226651],[14.617243,46.226523],[14.616986,46.226443],[14.616519,46.226323],[14.616468,46.226309],[14.615991,46.22618],[14.615527,46.226024],[14.615504,46.226078],[14.61549,46.226117],[14.615403,46.226309],[14.61534,46.226449],[14.615286,46.226568],[14.61515,46.226926],[14.614728,46.228015],[14.614514,46.228467],[14.614477,46.228543],[14.614432,46.228622],[14.614193,46.229039],[14.613972,46.229343],[14.61388,46.22947],[14.613688,46.229724],[14.613441,46.230046],[14.613324,46.230201],[14.613226,46.230364],[14.613186,46.23045],[14.613159,46.2305],[14.613103,46.230552],[14.613037,46.230582],[14.612936,46.230589],[14.612044,46.23059],[14.611978,46.230591],[14.611912,46.230591],[14.611533,46.230599],[14.611151,46.230598],[14.611142,46.230646],[14.61111,46.230688],[14.611059,46.230721],[14.610996,46.230741],[14.610927,46.230745],[14.610911,46.230835],[14.610891,46.230941],[14.610772,46.231283],[14.610703,46.231453],[14.610366,46.232073],[14.609965,46.232787],[14.609799,46.233103],[14.609703,46.233305],[14.609653,46.233465],[14.609608,46.233664],[14.609547,46.23404],[14.609492,46.234389],[14.609462,46.234626],[14.60942,46.234776],[14.609334,46.234964],[14.609227,46.235146],[14.60912,46.235303],[14.609017,46.235429],[14.608865,46.235585],[14.608659,46.235762],[14.608089,46.236228],[14.606254,46.237712],[14.606049,46.23789],[14.605881,46.238066],[14.605727,46.23826],[14.605692,46.238312],[14.605627,46.238409],[14.605496,46.238645],[14.605217,46.239269],[14.604802,46.240262],[14.604686,46.240549],[14.604606,46.240779],[14.604566,46.241015],[14.604566,46.241238],[14.604607,46.2418],[14.604643,46.242212],[14.604709,46.242719],[14.604711,46.242885],[14.604698,46.243032],[14.604672,46.243114],[14.604613,46.243261],[14.604538,46.243384],[14.604464,46.243462],[14.604364,46.243541],[14.604203,46.243651],[14.604044,46.243726],[14.603844,46.243791],[14.603532,46.243917],[14.603293,46.244026],[14.603149,46.244098],[14.602949,46.244223],[14.602923,46.244247],[14.602881,46.244285],[14.602794,46.244375],[14.602706,46.244499],[14.602581,46.244697],[14.602492,46.244809],[14.602243,46.245092],[14.601821,46.245576],[14.601746,46.245677],[14.601687,46.2458],[14.601655,46.245933],[14.601641,46.246363],[14.601644,46.246725],[14.601657,46.246914],[14.601698,46.247124],[14.601733,46.247298],[14.60177,46.247461],[14.601996,46.24833],[14.602042,46.248521],[14.602082,46.24868],[14.602111,46.248853],[14.602159,46.249071],[14.602168,46.249237],[14.602148,46.249433],[14.602109,46.249608],[14.602026,46.249928],[14.601991,46.250059],[14.601946,46.250227],[14.601908,46.25041],[14.601888,46.250557],[14.601884,46.25071],[14.601891,46.250898],[14.6019,46.251097],[14.601921,46.25139],[14.602001,46.252053],[14.602048,46.252399],[14.60209,46.252734],[14.602118,46.25296],[14.602124,46.253132],[14.602093,46.253553],[14.602088,46.253637],[14.6021,46.25378],[14.602116,46.253865],[14.602148,46.253959],[14.602197,46.25406],[14.602274,46.254197],[14.602394,46.254366],[14.602664,46.254747],[14.602731,46.254838],[14.602925,46.255106],[14.603357,46.255713],[14.603572,46.256029],[14.603658,46.256185],[14.60371,46.256314],[14.603756,46.256468],[14.603783,46.256657],[14.603776,46.256851],[14.603749,46.256989],[14.603704,46.257176],[14.603689,46.257222],[14.603665,46.257301],[14.603608,46.257485],[14.603549,46.257674],[14.603485,46.257873],[14.603469,46.25794],[14.603483,46.258065],[14.603501,46.25815],[14.603557,46.258261],[14.603714,46.258453],[14.603938,46.258688],[14.603982,46.258733],[14.604064,46.258859],[14.604136,46.258951],[14.604234,46.259102],[14.604314,46.259272],[14.604395,46.259425],[14.604541,46.259593],[14.604695,46.259732],[14.604855,46.259882],[14.604917,46.259953],[14.605017,46.260073],[14.605074,46.260154],[14.605118,46.260258],[14.605149,46.260361],[14.605157,46.260493],[14.605137,46.26062],[14.605069,46.260806],[14.604978,46.26101],[14.604906,46.261159],[14.604796,46.261369],[14.604633,46.261672],[14.60457,46.261795],[14.604477,46.262003],[14.604347,46.262447],[14.604286,46.26264],[14.60421,46.262816],[14.604114,46.262962],[14.604106,46.262975],[14.60398,46.263124],[14.603569,46.263601],[14.603342,46.26388],[14.603182,46.264107],[14.603087,46.264273],[14.603031,46.26442],[14.602973,46.26464],[14.602953,46.264745],[14.602943,46.264912],[14.602957,46.265049],[14.603018,46.265174],[14.603088,46.265267],[14.603127,46.265311],[14.603172,46.265361],[14.603272,46.265435],[14.603382,46.265497],[14.603527,46.26556],[14.603601,46.266245],[14.603681,46.266826],[14.603779,46.26759],[14.603863,46.267753],[14.604002,46.267911],[14.604469,46.26824],[14.605365,46.268831],[14.605561,46.26899],[14.605686,46.269128],[14.605827,46.269291],[14.605947,46.269473],[14.606054,46.269666],[14.606132,46.269865],[14.606195,46.270067],[14.606318,46.270531],[14.606393,46.270792],[14.606521,46.271207],[14.606586,46.271363],[14.606621,46.27143],[14.60665,46.271476],[14.606744,46.271612],[14.606915,46.271813],[14.607622,46.27257],[14.607873,46.272822],[14.608044,46.272955],[14.608226,46.273031],[14.608397,46.273087],[14.608903,46.273218],[14.609455,46.27335],[14.609611,46.273387],[14.610104,46.273504],[14.610343,46.273614],[14.610457,46.273713],[14.610544,46.273844],[14.610583,46.273952],[14.610677,46.274069],[14.610796,46.274174],[14.610929,46.274263],[14.611185,46.274376],[14.611514,46.274465],[14.611796,46.274548],[14.611971,46.274639],[14.612135,46.27476],[14.612204,46.27483],[14.61247,46.275172],[14.612551,46.275369],[14.612707,46.275809],[14.61277,46.275984],[14.612901,46.27627],[14.613,46.276431],[14.613182,46.276644],[14.613529,46.276986],[14.613724,46.277174],[14.613846,46.277304],[14.61403,46.277552],[14.614598,46.278376],[14.614728,46.27866],[14.61479,46.278785],[14.614845,46.279064],[14.614814,46.279236],[14.61476,46.279365],[14.614652,46.279509],[14.614494,46.279632],[14.614477,46.279648],[14.614362,46.279755],[14.614255,46.279887],[14.614219,46.279978],[14.614238,46.280094],[14.614362,46.280209],[14.614552,46.280356],[14.614747,46.28051],[14.614834,46.280602],[14.614947,46.280746],[14.615065,46.28095],[14.615108,46.281061],[14.615219,46.281612],[14.615261,46.281842],[14.61532,46.282127],[14.615424,46.282823],[14.615594,46.283786],[14.615723,46.284054],[14.615827,46.284198],[14.61594,46.284291],[14.616058,46.284399],[14.616579,46.284875],[14.616931,46.285208],[14.617112,46.285448],[14.617447,46.285927],[14.617796,46.28643],[14.617875,46.286652],[14.617864,46.286783],[14.617831,46.286942],[14.617743,46.287104],[14.617671,46.287227],[14.617478,46.287415],[14.617152,46.287646],[14.616742,46.287907],[14.616309,46.288161],[14.615993,46.28839],[14.615879,46.288532],[14.615831,46.28865],[14.615844,46.288786],[14.616111,46.28929],[14.616233,46.289458],[14.616347,46.289619],[14.616394,46.289747],[14.616379,46.289863],[14.616304,46.290021],[14.616127,46.290181],[14.615849,46.290379],[14.615655,46.290682],[14.615556,46.290864],[14.615549,46.291017],[14.615591,46.291149],[14.615703,46.291376],[14.615712,46.291491],[14.615672,46.291628],[14.615581,46.291792],[14.615388,46.29196],[14.615233,46.292128],[14.615021,46.292549],[14.614835,46.293104],[14.614707,46.293698],[14.614653,46.293901],[14.614656,46.294157],[14.61471,46.294599],[14.614624,46.294757],[14.613956,46.295514],[14.613339,46.295902],[14.613241,46.295999],[14.613083,46.296181],[14.613038,46.296347],[14.613042,46.296526],[14.613017,46.296681],[14.612883,46.296937],[14.612661,46.297251],[14.612613,46.297341],[14.612609,46.297507],[14.612625,46.298111],[14.612595,46.298233],[14.612543,46.298353],[14.612357,46.298489],[14.612223,46.298569],[14.611652,46.29868],[14.611332,46.298811],[14.610923,46.299027],[14.610849,46.299101],[14.610809,46.299191],[14.610784,46.299566],[14.610706,46.299735],[14.610395,46.300035],[14.610334,46.300185],[14.610299,46.300422],[14.610296,46.300719],[14.610257,46.300902],[14.610105,46.301158],[14.609529,46.302054],[14.609388,46.302215],[14.609219,46.302372],[14.608976,46.302548],[14.608854,46.302717],[14.608745,46.30291],[14.608722,46.303053],[14.608798,46.303272],[14.608831,46.303347],[14.608835,46.303653],[14.608827,46.303895],[14.608797,46.304492],[14.608826,46.304649],[14.608922,46.304903],[14.609002,46.305039],[14.609094,46.305274],[14.609083,46.305447],[14.609031,46.305548],[14.608969,46.305644],[14.608838,46.305798],[14.608584,46.306074],[14.608442,46.306213],[14.608269,46.306411],[14.608034,46.306708],[14.607934,46.306885],[14.607925,46.307051],[14.607962,46.307163],[14.608009,46.30723],[14.608115,46.307396],[14.608128,46.307448],[14.608158,46.307659],[14.608154,46.307854],[14.608129,46.308324],[14.608101,46.308618],[14.608085,46.308955],[14.608035,46.309275],[14.607988,46.309431],[14.607893,46.309707],[14.607823,46.309857],[14.607801,46.309905],[14.60765,46.310252],[14.60763,46.310291],[14.607442,46.310676],[14.607373,46.310818],[14.607206,46.311142],[14.607072,46.311346],[14.606961,46.31149],[14.606906,46.311561],[14.606879,46.311596],[14.606794,46.311667],[14.606654,46.311777],[14.606321,46.311996],[14.606064,46.312184],[14.605847,46.312378],[14.605436,46.312743],[14.605048,46.3131],[14.604811,46.313327],[14.604789,46.313349],[14.604404,46.31372],[14.603863,46.314207],[14.603676,46.314447],[14.603464,46.315033],[14.603385,46.315198],[14.60323,46.31546],[14.60301,46.315787],[14.602458,46.316323],[14.601736,46.316928],[14.60084,46.317721],[14.600729,46.317836],[14.600666,46.318027],[14.600701,46.318194],[14.600768,46.318418],[14.600754,46.318594],[14.600753,46.318614],[14.600728,46.318646],[14.600662,46.318704],[14.600598,46.318756],[14.600126,46.318898],[14.599742,46.318983],[14.59958,46.319059],[14.599459,46.319128],[14.59915,46.319373],[14.598787,46.31966],[14.598376,46.320016],[14.597949,46.320369],[14.597744,46.320483],[14.597158,46.320676],[14.596569,46.320841],[14.595526,46.321047],[14.595177,46.321145],[14.594656,46.321389],[14.594325,46.321647],[14.594174,46.32186],[14.5939,46.322363],[14.59351,46.323472],[14.593299,46.324116],[14.59322,46.324255],[14.593127,46.324363],[14.592952,46.324525],[14.59268,46.324717],[14.592416,46.324852],[14.592138,46.324985],[14.591953,46.325116],[14.591707,46.325438],[14.591191,46.326083],[14.590961,46.326385],[14.590801,46.326596],[14.590676,46.326721],[14.590513,46.326855],[14.590349,46.326945],[14.590235,46.326977],[14.590094,46.327011],[14.589701,46.32711],[14.589673,46.327118],[14.5896,46.327152],[14.589569,46.327203],[14.589588,46.327253],[14.589578,46.327336],[14.589564,46.327456],[14.589536,46.327547],[14.589484,46.327631],[14.589418,46.327698],[14.589258,46.327812],[14.589174,46.327898],[14.588997,46.328077],[14.588801,46.328213],[14.588744,46.328267],[14.588686,46.328343],[14.588613,46.328443],[14.588588,46.328476],[14.588454,46.328624],[14.588377,46.328679],[14.588281,46.328756],[14.588199,46.328806],[14.588125,46.328878],[14.588019,46.329014],[14.587935,46.329178],[14.587912,46.329281],[14.587887,46.329369],[14.587851,46.329419],[14.587777,46.329469],[14.587666,46.329511],[14.587456,46.329552],[14.587234,46.329557],[14.587116,46.329552],[14.587058,46.329542],[14.586989,46.329524],[14.586578,46.3295],[14.586296,46.32946],[14.586069,46.329406],[14.585884,46.329354],[14.585616,46.329297],[14.585528,46.329279]]}}