{"type":"Feature","properties":{"id":"si-c","distanceKm":589.084,"drivingMinutes":544.0974666666667},"geometry":{"type":"LineString","coordinates":[[14.560413,50.001612],[14.560548,50.00162],[14.560825,50.001636],[14.561156,50.001659],[14.561228,50.001665],[14.561255,50.001642],[14.561282,50.001631],[14.561319,50.001625],[14.56135,50.001627],[14.561384,50.001636],[14.561408,50.00165],[14.561427,50.001671],[14.561433,50.001694],[14.561427,50.001717],[14.561407,50.00174],[14.561378,50.001755],[14.561335,50.001764],[14.561333,50.001896],[14.561205,50.002168],[14.561189,50.002219],[14.5612,50.002249],[14.561236,50.002282],[14.5613,50.002315],[14.56144,50.002379],[14.561454,50.002385],[14.561503,50.002409],[14.561617,50.002498],[14.561745,50.00262],[14.561969,50.002944],[14.562096,50.003141],[14.56223,50.003333],[14.562346,50.00349],[14.562426,50.003585],[14.56245,50.003604],[14.562482,50.003639],[14.562504,50.003656],[14.562712,50.003775],[14.562854,50.003857],[14.562881,50.003872],[14.5633,50.004106],[14.563362,50.004141],[14.56339,50.004153],[14.563643,50.004234],[14.563734,50.004255],[14.563771,50.004258],[14.563811,50.004259],[14.563849,50.004255],[14.563883,50.004248],[14.563936,50.004232],[14.564232,50.004175],[14.564387,50.004142],[14.564537,50.004101],[14.564687,50.004056],[14.564884,50.00399],[14.565106,50.003917],[14.565907,50.003652],[14.565995,50.003625],[14.566078,50.003604],[14.566165,50.003587],[14.566244,50.003574],[14.566338,50.003568],[14.566417,50.003569],[14.566493,50.003574],[14.566564,50.003585],[14.566639,50.003602],[14.566703,50.003621],[14.566818,50.003659],[14.567237,50.003836],[14.567293,50.003859],[14.567356,50.003877],[14.567427,50.003893],[14.567499,50.003905],[14.567578,50.003915],[14.567656,50.003918],[14.567727,50.003915],[14.567791,50.00391],[14.567846,50.003902],[14.567904,50.003893],[14.567961,50.003877],[14.568324,50.003777],[14.569015,50.003504],[14.570052,50.003138],[14.570545,50.002893],[14.571001,50.002657],[14.571594,50.00234],[14.572145,50.002033],[14.572574,50.00179],[14.573054,50.001513],[14.57364,50.001173],[14.575203,50.000278],[14.575856,49.999905],[14.584162,49.995133],[14.585001,49.99465],[14.585717,49.994239],[14.587083,49.993455],[14.587943,49.992962],[14.589443,49.992104],[14.590481,49.991498],[14.590842,49.991296],[14.591654,49.99083],[14.594303,49.989309],[14.595175,49.988799],[14.596041,49.98828],[14.596593,49.987941],[14.597381,49.987448],[14.597979,49.987054],[14.598565,49.986663],[14.599145,49.986275],[14.600419,49.98537],[14.601589,49.984496],[14.602025,49.984161],[14.60358,49.982902],[14.605746,49.981109],[14.606363,49.980608],[14.606975,49.980107],[14.607169,49.979944],[14.607965,49.979288],[14.608922,49.978493],[14.610765,49.97698],[14.611372,49.976485],[14.611824,49.976113],[14.613728,49.974535],[14.614048,49.974269],[14.614849,49.973613],[14.616211,49.9725],[14.617089,49.971771],[14.617504,49.971422],[14.619039,49.970156],[14.619392,49.969864],[14.620256,49.969151],[14.620347,49.969076],[14.621869,49.967821],[14.622195,49.967553],[14.623239,49.966695],[14.628362,49.962484],[14.629383,49.96164],[14.630475,49.960737],[14.631518,49.959876],[14.633701,49.958071],[14.637337,49.955073],[14.638093,49.95444],[14.639236,49.95349],[14.641613,49.951516],[14.642866,49.950508],[14.643032,49.950348],[14.644148,49.949424],[14.644234,49.949353],[14.64482,49.948871],[14.645486,49.948369],[14.64596,49.948043],[14.646467,49.947737],[14.646977,49.947448],[14.647538,49.947161],[14.648017,49.946946],[14.64856,49.946715],[14.649196,49.946478],[14.649852,49.946266],[14.65031,49.946128],[14.650686,49.946023],[14.651307,49.945852],[14.652064,49.945649],[14.653256,49.945326],[14.653869,49.945168],[14.654929,49.944893],[14.655497,49.944726],[14.656468,49.944473],[14.657001,49.944328],[14.65986,49.943554],[14.668941,49.941094],[14.669412,49.940971],[14.67314,49.939961],[14.675185,49.939414],[14.678107,49.938616],[14.680948,49.93784],[14.681508,49.93768],[14.682074,49.937511],[14.68265,49.93732],[14.683247,49.937114],[14.683783,49.936905],[14.684423,49.936647],[14.68496,49.936412],[14.685449,49.93618],[14.686034,49.935885],[14.686575,49.935592],[14.687328,49.935157],[14.689584,49.933804],[14.691133,49.932883],[14.692285,49.932179],[14.693365,49.931474],[14.693915,49.931097],[14.694693,49.930526],[14.695904,49.929618],[14.696946,49.928791],[14.698221,49.92775],[14.699011,49.927086],[14.699912,49.926298],[14.700277,49.925968],[14.700839,49.925438],[14.701176,49.925103],[14.701407,49.924857],[14.701824,49.924426],[14.702265,49.923936],[14.703195,49.922868],[14.70421,49.921723],[14.705349,49.920413],[14.706614,49.918959],[14.707758,49.91762],[14.708046,49.91718],[14.708243,49.916901],[14.708468,49.916583],[14.708825,49.916084],[14.709082,49.91578],[14.709385,49.915478],[14.709836,49.915083],[14.710619,49.914406],[14.710807,49.91424],[14.710969,49.914077],[14.7111,49.913916],[14.711214,49.913738],[14.711279,49.913586],[14.711329,49.913416],[14.71136,49.913265],[14.711362,49.913133],[14.711333,49.912894],[14.711272,49.912711],[14.711165,49.912506],[14.711008,49.912278],[14.710827,49.912022],[14.710698,49.911865],[14.71002,49.911028],[14.709751,49.910687],[14.709563,49.910431],[14.70945,49.910249],[14.709304,49.909931],[14.709263,49.909811],[14.709213,49.909654],[14.709181,49.909538],[14.709157,49.909386],[14.709154,49.909256],[14.709152,49.909038],[14.709194,49.90876],[14.709219,49.908643],[14.709251,49.908528],[14.709302,49.908391],[14.709369,49.90825],[14.709511,49.908012],[14.709606,49.907875],[14.70972,49.907732],[14.709931,49.907475],[14.710049,49.907356],[14.710111,49.907305],[14.71022,49.907206],[14.71025,49.907187],[14.710366,49.907118],[14.710482,49.907023],[14.710601,49.906936],[14.710696,49.90687],[14.710891,49.906746],[14.711097,49.906624],[14.711355,49.906497],[14.711589,49.90639],[14.711882,49.906271],[14.712392,49.906076],[14.71277,49.905923],[14.713013,49.905825],[14.713189,49.905746],[14.713398,49.905643],[14.713542,49.905563],[14.713678,49.905487],[14.713822,49.905398],[14.713973,49.905298],[14.714102,49.905205],[14.714256,49.905081],[14.714422,49.904941],[14.714566,49.904797],[14.714682,49.904675],[14.714796,49.904544],[14.714894,49.904413],[14.715,49.904253],[14.715091,49.904104],[14.715181,49.903923],[14.715232,49.903796],[14.715297,49.90361],[14.715333,49.903472],[14.715359,49.90333],[14.71536,49.903321],[14.715379,49.903214],[14.715387,49.903045],[14.715388,49.902891],[14.715375,49.902744],[14.715367,49.902675],[14.715344,49.902538],[14.715282,49.902281],[14.715231,49.902126],[14.715151,49.901953],[14.714961,49.901582],[14.714577,49.900887],[14.714343,49.900477],[14.714148,49.900102],[14.71384,49.899507],[14.713671,49.899173],[14.713626,49.899067],[14.713565,49.89892],[14.713524,49.898784],[14.713486,49.898629],[14.713451,49.89845],[14.713432,49.898277],[14.713411,49.898],[14.71341,49.897829],[14.713419,49.897685],[14.713436,49.897495],[14.713474,49.897258],[14.713522,49.897001],[14.713627,49.896502],[14.713701,49.896149],[14.713844,49.895477],[14.713878,49.895303],[14.713894,49.895185],[14.713906,49.89509],[14.713925,49.894851],[14.713943,49.894597],[14.713939,49.894356],[14.713927,49.894203],[14.713883,49.893872],[14.713811,49.893534],[14.713755,49.893336],[14.713638,49.893008],[14.713465,49.892638],[14.713306,49.892308],[14.713024,49.89175],[14.712899,49.89149],[14.712769,49.891252],[14.712563,49.890903],[14.712446,49.890668],[14.712253,49.890323],[14.711949,49.88975],[14.711716,49.889298],[14.711295,49.888503],[14.711125,49.888206],[14.710956,49.88789],[14.710775,49.887545],[14.710479,49.886941],[14.710026,49.886016],[14.709053,49.884198],[14.708815,49.883721],[14.7087,49.883503],[14.708264,49.882664],[14.707641,49.881533],[14.707414,49.88109],[14.707195,49.880632],[14.707021,49.880189],[14.706875,49.879724],[14.706818,49.879457],[14.706763,49.879166],[14.706728,49.878893],[14.706706,49.878596],[14.706708,49.878119],[14.706763,49.877617],[14.706881,49.877097],[14.707044,49.876573],[14.70721,49.876135],[14.707443,49.875499],[14.70759,49.87511],[14.707702,49.874739],[14.707775,49.874445],[14.707846,49.874126],[14.707898,49.873812],[14.707934,49.873507],[14.707957,49.873173],[14.707972,49.872893],[14.707969,49.87255],[14.707949,49.872235],[14.70791,49.871945],[14.707872,49.871727],[14.707734,49.871096],[14.707684,49.870919],[14.707511,49.870385],[14.707421,49.870149],[14.707307,49.869858],[14.707158,49.869558],[14.707013,49.869257],[14.706833,49.86892],[14.706434,49.868326],[14.706021,49.867763],[14.705691,49.867384],[14.705226,49.866897],[14.70484,49.866533],[14.704404,49.866154],[14.70384,49.865723],[14.703036,49.86515],[14.702191,49.864621],[14.701155,49.863985],[14.700705,49.863693],[14.699633,49.863024],[14.698917,49.86257],[14.698065,49.86204],[14.697501,49.861668],[14.696667,49.861105],[14.695749,49.860459],[14.693667,49.858919],[14.690349,49.85644],[14.687701,49.854491],[14.685032,49.852516],[14.684447,49.852082],[14.683925,49.851672],[14.683488,49.851269],[14.683065,49.850827],[14.682713,49.850451],[14.682368,49.849999],[14.682085,49.849575],[14.681947,49.849372],[14.681794,49.849111],[14.681458,49.848507],[14.681265,49.848087],[14.681137,49.847753],[14.681011,49.847376],[14.680898,49.846991],[14.680795,49.846526],[14.68072,49.846045],[14.680698,49.84575],[14.680686,49.845424],[14.680689,49.844891],[14.680694,49.844688],[14.680721,49.844368],[14.680779,49.844022],[14.680826,49.84382],[14.680927,49.843415],[14.681053,49.843001],[14.681315,49.842274],[14.681596,49.841536],[14.68215,49.840091],[14.682232,49.839873],[14.682386,49.839469],[14.682558,49.839056],[14.682742,49.838698],[14.682894,49.838447],[14.683119,49.838142],[14.683377,49.837841],[14.683645,49.837573],[14.683918,49.837336],[14.684264,49.837073],[14.684594,49.836838],[14.684962,49.836589],[14.685317,49.836348],[14.685993,49.835795],[14.686195,49.835603],[14.68636,49.835436],[14.68655,49.835225],[14.686688,49.835055],[14.686823,49.834877],[14.686983,49.834612],[14.687083,49.834419],[14.687166,49.834256],[14.687231,49.834097],[14.687309,49.83388],[14.687361,49.833687],[14.687423,49.833386],[14.687453,49.833148],[14.68746,49.832944],[14.687456,49.832776],[14.687443,49.832598],[14.687421,49.832418],[14.687392,49.832258],[14.687365,49.832127],[14.687307,49.831924],[14.687103,49.831253],[14.686714,49.830055],[14.686413,49.829101],[14.686331,49.828848],[14.686156,49.828295],[14.686044,49.827941],[14.685913,49.827505],[14.685804,49.827177],[14.685591,49.826454],[14.685427,49.825898],[14.68484,49.823786],[14.683485,49.818262],[14.682108,49.812805],[14.682048,49.812571],[14.68196,49.812226],[14.681866,49.811855],[14.681826,49.811685],[14.680855,49.807657],[14.680619,49.806676],[14.680383,49.805632],[14.680317,49.80512],[14.680159,49.803585],[14.680118,49.803205],[14.680013,49.80201],[14.679981,49.80164],[14.679975,49.801534],[14.679779,49.797743],[14.679748,49.797146],[14.679665,49.795851],[14.679639,49.795342],[14.679605,49.794736],[14.679573,49.794486],[14.679506,49.794317],[14.679467,49.794269],[14.679434,49.794228],[14.679391,49.794191],[14.679342,49.794158],[14.679294,49.794133],[14.679242,49.794112],[14.679186,49.794095],[14.679122,49.794082],[14.679061,49.794062],[14.679006,49.794036],[14.678958,49.794005],[14.678914,49.793965],[14.678881,49.793921],[14.67886,49.793875],[14.678852,49.793826],[14.678857,49.793778],[14.678875,49.79373],[14.6789,49.793694],[14.67893,49.793661],[14.678969,49.793627],[14.679015,49.793596],[14.679097,49.793545],[14.679138,49.793513],[14.679182,49.793468],[14.679212,49.793429],[14.679237,49.793388],[14.679258,49.793338],[14.679272,49.793287],[14.679276,49.793235],[14.679273,49.793184],[14.679208,49.792959],[14.679153,49.792706],[14.679084,49.792435],[14.678322,49.790132],[14.678229,49.789857],[14.677628,49.788079],[14.677462,49.787598],[14.677388,49.787363],[14.677253,49.786986],[14.67722,49.786892],[14.677145,49.786672],[14.677123,49.786586],[14.676942,49.786041],[14.676736,49.785431],[14.676418,49.784491],[14.676224,49.78391],[14.676164,49.783728],[14.676131,49.783631],[14.675849,49.782787],[14.675441,49.781654],[14.675256,49.781098],[14.675115,49.780522],[14.675084,49.780324],[14.675054,49.780066],[14.675018,49.779757],[14.675005,49.779586],[14.675006,49.779394],[14.675006,49.779245],[14.675026,49.778964],[14.675047,49.778777],[14.675092,49.778452],[14.675124,49.778258],[14.675208,49.7778],[14.675233,49.777672],[14.675331,49.777154],[14.675437,49.77658],[14.675489,49.776304],[14.675611,49.775666],[14.67569,49.775261],[14.676196,49.772565],[14.676253,49.772197],[14.676295,49.771816],[14.676307,49.771574],[14.676308,49.771321],[14.676305,49.771144],[14.676295,49.770944],[14.676241,49.770329],[14.676003,49.768015],[14.675928,49.767259],[14.675893,49.766888],[14.675872,49.766661],[14.675854,49.766536],[14.675819,49.766536],[14.675783,49.76653],[14.675743,49.76652],[14.675715,49.766511],[14.675681,49.766498],[14.675664,49.766492],[14.675648,49.766485],[14.675633,49.766478],[14.675618,49.766471],[14.675603,49.766462],[14.67559,49.766454],[14.675576,49.766445],[14.675564,49.766435],[14.675552,49.766425],[14.675541,49.766415],[14.67553,49.766405],[14.675521,49.766394],[14.675512,49.766384],[14.675497,49.766361],[14.675491,49.76635],[14.675486,49.766339],[14.675481,49.766327],[14.675478,49.766316],[14.675476,49.766305],[14.675474,49.766293],[14.675473,49.766282],[14.675474,49.766271],[14.675475,49.76626],[14.675477,49.766249],[14.67548,49.766239],[14.675484,49.766229],[14.675488,49.766219],[14.675494,49.766209],[14.6755,49.7662],[14.675507,49.766191],[14.675515,49.766182],[14.675523,49.766174],[14.675533,49.766166],[14.675543,49.766158],[14.675553,49.766151],[14.675564,49.766144],[14.675576,49.766138],[14.675595,49.76613],[14.675623,49.766123],[14.675709,49.766105],[14.67575,49.766099],[14.675787,49.766096],[14.67576,49.765975],[14.675352,49.764434],[14.674997,49.763191],[14.674615,49.76192],[14.673921,49.759751],[14.673785,49.759316],[14.673735,49.759146],[14.673677,49.758932],[14.673624,49.758699],[14.673584,49.758522],[14.673552,49.75834],[14.67353,49.758153],[14.673495,49.757797],[14.673469,49.757444],[14.673431,49.757094],[14.673377,49.756623],[14.673333,49.756229],[14.673307,49.756],[14.673281,49.755818],[14.673264,49.75571],[14.673233,49.755573],[14.673198,49.755439],[14.673158,49.755299],[14.673102,49.755144],[14.672682,49.753946],[14.67263,49.753775],[14.672573,49.753597],[14.672525,49.753417],[14.672505,49.753317],[14.672468,49.753152],[14.672419,49.752855],[14.672395,49.752659],[14.672382,49.75247],[14.672367,49.752242],[14.672367,49.751973],[14.672372,49.751767],[14.67239,49.751503],[14.672413,49.751288],[14.672443,49.751086],[14.672489,49.750846],[14.672561,49.750537],[14.672636,49.750259],[14.67275,49.74991],[14.673003,49.749197],[14.673076,49.74896],[14.673141,49.748696],[14.673188,49.748453],[14.673206,49.748265],[14.67322,49.748031],[14.673217,49.747737],[14.673196,49.747511],[14.673152,49.747257],[14.673084,49.74698],[14.672994,49.746723],[14.672919,49.746535],[14.672777,49.746234],[14.672583,49.7459],[14.672369,49.745589],[14.672239,49.745423],[14.672033,49.745185],[14.671819,49.744975],[14.671504,49.744693],[14.671232,49.744475],[14.67089,49.744238],[14.670621,49.744064],[14.670405,49.743934],[14.670112,49.74378],[14.666826,49.742317],[14.666221,49.742047],[14.665916,49.741919],[14.665232,49.741606],[14.664943,49.741467],[14.664739,49.741364],[14.664522,49.741247],[14.66428,49.741113],[14.664062,49.740985],[14.663903,49.740887],[14.66369,49.740741],[14.663512,49.740612],[14.663277,49.74042],[14.663026,49.740187],[14.662862,49.740017],[14.662729,49.739875],[14.662641,49.739765],[14.662496,49.739566],[14.662429,49.739468],[14.662301,49.739262],[14.662247,49.739152],[14.662136,49.73892],[14.662037,49.73868],[14.661971,49.738468],[14.661901,49.738234],[14.661851,49.738013],[14.661806,49.737761],[14.66164,49.73683],[14.661387,49.735201],[14.661016,49.732909],[14.660873,49.732035],[14.660796,49.731578],[14.660563,49.73012],[14.660361,49.728989],[14.660262,49.72851],[14.660069,49.727651],[14.659833,49.726817],[14.659641,49.726201],[14.659411,49.725537],[14.65925,49.725118],[14.65912,49.724788],[14.658811,49.724065],[14.658493,49.723411],[14.658397,49.723238],[14.65838,49.723208],[14.658169,49.722831],[14.657843,49.722257],[14.656868,49.720596],[14.655978,49.719139],[14.655693,49.718644],[14.655637,49.718534],[14.655286,49.717884],[14.655202,49.717719],[14.655092,49.717495],[14.654905,49.717076],[14.654768,49.716685],[14.654599,49.716147],[14.654508,49.715671],[14.654438,49.715143],[14.654417,49.714653],[14.654427,49.714135],[14.654455,49.713688],[14.654549,49.712891],[14.654952,49.710596],[14.655083,49.709791],[14.655208,49.708925],[14.655263,49.708091],[14.655296,49.707251],[14.655264,49.706359],[14.65522,49.705609],[14.655165,49.705186],[14.655109,49.704778],[14.654982,49.703995],[14.654858,49.70342],[14.654731,49.70284],[14.654575,49.702286],[14.654401,49.701744],[14.654099,49.700897],[14.653767,49.700087],[14.653279,49.699047],[14.652986,49.698481],[14.652699,49.697969],[14.652064,49.696927],[14.651188,49.695567],[14.649498,49.692944],[14.649345,49.692707],[14.64923,49.692528],[14.648847,49.691923],[14.648461,49.691297],[14.64816,49.690792],[14.647963,49.690457],[14.647676,49.689951],[14.647588,49.68979],[14.647306,49.68927],[14.64705,49.688762],[14.64688,49.688418],[14.646713,49.688068],[14.646555,49.687728],[14.646405,49.687386],[14.646239,49.686994],[14.646111,49.68669],[14.646008,49.686412],[14.645843,49.686012],[14.645649,49.685469],[14.645525,49.685119],[14.645408,49.684763],[14.645298,49.684411],[14.645139,49.683883],[14.645112,49.683783],[14.645042,49.68353],[14.644946,49.683171],[14.644857,49.682816],[14.644775,49.682459],[14.6447,49.682108],[14.644637,49.681749],[14.644593,49.68139],[14.644566,49.681032],[14.644562,49.680674],[14.64458,49.680313],[14.64462,49.679953],[14.64468,49.679595],[14.644757,49.679242],[14.644849,49.678885],[14.644887,49.678756],[14.645112,49.678],[14.645221,49.677649],[14.645321,49.677293],[14.645359,49.677128],[14.645403,49.67694],[14.645449,49.676692],[14.645475,49.676514],[14.645498,49.67632],[14.645512,49.676132],[14.645519,49.675868],[14.645518,49.675722],[14.645513,49.675608],[14.64551,49.675505],[14.645495,49.675328],[14.645474,49.675147],[14.645428,49.674862],[14.645376,49.674614],[14.645306,49.67435],[14.645221,49.674083],[14.645181,49.673977],[14.645125,49.673827],[14.644999,49.673529],[14.644827,49.673184],[14.644736,49.673022],[14.644637,49.672851],[14.644578,49.672758],[14.644358,49.672435],[14.644212,49.672238],[14.643948,49.671913],[14.643731,49.671668],[14.643515,49.671446],[14.643354,49.671288],[14.643065,49.671028],[14.642907,49.670901],[14.642771,49.670804],[14.642334,49.670451],[14.642257,49.670392],[14.641722,49.67003],[14.641506,49.669898],[14.641322,49.669783],[14.640497,49.669286],[14.640083,49.669038],[14.639733,49.66882],[14.639412,49.668614],[14.63912,49.668418],[14.638854,49.668226],[14.638633,49.668059],[14.638372,49.667851],[14.638323,49.66781],[14.63804,49.667569],[14.637854,49.667402],[14.637669,49.667224],[14.637517,49.667073],[14.637336,49.666883],[14.637103,49.666618],[14.637026,49.666527],[14.636796,49.666234],[14.636668,49.666065],[14.636596,49.665961],[14.636486,49.665795],[14.636371,49.665617],[14.636235,49.665388],[14.636146,49.665226],[14.636062,49.665064],[14.635976,49.664894],[14.635937,49.664815],[14.635904,49.664745],[14.635799,49.664551],[14.635763,49.664474],[14.635577,49.663966],[14.635439,49.663474],[14.635159,49.662611],[14.634425,49.660351],[14.633972,49.659003],[14.633928,49.65888],[14.633727,49.658262],[14.633196,49.65661],[14.6331,49.656244],[14.63307,49.656136],[14.632994,49.655761],[14.632945,49.655393],[14.632916,49.655104],[14.632904,49.654901],[14.63291,49.65459],[14.632917,49.654443],[14.632944,49.654159],[14.632975,49.653921],[14.633041,49.653533],[14.633067,49.653415],[14.633093,49.653308],[14.633166,49.653024],[14.633218,49.652839],[14.63327,49.652698],[14.633382,49.652423],[14.633584,49.651992],[14.633786,49.651624],[14.634023,49.651222],[14.634213,49.650939],[14.634488,49.650568],[14.634741,49.650253],[14.635241,49.649669],[14.635541,49.649334],[14.635775,49.649087],[14.63618,49.648689],[14.636407,49.648469],[14.637182,49.647759],[14.637479,49.64751],[14.638064,49.647033],[14.638341,49.646811],[14.63861,49.646605],[14.639219,49.646169],[14.63981,49.645765],[14.640243,49.645481],[14.640745,49.645158],[14.641174,49.644892],[14.641787,49.644522],[14.645209,49.642469],[14.645852,49.642083],[14.647331,49.641201],[14.647544,49.641073],[14.647988,49.640795],[14.648416,49.640516],[14.648656,49.640352],[14.648727,49.640303],[14.648965,49.640128],[14.649195,49.639944],[14.649349,49.63981],[14.64952,49.63966],[14.649834,49.639359],[14.650043,49.639135],[14.650228,49.638924],[14.650419,49.638682],[14.650533,49.638525],[14.650629,49.63839],[14.65072,49.638252],[14.650861,49.638022],[14.651043,49.637699],[14.65114,49.637492],[14.651231,49.637283],[14.651317,49.637074],[14.651395,49.63686],[14.651453,49.636632],[14.651485,49.636453],[14.65151,49.63628],[14.651535,49.636097],[14.651553,49.635871],[14.651568,49.635648],[14.651571,49.635357],[14.651552,49.635103],[14.651527,49.634848],[14.651499,49.634639],[14.651446,49.634357],[14.651183,49.633229],[14.651091,49.632828],[14.651037,49.632544],[14.651001,49.632325],[14.650981,49.632144],[14.650963,49.631926],[14.650957,49.631738],[14.65096,49.631498],[14.650987,49.631139],[14.65106,49.630534],[14.651109,49.630184],[14.651148,49.629844],[14.65117,49.629506],[14.651181,49.629224],[14.651185,49.62903],[14.651175,49.628852],[14.65114,49.628551],[14.651075,49.628067],[14.650955,49.62735],[14.650918,49.627093],[14.650903,49.626941],[14.650895,49.626812],[14.65089,49.62666],[14.650889,49.626566],[14.650896,49.626451],[14.650916,49.62626],[14.650946,49.62608],[14.65098,49.625939],[14.651022,49.62579],[14.651069,49.625655],[14.651153,49.625452],[14.651222,49.625315],[14.651298,49.625185],[14.651372,49.625065],[14.651454,49.62494],[14.651553,49.624808],[14.65165,49.624689],[14.65178,49.624541],[14.65193,49.62439],[14.652117,49.624222],[14.652225,49.624131],[14.652359,49.624026],[14.652537,49.623899],[14.652803,49.623728],[14.653143,49.623522],[14.653588,49.623276],[14.654654,49.622735],[14.655291,49.622403],[14.655639,49.622207],[14.655935,49.622031],[14.656166,49.621884],[14.656415,49.621709],[14.656637,49.621533],[14.656864,49.621336],[14.656973,49.621237],[14.65709,49.621117],[14.657236,49.620949],[14.657414,49.620731],[14.657531,49.620573],[14.657629,49.620431],[14.657722,49.620281],[14.657816,49.620101],[14.657891,49.619946],[14.657956,49.619792],[14.658161,49.6192],[14.658329,49.618701],[14.658417,49.618445],[14.658598,49.617889],[14.658718,49.617513],[14.658818,49.617221],[14.65888,49.617056],[14.65894,49.616911],[14.659094,49.616581],[14.65929,49.616186],[14.659481,49.615833],[14.659722,49.615407],[14.660059,49.614798],[14.660376,49.614255],[14.660514,49.614024],[14.660602,49.613862],[14.660674,49.613721],[14.660723,49.613614],[14.660787,49.613467],[14.660839,49.613329],[14.660874,49.613229],[14.660907,49.613131],[14.660939,49.613023],[14.660961,49.612924],[14.660986,49.612768],[14.660996,49.612682],[14.661007,49.61259],[14.661014,49.61248],[14.66101,49.612326],[14.661001,49.612212],[14.660989,49.612123],[14.660971,49.612024],[14.660947,49.61192],[14.66093,49.611855],[14.660902,49.611767],[14.660841,49.611596],[14.660207,49.610064],[14.660192,49.610021],[14.660134,49.609861],[14.660053,49.609624],[14.659978,49.609388],[14.659924,49.609156],[14.659882,49.608934],[14.659857,49.608749],[14.659844,49.608616],[14.659837,49.608486],[14.659832,49.608291],[14.659835,49.608063],[14.659856,49.607426],[14.659902,49.606058],[14.659931,49.604971],[14.65995,49.604222],[14.659983,49.603171],[14.659988,49.60301],[14.659988,49.602914],[14.659985,49.602785],[14.659954,49.602321],[14.659934,49.602108],[14.659918,49.601868],[14.659869,49.601524],[14.659831,49.601264],[14.659811,49.601108],[14.6598,49.600968],[14.659796,49.600793],[14.659799,49.600674],[14.659807,49.600592],[14.659821,49.600498],[14.659833,49.600442],[14.659844,49.600391],[14.659868,49.60032],[14.659899,49.600227],[14.659946,49.600122],[14.659982,49.600041],[14.660025,49.599957],[14.66005,49.599911],[14.66008,49.599861],[14.660136,49.599772],[14.660196,49.599687],[14.660256,49.59961],[14.660323,49.599522],[14.660406,49.599431],[14.660486,49.599344],[14.660609,49.599223],[14.660858,49.598984],[14.660977,49.59886],[14.661077,49.598754],[14.66119,49.59862],[14.661298,49.598471],[14.661365,49.598371],[14.66149,49.598162],[14.661546,49.598048],[14.661588,49.597951],[14.661621,49.597866],[14.661651,49.597786],[14.661681,49.597703],[14.661709,49.597607],[14.66173,49.597522],[14.661748,49.597439],[14.66176,49.597368],[14.661772,49.597277],[14.661781,49.597165],[14.661788,49.59707],[14.661789,49.596976],[14.661786,49.596809],[14.661771,49.596528],[14.661742,49.595995],[14.661602,49.593462],[14.661544,49.592289],[14.661482,49.591191],[14.661478,49.59111],[14.661442,49.590462],[14.661427,49.590231],[14.661417,49.590006],[14.661372,49.589212],[14.661358,49.588945],[14.661356,49.588799],[14.661362,49.588664],[14.661372,49.588516],[14.661389,49.588393],[14.661405,49.588317],[14.661432,49.588224],[14.661473,49.588102],[14.661507,49.588021],[14.66155,49.587927],[14.661597,49.587833],[14.661653,49.587735],[14.661739,49.587604],[14.661807,49.587504],[14.661871,49.587426],[14.661961,49.587323],[14.662055,49.587223],[14.662657,49.586639],[14.663004,49.586289],[14.663141,49.586143],[14.663212,49.58606],[14.663273,49.585977],[14.663336,49.585876],[14.663375,49.585805],[14.663426,49.585691],[14.663468,49.585581],[14.663501,49.585475],[14.663528,49.585353],[14.663543,49.585237],[14.663548,49.585132],[14.663545,49.585034],[14.663538,49.58496],[14.663526,49.584876],[14.6635,49.584772],[14.663459,49.584656],[14.663416,49.584548],[14.663388,49.584489],[14.663352,49.584422],[14.663296,49.58433],[14.663216,49.584217],[14.66312,49.584103],[14.663051,49.584034],[14.662979,49.58397],[14.662905,49.583905],[14.662802,49.583823],[14.66269,49.583744],[14.662582,49.58367],[14.662473,49.583601],[14.662376,49.583545],[14.662255,49.583474],[14.662037,49.583351],[14.661685,49.583156],[14.661515,49.583054],[14.661375,49.582965],[14.661248,49.582874],[14.661139,49.58279],[14.661015,49.582686],[14.660931,49.582602],[14.660855,49.582515],[14.660776,49.582414],[14.660704,49.58231],[14.660642,49.582212],[14.660598,49.582129],[14.660553,49.582024],[14.660512,49.581901],[14.660485,49.581798],[14.66047,49.581701],[14.66046,49.581593],[14.660457,49.581491],[14.660465,49.581369],[14.660481,49.581254],[14.660506,49.581138],[14.660544,49.58101],[14.660591,49.580896],[14.660657,49.580774],[14.660722,49.580671],[14.66079,49.580579],[14.66091,49.580439],[14.661051,49.580277],[14.661567,49.579735],[14.661698,49.579594],[14.661802,49.579477],[14.661903,49.579354],[14.661999,49.579218],[14.662066,49.579115],[14.662138,49.578987],[14.662194,49.57887],[14.662236,49.578766],[14.662268,49.578673],[14.66229,49.57858],[14.662302,49.578519],[14.662314,49.578433],[14.662319,49.578361],[14.66232,49.578287],[14.662316,49.578211],[14.662305,49.578102],[14.66229,49.578006],[14.662272,49.577911],[14.662249,49.57781],[14.662218,49.577705],[14.662182,49.577607],[14.662127,49.577464],[14.662064,49.577317],[14.661972,49.577123],[14.661874,49.576918],[14.661778,49.57671],[14.661734,49.576604],[14.661703,49.576525],[14.661671,49.576434],[14.661631,49.576312],[14.661608,49.576226],[14.661595,49.576165],[14.661585,49.576103],[14.661577,49.576059],[14.661572,49.576024],[14.661567,49.575978],[14.661564,49.575925],[14.661562,49.575797],[14.661562,49.575724],[14.661567,49.575598],[14.66158,49.575413],[14.661591,49.575267],[14.661597,49.575149],[14.661599,49.575081],[14.661599,49.57494],[14.661596,49.574822],[14.661584,49.574727],[14.661567,49.574622],[14.661536,49.574509],[14.661506,49.574416],[14.661468,49.574321],[14.661425,49.574234],[14.66138,49.574159],[14.66133,49.574084],[14.661258,49.573988],[14.661189,49.573907],[14.661141,49.573853],[14.661075,49.57378],[14.660997,49.573703],[14.660939,49.573653],[14.660884,49.57361],[14.660814,49.573559],[14.660685,49.573472],[14.660527,49.573377],[14.660312,49.573254],[14.660176,49.573177],[14.659614,49.572863],[14.659537,49.572818],[14.659451,49.572764],[14.659341,49.572695],[14.659267,49.572641],[14.659203,49.572589],[14.65912,49.572517],[14.659081,49.572482],[14.659037,49.57244],[14.658985,49.572243],[14.658955,49.572247],[14.658877,49.572238],[14.658808,49.572214],[14.658756,49.572176],[14.658748,49.572163],[14.658726,49.572128],[14.658721,49.57208],[14.65874,49.572034],[14.658781,49.571993],[14.658682,49.571886],[14.658641,49.571842],[14.658617,49.571781],[14.658595,49.571715],[14.65858,49.571672],[14.658552,49.571569],[14.658536,49.571494],[14.658526,49.57142],[14.658517,49.571319],[14.658515,49.571245],[14.658512,49.571182],[14.658517,49.571107],[14.65853,49.571038],[14.658543,49.570978],[14.658579,49.57086],[14.658632,49.570709],[14.658682,49.570587],[14.65871,49.570521],[14.658748,49.570448],[14.658785,49.570386],[14.658851,49.57029],[14.658907,49.570216],[14.659057,49.570018],[14.659116,49.569935],[14.659162,49.569866],[14.659193,49.569814],[14.65924,49.569729],[14.659271,49.569656],[14.659312,49.569572],[14.65946,49.569226],[14.659614,49.568845],[14.65965,49.568757],[14.65978,49.568379],[14.659813,49.568294],[14.660027,49.567779],[14.660183,49.567421],[14.660308,49.567155],[14.660471,49.566839],[14.660531,49.566723],[14.660592,49.566603],[14.661131,49.565552],[14.661432,49.564962],[14.661485,49.564851],[14.661525,49.564758],[14.661558,49.564667],[14.661588,49.56457],[14.661612,49.564466],[14.661654,49.564245],[14.661728,49.563854],[14.661862,49.563205],[14.662126,49.561613],[14.662289,49.56062],[14.66234,49.560311],[14.662385,49.560091],[14.662426,49.559933],[14.66247,49.559779],[14.66253,49.559624],[14.662598,49.559478],[14.662679,49.559322],[14.662775,49.559162],[14.662878,49.559009],[14.66298,49.558874],[14.66311,49.558714],[14.663421,49.558356],[14.664014,49.557708],[14.665199,49.556414],[14.665426,49.556163],[14.665566,49.556003],[14.66569,49.555856],[14.665837,49.555677],[14.665931,49.555548],[14.665983,49.555465],[14.666059,49.555347],[14.666123,49.555229],[14.66619,49.555088],[14.666225,49.555006],[14.66626,49.554892],[14.666281,49.554812],[14.6663,49.554704],[14.666314,49.554568],[14.666321,49.554409],[14.666324,49.554312],[14.666323,49.554133],[14.666319,49.554042],[14.666309,49.553926],[14.666295,49.553816],[14.666275,49.55371],[14.666238,49.553559],[14.666174,49.553339],[14.665923,49.552471],[14.665751,49.551878],[14.665691,49.551666],[14.665601,49.551356],[14.665337,49.550443],[14.665137,49.549738],[14.664684,49.548134],[14.664511,49.547529],[14.664473,49.547251],[14.664456,49.547081],[14.664449,49.54696],[14.664449,49.546827],[14.664463,49.546431],[14.664487,49.546215],[14.664507,49.546071],[14.664528,49.545956],[14.664549,49.545846],[14.664569,49.545747],[14.664601,49.545619],[14.664645,49.545466],[14.664702,49.545273],[14.664808,49.544945],[14.664865,49.544776],[14.66493,49.544594],[14.665031,49.544303],[14.665145,49.543958],[14.665286,49.54341],[14.665384,49.54291],[14.665426,49.54265],[14.665463,49.542286],[14.665491,49.542025],[14.665505,49.541741],[14.665514,49.541594],[14.665516,49.541237],[14.665503,49.540964],[14.66548,49.54063],[14.665435,49.540206],[14.665372,49.539837],[14.6653,49.539485],[14.665187,49.539017],[14.665059,49.538536],[14.664827,49.53768],[14.664664,49.537031],[14.664546,49.536559],[14.664442,49.536075],[14.664289,49.535162],[14.664251,49.53482],[14.664217,49.534401],[14.664197,49.533949],[14.664203,49.533171],[14.664237,49.532666],[14.664291,49.532143],[14.664405,49.53148],[14.664497,49.531022],[14.66477,49.530025],[14.664931,49.529533],[14.665243,49.52876],[14.665556,49.52808],[14.665939,49.527379],[14.666134,49.527052],[14.66633,49.526735],[14.666834,49.525979],[14.667727,49.524755],[14.667873,49.524558],[14.668322,49.523943],[14.668764,49.523317],[14.669197,49.522654],[14.669591,49.521965],[14.66981,49.521507],[14.669999,49.521047],[14.670177,49.520543],[14.670355,49.51994],[14.670455,49.519506],[14.670537,49.519085],[14.670594,49.51865],[14.670637,49.51805],[14.670636,49.51742],[14.670607,49.516947],[14.670545,49.516423],[14.670468,49.515973],[14.670353,49.515489],[14.670076,49.514546],[14.669893,49.514085],[14.669702,49.51362],[14.669389,49.512945],[14.669041,49.512255],[14.66837,49.511047],[14.668065,49.510516],[14.667738,49.509985],[14.667122,49.508993],[14.665795,49.507064],[14.665489,49.506635],[14.665039,49.506031],[14.664111,49.504829],[14.663862,49.504515],[14.660898,49.500774],[14.660328,49.499907],[14.660093,49.499436],[14.659846,49.498977],[14.659566,49.498395],[14.659294,49.497769],[14.659061,49.497102],[14.658872,49.496467],[14.65877,49.496071],[14.658682,49.495684],[14.658564,49.494984],[14.65851,49.494572],[14.658471,49.494129],[14.658428,49.493316],[14.658467,49.492524],[14.658545,49.491711],[14.65865,49.491104],[14.658783,49.490455],[14.659106,49.489189],[14.65976,49.486674],[14.659918,49.485951],[14.660006,49.48553],[14.660139,49.484733],[14.660248,49.483907],[14.660308,49.483351],[14.660359,49.482612],[14.660386,49.481952],[14.660398,49.481152],[14.660376,49.480295],[14.660335,49.47952],[14.660184,49.478026],[14.660116,49.477438],[14.659985,49.476349],[14.659934,49.475832],[14.65989,49.475347],[14.659866,49.474525],[14.659902,49.473705],[14.659997,49.472842],[14.660147,49.471955],[14.660319,49.471256],[14.660481,49.470708],[14.660652,49.470203],[14.660702,49.470074],[14.660866,49.469688],[14.66115,49.469047],[14.661402,49.468535],[14.661584,49.468196],[14.661918,49.467614],[14.662275,49.466975],[14.662894,49.465921],[14.663244,49.465325],[14.664187,49.463682],[14.665025,49.462064],[14.665263,49.461565],[14.665485,49.461072],[14.665706,49.460544],[14.665925,49.460004],[14.66666,49.457996],[14.667505,49.455547],[14.669042,49.451091],[14.669586,49.449602],[14.669924,49.448782],[14.670171,49.44824],[14.670452,49.447699],[14.670768,49.447151],[14.671044,49.446719],[14.671412,49.44623],[14.672057,49.445489],[14.672575,49.444988],[14.673039,49.444576],[14.673745,49.444022],[14.674511,49.443498],[14.675048,49.443164],[14.675668,49.442812],[14.676239,49.442526],[14.676858,49.44224],[14.678011,49.441764],[14.679287,49.441284],[14.680614,49.440806],[14.684122,49.439545],[14.685957,49.438891],[14.687944,49.438165],[14.688451,49.437977],[14.689184,49.437692],[14.689612,49.437501],[14.689905,49.437378],[14.690393,49.437153],[14.690889,49.436903],[14.691327,49.43666],[14.691799,49.436379],[14.692199,49.436127],[14.692593,49.435861],[14.692965,49.435581],[14.693325,49.43529],[14.69369,49.43499],[14.694044,49.434674],[14.694364,49.434356],[14.694661,49.434055],[14.69516,49.433488],[14.695501,49.433021],[14.696555,49.431582],[14.697484,49.430232],[14.6977,49.429925],[14.698429,49.428887],[14.699228,49.42775],[14.699571,49.427263],[14.700257,49.426286],[14.700915,49.425367],[14.703249,49.42206],[14.703831,49.421248],[14.704741,49.419998],[14.705397,49.419137],[14.706077,49.418275],[14.706785,49.417431],[14.707527,49.416584],[14.708274,49.415774],[14.709057,49.414966],[14.710327,49.413696],[14.711474,49.412596],[14.712665,49.411456],[14.713826,49.41033],[14.714434,49.409721],[14.714963,49.409175],[14.715335,49.408766],[14.715733,49.408311],[14.716153,49.407807],[14.716606,49.40724],[14.717143,49.406533],[14.717311,49.406311],[14.717603,49.405911],[14.718551,49.404582],[14.719087,49.403825],[14.71978,49.402841],[14.720279,49.402144],[14.720648,49.401626],[14.721032,49.401088],[14.721289,49.400731],[14.721415,49.400547],[14.72184,49.399944],[14.722258,49.399358],[14.722671,49.398781],[14.723057,49.398221],[14.72354,49.397523],[14.723958,49.396873],[14.72422,49.396438],[14.724441,49.396035],[14.724779,49.395366],[14.725008,49.39485],[14.725217,49.394331],[14.725374,49.393885],[14.725525,49.393429],[14.72562,49.393111],[14.725707,49.392795],[14.725813,49.392408],[14.72591,49.391996],[14.726035,49.391437],[14.726119,49.390994],[14.726196,49.390531],[14.726281,49.389979],[14.726317,49.389656],[14.726354,49.38932],[14.726389,49.388896],[14.726414,49.388489],[14.726437,49.387899],[14.726443,49.387399],[14.726432,49.386769],[14.726407,49.386225],[14.72637,49.385819],[14.72632,49.38533],[14.726255,49.384838],[14.726165,49.38433],[14.726091,49.383936],[14.726003,49.383546],[14.725841,49.382926],[14.725741,49.382594],[14.725626,49.382258],[14.725539,49.382018],[14.725447,49.381782],[14.725348,49.381546],[14.725244,49.381312],[14.725133,49.381079],[14.725011,49.380834],[14.724819,49.380483],[14.724605,49.380121],[14.724367,49.379753],[14.72411,49.379382],[14.723901,49.379108],[14.723681,49.378831],[14.723175,49.378231],[14.722688,49.377683],[14.722105,49.377037],[14.721941,49.37685],[14.721543,49.376394],[14.72122,49.375976],[14.720917,49.375534],[14.72067,49.375125],[14.720496,49.374795],[14.720361,49.374501],[14.720227,49.374175],[14.720103,49.373806],[14.720064,49.373686],[14.720022,49.373528],[14.719922,49.373069],[14.719875,49.372737],[14.719844,49.372397],[14.719832,49.372088],[14.719834,49.3718],[14.719849,49.371557],[14.719875,49.371314],[14.71992,49.370987],[14.719974,49.370724],[14.720036,49.37047],[14.720125,49.370161],[14.720242,49.369837],[14.720358,49.369545],[14.72055,49.369151],[14.72073,49.368815],[14.720919,49.368489],[14.721166,49.3681],[14.721421,49.36771],[14.72176,49.367193],[14.722043,49.366747],[14.722417,49.366169],[14.722606,49.365835],[14.722794,49.365486],[14.723037,49.365004],[14.723336,49.36433],[14.723453,49.364034],[14.723562,49.363739],[14.723685,49.36332],[14.723787,49.362957],[14.723927,49.36233],[14.724024,49.361803],[14.724106,49.361269],[14.724228,49.360351],[14.724501,49.35825],[14.724549,49.357947],[14.724652,49.357346],[14.724803,49.356634],[14.724852,49.356404],[14.724978,49.355853],[14.725127,49.355338],[14.725272,49.354854],[14.725443,49.354354],[14.725608,49.353867],[14.725742,49.353502],[14.725921,49.353058],[14.726123,49.352574],[14.726404,49.351955],[14.726735,49.35127],[14.727032,49.350694],[14.72742,49.35],[14.727897,49.34921],[14.728412,49.348422],[14.728774,49.3479],[14.729072,49.347484],[14.729335,49.347134],[14.729611,49.346779],[14.729986,49.346307],[14.730278,49.345958],[14.730573,49.345611],[14.730908,49.34523],[14.7313,49.344801],[14.731751,49.344321],[14.732151,49.343908],[14.732516,49.343531],[14.732913,49.343124],[14.733345,49.342683],[14.733771,49.342246],[14.734262,49.341724],[14.734729,49.341199],[14.734999,49.340879],[14.735309,49.340485],[14.735629,49.340046],[14.735926,49.339602],[14.736119,49.339304],[14.736358,49.338896],[14.736441,49.338743],[14.736515,49.338602],[14.736691,49.338245],[14.736816,49.337979],[14.736949,49.337676],[14.737077,49.33735],[14.737197,49.337033],[14.737309,49.336697],[14.737409,49.336363],[14.737489,49.336068],[14.737562,49.335759],[14.73766,49.335262],[14.737727,49.334828],[14.737769,49.334441],[14.737802,49.334065],[14.737816,49.333698],[14.737808,49.333155],[14.737785,49.332698],[14.737715,49.331945],[14.73754,49.330658],[14.737363,49.329442],[14.737286,49.328841],[14.737236,49.328395],[14.737182,49.327888],[14.737154,49.327552],[14.737119,49.326888],[14.737103,49.326139],[14.737107,49.325564],[14.737127,49.325121],[14.737148,49.324638],[14.737203,49.324021],[14.737313,49.323033],[14.737407,49.322322],[14.737534,49.321475],[14.737617,49.320907],[14.737753,49.320035],[14.737971,49.31856],[14.738164,49.317348],[14.738513,49.315138],[14.738623,49.31438],[14.738723,49.313592],[14.738781,49.313084],[14.738827,49.312618],[14.738836,49.312461],[14.73887,49.312027],[14.738905,49.311347],[14.738907,49.310771],[14.738903,49.310229],[14.738878,49.309578],[14.738839,49.309021],[14.738785,49.308451],[14.738702,49.307828],[14.738623,49.307288],[14.738576,49.307025],[14.738442,49.306353],[14.738292,49.305708],[14.737975,49.304452],[14.7378,49.303805],[14.737489,49.302727],[14.737113,49.301425],[14.73679,49.300306],[14.736154,49.298113],[14.735827,49.297013],[14.735527,49.295959],[14.735196,49.294788],[14.734973,49.293967],[14.734847,49.293414],[14.734808,49.293242],[14.73469,49.292567],[14.734591,49.291864],[14.734545,49.291275],[14.734512,49.29046],[14.734515,49.289936],[14.734536,49.289411],[14.734607,49.288591],[14.734663,49.28814],[14.73474,49.287673],[14.734833,49.287144],[14.735021,49.286367],[14.735297,49.285419],[14.735721,49.284109],[14.736182,49.282671],[14.736319,49.282197],[14.736447,49.281708],[14.736582,49.281144],[14.736689,49.280576],[14.736752,49.280277],[14.736811,49.279926],[14.736879,49.279407],[14.736923,49.278873],[14.736943,49.278474],[14.736944,49.277879],[14.736912,49.276956],[14.736815,49.275492],[14.736717,49.273806],[14.736643,49.27268],[14.736595,49.271951],[14.736557,49.271367],[14.736471,49.270067],[14.736387,49.268707],[14.736344,49.267764],[14.736334,49.267388],[14.736331,49.266254],[14.736364,49.265582],[14.736401,49.265057],[14.736411,49.264916],[14.736447,49.264532],[14.736476,49.264242],[14.736545,49.263459],[14.736556,49.263318],[14.736632,49.262511],[14.736711,49.261456],[14.736733,49.260771],[14.736723,49.260358],[14.736704,49.259949],[14.736652,49.259382],[14.736582,49.258885],[14.736483,49.258366],[14.736374,49.257889],[14.736292,49.257566],[14.736167,49.257133],[14.735903,49.256384],[14.735684,49.255848],[14.735415,49.255275],[14.735148,49.254758],[14.734806,49.254142],[14.734428,49.253535],[14.733988,49.252874],[14.732733,49.250989],[14.732288,49.25033],[14.731856,49.249673],[14.731375,49.248939],[14.730901,49.248189],[14.730484,49.247493],[14.73016,49.246925],[14.730017,49.246652],[14.729931,49.24648],[14.729865,49.246359],[14.729477,49.245582],[14.729132,49.244812],[14.728832,49.244086],[14.728591,49.243438],[14.728353,49.242744],[14.728197,49.242214],[14.728041,49.241635],[14.727942,49.241245],[14.727816,49.240691],[14.727675,49.239987],[14.727621,49.239674],[14.72754,49.239158],[14.727484,49.238775],[14.727438,49.238351],[14.727382,49.237702],[14.727349,49.237031],[14.727331,49.236365],[14.727343,49.235742],[14.727353,49.235493],[14.727372,49.235068],[14.727417,49.234305],[14.727463,49.233679],[14.727643,49.231647],[14.727773,49.230322],[14.727839,49.229525],[14.727847,49.229439],[14.727969,49.228115],[14.727984,49.227878],[14.728013,49.227388],[14.728026,49.22671],[14.72802,49.226116],[14.727994,49.225727],[14.727929,49.225107],[14.727843,49.224508],[14.727783,49.224175],[14.727697,49.223788],[14.727547,49.223208],[14.727406,49.222719],[14.727277,49.222338],[14.727169,49.222026],[14.727043,49.221705],[14.726817,49.22117],[14.726541,49.220582],[14.726248,49.220053],[14.725985,49.219577],[14.725652,49.219058],[14.725337,49.218557],[14.724994,49.218074],[14.724829,49.217858],[14.724477,49.217412],[14.724276,49.217166],[14.723964,49.21681],[14.723453,49.216252],[14.722753,49.21555],[14.722342,49.215169],[14.722066,49.214934],[14.72146,49.214407],[14.721134,49.214144],[14.720645,49.213767],[14.720035,49.213326],[14.719303,49.21282],[14.718543,49.212314],[14.716495,49.211009],[14.714333,49.209602],[14.712571,49.208477],[14.710499,49.207124],[14.709261,49.206321],[14.7082,49.205632],[14.706891,49.204739],[14.706628,49.204556],[14.706347,49.204348],[14.705516,49.203708],[14.70489,49.203192],[14.704429,49.202782],[14.704101,49.202488],[14.703106,49.201567],[14.702528,49.201003],[14.702109,49.200601],[14.701799,49.200302],[14.700941,49.199472],[14.700531,49.199079],[14.700357,49.198919],[14.700032,49.198631],[14.699722,49.198367],[14.699324,49.198039],[14.69889,49.197694],[14.698517,49.197418],[14.698084,49.197106],[14.697834,49.19693],[14.69744,49.196663],[14.696749,49.196228],[14.696003,49.195779],[14.694953,49.195222],[14.694479,49.19499],[14.693978,49.194757],[14.692666,49.194145],[14.691133,49.193459],[14.69011,49.192976],[14.689158,49.192485],[14.688251,49.191959],[14.687461,49.191458],[14.686875,49.191041],[14.686398,49.190675],[14.68602,49.190366],[14.685727,49.190119],[14.685257,49.189691],[14.684833,49.189263],[14.684167,49.188513],[14.683784,49.188031],[14.683417,49.187518],[14.683034,49.186894],[14.682681,49.186241],[14.68247,49.185778],[14.682273,49.185299],[14.68177,49.18407],[14.680906,49.181807],[14.679982,49.17941],[14.679557,49.178331],[14.679288,49.177582],[14.678975,49.176826],[14.678656,49.176149],[14.678452,49.175766],[14.678232,49.175382],[14.677743,49.174663],[14.677527,49.174387],[14.677117,49.173906],[14.676789,49.17353],[14.67568,49.172442],[14.67526,49.17208],[14.674835,49.171733],[14.674093,49.171196],[14.673238,49.170637],[14.672197,49.17004],[14.671346,49.169611],[14.670523,49.169234],[14.669594,49.168854],[14.668364,49.168415],[14.666941,49.167928],[14.664794,49.167227],[14.659893,49.165589],[14.657313,49.164738],[14.654722,49.163876],[14.653318,49.163412],[14.651945,49.162954],[14.649564,49.162148],[14.648396,49.161728],[14.647171,49.161248],[14.646064,49.1608],[14.644952,49.160324],[14.644015,49.159907],[14.643043,49.159449],[14.642104,49.158991],[14.641211,49.158537],[14.640361,49.15809],[14.63943,49.15756],[14.63853,49.15704],[14.63687,49.156047],[14.635373,49.15512],[14.634034,49.154258],[14.633152,49.153671],[14.632317,49.153095],[14.63147,49.152486],[14.630668,49.151885],[14.62943,49.150888],[14.628289,49.149907],[14.627438,49.149121],[14.626624,49.148326],[14.625406,49.147081],[14.624204,49.145839],[14.622801,49.144369],[14.62085,49.142349],[14.620464,49.141944],[14.617925,49.139299],[14.614651,49.135873],[14.613007,49.134156],[14.61116,49.132212],[14.609471,49.130476],[14.608134,49.129116],[14.607511,49.128501],[14.605783,49.126867],[14.605161,49.126289],[14.60383,49.125112],[14.602319,49.123823],[14.601124,49.122843],[14.599896,49.121863],[14.597737,49.120223],[14.596611,49.119383],[14.596194,49.119081],[14.594371,49.117809],[14.593717,49.117373],[14.593017,49.116937],[14.5924,49.116574],[14.591741,49.1162],[14.591023,49.115833],[14.590289,49.115496],[14.589688,49.115238],[14.588849,49.114924],[14.587979,49.114615],[14.5871,49.114344],[14.58618,49.114097],[14.585437,49.113922],[14.584658,49.11376],[14.583838,49.113608],[14.583005,49.11347],[14.580394,49.113098],[14.579271,49.112928],[14.578668,49.11283],[14.578102,49.11273],[14.577367,49.112584],[14.576696,49.112439],[14.575985,49.112271],[14.575291,49.112089],[14.574676,49.111917],[14.574109,49.111748],[14.573245,49.111467],[14.572414,49.111175],[14.571284,49.110727],[14.570348,49.110319],[14.569416,49.109868],[14.568599,49.109449],[14.567821,49.109012],[14.567209,49.108646],[14.566513,49.108193],[14.566012,49.10783],[14.56539,49.10737],[14.564803,49.106911],[14.564215,49.106404],[14.56335,49.105577],[14.56285,49.105045],[14.562341,49.104481],[14.561582,49.103492],[14.561183,49.102868],[14.560865,49.102363],[14.560523,49.10174],[14.560239,49.101159],[14.560019,49.100646],[14.559805,49.100028],[14.559729,49.099815],[14.559449,49.098811],[14.559173,49.097433],[14.558886,49.095944],[14.558443,49.093625],[14.558129,49.092002],[14.557963,49.090971],[14.557593,49.089347],[14.557355,49.08841],[14.557001,49.087397],[14.556726,49.086809],[14.556452,49.086234],[14.556249,49.085863],[14.556033,49.08548],[14.555525,49.084693],[14.555257,49.084311],[14.55494,49.08389],[14.554696,49.083586],[14.554452,49.083292],[14.554051,49.082842],[14.553666,49.082425],[14.553163,49.081922],[14.552762,49.081555],[14.552353,49.081191],[14.551688,49.080644],[14.551296,49.080338],[14.550878,49.080021],[14.550376,49.079667],[14.549829,49.079305],[14.549214,49.078919],[14.54858,49.078536],[14.547337,49.077838],[14.546107,49.077191],[14.545042,49.076619],[14.544645,49.076404],[14.544049,49.076067],[14.543726,49.075879],[14.542979,49.075415],[14.542246,49.074938],[14.541257,49.07424],[14.539791,49.073145],[14.537767,49.071604],[14.536598,49.070711],[14.535741,49.070056],[14.534617,49.069206],[14.532881,49.067892],[14.531515,49.066855],[14.530109,49.065835],[14.528186,49.064524],[14.527505,49.064076],[14.526432,49.063361],[14.525931,49.063019],[14.525422,49.062658],[14.524692,49.06211],[14.524019,49.061551],[14.523361,49.060974],[14.52275,49.060381],[14.521722,49.059273],[14.521226,49.058645],[14.520744,49.057997],[14.520431,49.057505],[14.520137,49.057016],[14.519863,49.056552],[14.519498,49.055847],[14.519239,49.055264],[14.518961,49.054519],[14.518762,49.053922],[14.518688,49.053692],[14.518494,49.053045],[14.518264,49.052223],[14.518048,49.051504],[14.517598,49.050052],[14.517101,49.048589],[14.516272,49.046508],[14.515347,49.044515],[14.514383,49.042645],[14.51341,49.040831],[14.513249,49.040537],[14.512738,49.039552],[14.512459,49.039022],[14.512163,49.03843],[14.511915,49.037938],[14.51115,49.036334],[14.510513,49.034965],[14.509902,49.033593],[14.509631,49.032997],[14.509375,49.032395],[14.509144,49.031805],[14.50896,49.031215],[14.508868,49.030866],[14.508781,49.030468],[14.508723,49.030115],[14.50868,49.029776],[14.508636,49.02928],[14.508619,49.028797],[14.508639,49.028145],[14.508659,49.027951],[14.508694,49.027605],[14.508746,49.02726],[14.508824,49.026855],[14.508906,49.02649],[14.50904,49.026002],[14.509196,49.025559],[14.509382,49.025099],[14.509608,49.02459],[14.509867,49.02411],[14.510106,49.023698],[14.510364,49.02328],[14.510881,49.02258],[14.51132,49.022044],[14.511843,49.021458],[14.512342,49.020929],[14.512881,49.020364],[14.513408,49.019794],[14.513904,49.019221],[14.514348,49.018678],[14.514738,49.018127],[14.515078,49.017623],[14.515365,49.017126],[14.515571,49.016746],[14.515915,49.015997],[14.516209,49.015233],[14.516351,49.01477],[14.516483,49.014286],[14.516605,49.01364],[14.516681,49.013089],[14.516719,49.012684],[14.516738,49.012288],[14.516737,49.012119],[14.516717,49.011541],[14.516684,49.010979],[14.516599,49.00997],[14.516501,49.008902],[14.516458,49.008389],[14.516355,49.007198],[14.516336,49.006982],[14.51619,49.004866],[14.516193,49.004297],[14.516233,49.003615],[14.516274,49.003002],[14.516346,49.002459],[14.516431,49.001902],[14.516515,49.001469],[14.516618,49.001025],[14.51688,49.000033],[14.517145,48.999273],[14.517484,48.998327],[14.517912,48.997347],[14.517958,48.997226],[14.518411,48.996162],[14.518491,48.995964],[14.518776,48.995319],[14.519178,48.994344],[14.519563,48.9933],[14.520042,48.991862],[14.520878,48.989308],[14.521631,48.987162],[14.521933,48.98626],[14.522181,48.985536],[14.52273,48.983881],[14.522775,48.983734],[14.52291,48.983176],[14.523035,48.982535],[14.52306,48.982203],[14.523077,48.981841],[14.523081,48.981472],[14.52305,48.9809],[14.523033,48.98074],[14.522971,48.980288],[14.522876,48.979824],[14.522711,48.979197],[14.522483,48.978604],[14.522127,48.977846],[14.521617,48.976992],[14.520884,48.976068],[14.519863,48.974887],[14.519382,48.974297],[14.518798,48.973565],[14.518301,48.972844],[14.517818,48.972023],[14.517482,48.971357],[14.517287,48.970921],[14.517122,48.970507],[14.517031,48.970274],[14.5168,48.969531],[14.516697,48.969142],[14.516573,48.968577],[14.516481,48.968082],[14.516296,48.966967],[14.516204,48.96643],[14.516087,48.965853],[14.515943,48.965305],[14.515759,48.964758],[14.515533,48.96421],[14.515267,48.96368],[14.515056,48.963313],[14.514613,48.962648],[14.514328,48.962278],[14.514081,48.961977],[14.513821,48.961685],[14.513487,48.961332],[14.513001,48.960874],[14.512662,48.960577],[14.511908,48.959956],[14.511127,48.95931],[14.510866,48.95909],[14.510327,48.958584],[14.509861,48.958072],[14.509515,48.957621],[14.509227,48.95718],[14.508986,48.956765],[14.508735,48.95621],[14.508635,48.955916],[14.508548,48.95564],[14.508474,48.955319],[14.5084,48.954959],[14.508372,48.954741],[14.508343,48.954444],[14.50833,48.954227],[14.508353,48.953522],[14.508417,48.95285],[14.50854,48.951834],[14.508577,48.951178],[14.508562,48.950655],[14.50848,48.950062],[14.508269,48.949203],[14.508064,48.948587],[14.507768,48.947892],[14.507332,48.94709],[14.506874,48.946423],[14.506355,48.945762],[14.505925,48.945291],[14.505527,48.944889],[14.50509,48.9445],[14.504868,48.944307],[14.503458,48.943039],[14.502551,48.942211],[14.502296,48.941977],[14.501132,48.940887],[14.49992,48.939657],[14.498874,48.938521],[14.498444,48.938049],[14.498058,48.937626],[14.497089,48.936475],[14.495485,48.93474],[14.495166,48.934401],[14.494819,48.934038],[14.494411,48.933622],[14.49398,48.93321],[14.49351,48.932773],[14.493122,48.932427],[14.49258,48.931961],[14.492332,48.931754],[14.491968,48.931461],[14.491598,48.931173],[14.491222,48.930887],[14.490839,48.930606],[14.490453,48.930329],[14.489644,48.929789],[14.488869,48.929308],[14.488018,48.928796],[14.487803,48.928666],[14.486736,48.928078],[14.484564,48.926928],[14.483548,48.926407],[14.481658,48.925412],[14.480774,48.92493],[14.479854,48.924394],[14.47943,48.924132],[14.478822,48.923735],[14.478517,48.923536],[14.477684,48.922936],[14.47689,48.92232],[14.476323,48.921852],[14.476018,48.921582],[14.475395,48.920998],[14.474833,48.920432],[14.473911,48.919412],[14.473673,48.919132],[14.472993,48.918232],[14.472509,48.917521],[14.471939,48.916574],[14.471664,48.916059],[14.471398,48.915503],[14.470906,48.914325],[14.470552,48.913105],[14.470143,48.910897],[14.470078,48.910221],[14.470064,48.909478],[14.470258,48.907568],[14.470646,48.904572],[14.470741,48.903578],[14.470841,48.902375],[14.470883,48.901488],[14.47089,48.901013],[14.470872,48.900107],[14.47078,48.898694],[14.470653,48.89742],[14.470502,48.896349],[14.470317,48.895405],[14.470208,48.894921],[14.470092,48.89443],[14.469963,48.893945],[14.469826,48.89346],[14.46968,48.892972],[14.469522,48.892491],[14.469359,48.892013],[14.469181,48.89153],[14.468922,48.890845],[14.468458,48.889767],[14.46802,48.888847],[14.467578,48.887963],[14.466642,48.886349],[14.466147,48.885549],[14.465626,48.884758],[14.465272,48.884272],[14.464826,48.883655],[14.464373,48.88305],[14.463395,48.881876],[14.462837,48.881238],[14.46208,48.88041],[14.461408,48.879713],[14.460715,48.879031],[14.45955,48.877939],[14.459176,48.877607],[14.458264,48.876812],[14.457751,48.8764],[14.457514,48.876198],[14.457064,48.875826],[14.455363,48.874459],[14.454989,48.874151],[14.454486,48.873743],[14.453477,48.872924],[14.452461,48.872066],[14.451723,48.871441],[14.450884,48.870689],[14.450351,48.870204],[14.450277,48.870132],[14.449983,48.869852],[14.449181,48.869034],[14.448364,48.868172],[14.447448,48.867153],[14.446528,48.866063],[14.445224,48.864436],[14.443758,48.862549],[14.442137,48.86063],[14.44183,48.860266],[14.441484,48.859863],[14.440653,48.858936],[14.438201,48.856472],[14.437855,48.856163],[14.435877,48.854307],[14.434944,48.853371],[14.433805,48.852217],[14.432745,48.851028],[14.432255,48.850455],[14.431749,48.84982],[14.430931,48.848719],[14.430117,48.847473],[14.429796,48.846952],[14.429259,48.845999],[14.428737,48.844983],[14.42856,48.844605],[14.428507,48.844493],[14.4284,48.844234],[14.428148,48.843648],[14.427993,48.843249],[14.427788,48.842701],[14.427596,48.842136],[14.427403,48.841511],[14.427229,48.840884],[14.427069,48.840239],[14.426961,48.839742],[14.426847,48.839137],[14.42674,48.838484],[14.42669,48.838095],[14.426643,48.83769],[14.426583,48.837016],[14.426557,48.836617],[14.426543,48.836209],[14.42653,48.835793],[14.426531,48.835377],[14.426542,48.834852],[14.426552,48.834502],[14.426569,48.834159],[14.426606,48.833682],[14.426647,48.833204],[14.426712,48.832608],[14.426781,48.832027],[14.426867,48.831388],[14.426956,48.830741],[14.427206,48.828961],[14.427339,48.828016],[14.427455,48.827188],[14.427536,48.82662],[14.427657,48.82574],[14.427793,48.824771],[14.427897,48.824019],[14.4281,48.822629],[14.428198,48.821969],[14.428305,48.821304],[14.428431,48.820581],[14.428574,48.819859],[14.428653,48.819479],[14.42874,48.819095],[14.428952,48.818249],[14.429121,48.817638],[14.429308,48.817024],[14.429409,48.816701],[14.429518,48.816374],[14.42972,48.815799],[14.429823,48.815519],[14.429928,48.815241],[14.430036,48.814962],[14.430146,48.814684],[14.430418,48.814039],[14.430706,48.813391],[14.430964,48.812832],[14.431239,48.812277],[14.431618,48.81155],[14.431976,48.810898],[14.432329,48.810292],[14.432695,48.809687],[14.433263,48.808792],[14.433849,48.807906],[14.434441,48.807037],[14.435043,48.806162],[14.435607,48.805352],[14.43626,48.80441],[14.436698,48.80378],[14.43714,48.803145],[14.437649,48.802399],[14.438239,48.801549],[14.441327,48.797086],[14.444037,48.793169],[14.444332,48.792756],[14.44482,48.792052],[14.445284,48.791379],[14.445648,48.790847],[14.44575,48.790697],[14.445949,48.790404],[14.446151,48.790104],[14.446415,48.78971],[14.446639,48.789366],[14.446883,48.788993],[14.447121,48.78862],[14.447358,48.788245],[14.447586,48.787872],[14.448027,48.787134],[14.448349,48.786572],[14.448679,48.78598],[14.448884,48.785601],[14.449085,48.785216],[14.449281,48.784835],[14.449523,48.784351],[14.449762,48.783859],[14.450105,48.783142],[14.450588,48.78207],[14.450952,48.781263],[14.451188,48.780739],[14.4516,48.779813],[14.452004,48.778903],[14.452185,48.77828],[14.452216,48.778182],[14.45224,48.778082],[14.452263,48.777971],[14.452288,48.777819],[14.452315,48.777522],[14.452346,48.777244],[14.452372,48.777066],[14.452399,48.776939],[14.452443,48.776821],[14.452517,48.776685],[14.452614,48.776551],[14.452704,48.776453],[14.452814,48.776343],[14.452845,48.776306],[14.452863,48.776279],[14.452875,48.77625],[14.452882,48.776214],[14.45288,48.776177],[14.45283,48.776121],[14.452793,48.776062],[14.452769,48.775999],[14.452761,48.775935],[14.452767,48.77587],[14.452787,48.775807],[14.452822,48.775746],[14.452869,48.77569],[14.452929,48.775639],[14.453,48.775594],[14.45308,48.775557],[14.453168,48.775528],[14.453261,48.775508],[14.453358,48.775498],[14.453456,48.775497],[14.453553,48.775506],[14.453647,48.775524],[14.453736,48.775551],[14.453818,48.775587],[14.453891,48.77563],[14.453953,48.77568],[14.454003,48.775735],[14.454029,48.775762],[14.45406,48.775785],[14.454096,48.775805],[14.454139,48.775823],[14.454186,48.775836],[14.454249,48.775844],[14.454353,48.775849],[14.454521,48.775838],[14.455953,48.775735],[14.457674,48.775593],[14.457707,48.77559],[14.458149,48.775557],[14.458937,48.775514],[14.459935,48.775479],[14.461267,48.775449],[14.461679,48.775461],[14.461871,48.775472],[14.462098,48.775488],[14.462854,48.775561],[14.463139,48.775586],[14.46349,48.775615],[14.463555,48.775621],[14.463635,48.775621],[14.463708,48.775613],[14.463774,48.775599],[14.463838,48.77558],[14.46381,48.775549],[14.463788,48.775518],[14.463772,48.775484],[14.463762,48.775449],[14.463758,48.775413],[14.463761,48.775377],[14.46377,48.775257],[14.463775,48.775197],[14.463808,48.775106],[14.463849,48.775048],[14.463906,48.774995],[14.46398,48.774956],[14.464058,48.774926],[14.464165,48.774904],[14.464207,48.7749],[14.464283,48.774893],[14.464918,48.774886],[14.465163,48.774884],[14.465376,48.774882],[14.465564,48.77488],[14.4658,48.77488],[14.465962,48.774867],[14.466069,48.774841],[14.466149,48.774817],[14.466234,48.774768],[14.466297,48.774718],[14.466366,48.774653],[14.466439,48.774557],[14.466685,48.774207],[14.466803,48.774048],[14.466925,48.773879],[14.466979,48.773805],[14.467202,48.7735],[14.467238,48.773449],[14.467456,48.773146],[14.467608,48.772935],[14.467638,48.772895],[14.467881,48.772566],[14.468431,48.771816],[14.468748,48.77138],[14.47199,48.766961],[14.472134,48.766762],[14.473456,48.764976],[14.474973,48.762904],[14.475249,48.762522],[14.475516,48.762161],[14.475613,48.762029],[14.475986,48.761524],[14.477899,48.758916],[14.479419,48.756819],[14.479791,48.756305],[14.480578,48.755226],[14.481043,48.754578],[14.481329,48.754143],[14.481848,48.753161],[14.48209,48.752703],[14.482259,48.752431],[14.482454,48.752163],[14.482901,48.751633],[14.483404,48.751073],[14.483645,48.750802],[14.483805,48.750594],[14.48392,48.750437],[14.484042,48.750253],[14.484269,48.749904],[14.484387,48.7497],[14.484586,48.749311],[14.484901,48.748475],[14.485028,48.748027],[14.485233,48.747109],[14.485384,48.746484],[14.485501,48.746058],[14.485603,48.74571],[14.485821,48.744978],[14.485968,48.744398],[14.486015,48.744036],[14.486028,48.743752],[14.485943,48.743172],[14.485798,48.742754],[14.485603,48.742346],[14.485329,48.741911],[14.485086,48.741625],[14.484591,48.741094],[14.48398,48.740605],[14.483609,48.740308],[14.482799,48.739669],[14.482418,48.739287],[14.482194,48.739029],[14.481991,48.738733],[14.48177,48.738351],[14.481645,48.738019],[14.481599,48.737873],[14.481544,48.737661],[14.481466,48.737202],[14.481378,48.736501],[14.481242,48.735378],[14.481138,48.734545],[14.480944,48.732987],[14.480901,48.732644],[14.480669,48.73083],[14.480651,48.730709],[14.480634,48.730573],[14.480438,48.729217],[14.48039,48.728871],[14.480382,48.728818],[14.480362,48.728661],[14.480356,48.728571],[14.480348,48.728492],[14.480282,48.728458],[14.480229,48.728416],[14.480191,48.728367],[14.48017,48.728314],[14.480168,48.728258],[14.480191,48.728192],[14.48024,48.728133],[14.480182,48.727991],[14.480167,48.727906],[14.48017,48.727825],[14.480072,48.727253],[14.479995,48.726876],[14.479899,48.726416],[14.479782,48.725802],[14.479589,48.724831],[14.479407,48.723929],[14.479276,48.723278],[14.479254,48.723154],[14.478851,48.721219],[14.47875,48.720726],[14.478734,48.720647],[14.478711,48.720538],[14.478681,48.720392],[14.478643,48.720204],[14.478508,48.719453],[14.478419,48.71899],[14.478328,48.718538],[14.478261,48.718222],[14.478156,48.717723],[14.477983,48.716995],[14.477794,48.716107],[14.477289,48.713638],[14.477052,48.712396],[14.477007,48.712154],[14.476918,48.711812],[14.476885,48.711703],[14.476839,48.711582],[14.476742,48.711351],[14.476685,48.711234],[14.47665,48.711166],[14.476605,48.711088],[14.476566,48.711028],[14.476525,48.710977],[14.476481,48.710926],[14.476338,48.710784],[14.476221,48.710677],[14.476085,48.710556],[14.475452,48.710037],[14.47512,48.709769],[14.471993,48.707302],[14.471461,48.706877],[14.470805,48.706364],[14.470598,48.706197],[14.470404,48.706025],[14.47023,48.705862],[14.470013,48.705626],[14.469869,48.705453],[14.469734,48.705271],[14.469636,48.705123],[14.469527,48.704924],[14.469431,48.704732],[14.469368,48.704579],[14.469296,48.704374],[14.469258,48.704261],[14.469216,48.704125],[14.469179,48.703968],[14.469151,48.703835],[14.469074,48.703326],[14.468987,48.702734],[14.468936,48.702401],[14.468886,48.702058],[14.468711,48.700948],[14.468641,48.700547],[14.468591,48.700341],[14.468542,48.700162],[14.468471,48.699949],[14.468404,48.699767],[14.468323,48.699574],[14.468249,48.699414],[14.468178,48.699272],[14.468091,48.699118],[14.467964,48.698907],[14.467873,48.698768],[14.467711,48.698513],[14.467324,48.697936],[14.467111,48.697617],[14.466858,48.697243],[14.46659,48.696888],[14.466404,48.696661],[14.466241,48.696474],[14.466071,48.696283],[14.465863,48.696061],[14.465672,48.695869],[14.465402,48.695617],[14.465092,48.695336],[14.464807,48.695094],[14.464382,48.694761],[14.463594,48.694185],[14.462937,48.693721],[14.462516,48.693414],[14.462269,48.693234],[14.462209,48.69319],[14.461931,48.692979],[14.461681,48.692758],[14.461479,48.692552],[14.461406,48.692477],[14.46129,48.692346],[14.461185,48.692214],[14.461085,48.692077],[14.460994,48.691938],[14.460911,48.691798],[14.460845,48.691671],[14.460706,48.691367],[14.460424,48.690751],[14.459929,48.689603],[14.459576,48.688782],[14.459464,48.688537],[14.459342,48.688299],[14.459235,48.688097],[14.458863,48.687429],[14.458564,48.68689],[14.458229,48.686287],[14.458096,48.686046],[14.458006,48.685884],[14.457857,48.685645],[14.457691,48.685404],[14.457543,48.685197],[14.457397,48.684997],[14.457301,48.684874],[14.457135,48.684669],[14.456928,48.684436],[14.456799,48.684296],[14.456672,48.684171],[14.456426,48.683943],[14.455569,48.683183],[14.45517,48.682829],[14.453458,48.68133],[14.452909,48.680842],[14.452721,48.680664],[14.452651,48.680593],[14.452593,48.680535],[14.452499,48.680426],[14.4524,48.680305],[14.452325,48.68021],[14.452037,48.679815],[14.451522,48.679096],[14.451325,48.678813],[14.451195,48.678619],[14.450635,48.677855],[14.450092,48.677065],[14.449883,48.676793],[14.449342,48.67609],[14.44858,48.675121],[14.448232,48.674599],[14.448088,48.674329],[14.447766,48.673452],[14.447476,48.672471],[14.447421,48.672064],[14.447299,48.671073],[14.447294,48.671031],[14.447191,48.670207],[14.447115,48.669636],[14.447025,48.669025],[14.446958,48.668649],[14.446889,48.668266],[14.446829,48.667955],[14.446744,48.667558],[14.446657,48.66717],[14.446598,48.666922],[14.446501,48.666533],[14.446402,48.666154],[14.446246,48.665607],[14.446106,48.665137],[14.445979,48.664758],[14.445854,48.664377],[14.445695,48.663918],[14.445582,48.663608],[14.445413,48.663162],[14.44525,48.662748],[14.445067,48.662314],[14.444898,48.661923],[14.444699,48.661484],[14.444494,48.661052],[14.444161,48.660391],[14.444005,48.660087],[14.443741,48.659594],[14.443542,48.659226],[14.443314,48.658811],[14.443145,48.658502],[14.443004,48.658249],[14.442815,48.657902],[14.442653,48.65758],[14.442538,48.657332],[14.442427,48.657076],[14.44236,48.656901],[14.442234,48.656498],[14.442165,48.656202],[14.442119,48.655952],[14.442092,48.655735],[14.442067,48.6554],[14.442064,48.655229],[14.442071,48.654949],[14.442085,48.654757],[14.442116,48.654504],[14.44217,48.654242],[14.442226,48.653969],[14.442306,48.65371],[14.442365,48.653541],[14.442434,48.653357],[14.442515,48.653169],[14.442665,48.652855],[14.442799,48.652616],[14.442939,48.65238],[14.443058,48.652203],[14.443195,48.65202],[14.443535,48.651606],[14.443939,48.651159],[14.444316,48.650815],[14.444662,48.650529],[14.445096,48.650209],[14.445394,48.649992],[14.446447,48.649336],[14.446932,48.649039],[14.447374,48.648774],[14.447933,48.648443],[14.448571,48.648056],[14.449398,48.647549],[14.449946,48.647064],[14.450628,48.646669],[14.451691,48.646049],[14.452296,48.645696],[14.452476,48.645587],[14.45276,48.645415],[14.453049,48.645241],[14.453324,48.645105],[14.453631,48.644936],[14.453894,48.644778],[14.453968,48.644706],[14.454041,48.644636],[14.454127,48.644552],[14.454191,48.644491],[14.454458,48.644233],[14.454511,48.644172],[14.454556,48.644117],[14.454589,48.644061],[14.454614,48.644013],[14.454631,48.643952],[14.454719,48.643539],[14.454736,48.643425],[14.454736,48.643322],[14.454723,48.643238],[14.454679,48.643113],[14.454605,48.642958],[14.454515,48.642807],[14.454415,48.642689],[14.454176,48.642444],[14.453985,48.642239],[14.453908,48.642152],[14.453806,48.642043],[14.453717,48.641938],[14.453669,48.641866],[14.453577,48.641688],[14.453527,48.641502],[14.453507,48.641328],[14.453508,48.641176],[14.453524,48.640992],[14.453578,48.640759],[14.453662,48.640533],[14.453774,48.6403],[14.453972,48.639981],[14.454032,48.639897],[14.454167,48.639708],[14.454406,48.639417],[14.45474,48.639047],[14.455019,48.638764],[14.45535,48.638459],[14.455638,48.638214],[14.455933,48.63798],[14.45618,48.637791],[14.456508,48.637559],[14.45689,48.637313],[14.457022,48.637229],[14.457748,48.636785],[14.457826,48.636737],[14.458016,48.63662],[14.458206,48.636493],[14.458222,48.636481],[14.458352,48.63639],[14.458478,48.636291],[14.458669,48.63612],[14.458824,48.635963],[14.458952,48.635813],[14.459101,48.635618],[14.459244,48.635388],[14.459362,48.635181],[14.459651,48.63469],[14.459676,48.634646],[14.459871,48.634342],[14.460009,48.634152],[14.460117,48.634009],[14.460296,48.633792],[14.46051,48.633537],[14.460792,48.63323],[14.461005,48.633017],[14.461286,48.632754],[14.461524,48.632543],[14.461872,48.632262],[14.462172,48.632037],[14.462513,48.631795],[14.462785,48.631618],[14.463128,48.631408],[14.463386,48.631257],[14.463803,48.631029],[14.464336,48.630759],[14.464785,48.63056],[14.465412,48.630292],[14.465865,48.630102],[14.466305,48.629905],[14.466722,48.629708],[14.467054,48.629538],[14.467423,48.629337],[14.467748,48.629148],[14.468155,48.628891],[14.468334,48.628772],[14.468519,48.628641],[14.468751,48.628477],[14.469035,48.628258],[14.469461,48.627905],[14.469743,48.627648],[14.469878,48.627518],[14.470025,48.627369],[14.470247,48.627134],[14.47041,48.626952],[14.470586,48.626739],[14.470797,48.626465],[14.47097,48.626228],[14.471175,48.625915],[14.471326,48.625663],[14.471501,48.625338],[14.471624,48.625079],[14.471733,48.624821],[14.471814,48.624609],[14.471866,48.624458],[14.471936,48.624249],[14.471993,48.624046],[14.472062,48.623762],[14.472109,48.623508],[14.472142,48.623294],[14.472168,48.623051],[14.472185,48.622869],[14.472195,48.622553],[14.472192,48.622251],[14.472166,48.621892],[14.472132,48.621626],[14.472099,48.621435],[14.472035,48.621119],[14.471965,48.620828],[14.471839,48.620385],[14.471777,48.620173],[14.471686,48.619857],[14.471627,48.619618],[14.471569,48.619347],[14.471524,48.619062],[14.471521,48.619033],[14.4715,48.618843],[14.471483,48.618508],[14.471481,48.618201],[14.47149,48.617894],[14.471512,48.617543],[14.471558,48.617206],[14.471627,48.616808],[14.471737,48.616323],[14.471811,48.616012],[14.471902,48.615677],[14.472054,48.615178],[14.472246,48.614602],[14.472435,48.614101],[14.472704,48.613453],[14.472838,48.613157],[14.473051,48.612715],[14.473297,48.612239],[14.473478,48.611914],[14.47362,48.611666],[14.473856,48.611287],[14.474255,48.610675],[14.474848,48.609816],[14.47516,48.609346],[14.475537,48.608784],[14.475636,48.608635],[14.475788,48.608408],[14.476136,48.607889],[14.476658,48.607098],[14.477033,48.606516],[14.47734,48.606019],[14.477692,48.605416],[14.477933,48.604978],[14.4781,48.604658],[14.478378,48.604093],[14.478608,48.603588],[14.478779,48.603184],[14.478885,48.602919],[14.479022,48.602567],[14.479225,48.602005],[14.479354,48.601623],[14.479453,48.601286],[14.479538,48.600948],[14.47961,48.600618],[14.479651,48.600377],[14.479683,48.600135],[14.479702,48.599874],[14.479708,48.599566],[14.479708,48.599281],[14.479676,48.598855],[14.479632,48.598465],[14.479581,48.598128],[14.47953,48.597861],[14.47948,48.597652],[14.479389,48.597348],[14.479291,48.597047],[14.479189,48.596781],[14.479113,48.596592],[14.479013,48.596359],[14.47888,48.596089],[14.478723,48.595813],[14.478513,48.595481],[14.478395,48.595301],[14.47825,48.595089],[14.478059,48.594827],[14.477693,48.594363],[14.477371,48.593953],[14.477143,48.593671],[14.476917,48.593375],[14.476718,48.593088],[14.476547,48.592819],[14.476347,48.592465],[14.476136,48.592031],[14.476033,48.591786],[14.475902,48.591433],[14.475808,48.591122],[14.475734,48.59083],[14.475676,48.590544],[14.475646,48.590353],[14.475596,48.589934],[14.475547,48.589457],[14.47549,48.588854],[14.475453,48.588482],[14.475396,48.588126],[14.47539,48.588086],[14.475243,48.58755],[14.475141,48.587251],[14.475004,48.5869],[14.474895,48.586656],[14.474876,48.586613],[14.47482,48.5865],[14.474675,48.586226],[14.4745,48.585927],[14.474008,48.585136],[14.473697,48.58463],[14.473553,48.584398],[14.473366,48.584096],[14.473264,48.583922],[14.473117,48.583652],[14.472972,48.583351],[14.472851,48.583059],[14.472718,48.582699],[14.472611,48.582341],[14.472534,48.582018],[14.47248,48.581734],[14.472438,48.581416],[14.472406,48.581051],[14.472403,48.580657],[14.472416,48.580329],[14.472452,48.579994],[14.472509,48.579632],[14.472576,48.579316],[14.472661,48.579021],[14.472748,48.578737],[14.472858,48.57845],[14.473288,48.577456],[14.473412,48.577131],[14.473493,48.576881],[14.473542,48.576699],[14.473582,48.576514],[14.47362,48.576305],[14.473649,48.576049],[14.473657,48.575754],[14.473651,48.575509],[14.473607,48.575151],[14.473536,48.574813],[14.473427,48.574487],[14.473378,48.574421],[14.473319,48.574359],[14.473272,48.574315],[14.473198,48.574241],[14.473119,48.574168],[14.472931,48.574007],[14.472725,48.573848],[14.47249,48.573675],[14.472243,48.573509],[14.471922,48.573318],[14.471515,48.573111],[14.471068,48.572906],[14.470857,48.572801],[14.470717,48.572723],[14.470588,48.572642],[14.47049,48.572572],[14.470405,48.572507],[14.470317,48.572423],[14.47026,48.572352],[14.47022,48.572283],[14.470186,48.572205],[14.470161,48.572119],[14.470147,48.572021],[14.470145,48.571939],[14.470157,48.571856],[14.47018,48.571771],[14.47022,48.571678],[14.470277,48.571576],[14.470352,48.57147],[14.470451,48.571351],[14.470521,48.571277],[14.470608,48.571194],[14.470693,48.571127],[14.470791,48.571056],[14.470886,48.570997],[14.470996,48.570936],[14.471094,48.570883],[14.471215,48.570824],[14.471378,48.570754],[14.47152,48.570691],[14.471609,48.570644],[14.471679,48.570599],[14.471757,48.570542],[14.471829,48.570479],[14.471888,48.570415],[14.471979,48.570301],[14.472039,48.570195],[14.472195,48.569849],[14.472298,48.569485],[14.472307,48.569455],[14.472393,48.569188],[14.472464,48.568965],[14.472576,48.568618],[14.472655,48.568316],[14.472707,48.568051],[14.472748,48.567763],[14.472769,48.567489],[14.472786,48.567102],[14.472814,48.566323],[14.472834,48.566022],[14.472873,48.565726],[14.472909,48.565521],[14.47298,48.565211],[14.473054,48.56495],[14.473129,48.564735],[14.473242,48.564451],[14.473371,48.564175],[14.473652,48.563626],[14.474035,48.562923],[14.475065,48.561083],[14.475124,48.560977],[14.475313,48.560635],[14.475393,48.560511],[14.475447,48.560441],[14.475524,48.560351],[14.47569,48.560178],[14.475775,48.560088],[14.475836,48.560031],[14.475904,48.559975],[14.476102,48.559813],[14.476264,48.559665],[14.476406,48.559533],[14.476501,48.55943],[14.476542,48.559351],[14.476577,48.559251],[14.47663,48.55908],[14.476691,48.558878],[14.476765,48.558623],[14.476783,48.558564],[14.4768,48.558505],[14.476828,48.558417],[14.47685,48.558366],[14.47688,48.558318],[14.476941,48.558252],[14.477035,48.558185],[14.477137,48.558128],[14.477275,48.558057],[14.47769,48.557843],[14.477735,48.557819],[14.478131,48.557609],[14.47825,48.557544],[14.478352,48.55747],[14.478439,48.557384],[14.478492,48.5573],[14.478529,48.557235],[14.478557,48.55716],[14.478573,48.557077],[14.478574,48.556946],[14.478552,48.556614],[14.478546,48.55653],[14.478533,48.556329],[14.478512,48.556024],[14.478509,48.555899],[14.478511,48.555827],[14.478526,48.555762],[14.478554,48.5557],[14.478585,48.55565],[14.478621,48.555601],[14.4787,48.555532],[14.478774,48.555483],[14.478859,48.555439],[14.478963,48.555395],[14.479166,48.555318],[14.479642,48.555157],[14.480252,48.554939],[14.480584,48.554806],[14.48087,48.554682],[14.481099,48.554576],[14.481348,48.554456],[14.481615,48.554312],[14.481884,48.554158],[14.482113,48.554023],[14.482287,48.55391],[14.4825,48.553763],[14.48273,48.553597],[14.482971,48.553417],[14.483067,48.553339],[14.483301,48.553134],[14.483482,48.552963],[14.483669,48.552779],[14.483878,48.552555],[14.484006,48.552411],[14.484145,48.552247],[14.484277,48.552075],[14.484421,48.551866],[14.484649,48.551497],[14.484867,48.551143],[14.485242,48.55053],[14.485354,48.550336],[14.485455,48.550145],[14.485524,48.549982],[14.485594,48.549774],[14.485645,48.549621],[14.485694,48.549426],[14.485703,48.549366],[14.485722,48.549242],[14.485743,48.549017],[14.485747,48.548832],[14.485724,48.548326],[14.48568,48.547313],[14.485672,48.547125],[14.485688,48.546942],[14.485723,48.546753],[14.485777,48.546574],[14.485842,48.546428],[14.485959,48.54619],[14.486035,48.546064],[14.486095,48.545971],[14.486887,48.544783],[14.486919,48.544736],[14.486979,48.544646],[14.487041,48.544554],[14.487141,48.544402],[14.487231,48.544244],[14.487324,48.544056],[14.487379,48.543896],[14.487411,48.543778],[14.487438,48.543633],[14.487451,48.543485],[14.487441,48.543292],[14.487395,48.54287],[14.487379,48.542642],[14.487384,48.542462],[14.487411,48.542295],[14.487456,48.542135],[14.487536,48.541945],[14.48763,48.541772],[14.487753,48.541588],[14.487855,48.541461],[14.487988,48.541322],[14.488173,48.541159],[14.488525,48.540868],[14.488659,48.540754],[14.488761,48.540658],[14.4889,48.540511],[14.489026,48.540363],[14.489166,48.540179],[14.489269,48.540024],[14.48936,48.539861],[14.489457,48.539665],[14.489523,48.539512],[14.489695,48.53911],[14.489853,48.538733],[14.490308,48.537666],[14.490356,48.53756],[14.490451,48.537357],[14.490508,48.537256],[14.490619,48.537097],[14.490739,48.536958],[14.490858,48.536836],[14.490912,48.536788],[14.491079,48.536668],[14.491245,48.536554],[14.491434,48.536441],[14.491595,48.536355],[14.491771,48.536278],[14.491991,48.536193],[14.492349,48.536077],[14.492635,48.535989],[14.495364,48.535156],[14.496304,48.534863],[14.496729,48.534731],[14.497094,48.534623],[14.497422,48.534536],[14.497786,48.534464],[14.498179,48.534406],[14.498457,48.534372],[14.498679,48.534351],[14.498982,48.534338],[14.499444,48.534336],[14.49986,48.534336],[14.500267,48.534332],[14.500449,48.534325],[14.500614,48.534308],[14.500798,48.53428],[14.500954,48.534251],[14.50115,48.534207],[14.501281,48.534171],[14.501516,48.534097],[14.501686,48.534036],[14.501903,48.533954],[14.502081,48.533884],[14.502227,48.533824],[14.502401,48.533745],[14.502552,48.533668],[14.502795,48.533533],[14.503026,48.533397],[14.503099,48.533345],[14.503164,48.533291],[14.503222,48.533225],[14.503269,48.533148],[14.503311,48.533065],[14.503346,48.53298],[14.503399,48.532836],[14.503431,48.532747],[14.503888,48.531491],[14.503966,48.531308],[14.504047,48.531159],[14.504555,48.530361],[14.505007,48.529654],[14.505403,48.529031],[14.505493,48.528872],[14.505554,48.528745],[14.505587,48.528658],[14.505618,48.528562],[14.505638,48.528488],[14.505665,48.528286],[14.505662,48.528127],[14.505644,48.527985],[14.505611,48.527846],[14.505532,48.527598],[14.505444,48.527392],[14.50533,48.527152],[14.50515,48.526789],[14.505056,48.526593],[14.504986,48.526416],[14.50495,48.526297],[14.504926,48.526204],[14.504896,48.526023],[14.504887,48.525814],[14.5049,48.525523],[14.50484,48.525264],[14.504829,48.525217],[14.504723,48.525183],[14.50464,48.525128],[14.504593,48.525071],[14.504573,48.525003],[14.504588,48.524933],[14.504627,48.524866],[14.504698,48.524811],[14.504792,48.524773],[14.504875,48.524758],[14.504961,48.524756],[14.505011,48.524722],[14.505055,48.524687],[14.505162,48.524587],[14.505232,48.52452],[14.505324,48.524447],[14.505412,48.524386],[14.505518,48.524316],[14.505619,48.524259],[14.505734,48.524198],[14.505854,48.524142],[14.505992,48.524085],[14.50617,48.524021],[14.506875,48.523789],[14.507152,48.523691],[14.507739,48.523468],[14.508236,48.523259],[14.508698,48.52304],[14.509533,48.522642],[14.510957,48.521955],[14.511665,48.52163],[14.511976,48.521476],[14.512399,48.521248],[14.512944,48.520907],[14.513156,48.520775],[14.513304,48.520668],[14.513497,48.520527],[14.513648,48.520409],[14.513954,48.520156],[14.514228,48.519908],[14.514524,48.519608],[14.514769,48.519338],[14.515025,48.519021],[14.515175,48.518809],[14.515327,48.518571],[14.515399,48.518459],[14.515509,48.518287],[14.515559,48.518187],[14.515605,48.518103],[14.515631,48.518044],[14.515858,48.517511],[14.515948,48.517246],[14.516068,48.516825],[14.516147,48.516339],[14.516159,48.515548],[14.516145,48.515198],[14.516132,48.514675],[14.516133,48.514649],[14.51614,48.514388],[14.516162,48.514125],[14.516198,48.513858],[14.516278,48.513441],[14.516405,48.512942],[14.516553,48.512418],[14.516647,48.512158],[14.51675,48.51187],[14.516902,48.511556],[14.517058,48.511265],[14.517391,48.510779],[14.517705,48.510396],[14.518221,48.509811],[14.518404,48.50959],[14.518567,48.509398],[14.518892,48.508937],[14.519141,48.508529],[14.519269,48.508298],[14.519388,48.508049],[14.519584,48.50758],[14.519888,48.506759],[14.519923,48.506644],[14.520005,48.506333],[14.520033,48.506112],[14.520059,48.5058],[14.520049,48.505405],[14.520033,48.505151],[14.520001,48.504904],[14.519963,48.50466],[14.519869,48.504295],[14.519794,48.504043],[14.519689,48.503744],[14.519553,48.503405],[14.51932,48.502955],[14.519143,48.502651],[14.51901,48.502445],[14.518796,48.502136],[14.518497,48.501715],[14.518472,48.501679],[14.518198,48.501275],[14.518124,48.501157],[14.518005,48.500966],[14.517962,48.500897],[14.517795,48.500612],[14.517736,48.500509],[14.517639,48.500339],[14.517447,48.499979],[14.517393,48.499877],[14.517245,48.499575],[14.517093,48.499233],[14.51693,48.498827],[14.516835,48.498564],[14.51679,48.498439],[14.516598,48.497836],[14.516514,48.49752],[14.516477,48.49735],[14.516436,48.497114],[14.516393,48.496781],[14.516333,48.496286],[14.516262,48.495805],[14.516171,48.495332],[14.516005,48.494698],[14.51595,48.494535],[14.51593,48.494485],[14.515828,48.494242],[14.515749,48.49408],[14.51559,48.493809],[14.515339,48.493444],[14.515315,48.493414],[14.515078,48.493118],[14.514786,48.492813],[14.51444,48.492494],[14.514272,48.492354],[14.514232,48.492325],[14.514007,48.492159],[14.513962,48.492129],[14.513634,48.491909],[14.513055,48.491521],[14.512709,48.491292],[14.511967,48.490814],[14.510932,48.490141],[14.510028,48.489557],[14.509352,48.489117],[14.508631,48.488647],[14.508143,48.48833],[14.507764,48.488086],[14.50732,48.487801],[14.50697,48.487576],[14.506427,48.487218],[14.505781,48.486796],[14.505488,48.486601],[14.505259,48.486454],[14.505089,48.486344],[14.50506,48.486325],[14.504651,48.486056],[14.504518,48.485958],[14.504474,48.485926],[14.503896,48.485523],[14.503555,48.485267],[14.503348,48.485123],[14.503088,48.484928],[14.502819,48.484716],[14.502578,48.484526],[14.502335,48.484325],[14.50203,48.484052],[14.501636,48.483712],[14.501563,48.483638],[14.501256,48.483318],[14.500939,48.48292],[14.50072,48.48258],[14.50051,48.482201],[14.500318,48.481731],[14.500251,48.481474],[14.500199,48.481202],[14.500154,48.480887],[14.500143,48.480551],[14.500151,48.480324],[14.500176,48.480057],[14.500219,48.479813],[14.500337,48.479362],[14.500399,48.479205],[14.500606,48.478686],[14.500744,48.478323],[14.500874,48.47795],[14.500983,48.477558],[14.501067,48.477152],[14.501113,48.476838],[14.501151,48.476356],[14.501181,48.475631],[14.501211,48.474914],[14.501278,48.473881],[14.501372,48.472957],[14.501454,48.472303],[14.501555,48.471646],[14.501735,48.470619],[14.501885,48.469899],[14.502096,48.468989],[14.502338,48.4681],[14.502685,48.466919],[14.502843,48.466352],[14.502928,48.465997],[14.502976,48.465723],[14.503006,48.465419],[14.50302,48.465048],[14.503003,48.464652],[14.502955,48.464271],[14.502882,48.46391],[14.502803,48.463621],[14.502751,48.46343],[14.50261,48.462956],[14.502462,48.462512],[14.50223,48.461875],[14.501819,48.460812],[14.50151,48.460077],[14.501483,48.460012],[14.50132,48.459638],[14.500934,48.458816],[14.500278,48.457519],[14.499916,48.456852],[14.499671,48.4564],[14.499085,48.455441],[14.498652,48.454759],[14.497913,48.453637],[14.497149,48.452501],[14.496727,48.451852],[14.496492,48.451519],[14.496338,48.451292],[14.495906,48.450656],[14.495569,48.450188],[14.495189,48.449716],[14.494817,48.449299],[14.494525,48.448985],[14.49417,48.448631],[14.493767,48.448257],[14.493262,48.447827],[14.492829,48.447481],[14.492465,48.447207],[14.492095,48.446948],[14.491566,48.446594],[14.491268,48.446407],[14.490952,48.44622],[14.490517,48.445971],[14.48986,48.445617],[14.489524,48.445446],[14.489155,48.445264],[14.488629,48.445024],[14.487499,48.444515],[14.486913,48.444237],[14.486266,48.443908],[14.485574,48.443523],[14.485071,48.443223],[14.484696,48.442982],[14.484312,48.442723],[14.483897,48.442424],[14.483573,48.442181],[14.483143,48.441835],[14.482827,48.441564],[14.482512,48.441283],[14.482192,48.440979],[14.481824,48.440606],[14.481573,48.440326],[14.481364,48.44006],[14.481207,48.439835],[14.481076,48.439628],[14.480927,48.439358],[14.480801,48.439083],[14.480705,48.438835],[14.48063,48.438601],[14.480573,48.438367],[14.48053,48.438138],[14.480495,48.437862],[14.48049,48.437727],[14.480485,48.437591],[14.48049,48.43732],[14.480514,48.437077],[14.480564,48.436783],[14.480636,48.436494],[14.480719,48.436253],[14.480863,48.435903],[14.480997,48.435614],[14.481298,48.435048],[14.481397,48.434852],[14.481484,48.434666],[14.481567,48.434462],[14.481637,48.434274],[14.481699,48.434073],[14.481758,48.433868],[14.481802,48.433683],[14.481917,48.43316],[14.481958,48.432983],[14.482003,48.432822],[14.482086,48.43258],[14.482164,48.432391],[14.482289,48.432152],[14.482455,48.431862],[14.482642,48.431586],[14.482815,48.431352],[14.483032,48.431095],[14.483296,48.430814],[14.483546,48.430575],[14.483888,48.43028],[14.484248,48.43],[14.484958,48.429478],[14.488655,48.426792],[14.489057,48.426486],[14.489362,48.426232],[14.489606,48.426013],[14.489868,48.425749],[14.490188,48.425381],[14.490428,48.425044],[14.490632,48.424703],[14.49079,48.424402],[14.490909,48.424122],[14.491014,48.423818],[14.49109,48.423511],[14.491152,48.423203],[14.49118,48.42286],[14.491181,48.422546],[14.491155,48.422189],[14.491098,48.421854],[14.491014,48.421521],[14.490879,48.421131],[14.490644,48.420523],[14.490389,48.41993],[14.490222,48.419587],[14.490038,48.41929],[14.489798,48.418978],[14.489637,48.418798],[14.489425,48.418584],[14.489296,48.418461],[14.489105,48.418303],[14.488936,48.418174],[14.488783,48.418065],[14.48859,48.417936],[14.488338,48.417781],[14.48732,48.417212],[14.486992,48.41701],[14.48672,48.416822],[14.486473,48.416638],[14.4862,48.416411],[14.486046,48.416276],[14.485829,48.416055],[14.485555,48.415754],[14.485333,48.415469],[14.485141,48.415183],[14.484974,48.414883],[14.484822,48.414558],[14.484703,48.41423],[14.484636,48.413994],[14.484571,48.413687],[14.484521,48.413248],[14.484465,48.412646],[14.48441,48.412305],[14.484325,48.411922],[14.484207,48.411544],[14.483985,48.410994],[14.48375,48.410433],[14.483556,48.409934],[14.483513,48.409819],[14.483324,48.409268],[14.483111,48.408491],[14.483002,48.408018],[14.482936,48.407685],[14.482825,48.407032],[14.482755,48.406392],[14.482666,48.404653],[14.482593,48.403946],[14.482451,48.403104],[14.482276,48.402377],[14.482039,48.401598],[14.481526,48.400221],[14.481382,48.399704],[14.481282,48.399198],[14.481231,48.398748],[14.481204,48.398133],[14.481235,48.397545],[14.481327,48.396965],[14.48147,48.396392],[14.481637,48.395904],[14.481863,48.395388],[14.482127,48.394876],[14.482929,48.393631],[14.483326,48.392974],[14.48368,48.392323],[14.483946,48.391773],[14.484265,48.391026],[14.484472,48.390489],[14.484712,48.389742],[14.484878,48.389104],[14.484998,48.388529],[14.485104,48.387929],[14.485194,48.387216],[14.485233,48.386396],[14.485237,48.385802],[14.485218,48.385253],[14.485148,48.384487],[14.485055,48.383874],[14.484962,48.383345],[14.484788,48.382622],[14.484533,48.381766],[14.484231,48.380974],[14.483952,48.380337],[14.483807,48.380037],[14.483513,48.379454],[14.483251,48.378992],[14.482953,48.378505],[14.482544,48.377884],[14.482176,48.377373],[14.481803,48.376896],[14.481448,48.376465],[14.481077,48.376041],[14.48037,48.37525],[14.480054,48.374856],[14.47976,48.374442],[14.479535,48.374072],[14.479343,48.373713],[14.479174,48.373348],[14.479045,48.373025],[14.478951,48.372737],[14.478871,48.37243],[14.478797,48.372064],[14.478757,48.371692],[14.478743,48.371316],[14.478756,48.370919],[14.478813,48.370559],[14.478898,48.370105],[14.478995,48.369773],[14.479046,48.369616],[14.479151,48.369353],[14.479284,48.369072],[14.479427,48.368802],[14.479596,48.368518],[14.479855,48.368137],[14.480378,48.36746],[14.480759,48.366975],[14.480909,48.366778],[14.481096,48.366524],[14.481252,48.366284],[14.481377,48.366065],[14.481465,48.365892],[14.481533,48.365739],[14.481604,48.365569],[14.481675,48.365365],[14.481734,48.365152],[14.481795,48.364869],[14.481822,48.364676],[14.481836,48.364484],[14.481847,48.364193],[14.481829,48.363909],[14.481789,48.363647],[14.481736,48.363395],[14.481634,48.363056],[14.481509,48.362737],[14.481338,48.3624],[14.481132,48.36207],[14.480903,48.361757],[14.480674,48.361487],[14.480437,48.361241],[14.48012,48.360956],[14.479789,48.360695],[14.479441,48.360451],[14.479156,48.360279],[14.478829,48.360094],[14.478388,48.359876],[14.477994,48.359704],[14.477507,48.359517],[14.477075,48.35937],[14.476619,48.359233],[14.476154,48.359111],[14.475769,48.359024],[14.475441,48.358954],[14.475057,48.358885],[14.474641,48.358823],[14.474266,48.358776],[14.473965,48.358743],[14.473441,48.3587],[14.47285,48.358676],[14.472331,48.358671],[14.471912,48.35868],[14.471466,48.358701],[14.470862,48.358744],[14.470219,48.358797],[14.468803,48.35892],[14.468674,48.358931],[14.468057,48.358983],[14.467594,48.359021],[14.467233,48.359041],[14.466845,48.359051],[14.466474,48.359047],[14.466089,48.359028],[14.465726,48.358997],[14.465286,48.358942],[14.464877,48.358871],[14.464472,48.358784],[14.464048,48.358672],[14.463657,48.358548],[14.463244,48.358395],[14.462891,48.358241],[14.462539,48.35807],[14.462153,48.357849],[14.461804,48.357619],[14.461532,48.357413],[14.461281,48.357201],[14.461045,48.356975],[14.460821,48.356723],[14.460451,48.356267],[14.45987,48.355443],[14.459298,48.35456],[14.458303,48.352904],[14.457856,48.352157],[14.457496,48.351572],[14.457065,48.350911],[14.456788,48.35051],[14.456381,48.349945],[14.455996,48.349452],[14.455592,48.348959],[14.455204,48.348499],[14.454383,48.347606],[14.453447,48.346684],[14.452814,48.346104],[14.452055,48.345455],[14.451263,48.344816],[14.450653,48.344356],[14.449992,48.343877],[14.449349,48.343436],[14.448475,48.342873],[14.447717,48.342413],[14.447159,48.34209],[14.447034,48.34202],[14.446623,48.341792],[14.446404,48.34167],[14.445917,48.34141],[14.445076,48.340984],[14.444221,48.340571],[14.443333,48.340174],[14.442299,48.339737],[14.441398,48.339383],[14.440599,48.339087],[14.439909,48.338844],[14.439145,48.33859],[14.438281,48.338319],[14.437646,48.338129],[14.436789,48.33789],[14.435829,48.337641],[14.435237,48.337496],[14.434595,48.33735],[14.433819,48.337182],[14.432832,48.33699],[14.43223,48.336881],[14.43136,48.336738],[14.430436,48.336602],[14.429629,48.3365],[14.428969,48.33643],[14.428353,48.336374],[14.427724,48.336331],[14.427047,48.336299],[14.426419,48.336284],[14.425704,48.336279],[14.424979,48.336294],[14.424388,48.336319],[14.423812,48.336354],[14.423286,48.336395],[14.422551,48.33647],[14.421939,48.336546],[14.421395,48.336625],[14.420643,48.336754],[14.41998,48.336882],[14.419177,48.337055],[14.417987,48.337336],[14.41696,48.337578],[14.416233,48.337735],[14.41561,48.337857],[14.415128,48.337943],[14.414378,48.338059],[14.413857,48.338125],[14.413297,48.33819],[14.412609,48.338254],[14.411499,48.338326],[14.41033,48.338377],[14.408809,48.338423],[14.407381,48.338447],[14.406473,48.338451],[14.406074,48.338453],[14.40483,48.338446],[14.404071,48.338433],[14.403317,48.338417],[14.402386,48.338391],[14.401326,48.338348],[14.400237,48.338296],[14.399362,48.338248],[14.39843,48.338188],[14.39742,48.338111],[14.396556,48.338039],[14.395448,48.337936],[14.394629,48.337854],[14.393412,48.33772],[14.392188,48.33757],[14.391244,48.337446],[14.389592,48.337205],[14.388142,48.336973],[14.386615,48.336709],[14.385392,48.336477],[14.384026,48.336206],[14.382378,48.335873],[14.380821,48.335553],[14.379523,48.33531],[14.378614,48.335154],[14.377825,48.335032],[14.377175,48.33494],[14.376388,48.33484],[14.375987,48.334789],[14.375078,48.334692],[14.374339,48.334621],[14.373585,48.334558],[14.372801,48.334504],[14.372286,48.334473],[14.371408,48.334434],[14.37061,48.334406],[14.368709,48.334357],[14.367788,48.334343],[14.36555,48.334338],[14.363548,48.334358],[14.362615,48.334384],[14.361698,48.334411],[14.360205,48.334465],[14.35847,48.334549],[14.357231,48.334622],[14.356001,48.334705],[14.355019,48.334784],[14.354123,48.33487],[14.35353,48.334936],[14.352951,48.335009],[14.352466,48.335075],[14.351842,48.335173],[14.350677,48.335382],[14.349547,48.335619],[14.348837,48.335792],[14.348216,48.335953],[14.347583,48.336129],[14.347115,48.336266],[14.34602,48.336608],[14.344866,48.33698],[14.344075,48.337228],[14.343568,48.337375],[14.343084,48.337501],[14.342652,48.337602],[14.342212,48.337691],[14.341942,48.33774],[14.34157,48.337804],[14.341079,48.33787],[14.340761,48.337906],[14.340107,48.337961],[14.339702,48.337984],[14.339235,48.337999],[14.338742,48.338005],[14.338241,48.337994],[14.337715,48.33797],[14.337349,48.337944],[14.336984,48.33791],[14.336495,48.337852],[14.336084,48.337791],[14.335825,48.337747],[14.335658,48.337719],[14.335176,48.337626],[14.334769,48.337532],[14.334398,48.337441],[14.334013,48.337335],[14.33364,48.337223],[14.33323,48.337089],[14.332829,48.336945],[14.332399,48.336774],[14.332042,48.336617],[14.33163,48.336424],[14.331232,48.336222],[14.330759,48.335961],[14.330339,48.335704],[14.329927,48.335422],[14.32956,48.335146],[14.329206,48.334859],[14.329075,48.334744],[14.3289,48.334584],[14.328776,48.334463],[14.32858,48.334267],[14.328328,48.333994],[14.328027,48.333641],[14.327793,48.333346],[14.327513,48.332978],[14.327218,48.332596],[14.327011,48.332324],[14.32679,48.332037],[14.326627,48.331819],[14.32624,48.331319],[14.326129,48.331182],[14.325968,48.33098],[14.325637,48.330596],[14.325476,48.330426],[14.325299,48.330249],[14.32513,48.330103],[14.324856,48.32986],[14.324601,48.329647],[14.324355,48.329455],[14.323968,48.329178],[14.323922,48.329147],[14.323723,48.329014],[14.323371,48.328797],[14.323039,48.32861],[14.322687,48.328421],[14.322385,48.328271],[14.321955,48.328072],[14.321582,48.327917],[14.321187,48.327767],[14.320934,48.327672],[14.320734,48.327605],[14.320546,48.327544],[14.320291,48.327463],[14.319886,48.32735],[14.319489,48.32725],[14.319157,48.327173],[14.31877,48.327091],[14.318497,48.32704],[14.318209,48.32699],[14.317983,48.326955],[14.317724,48.326918],[14.317485,48.326888],[14.317241,48.326861],[14.316781,48.326819],[14.31632,48.326787],[14.315856,48.326767],[14.315525,48.326765],[14.315243,48.32676],[14.3149,48.326764],[14.314076,48.326779],[14.31341,48.32679],[14.313365,48.326791],[14.313039,48.326798],[14.312762,48.326799],[14.312433,48.326802],[14.311925,48.326796],[14.311473,48.326788],[14.31095,48.326768],[14.310496,48.326745],[14.310008,48.32671],[14.309524,48.326668],[14.309046,48.326622],[14.308558,48.326566],[14.308088,48.326498],[14.307601,48.326427],[14.307059,48.326338],[14.306454,48.326224],[14.305681,48.326054],[14.305117,48.325916],[14.304656,48.325793],[14.304492,48.325744],[14.304237,48.325669],[14.304041,48.325609],[14.303606,48.325464],[14.303223,48.325335],[14.302863,48.325201],[14.302591,48.325098],[14.302194,48.324939],[14.301901,48.324814],[14.301604,48.32468],[14.301,48.324396],[14.30038,48.324098],[14.300157,48.324005],[14.29999,48.323946],[14.299897,48.323916],[14.299754,48.323876],[14.299535,48.323825],[14.299369,48.323798],[14.299227,48.323781],[14.299014,48.323763],[14.298828,48.323755],[14.298594,48.323754],[14.298539,48.323754],[14.298319,48.323758],[14.298155,48.323759],[14.298019,48.323754],[14.297817,48.323742],[14.297687,48.32373],[14.297541,48.323712],[14.297408,48.323688],[14.297272,48.323659],[14.297161,48.323631],[14.297072,48.323603],[14.296964,48.32357],[14.296843,48.323524],[14.296706,48.323468],[14.296618,48.323423],[14.296527,48.323375],[14.296431,48.32332],[14.296335,48.323257],[14.296238,48.323188],[14.296132,48.3231],[14.296002,48.322975],[14.29593,48.322888],[14.295828,48.322742],[14.295762,48.322633],[14.295733,48.322561],[14.29569,48.322443],[14.29566,48.322317],[14.295648,48.322216],[14.295646,48.322088],[14.295655,48.321976],[14.295679,48.321857],[14.295714,48.321747],[14.295758,48.321636],[14.295808,48.32154],[14.295859,48.32146],[14.295917,48.321375],[14.296018,48.321255],[14.296151,48.321129],[14.296226,48.321068],[14.29634,48.320984],[14.296436,48.320919],[14.296586,48.320824],[14.296649,48.320787],[14.296733,48.320738],[14.297153,48.320494],[14.299386,48.319194],[14.30031,48.318648],[14.300573,48.318492],[14.301028,48.31823],[14.301246,48.318104],[14.301612,48.317893],[14.301989,48.317675],[14.302534,48.317355],[14.302791,48.317206],[14.304116,48.31643],[14.304309,48.316315],[14.304477,48.316212],[14.304636,48.316111],[14.304786,48.316013],[14.305029,48.315847],[14.305264,48.31568],[14.305464,48.315531],[14.305648,48.315387],[14.305805,48.31526],[14.305956,48.315135],[14.306104,48.315007],[14.306802,48.314371],[14.306982,48.314216],[14.307282,48.313972],[14.307534,48.313775],[14.308245,48.313244],[14.308716,48.312893],[14.308952,48.312703],[14.309197,48.312505],[14.309431,48.312296],[14.309634,48.3121],[14.309769,48.311966],[14.309887,48.311837],[14.310096,48.31159],[14.310251,48.311379],[14.310436,48.31112],[14.310592,48.310874],[14.310801,48.310518],[14.311328,48.309594],[14.311772,48.308806],[14.312094,48.308235],[14.312322,48.307808],[14.312546,48.307366],[14.31272,48.307004],[14.312964,48.306457],[14.313179,48.305916],[14.313381,48.305303],[14.31359,48.304663],[14.313685,48.304372],[14.313823,48.303937],[14.314196,48.302948],[14.314323,48.302644],[14.314457,48.302332],[14.314549,48.302131],[14.314648,48.301918],[14.314854,48.301492],[14.315188,48.300853],[14.31539,48.30048],[14.315652,48.300036],[14.315929,48.299574],[14.316163,48.299191],[14.316259,48.299042],[14.316818,48.298131],[14.31711,48.297653],[14.317343,48.297253],[14.317505,48.296945],[14.317627,48.296697],[14.317712,48.296518],[14.317844,48.296229],[14.318039,48.295758],[14.31821,48.295311],[14.318365,48.29485],[14.318458,48.294539],[14.318536,48.294251],[14.31862,48.293909],[14.318691,48.293586],[14.318743,48.293332],[14.318808,48.292936],[14.31884,48.292729],[14.318853,48.292628],[14.318877,48.292411],[14.318924,48.291816],[14.318932,48.291617],[14.318939,48.291322],[14.318938,48.291187],[14.318937,48.291019],[14.318928,48.29079],[14.318897,48.29032],[14.318845,48.289971],[14.318804,48.289745],[14.318759,48.289516],[14.318706,48.289285],[14.318655,48.289099],[14.318612,48.28895],[14.318587,48.288869],[14.318526,48.288688],[14.318444,48.288468],[14.318321,48.288185],[14.318185,48.287896],[14.31794,48.28745],[14.317644,48.287004],[14.317559,48.286885],[14.31739,48.286669],[14.317247,48.286506],[14.316985,48.286246],[14.316775,48.286069],[14.316497,48.285852],[14.316293,48.285719],[14.316037,48.285561],[14.315773,48.28542],[14.315541,48.285309],[14.315263,48.285188],[14.314885,48.285049],[14.314628,48.284966],[14.314488,48.284923],[14.314336,48.28488],[14.314144,48.28483],[14.313803,48.28475],[14.313268,48.284636],[14.312668,48.284508],[14.312252,48.284418],[14.312004,48.284365],[14.311062,48.284147],[14.310289,48.283952],[14.309818,48.283825],[14.309606,48.283767],[14.309155,48.283635],[14.308676,48.28349],[14.308211,48.283343],[14.308005,48.28328],[14.306773,48.282879],[14.306262,48.282716],[14.30581,48.282572],[14.304863,48.282266],[14.304506,48.282147],[14.304156,48.282021],[14.303934,48.281938],[14.303733,48.281858],[14.303508,48.28176],[14.303286,48.281663],[14.303087,48.281569],[14.302857,48.281454],[14.302617,48.281325],[14.302364,48.281178],[14.301987,48.280934],[14.30156,48.280649],[14.301241,48.280443],[14.301107,48.280362],[14.300836,48.280209],[14.300561,48.280063],[14.300174,48.279868],[14.299903,48.279742],[14.299617,48.279624],[14.299376,48.279537],[14.29914,48.279463],[14.298969,48.279417],[14.298777,48.279371],[14.298558,48.279328],[14.298295,48.279288],[14.298056,48.279266],[14.297821,48.279253],[14.297538,48.279248],[14.296843,48.279256],[14.296551,48.279251],[14.296266,48.279239],[14.296078,48.279222],[14.295888,48.279195],[14.295665,48.279146],[14.295382,48.279061],[14.295125,48.278942],[14.294978,48.278846],[14.294813,48.278722],[14.294717,48.278638],[14.294603,48.278493],[14.294542,48.278387],[14.294501,48.278305],[14.294482,48.278263],[14.294464,48.278214],[14.294435,48.278108],[14.294422,48.278027],[14.294418,48.277936],[14.294424,48.277776],[14.294441,48.277564],[14.294468,48.277334],[14.294545,48.276953],[14.294637,48.276448],[14.294691,48.276193],[14.294743,48.275951],[14.294799,48.275674],[14.294931,48.275025],[14.294968,48.274815],[14.294977,48.274769],[14.294996,48.274608],[14.295075,48.273939],[14.295223,48.271026],[14.295294,48.27048],[14.295353,48.270256],[14.295712,48.269288],[14.296181,48.268485],[14.296615,48.267768],[14.296934,48.267042],[14.297048,48.26673],[14.297111,48.266526],[14.29712,48.266497],[14.297163,48.266316],[14.297207,48.266086],[14.297253,48.265766],[14.297288,48.265447],[14.297294,48.265052],[14.297279,48.264381],[14.297226,48.263573],[14.297205,48.263214],[14.297206,48.262892],[14.297187,48.262574],[14.297134,48.261794],[14.297111,48.261475],[14.297089,48.26108],[14.297036,48.260261],[14.296992,48.259423],[14.296971,48.25872],[14.296964,48.258229],[14.296965,48.257796],[14.296979,48.257114],[14.296996,48.256444],[14.297041,48.255025],[14.2971,48.253225],[14.297188,48.250249],[14.297307,48.246396],[14.297337,48.245435],[14.297393,48.2437],[14.297402,48.243222],[14.297411,48.243051],[14.297414,48.242969],[14.297421,48.242772],[14.297425,48.242531],[14.297432,48.242332],[14.297453,48.241743],[14.297481,48.2408],[14.297492,48.240392],[14.297495,48.240379],[14.297509,48.239843],[14.297553,48.238502],[14.297566,48.238101],[14.297594,48.236995],[14.297694,48.233748],[14.297701,48.233557],[14.297751,48.232144],[14.297809,48.231101],[14.297891,48.230434],[14.297902,48.230371],[14.297952,48.230079],[14.298013,48.229739],[14.298116,48.229286],[14.298238,48.228811],[14.29836,48.228405],[14.298601,48.227707],[14.298821,48.227083],[14.298886,48.22689],[14.298969,48.226645],[14.299037,48.226427],[14.299189,48.225874],[14.299249,48.225572],[14.299295,48.225279],[14.299318,48.225005],[14.299323,48.224747],[14.29931,48.224464],[14.299286,48.224239],[14.299213,48.223747],[14.299141,48.223558],[14.299062,48.223303],[14.298895,48.222911],[14.29875,48.222628],[14.29861,48.222388],[14.29838,48.222045],[14.298218,48.221833],[14.298045,48.221633],[14.297824,48.2214],[14.297632,48.221211],[14.297441,48.221033],[14.297226,48.220852],[14.296986,48.220664],[14.296741,48.220488],[14.296505,48.220336],[14.296174,48.220132],[14.295705,48.21987],[14.295348,48.219599],[14.294272,48.219081],[14.293284,48.218605],[14.293005,48.21847],[14.292769,48.218355],[14.292159,48.21806],[14.291703,48.217839],[14.290802,48.21741],[14.28918,48.21663],[14.288657,48.216394],[14.287734,48.215984],[14.287217,48.215754],[14.286759,48.215549],[14.285198,48.21486],[14.283637,48.214166],[14.277844,48.21161],[14.276532,48.211031],[14.275601,48.210621],[14.274137,48.209973],[14.269852,48.208079],[14.265174,48.206014],[14.264135,48.20556],[14.262392,48.204784],[14.260369,48.203892],[14.260021,48.203744],[14.256653,48.202247],[14.255517,48.201744],[14.25493,48.20148],[14.253709,48.200918],[14.253045,48.200594],[14.25229,48.200223],[14.252017,48.2001],[14.248786,48.198512],[14.247885,48.198073],[14.247197,48.197734],[14.246847,48.197563],[14.245818,48.197068],[14.244743,48.196539],[14.242463,48.19541],[14.241418,48.19491],[14.240509,48.194497],[14.239911,48.194239],[14.239402,48.194026],[14.238808,48.193788],[14.237666,48.193356],[14.23668,48.193011],[14.235856,48.192738],[14.235208,48.192535],[14.234023,48.192191],[14.232878,48.191881],[14.231277,48.191491],[14.230421,48.191308],[14.229777,48.191174],[14.228052,48.190865],[14.227305,48.190751],[14.226754,48.190666],[14.225187,48.190468],[14.223715,48.190305],[14.220915,48.190012],[14.219317,48.189843],[14.217607,48.189667],[14.216694,48.189571],[14.214095,48.189296],[14.21268,48.189148],[14.211181,48.188957],[14.209723,48.188722],[14.20885,48.188562],[14.207524,48.188303],[14.206383,48.188038],[14.205032,48.18771],[14.203706,48.187342],[14.202615,48.187015],[14.201741,48.186736],[14.200872,48.186437],[14.199831,48.18606],[14.198205,48.185412],[14.197089,48.184918],[14.196958,48.18486],[14.195391,48.184132],[14.193194,48.183104],[14.187019,48.180211],[14.185612,48.179552],[14.185215,48.179375],[14.180699,48.177226],[14.179517,48.176604],[14.178518,48.176037],[14.177553,48.175459],[14.176242,48.174602],[14.175098,48.173796],[14.173651,48.172646],[14.173383,48.172421],[14.173249,48.172304],[14.172468,48.171622],[14.171271,48.170469],[14.170209,48.169306],[14.165042,48.163122],[14.163138,48.16083],[14.162404,48.159964],[14.161553,48.158928],[14.160842,48.158116],[14.160105,48.157293],[14.159466,48.156608],[14.158725,48.155855],[14.158008,48.155143],[14.157108,48.154305],[14.156825,48.154056],[14.15599,48.153317],[14.155885,48.153224],[14.154947,48.15241],[14.153988,48.151567],[14.152991,48.150711],[14.150661,48.148681],[14.14506,48.143798],[14.144023,48.142942],[14.142926,48.142098],[14.141754,48.141295],[14.140579,48.140531],[14.14028,48.140344],[14.139057,48.139643],[14.137632,48.138878],[14.1345,48.137402],[14.13247,48.136482],[14.132227,48.13637],[14.128371,48.134599],[14.127226,48.134072],[14.126869,48.1339],[14.125658,48.133298],[14.12433,48.132552],[14.123003,48.131747],[14.120856,48.130271],[14.11842,48.128304],[14.114832,48.125197],[14.105881,48.117444],[14.099101,48.111565],[14.098762,48.111272],[14.097078,48.109836],[14.093591,48.107043],[14.089392,48.10395],[14.087611,48.102726],[14.085799,48.101522],[14.081189,48.098547],[14.07717,48.095956],[14.076133,48.095279],[14.073669,48.09369],[14.072279,48.092758],[14.070973,48.091826],[14.06978,48.09094],[14.06848,48.089913],[14.065916,48.087741],[14.065147,48.087083],[14.064288,48.086351],[14.060153,48.082808],[14.056823,48.079952],[14.053753,48.077312],[14.052986,48.076662],[14.052268,48.076045],[14.052065,48.075868],[14.051895,48.075714],[14.050052,48.074143],[14.049638,48.073784],[14.049219,48.073424],[14.048863,48.073184],[14.048032,48.072506],[14.047682,48.072203],[14.046535,48.071153],[14.045605,48.07028],[14.044013,48.068762],[14.043035,48.067848],[14.04208,48.066945],[14.041137,48.066054],[14.04097,48.065896],[14.040628,48.06567],[14.040552,48.065604],[14.040387,48.065471],[14.040127,48.065286],[14.039846,48.065126],[14.03946,48.064953],[14.039183,48.064862],[14.038764,48.064757],[14.038504,48.064706],[14.038069,48.064639],[14.037857,48.064597],[14.037477,48.064524],[14.037269,48.064466],[14.037082,48.064401],[14.036907,48.064316],[14.036722,48.064203],[14.036634,48.064135],[14.036503,48.064022],[14.036389,48.063889],[14.036311,48.063768],[14.036265,48.063662],[14.036219,48.063512],[14.036197,48.063371],[14.036196,48.063203],[14.036211,48.062984],[14.036256,48.062696],[14.036325,48.062438],[14.036399,48.062236],[14.036496,48.062068],[14.036616,48.061913],[14.036804,48.061743],[14.036951,48.061635],[14.037134,48.061519],[14.037332,48.061431],[14.037581,48.061341],[14.037836,48.06128],[14.038116,48.061237],[14.038738,48.061196],[14.039079,48.061169],[14.039372,48.061137],[14.039792,48.061053],[14.04008,48.060985],[14.040379,48.060898],[14.040631,48.06081],[14.040952,48.060679],[14.041085,48.06062],[14.041767,48.060258],[14.043324,48.05918],[14.043682,48.058927],[14.043977,48.058713],[14.044167,48.058575],[14.044554,48.058288],[14.045066,48.057905],[14.04554,48.057543],[14.046066,48.05713],[14.046508,48.056774],[14.046928,48.056428],[14.047319,48.056103],[14.047659,48.055813],[14.048051,48.055473],[14.048409,48.055158],[14.04889,48.054722],[14.049347,48.054299],[14.049676,48.053987],[14.050153,48.053526],[14.050923,48.052757],[14.051568,48.052074],[14.052159,48.051432],[14.052559,48.050981],[14.053015,48.050462],[14.053829,48.049479],[14.054423,48.048721],[14.054863,48.048148],[14.055242,48.047613],[14.055683,48.046988],[14.056047,48.046453],[14.056443,48.045847],[14.057095,48.044778],[14.057514,48.044064],[14.057841,48.043468],[14.058188,48.042795],[14.058567,48.042053],[14.058853,48.041446],[14.059179,48.040709],[14.059591,48.03973],[14.060078,48.038491],[14.060468,48.037436],[14.061205,48.03536],[14.062193,48.03258],[14.062766,48.030962],[14.063321,48.029401],[14.063807,48.028032],[14.063843,48.027932],[14.06388,48.027827],[14.064544,48.025965],[14.065264,48.023931],[14.065657,48.022818],[14.066272,48.021097],[14.066752,48.019739],[14.067055,48.018908],[14.067171,48.018585],[14.067498,48.017711],[14.068023,48.016416],[14.068604,48.015069],[14.068973,48.014297],[14.069201,48.013845],[14.069514,48.013238],[14.069847,48.012634],[14.070296,48.011846],[14.070835,48.010951],[14.07122,48.010353],[14.071611,48.009769],[14.072039,48.009139],[14.072205,48.008915],[14.072505,48.008497],[14.072822,48.008071],[14.073302,48.007453],[14.073966,48.00662],[14.074419,48.006076],[14.074827,48.005607],[14.075223,48.005157],[14.075256,48.005119],[14.075875,48.004441],[14.076516,48.003769],[14.077565,48.002724],[14.07824,48.002085],[14.079219,48.001189],[14.080586,47.999985],[14.081575,47.99914],[14.082835,47.998074],[14.084031,47.997051],[14.085147,47.996059],[14.0859,47.99535],[14.086238,47.995009],[14.086433,47.994811],[14.087135,47.994038],[14.087662,47.993418],[14.088082,47.992907],[14.088398,47.992478],[14.088624,47.992171],[14.088848,47.991851],[14.08934,47.991108],[14.089621,47.990654],[14.089884,47.990197],[14.090127,47.989744],[14.09042,47.989177],[14.090596,47.988808],[14.090798,47.988355],[14.091056,47.987736],[14.091345,47.986944],[14.091481,47.986534],[14.091622,47.986043],[14.091726,47.985668],[14.091853,47.985117],[14.091999,47.984396],[14.092128,47.983591],[14.092188,47.983087],[14.092232,47.982618],[14.0923,47.981832],[14.092479,47.979561],[14.092494,47.97938],[14.092674,47.977531],[14.092691,47.977384],[14.09273,47.977054],[14.092794,47.976569],[14.092957,47.975448],[14.093416,47.973144],[14.093677,47.972079],[14.093964,47.971034],[14.094254,47.970089],[14.094451,47.969448],[14.094618,47.968964],[14.094971,47.967977],[14.095579,47.966456],[14.095992,47.965521],[14.096364,47.964714],[14.096411,47.964611],[14.096494,47.964433],[14.097116,47.963173],[14.098047,47.961394],[14.098803,47.959974],[14.099349,47.958977],[14.099943,47.957861],[14.100319,47.957118],[14.100788,47.956019],[14.101006,47.955391],[14.101196,47.954757],[14.101317,47.954255],[14.101463,47.953486],[14.10153,47.953006],[14.10158,47.952512],[14.101612,47.951882],[14.101618,47.951388],[14.101604,47.950973],[14.101601,47.950905],[14.101599,47.95088],[14.101547,47.950254],[14.101461,47.949628],[14.101427,47.949451],[14.101411,47.94937],[14.101367,47.94914],[14.101271,47.948717],[14.101103,47.948083],[14.101008,47.947776],[14.100884,47.94741],[14.100713,47.946949],[14.100515,47.94647],[14.100324,47.946055],[14.099937,47.945297],[14.099751,47.944953],[14.099503,47.944496],[14.098432,47.942583],[14.09724,47.940445],[14.097053,47.94011],[14.096721,47.93951],[14.096502,47.939107],[14.096302,47.938721],[14.096113,47.938318],[14.095959,47.937953],[14.095795,47.937493],[14.095682,47.937079],[14.095606,47.936739],[14.095546,47.936371],[14.09551,47.93608],[14.095485,47.935716],[14.09548,47.935441],[14.095488,47.935155],[14.09551,47.934826],[14.095563,47.934406],[14.095641,47.933994],[14.095697,47.933763],[14.09573,47.933642],[14.095798,47.933414],[14.095805,47.933389],[14.095941,47.932991],[14.09607,47.932675],[14.096193,47.932419],[14.096369,47.93206],[14.096645,47.931538],[14.096846,47.931198],[14.097282,47.930451],[14.097483,47.930105],[14.098423,47.928521],[14.098587,47.928246],[14.099236,47.92716],[14.100962,47.924256],[14.101273,47.923693],[14.10149,47.923199],[14.10165,47.922763],[14.101749,47.922365],[14.101764,47.922304],[14.101816,47.922011],[14.101854,47.921686],[14.101865,47.921428],[14.101863,47.92105],[14.101834,47.920615],[14.101736,47.919629],[14.101526,47.917699],[14.101326,47.915801],[14.101248,47.915107],[14.101214,47.914792],[14.100984,47.912254],[14.100888,47.910483],[14.100877,47.910064],[14.10087,47.909264],[14.100882,47.908403],[14.100922,47.907555],[14.100975,47.906781],[14.100999,47.906505],[14.101098,47.905513],[14.10124,47.904553],[14.101275,47.904349],[14.10145,47.903393],[14.101656,47.902429],[14.101926,47.901346],[14.102219,47.900304],[14.10258,47.899189],[14.102917,47.898249],[14.103314,47.897231],[14.103467,47.896866],[14.10379,47.89606],[14.104488,47.894361],[14.104563,47.894179],[14.104851,47.89348],[14.10504,47.89299],[14.105076,47.892883],[14.105209,47.892485],[14.105331,47.891904],[14.105429,47.891352],[14.105443,47.891271],[14.105515,47.890903],[14.105595,47.890626],[14.105681,47.890373],[14.10581,47.89005],[14.10596,47.889727],[14.106118,47.889438],[14.106298,47.889162],[14.106524,47.888833],[14.106979,47.888257],[14.107983,47.887018],[14.108345,47.88655],[14.108675,47.886105],[14.10894,47.88573],[14.109196,47.885347],[14.10941,47.885001],[14.109694,47.884516],[14.109908,47.884112],[14.110136,47.883653],[14.110358,47.883186],[14.112358,47.878648],[14.112843,47.877553],[14.113154,47.876832],[14.113391,47.87632],[14.113525,47.876064],[14.113639,47.875869],[14.113878,47.87552],[14.1141,47.875232],[14.114361,47.874939],[14.114883,47.874456],[14.115488,47.873983],[14.115964,47.873664],[14.116524,47.873345],[14.117333,47.872962],[14.120566,47.871616],[14.121245,47.87131],[14.121893,47.870984],[14.122671,47.870541],[14.12337,47.870093],[14.123993,47.869644],[14.124484,47.869249],[14.124567,47.869183],[14.124807,47.868979],[14.125037,47.868775],[14.125523,47.868357],[14.125873,47.86807],[14.126249,47.867797],[14.126565,47.867588],[14.126906,47.867385],[14.127288,47.867179],[14.127665,47.866999],[14.128115,47.866805],[14.128548,47.866639],[14.129067,47.866468],[14.129588,47.866321],[14.13018,47.866184],[14.130729,47.86608],[14.131219,47.866011],[14.131269,47.866006],[14.131724,47.865955],[14.132258,47.865918],[14.132797,47.865904],[14.132845,47.865904],[14.133269,47.865907],[14.133725,47.86593],[14.134264,47.865979],[14.134689,47.86604],[14.135109,47.866113],[14.135808,47.866258],[14.13643,47.866405],[14.136812,47.866494],[14.137981,47.866771],[14.138092,47.866797],[14.138545,47.866891],[14.139052,47.866976],[14.139397,47.867024],[14.139806,47.867065],[14.140133,47.867087],[14.140538,47.867098],[14.141022,47.867093],[14.141428,47.867073],[14.141883,47.867034],[14.142415,47.86696],[14.142914,47.866861],[14.143286,47.866778],[14.143658,47.866669],[14.144185,47.866492],[14.144893,47.866207],[14.145638,47.865879],[14.146347,47.865544],[14.147032,47.865194],[14.147843,47.864756],[14.148622,47.864301],[14.149984,47.863407],[14.150816,47.862778],[14.151714,47.862032],[14.151764,47.86199],[14.152232,47.861542],[14.152601,47.861159],[14.152935,47.860792],[14.153203,47.860478],[14.153446,47.860176],[14.153757,47.859756],[14.153931,47.859502],[14.154106,47.859237],[14.154263,47.858987],[14.154428,47.858693],[14.15469,47.858211],[14.154909,47.857787],[14.155121,47.857372],[14.15544,47.856763],[14.155722,47.85626],[14.156106,47.855657],[14.156351,47.855311],[14.15668,47.854879],[14.156869,47.85465],[14.157114,47.854367],[14.15732,47.854137],[14.157553,47.853892],[14.157834,47.85361],[14.15809,47.853366],[14.158404,47.853083],[14.158669,47.852853],[14.159025,47.852559],[14.159466,47.852221],[14.159813,47.851969],[14.160158,47.85173],[14.160554,47.851468],[14.160941,47.85123],[14.16154,47.850882],[14.161624,47.850836],[14.162284,47.850481],[14.163772,47.849698],[14.164361,47.849383],[14.164599,47.849255],[14.16469,47.849207],[14.165224,47.848898],[14.165754,47.848571],[14.166171,47.848299],[14.166523,47.848056],[14.166863,47.847807],[14.16715,47.84759],[14.167386,47.847401],[14.167686,47.847149],[14.167939,47.846925],[14.168173,47.8467],[14.168361,47.84651],[14.168548,47.846305],[14.168676,47.846154],[14.168867,47.845918],[14.169071,47.845639],[14.169154,47.845512],[14.169267,47.845341],[14.169368,47.845176],[14.169435,47.845053],[14.16952,47.84489],[14.169616,47.844705],[14.169675,47.844573],[14.169739,47.844422],[14.169755,47.844389],[14.169899,47.843957],[14.169949,47.843767],[14.169974,47.84367],[14.170004,47.843527],[14.170029,47.84339],[14.170066,47.843114],[14.170081,47.842968],[14.170089,47.842904],[14.170114,47.842698],[14.170236,47.841832],[14.17025,47.841583],[14.170283,47.841216],[14.170325,47.840753],[14.170453,47.839403],[14.170486,47.839072],[14.170498,47.838917],[14.170503,47.83886],[14.170739,47.83625],[14.170707,47.83539],[14.17055,47.834663],[14.17028,47.833975],[14.169909,47.833313],[14.16946,47.832683],[14.168012,47.831059],[14.167251,47.830113],[14.166675,47.829187],[14.166264,47.828401],[14.165988,47.827528],[14.165734,47.826515],[14.165662,47.825626],[14.165791,47.824404],[14.165989,47.823589],[14.166349,47.822583],[14.167025,47.821367],[14.167826,47.820141],[14.168059,47.819777],[14.168355,47.819313],[14.168403,47.819237],[14.168741,47.818716],[14.168952,47.81837],[14.169158,47.818027],[14.169377,47.817614],[14.16952,47.817301],[14.16964,47.816983],[14.169721,47.816747],[14.169754,47.816611],[14.169795,47.816441],[14.169863,47.815866],[14.169896,47.815489],[14.169854,47.814935],[14.169582,47.812941],[14.169585,47.812472],[14.169599,47.812277],[14.169616,47.812123],[14.169654,47.81187],[14.169658,47.811842],[14.169694,47.811681],[14.169706,47.811627],[14.169753,47.811447],[14.169866,47.811038],[14.170047,47.810605],[14.17023,47.810251],[14.170569,47.809753],[14.172898,47.806582],[14.173693,47.805376],[14.17461,47.803796],[14.175233,47.802446],[14.17595,47.800609],[14.176445,47.79869],[14.176746,47.796837],[14.176839,47.79477],[14.176767,47.793223],[14.176441,47.791129],[14.175996,47.789441],[14.175514,47.788082],[14.174979,47.786704],[14.174895,47.786507],[14.174846,47.786391],[14.174537,47.785687],[14.174485,47.785567],[14.174454,47.785496],[14.174424,47.785426],[14.174226,47.785002],[14.174033,47.784529],[14.173874,47.784041],[14.173777,47.783686],[14.173738,47.78333],[14.173748,47.782598],[14.173874,47.781941],[14.174031,47.78153],[14.174208,47.781129],[14.174912,47.779963],[14.175075,47.779661],[14.175303,47.779164],[14.175454,47.778632],[14.175461,47.778604],[14.175506,47.778373],[14.175526,47.778179],[14.175537,47.777984],[14.175544,47.777765],[14.17553,47.777501],[14.175527,47.777462],[14.175503,47.77723],[14.175479,47.777026],[14.175457,47.776875],[14.175325,47.775985],[14.17528,47.775612],[14.17526,47.775479],[14.175283,47.775142],[14.175301,47.774827],[14.175357,47.774513],[14.175395,47.774379],[14.175487,47.774029],[14.175645,47.773759],[14.175853,47.773364],[14.175986,47.773179],[14.176268,47.772839],[14.176534,47.772563],[14.176871,47.772264],[14.177583,47.771764],[14.178233,47.77144],[14.178567,47.77128],[14.178823,47.771171],[14.179149,47.771028],[14.182104,47.769769],[14.184353,47.76881],[14.186818,47.767759],[14.187894,47.767308],[14.189397,47.766758],[14.189516,47.766714],[14.191054,47.766219],[14.193436,47.76548],[14.195429,47.764849],[14.195553,47.764809],[14.196762,47.764437],[14.198099,47.76402],[14.198172,47.763998],[14.200163,47.763372],[14.200892,47.763148],[14.200999,47.763114],[14.202524,47.762643],[14.204038,47.762169],[14.206492,47.761401],[14.210428,47.760175],[14.21119,47.759934],[14.212422,47.759538],[14.213278,47.759208],[14.213427,47.759151],[14.214002,47.758904],[14.21456,47.758635],[14.215056,47.758391],[14.215941,47.757881],[14.216167,47.757738],[14.216488,47.757534],[14.216533,47.757505],[14.217392,47.756916],[14.217936,47.756507],[14.218835,47.755843],[14.219412,47.755456],[14.220021,47.755063],[14.220684,47.754682],[14.221284,47.754356],[14.221951,47.754026],[14.222636,47.753719],[14.223543,47.753344],[14.224532,47.752991],[14.225643,47.75264],[14.226738,47.752355],[14.227975,47.752095],[14.229115,47.751902],[14.230212,47.751757],[14.231133,47.751671],[14.232317,47.751606],[14.233472,47.751584],[14.234471,47.751592],[14.237399,47.751664],[14.238529,47.751668],[14.239406,47.751664],[14.240613,47.751632],[14.241859,47.751567],[14.242822,47.751496],[14.244033,47.751384],[14.244352,47.751347],[14.244918,47.751278],[14.245526,47.751194],[14.246274,47.751082],[14.247026,47.750958],[14.247605,47.750854],[14.248051,47.750775],[14.249805,47.750429],[14.252017,47.749989],[14.252769,47.749829],[14.252812,47.749819],[14.252982,47.749777],[14.253625,47.749628],[14.254347,47.749424],[14.254895,47.749245],[14.255422,47.749039],[14.255941,47.748817],[14.25657,47.74851],[14.25696,47.748293],[14.257298,47.748083],[14.257504,47.747939],[14.25782,47.747715],[14.258407,47.747242],[14.258696,47.746975],[14.258966,47.74669],[14.259213,47.7464],[14.259563,47.745962],[14.259894,47.745509],[14.260479,47.744717],[14.260961,47.74415],[14.261315,47.743796],[14.261882,47.743295],[14.2622,47.743052],[14.262601,47.74278],[14.263013,47.742512],[14.263504,47.742229],[14.264264,47.741852],[14.264842,47.741606],[14.265793,47.741265],[14.266989,47.740934],[14.26775,47.740761],[14.26852,47.740605],[14.269807,47.740403],[14.27095,47.740254],[14.272549,47.740119],[14.273187,47.740083],[14.273722,47.740064],[14.274256,47.740052],[14.27487,47.740047],[14.275484,47.740054],[14.277338,47.740103],[14.278234,47.74014],[14.279324,47.740142],[14.280314,47.7401],[14.280904,47.740052],[14.281502,47.739982],[14.282193,47.739876],[14.282899,47.739744],[14.283517,47.739601],[14.284134,47.739438],[14.284808,47.739228],[14.285353,47.739034],[14.285949,47.738796],[14.286588,47.738514],[14.287185,47.738214],[14.287905,47.737799],[14.28852,47.737394],[14.289023,47.737021],[14.289434,47.736681],[14.289788,47.73636],[14.291628,47.734485],[14.292205,47.733937],[14.292971,47.733283],[14.294379,47.732231],[14.294929,47.731843],[14.295367,47.731539],[14.29557,47.731391],[14.296353,47.730843],[14.296893,47.730444],[14.297189,47.73021],[14.297449,47.730005],[14.297756,47.729758],[14.298063,47.729494],[14.298405,47.729191],[14.298661,47.72897],[14.299188,47.728462],[14.29938,47.728257],[14.299645,47.727987],[14.300254,47.727298],[14.300502,47.727008],[14.300689,47.726765],[14.301019,47.726336],[14.30125,47.726007],[14.301426,47.725756],[14.30165,47.725406],[14.301801,47.725156],[14.302069,47.724698],[14.302256,47.724348],[14.302547,47.723755],[14.30283,47.723105],[14.303063,47.722463],[14.303194,47.722069],[14.303313,47.721668],[14.303446,47.721204],[14.303616,47.720527],[14.304219,47.718156],[14.304324,47.717727],[14.304459,47.71723],[14.30448,47.717152],[14.304518,47.717012],[14.304553,47.7169],[14.304886,47.715843],[14.305386,47.714447],[14.305851,47.713312],[14.306214,47.712489],[14.3066,47.711691],[14.306965,47.710984],[14.307276,47.710392],[14.307975,47.709199],[14.30856,47.708275],[14.309174,47.707364],[14.309302,47.70718],[14.310113,47.706054],[14.31109,47.704749],[14.312785,47.702475],[14.313376,47.701642],[14.314018,47.700597],[14.314616,47.69947],[14.314996,47.698599],[14.315354,47.697574],[14.316172,47.694327],[14.316477,47.693327],[14.316882,47.692334],[14.316939,47.69222],[14.317387,47.691377],[14.317898,47.690584],[14.318729,47.689516],[14.319082,47.689111],[14.319613,47.688494],[14.321251,47.686672],[14.321656,47.686214],[14.322576,47.685126],[14.323107,47.684459],[14.323657,47.683734],[14.324177,47.683024],[14.324547,47.682483],[14.325033,47.681738],[14.325395,47.681151],[14.325651,47.680715],[14.32598,47.680129],[14.326253,47.679617],[14.326559,47.679013],[14.326871,47.678353],[14.326981,47.678113],[14.327215,47.677603],[14.327636,47.676599],[14.328094,47.675472],[14.328491,47.674471],[14.328784,47.673745],[14.329036,47.673148],[14.329247,47.672659],[14.329507,47.672087],[14.329814,47.671437],[14.330047,47.670987],[14.330397,47.670334],[14.330822,47.669592],[14.33114,47.66906],[14.331518,47.668445],[14.331833,47.667939],[14.33224,47.667293],[14.332858,47.666313],[14.333116,47.665893],[14.333349,47.665505],[14.33356,47.665147],[14.333862,47.664617],[14.334152,47.664073],[14.33435,47.663686],[14.334574,47.66322],[14.334728,47.662869],[14.334894,47.662472],[14.335049,47.662063],[14.335134,47.66182],[14.335182,47.66168],[14.335295,47.661311],[14.335443,47.660739],[14.335528,47.660315],[14.335609,47.659837],[14.335658,47.659326],[14.335668,47.658849],[14.335663,47.658614],[14.335656,47.658395],[14.335621,47.657968],[14.335558,47.657528],[14.335487,47.65718],[14.335438,47.656963],[14.335349,47.656617],[14.335209,47.656174],[14.33507,47.655794],[14.334898,47.655382],[14.334595,47.654664],[14.334426,47.65422],[14.334298,47.65384],[14.334211,47.653494],[14.334148,47.653175],[14.334094,47.652817],[14.334067,47.652416],[14.334059,47.652126],[14.334072,47.651573],[14.334081,47.65124],[14.334103,47.650921],[14.334103,47.650396],[14.33408,47.649997],[14.334045,47.649674],[14.333991,47.64936],[14.333902,47.648933],[14.333806,47.648611],[14.33366,47.648164],[14.333489,47.647751],[14.333328,47.64741],[14.333104,47.646996],[14.332875,47.64662],[14.332589,47.646209],[14.332305,47.645846],[14.332013,47.645501],[14.331706,47.645168],[14.331437,47.644892],[14.330962,47.644403],[14.330693,47.644118],[14.330402,47.643786],[14.33017,47.643484],[14.329949,47.643157],[14.329735,47.642797],[14.329567,47.642472],[14.329472,47.642254],[14.329401,47.642076],[14.329319,47.641837],[14.329268,47.641672],[14.329224,47.641515],[14.329181,47.641325],[14.329139,47.641125],[14.329105,47.64088],[14.329083,47.64066],[14.329072,47.640379],[14.329071,47.640052],[14.329086,47.639839],[14.329114,47.639607],[14.329157,47.639318],[14.329189,47.639168],[14.329203,47.639106],[14.329228,47.638991],[14.329318,47.638652],[14.329427,47.638302],[14.329557,47.637919],[14.329813,47.63726],[14.330062,47.636666],[14.330167,47.636451],[14.330199,47.636386],[14.330266,47.636249],[14.330599,47.635642],[14.330995,47.634974],[14.331461,47.634236],[14.33218,47.63325],[14.33292,47.632358],[14.33395,47.631214],[14.337931,47.626789],[14.342692,47.621545],[14.345326,47.618623],[14.346144,47.617734],[14.346742,47.61703],[14.347211,47.616401],[14.347761,47.615588],[14.348059,47.615036],[14.348437,47.614309],[14.348697,47.613629],[14.348925,47.612893],[14.349099,47.612105],[14.349188,47.611347],[14.349233,47.610561],[14.349217,47.60761],[14.349185,47.604326],[14.349142,47.601512],[14.349107,47.599479],[14.349102,47.597934],[14.349062,47.595469],[14.349006,47.59464],[14.348955,47.594169],[14.348845,47.593615],[14.348685,47.59307],[14.34847,47.592593],[14.348228,47.592072],[14.347988,47.591677],[14.347699,47.591262],[14.347369,47.590824],[14.347222,47.590646],[14.34664,47.590053],[14.346523,47.589937],[14.346294,47.589732],[14.346027,47.589504],[14.345771,47.589301],[14.345523,47.589113],[14.345183,47.588866],[14.344883,47.588672],[14.344613,47.588504],[14.344358,47.588353],[14.344066,47.58819],[14.343702,47.587996],[14.343355,47.587829],[14.342925,47.587632],[14.342561,47.58748],[14.342144,47.587317],[14.341729,47.58717],[14.341265,47.587018],[14.340757,47.586867],[14.339981,47.586658],[14.338881,47.586368],[14.33392,47.585064],[14.332253,47.584626],[14.330995,47.584296],[14.330126,47.584068],[14.329278,47.58384],[14.328686,47.583675],[14.328225,47.583539],[14.327719,47.583383],[14.327126,47.583184],[14.326634,47.583007],[14.326174,47.582831],[14.325847,47.582698],[14.325433,47.582522],[14.325003,47.582331],[14.324647,47.582163],[14.324188,47.581934],[14.32374,47.581696],[14.323459,47.581543],[14.323116,47.581345],[14.322878,47.581201],[14.322556,47.581001],[14.322347,47.580866],[14.32206,47.580671],[14.32189,47.580554],[14.321587,47.580338],[14.320802,47.579743],[14.32013,47.579281],[14.31906,47.578373],[14.317949,47.577386],[14.317903,47.577344],[14.317852,47.577298],[14.317509,47.576982],[14.317417,47.576881],[14.317205,47.576623],[14.31711,47.576521],[14.316688,47.576144],[14.31648,47.575971],[14.31484,47.574285],[14.314634,47.574064],[14.314155,47.573521],[14.31352,47.572795],[14.312971,47.572135],[14.312485,47.571517],[14.311923,47.570804],[14.311469,47.570228],[14.309666,47.56793],[14.308395,47.5663],[14.308275,47.566148],[14.307867,47.565629],[14.306184,47.56347],[14.306103,47.563369],[14.306043,47.56329],[14.305814,47.562995],[14.305437,47.562508],[14.304638,47.561477],[14.30341,47.559914],[14.303169,47.559608],[14.3023,47.55848],[14.30116,47.557007],[14.300477,47.556042],[14.300279,47.555748],[14.299803,47.554849],[14.299571,47.554352],[14.299399,47.5539],[14.2992,47.553194],[14.299194,47.553163],[14.29902,47.552474],[14.298975,47.552003],[14.298953,47.55153],[14.298973,47.551107],[14.298973,47.551095],[14.29901,47.550789],[14.299064,47.55039],[14.299115,47.550074],[14.299207,47.549686],[14.29941,47.549027],[14.299541,47.548669],[14.299874,47.547969],[14.299956,47.547804],[14.300001,47.547715],[14.300432,47.546997],[14.30095,47.54628],[14.302805,47.543908],[14.304069,47.54232],[14.305078,47.540878],[14.305511,47.540223],[14.305891,47.539564],[14.306424,47.538714],[14.306866,47.538059],[14.307326,47.537444],[14.307875,47.536826],[14.308389,47.536318],[14.308879,47.535903],[14.309155,47.535697],[14.309378,47.535532],[14.309834,47.535216],[14.310349,47.534893],[14.310922,47.534574],[14.311555,47.534259],[14.312219,47.533981],[14.312885,47.533726],[14.313571,47.533501],[14.314395,47.53327],[14.315231,47.533085],[14.316065,47.53293],[14.316924,47.532788],[14.317793,47.532652],[14.318666,47.532493],[14.31954,47.532305],[14.320429,47.532061],[14.321197,47.531811],[14.32194,47.531522],[14.322419,47.531313],[14.322687,47.53119],[14.324128,47.530459],[14.325404,47.529778],[14.326136,47.529387],[14.326898,47.528998],[14.328483,47.528216],[14.328667,47.528135],[14.330047,47.527523],[14.330243,47.52744],[14.330482,47.527338],[14.332263,47.52663],[14.332824,47.526435],[14.333743,47.526105],[14.334505,47.52586],[14.3352,47.525631],[14.337237,47.525026],[14.33773,47.524896],[14.339362,47.524482],[14.341017,47.524112],[14.343842,47.523586],[14.344142,47.523536],[14.34786,47.522973],[14.352034,47.522351],[14.353445,47.522153],[14.354057,47.522088],[14.354698,47.522043],[14.355636,47.52203],[14.356587,47.522068],[14.357602,47.522163],[14.361784,47.522967],[14.362975,47.523187],[14.363467,47.523263],[14.364183,47.523353],[14.364985,47.523433],[14.365683,47.523481],[14.366368,47.523505],[14.367083,47.523509],[14.367804,47.523493],[14.368493,47.523451],[14.369184,47.523391],[14.369857,47.523311],[14.370534,47.523208],[14.371163,47.523086],[14.371783,47.522943],[14.372422,47.522774],[14.373053,47.522573],[14.373631,47.52237],[14.374202,47.52214],[14.374412,47.522048],[14.376665,47.521064],[14.37893,47.520108],[14.379833,47.519733],[14.380799,47.519344],[14.382218,47.518745],[14.385785,47.517193],[14.386238,47.516999],[14.387301,47.516533],[14.388067,47.516222],[14.388385,47.516095],[14.388948,47.515893],[14.389534,47.515702],[14.390049,47.515553],[14.390531,47.515423],[14.391298,47.515243],[14.392109,47.515071],[14.39271,47.514988],[14.393496,47.514885],[14.393829,47.514847],[14.394528,47.514788],[14.396108,47.514722],[14.398905,47.514692],[14.404094,47.514697],[14.404428,47.514693],[14.405579,47.514679],[14.407175,47.514628],[14.408604,47.514547],[14.410009,47.514433],[14.410465,47.514386],[14.410828,47.514347],[14.412413,47.514153],[14.414142,47.513881],[14.414301,47.513856],[14.414526,47.513821],[14.416583,47.513418],[14.418838,47.512879],[14.425103,47.511161],[14.427661,47.510532],[14.430416,47.50992],[14.433404,47.509325],[14.43419,47.509188],[14.436678,47.508748],[14.440213,47.508233],[14.443823,47.5078],[14.445521,47.507626],[14.447161,47.507431],[14.448344,47.507241],[14.44951,47.507003],[14.450493,47.506761],[14.451057,47.506605],[14.45161,47.506434],[14.452486,47.506139],[14.453018,47.50594],[14.453534,47.505734],[14.454013,47.505528],[14.454697,47.505212],[14.455467,47.504824],[14.456123,47.504463],[14.456742,47.504088],[14.458622,47.502849],[14.460974,47.501207],[14.46183,47.500641],[14.462706,47.500104],[14.463621,47.499591],[14.464595,47.4991],[14.46537,47.498755],[14.466163,47.498429],[14.466913,47.498151],[14.467692,47.497891],[14.468905,47.497525],[14.470516,47.497138],[14.472331,47.496815],[14.473409,47.496681],[14.474509,47.496584],[14.475393,47.496527],[14.476299,47.4965],[14.477582,47.496512],[14.478853,47.496547],[14.480184,47.496618],[14.48028,47.496622],[14.480817,47.496582],[14.481025,47.496566],[14.4815,47.496445],[14.481731,47.49635],[14.481989,47.496171],[14.482174,47.495986],[14.482387,47.495631],[14.482484,47.495502],[14.482613,47.495366],[14.482715,47.495291],[14.482852,47.495209],[14.48315,47.495092],[14.483438,47.495032],[14.48353,47.494986],[14.483573,47.494956],[14.48361,47.494925],[14.483678,47.494836],[14.483729,47.494772],[14.483663,47.494488],[14.483575,47.494067],[14.483399,47.493386],[14.483314,47.493028],[14.483275,47.492836],[14.483267,47.492788],[14.483227,47.492538],[14.483206,47.492239],[14.483217,47.491948],[14.483253,47.491713],[14.483304,47.491475],[14.483392,47.491214],[14.483504,47.490953],[14.483642,47.490697],[14.483806,47.490441],[14.483922,47.490295],[14.484057,47.490142],[14.484338,47.489832],[14.48447,47.489686],[14.484698,47.489427],[14.484997,47.489096],[14.485056,47.48903],[14.485076,47.489001],[14.485127,47.488933],[14.485094,47.488914],[14.485071,47.48889],[14.485061,47.488862],[14.485064,47.488833],[14.48508,47.488806],[14.485107,47.488784],[14.485143,47.488769],[14.485185,47.488763],[14.485222,47.488764],[14.485258,47.488773],[14.485289,47.488788],[14.485312,47.488808],[14.485368,47.48878],[14.485406,47.488764],[14.485525,47.488721],[14.485643,47.488687],[14.485765,47.488665],[14.485942,47.488632],[14.486256,47.488566],[14.486558,47.488475],[14.486674,47.488431],[14.487018,47.488302],[14.487407,47.488126],[14.487547,47.488062],[14.487598,47.488015],[14.487632,47.487961],[14.487599,47.487895],[14.487551,47.48785],[14.487532,47.487836],[14.48729,47.48769],[14.487203,47.487625],[14.487154,47.487588],[14.48706,47.487498],[14.487009,47.487432],[14.486966,47.487363],[14.48691,47.487264],[14.486886,47.487207],[14.486867,47.487149],[14.486839,47.48705],[14.486828,47.486947],[14.486803,47.486234],[14.486794,47.486052],[14.486791,47.485976],[14.486779,47.485747],[14.486757,47.485585],[14.486728,47.485425],[14.48669,47.485257],[14.486656,47.48511],[14.486641,47.485039],[14.486631,47.484962],[14.486628,47.484879],[14.486654,47.484602],[14.48675,47.484209],[14.486866,47.483901],[14.487016,47.483618],[14.487057,47.48354],[14.487129,47.483398],[14.487181,47.483274],[14.487228,47.483138],[14.487256,47.483009],[14.487274,47.482885],[14.487286,47.482736],[14.487357,47.482394],[14.487408,47.48216],[14.487442,47.481966],[14.487452,47.481779],[14.487425,47.481605],[14.487379,47.481436],[14.487319,47.481319],[14.487219,47.481161],[14.487032,47.480965],[14.486839,47.48082],[14.486669,47.480705],[14.486481,47.48057],[14.486337,47.48044],[14.486239,47.480337],[14.486123,47.480195],[14.485989,47.47997],[14.485908,47.479768],[14.485873,47.47959],[14.485861,47.479453],[14.485852,47.4793],[14.485822,47.479151],[14.485775,47.479036],[14.485672,47.478891],[14.485521,47.478741],[14.485314,47.478591],[14.485032,47.478391],[14.48487,47.478271],[14.4842,47.477798],[14.48405,47.47768],[14.483931,47.477531],[14.48389,47.477399],[14.483897,47.477223],[14.483926,47.476828],[14.483956,47.476462],[14.483952,47.476334],[14.483936,47.476244],[14.483883,47.476107],[14.483855,47.475982],[14.48385,47.475891],[14.483865,47.475819],[14.483899,47.475748],[14.483953,47.475675],[14.484017,47.475626],[14.484105,47.475563],[14.484256,47.475479],[14.484486,47.475362],[14.484607,47.475276],[14.484702,47.475188],[14.484777,47.475094],[14.484837,47.475005],[14.484879,47.47491],[14.484898,47.474831],[14.484915,47.47471],[14.484901,47.474586],[14.484844,47.474404],[14.484792,47.474213],[14.4848,47.474077],[14.484851,47.47393],[14.484938,47.473808],[14.485075,47.473699],[14.485229,47.473578],[14.485356,47.47344],[14.485428,47.473314],[14.485466,47.473165],[14.485464,47.473095],[14.485441,47.473039],[14.485392,47.472998],[14.485303,47.472973],[14.485201,47.472986],[14.485128,47.473024],[14.485078,47.473076],[14.484977,47.473297],[14.484939,47.473365],[14.484723,47.473583],[14.484654,47.473701],[14.484605,47.473868],[14.484562,47.473962],[14.484488,47.474043],[14.484352,47.474182],[14.484297,47.474242],[14.484253,47.474324],[14.484211,47.474443],[14.484148,47.474725],[14.48411,47.474798],[14.484015,47.474857],[14.483937,47.474875],[14.48386,47.474868],[14.48379,47.474837],[14.483747,47.47479],[14.48374,47.474743],[14.483761,47.47469],[14.483894,47.474492],[14.484015,47.474311],[14.484101,47.474148],[14.484178,47.473962],[14.484248,47.473778],[14.484264,47.473678],[14.484264,47.473581],[14.484219,47.473311],[14.484222,47.473221],[14.484238,47.473139],[14.484277,47.473051],[14.484426,47.472844],[14.484466,47.472778],[14.484501,47.472704],[14.484518,47.47264],[14.484525,47.472576],[14.484523,47.47252],[14.484504,47.472409],[14.484482,47.472259],[14.484491,47.472188],[14.484508,47.472116],[14.48455,47.472027],[14.484599,47.471953],[14.484651,47.471892],[14.484735,47.471786],[14.48479,47.471684],[14.484822,47.471601],[14.48487,47.471413],[14.484908,47.47131],[14.484993,47.471182],[14.485119,47.471043],[14.485202,47.470907],[14.485258,47.47073],[14.485347,47.470349],[14.485355,47.470178],[14.485339,47.469997],[14.485339,47.469858],[14.485364,47.469739],[14.485417,47.469603],[14.485712,47.46919],[14.485761,47.469082],[14.485787,47.46897],[14.485779,47.46888],[14.485739,47.468776],[14.485699,47.468705],[14.485524,47.468462],[14.485451,47.468314],[14.485388,47.468139],[14.485326,47.467941],[14.485295,47.467799],[14.485293,47.46773],[14.485298,47.467656],[14.485344,47.46754],[14.485424,47.467428],[14.485562,47.467243],[14.485624,47.467154],[14.485669,47.467044],[14.485701,47.466921],[14.485711,47.46668],[14.48572,47.466512],[14.485734,47.466427],[14.485759,47.466328],[14.485822,47.466161],[14.485897,47.466019],[14.485981,47.465903],[14.486086,47.465773],[14.486209,47.465646],[14.486355,47.46548],[14.486423,47.465382],[14.486461,47.465306],[14.486487,47.465226],[14.486504,47.465147],[14.486505,47.465067],[14.48649,47.464966],[14.486453,47.464872],[14.486406,47.464791],[14.48633,47.46469],[14.486152,47.464529],[14.486048,47.464428],[14.485976,47.464335],[14.485912,47.464213],[14.485891,47.464057],[14.485913,47.463933],[14.486118,47.463543],[14.486168,47.463379],[14.486182,47.463231],[14.486187,47.463057],[14.486179,47.462825],[14.486136,47.462443],[14.486078,47.462257],[14.486065,47.462098],[14.486072,47.461961],[14.486123,47.461788],[14.486255,47.461599],[14.486399,47.461453],[14.486567,47.461234],[14.486754,47.460909],[14.4869,47.460569],[14.487026,47.460396],[14.487208,47.460229],[14.487743,47.459678],[14.488015,47.459375],[14.48807,47.459287],[14.488113,47.459191],[14.488132,47.45909],[14.488161,47.458822],[14.488202,47.458707],[14.488275,47.458607],[14.488359,47.458541],[14.488584,47.458421],[14.488796,47.458322],[14.488977,47.458215],[14.489115,47.458103],[14.489387,47.457726],[14.489947,47.457171],[14.490253,47.456754],[14.490488,47.456567],[14.490888,47.456329],[14.491033,47.4562],[14.491125,47.456018],[14.491233,47.455698],[14.491343,47.45549],[14.491463,47.455366],[14.492409,47.454762],[14.493256,47.454345],[14.493391,47.454239],[14.493604,47.454016],[14.493711,47.453951],[14.493836,47.453902],[14.494156,47.453827],[14.494378,47.453757],[14.494579,47.453671],[14.494885,47.453494],[14.495682,47.453092],[14.495868,47.453029],[14.496278,47.452932],[14.496436,47.452868],[14.496703,47.452688],[14.497106,47.452472],[14.497309,47.452401],[14.497578,47.452348],[14.498054,47.452342],[14.498218,47.452321],[14.498339,47.452274],[14.498415,47.452211],[14.498461,47.452125],[14.498584,47.451203],[14.498624,47.451138],[14.498746,47.451052],[14.498835,47.451017],[14.498943,47.451006],[14.499415,47.451026],[14.499624,47.451025],[14.499818,47.451001],[14.500049,47.450943],[14.500432,47.450789],[14.50083,47.450591],[14.501328,47.450308],[14.501643,47.450161],[14.502113,47.449982],[14.502341,47.449878],[14.502507,47.449763],[14.502597,47.449666],[14.502741,47.44947],[14.502837,47.449348],[14.502937,47.449238],[14.503154,47.449084],[14.503362,47.448943],[14.503525,47.448851],[14.503674,47.448782],[14.503859,47.448734],[14.504158,47.448683],[14.504529,47.448632],[14.504773,47.448577],[14.505009,47.448503],[14.505269,47.44836],[14.505538,47.448158],[14.506015,47.447725],[14.506173,47.447589],[14.506308,47.447499],[14.506459,47.447419],[14.506636,47.447357],[14.506814,47.447308],[14.506951,47.447285],[14.507096,47.447267],[14.507289,47.447265],[14.5077,47.447274],[14.507934,47.447278],[14.508367,47.447298],[14.508606,47.447296],[14.508769,47.447292],[14.508916,47.447277],[14.509065,47.447249],[14.509297,47.447168],[14.509437,47.447104],[14.509573,47.447016],[14.509697,47.446911],[14.509778,47.446829],[14.50989,47.446657],[14.509945,47.446546],[14.509996,47.446414],[14.510059,47.446154],[14.510065,47.446002],[14.510053,47.445845],[14.510031,47.445687],[14.509983,47.44553],[14.509919,47.445382],[14.50984,47.445228],[14.509743,47.445079],[14.509479,47.444772],[14.509207,47.444488],[14.508984,47.444298],[14.508611,47.444042],[14.508117,47.443755],[14.507621,47.443503],[14.507334,47.443381],[14.507047,47.443275],[14.506441,47.443074],[14.50618,47.442941],[14.505944,47.442786],[14.505714,47.442614],[14.505552,47.442471],[14.505199,47.442118],[14.504979,47.441892],[14.504633,47.441526],[14.504557,47.441442],[14.504265,47.441106],[14.504006,47.440781],[14.503873,47.440606],[14.503846,47.44057],[14.503693,47.440363],[14.503625,47.440264],[14.503513,47.440094],[14.503407,47.439909],[14.503304,47.439683],[14.503293,47.43966],[14.503224,47.439524],[14.503115,47.439306],[14.502876,47.439025],[14.502704,47.438867],[14.502457,47.43871],[14.501938,47.438494],[14.501252,47.438229],[14.501021,47.438139],[14.500825,47.438063],[14.500572,47.437968],[14.500051,47.437766],[14.499927,47.43772],[14.499542,47.437575],[14.499174,47.437429],[14.498377,47.437125],[14.498048,47.436988],[14.497545,47.436755],[14.497036,47.436465],[14.496888,47.436381],[14.496814,47.436333],[14.495969,47.435829],[14.495536,47.435562],[14.495371,47.435457],[14.495084,47.435321],[14.494834,47.435243],[14.494593,47.435191],[14.494304,47.435151],[14.494158,47.435145],[14.493823,47.435154],[14.493467,47.435204],[14.493064,47.435297],[14.492788,47.43536],[14.492615,47.435396],[14.49241,47.435418],[14.49217,47.43544],[14.491926,47.435436],[14.491724,47.435413],[14.49146,47.435365],[14.491227,47.435304],[14.490976,47.435197],[14.490624,47.43501],[14.490467,47.434926],[14.490227,47.434804],[14.489982,47.434683],[14.489761,47.434612],[14.489522,47.434569],[14.489203,47.434529],[14.488635,47.434479],[14.488367,47.434449],[14.488012,47.434381],[14.487676,47.434262],[14.487293,47.434054],[14.486754,47.43365],[14.48653,47.433543],[14.486326,47.433471],[14.486168,47.433427],[14.485982,47.433394],[14.485811,47.433384],[14.485596,47.433382],[14.485432,47.43339],[14.485277,47.43341],[14.485146,47.433434],[14.484793,47.433524],[14.484354,47.433642],[14.48395,47.433752],[14.483761,47.433793],[14.483643,47.433812],[14.483516,47.433822],[14.483445,47.433821],[14.483371,47.43382],[14.483238,47.43381],[14.483072,47.433786],[14.482889,47.433759],[14.482776,47.433741],[14.482573,47.433716],[14.48235,47.43371],[14.482133,47.433723],[14.481924,47.43374],[14.481906,47.43374],[14.481646,47.433747],[14.481385,47.433734],[14.481303,47.433725],[14.481173,47.433705],[14.481022,47.433675],[14.480916,47.433645],[14.48088,47.433634],[14.480673,47.433551],[14.480527,47.433487],[14.480296,47.433375],[14.480196,47.433339],[14.480127,47.433314],[14.479879,47.433261],[14.479456,47.433219],[14.479069,47.433169],[14.478579,47.433056],[14.478096,47.432931],[14.47779,47.432855],[14.477496,47.432792],[14.476887,47.432708],[14.476111,47.432626],[14.47587,47.432608],[14.475591,47.432581],[14.47509,47.432547],[14.474409,47.432517],[14.473626,47.432498],[14.472637,47.43249],[14.47234,47.432483],[14.472024,47.432462],[14.471607,47.43242],[14.471335,47.432375],[14.471064,47.432322],[14.470936,47.432291],[14.470641,47.432211],[14.470406,47.432135],[14.470176,47.432054],[14.469885,47.431936],[14.46962,47.431817],[14.469159,47.431581],[14.468686,47.431319],[14.468244,47.431058],[14.46781,47.430776],[14.467692,47.430695],[14.467542,47.430592],[14.46725,47.430379],[14.466601,47.429869],[14.466239,47.42955],[14.465934,47.429271],[14.465629,47.428974],[14.465355,47.428688],[14.465211,47.428529],[14.464927,47.428215],[14.464805,47.428068],[14.464485,47.427689],[14.464111,47.427208],[14.463884,47.426893],[14.463665,47.42657],[14.463665,47.42657],[14.463506,47.426332],[14.46325,47.425931],[14.463187,47.425833],[14.463037,47.425568],[14.462855,47.425213],[14.462765,47.424972],[14.462719,47.42482],[14.462652,47.424472],[14.46264,47.42416],[14.462653,47.423899],[14.462679,47.423723],[14.462729,47.423532],[14.462786,47.423346],[14.462925,47.422986],[14.463069,47.422643],[14.463135,47.422435],[14.463153,47.422288],[14.463151,47.422173],[14.463127,47.422022],[14.463091,47.421904],[14.463021,47.421759],[14.462938,47.42163],[14.462814,47.421491],[14.462656,47.421349],[14.462303,47.421097],[14.462195,47.421021],[14.462004,47.42087],[14.461853,47.420719],[14.461689,47.420505],[14.461233,47.419813],[14.460415,47.418664],[14.460329,47.418458],[14.460303,47.418296],[14.460301,47.418132],[14.460324,47.417984],[14.460367,47.417853],[14.460446,47.417697],[14.460548,47.417545],[14.460709,47.417373],[14.460843,47.417242],[14.46101,47.417094],[14.461398,47.41675],[14.461967,47.416294],[14.462259,47.416048],[14.462411,47.415889],[14.462583,47.415663],[14.462698,47.415427],[14.462728,47.415338],[14.462754,47.415242],[14.462787,47.415059],[14.462939,47.413877],[14.462983,47.41363],[14.463061,47.413349],[14.463147,47.413114],[14.463337,47.41264],[14.463361,47.412581],[14.463364,47.412565],[14.463364,47.412544],[14.463405,47.412448],[14.463446,47.412353],[14.463554,47.412082],[14.463589,47.411997],[14.463657,47.411853],[14.463747,47.411669],[14.463878,47.411463],[14.464018,47.411246],[14.464151,47.411029],[14.464264,47.410813],[14.464346,47.410594],[14.464408,47.410296],[14.464426,47.409982],[14.464402,47.409757],[14.464351,47.409416],[14.464332,47.409215],[14.46432,47.409045],[14.464325,47.408874],[14.464349,47.408669],[14.464404,47.408396],[14.464495,47.408021],[14.464526,47.40781],[14.464534,47.40762],[14.464519,47.407404],[14.464456,47.407116],[14.46439,47.406918],[14.464309,47.406696],[14.464231,47.406483],[14.46413,47.40621],[14.463862,47.405494],[14.463659,47.40495],[14.463535,47.404551],[14.463439,47.404202],[14.463378,47.403853],[14.463363,47.403769],[14.463334,47.40359],[14.4633,47.40322],[14.463298,47.403144],[14.463288,47.402941],[14.463297,47.402513],[14.463333,47.402088],[14.463408,47.401628],[14.46352,47.401145],[14.463615,47.400839],[14.463761,47.400445],[14.463962,47.399987],[14.464265,47.399316],[14.46428,47.399276],[14.464365,47.399061],[14.46446,47.398777],[14.464519,47.39859],[14.464572,47.398372],[14.464634,47.398085],[14.464667,47.397878],[14.464715,47.397422],[14.464749,47.397037],[14.464803,47.396661],[14.464834,47.396491],[14.464928,47.396073],[14.465036,47.395558],[14.46505,47.395432],[14.465045,47.395321],[14.465013,47.39521],[14.464934,47.395065],[14.464845,47.394958],[14.464756,47.394878],[14.464616,47.394767],[14.46453,47.394682],[14.464446,47.394573],[14.464383,47.394459],[14.464271,47.394134],[14.46415,47.393765],[14.464076,47.39351],[14.464067,47.393351],[14.464088,47.39319],[14.464129,47.39305],[14.464202,47.392913],[14.464306,47.392773],[14.464483,47.39258],[14.464879,47.392184],[14.464994,47.392053],[14.46512,47.391865],[14.465372,47.391423],[14.465521,47.391213],[14.465656,47.391089],[14.46593,47.390887],[14.466657,47.39037],[14.466797,47.390227],[14.466895,47.390083],[14.466941,47.38996],[14.466973,47.389841],[14.466973,47.389721],[14.466944,47.389583],[14.466869,47.389381],[14.466537,47.388637],[14.466443,47.388512],[14.466353,47.388413],[14.466236,47.388312],[14.46612,47.388244],[14.466025,47.388195],[14.465892,47.388141],[14.465374,47.387979],[14.465194,47.387903],[14.465049,47.387822],[14.464944,47.387749],[14.464875,47.387688],[14.464722,47.387526],[14.464562,47.3873],[14.46367,47.385963],[14.463551,47.385753],[14.463366,47.385354],[14.463294,47.385179],[14.463182,47.384971],[14.46309,47.384805],[14.462971,47.384596],[14.462696,47.384113],[14.462612,47.383911],[14.462591,47.383809],[14.462582,47.38363],[14.462598,47.383443],[14.46269,47.38279],[14.462757,47.382406],[14.462861,47.382036],[14.46298,47.381748],[14.463072,47.381572],[14.463189,47.381364],[14.463318,47.38116],[14.46343,47.380959],[14.463481,47.380778],[14.463501,47.380608],[14.4635,47.380469],[14.463477,47.380302],[14.463417,47.380131],[14.463347,47.379979],[14.463233,47.379803],[14.462618,47.378945],[14.462517,47.378782],[14.462464,47.378686],[14.462417,47.378573],[14.462384,47.378463],[14.462342,47.378228],[14.462353,47.377969],[14.462368,47.377822],[14.462369,47.377617],[14.462343,47.377438],[14.462335,47.377403],[14.462282,47.377241],[14.462226,47.377116],[14.462157,47.376991],[14.462032,47.376823],[14.461914,47.376696],[14.46171,47.376525],[14.461556,47.376404],[14.461477,47.376346],[14.461345,47.376238],[14.461201,47.37611],[14.46099,47.375866],[14.460924,47.375753],[14.460892,47.375698],[14.460771,47.375446],[14.460679,47.375146],[14.460666,47.37505],[14.460641,47.374883],[14.460632,47.374833],[14.460598,47.374623],[14.46058,47.374426],[14.460569,47.374216],[14.460601,47.373964],[14.460674,47.373753],[14.460813,47.373445],[14.461133,47.372816],[14.461239,47.37252],[14.461276,47.37235],[14.461301,47.372117],[14.461294,47.371962],[14.461285,47.37181],[14.461276,47.371734],[14.461264,47.371598],[14.461258,47.37128],[14.461299,47.371002],[14.461347,47.370809],[14.46142,47.370619],[14.461497,47.370446],[14.461598,47.370276],[14.46178,47.37003],[14.461868,47.369913],[14.46202,47.369704],[14.462132,47.369527],[14.462202,47.3694],[14.462263,47.369264],[14.462329,47.369049],[14.462415,47.368612],[14.462448,47.368489],[14.462496,47.368368],[14.462677,47.368076],[14.462794,47.36784],[14.462885,47.367622],[14.46298,47.367178],[14.463061,47.366921],[14.463093,47.366838],[14.463188,47.366667],[14.463272,47.366537],[14.463366,47.366415],[14.463589,47.366178],[14.463889,47.365938],[14.464267,47.36566],[14.464623,47.365374],[14.464919,47.365127],[14.465051,47.365015],[14.46547,47.36466],[14.465745,47.364415],[14.465892,47.364253],[14.466005,47.364094],[14.466087,47.363955],[14.466168,47.363763],[14.466304,47.363385],[14.466413,47.363085],[14.466514,47.362877],[14.466665,47.362639],[14.466923,47.362248],[14.466975,47.362167],[14.467078,47.361977],[14.467189,47.361708],[14.467307,47.361371],[14.467412,47.3611],[14.467573,47.360685],[14.467696,47.360429],[14.467808,47.360196],[14.467899,47.359925],[14.467949,47.359785],[14.46802,47.35964],[14.468107,47.35948],[14.468211,47.359302],[14.468326,47.359133],[14.46855,47.358826],[14.468623,47.358675],[14.468656,47.35859],[14.468679,47.358461],[14.468742,47.358052],[14.468789,47.357749],[14.468806,47.357675],[14.468841,47.357604],[14.468896,47.357527],[14.468951,47.357472],[14.468989,47.357439],[14.469105,47.357318],[14.469182,47.357191],[14.469204,47.357127],[14.469256,47.357005],[14.46933,47.35681],[14.469386,47.356712],[14.469442,47.356638],[14.469616,47.356478],[14.469831,47.356242],[14.469959,47.356104],[14.469995,47.356061],[14.470063,47.35598],[14.470144,47.355868],[14.47023,47.355719],[14.470268,47.355618],[14.470298,47.35551],[14.470354,47.355256],[14.470424,47.35489],[14.470526,47.35454],[14.47061,47.35425],[14.470798,47.353861],[14.470894,47.353657],[14.470927,47.353587],[14.471086,47.353272],[14.47112,47.353195],[14.471225,47.352981],[14.471344,47.352718],[14.471607,47.352064],[14.471636,47.35185],[14.471601,47.351669],[14.471479,47.351343],[14.471407,47.351083],[14.471411,47.350846],[14.471455,47.350665],[14.471747,47.349937],[14.471833,47.349745],[14.471897,47.349561],[14.471936,47.349223],[14.471936,47.349059],[14.47191,47.348905],[14.471845,47.348678],[14.471761,47.348461],[14.471704,47.348318],[14.471615,47.347988],[14.471574,47.347773],[14.471535,47.347564],[14.471527,47.347354],[14.471533,47.347122],[14.471545,47.347031],[14.471589,47.346639],[14.471646,47.346444],[14.471687,47.346336],[14.471747,47.34623],[14.471832,47.346108],[14.471938,47.345993],[14.472029,47.3459],[14.472136,47.345803],[14.472394,47.345608],[14.472477,47.345497],[14.472538,47.345387],[14.472628,47.345153],[14.472708,47.344948],[14.472819,47.344648],[14.472873,47.344301],[14.47296,47.343744],[14.47298,47.343528],[14.472979,47.343395],[14.472962,47.343272],[14.472929,47.343175],[14.472882,47.343077],[14.472758,47.342918],[14.472617,47.342753],[14.472379,47.342488],[14.47226,47.342337],[14.472119,47.34212],[14.471999,47.34184],[14.471968,47.341718],[14.47195,47.34158],[14.471952,47.341305],[14.471983,47.341114],[14.472106,47.34061],[14.47212,47.340539],[14.472198,47.340003],[14.472342,47.33934],[14.472405,47.338897],[14.472428,47.338713],[14.472435,47.338472],[14.472428,47.338359],[14.472401,47.338146],[14.472304,47.337501],[14.472291,47.337406],[14.472247,47.337091],[14.472236,47.337005],[14.472157,47.336602],[14.47209,47.336277],[14.47206,47.33603],[14.472052,47.335731],[14.472068,47.33535],[14.47208,47.335125],[14.47207,47.334939],[14.472067,47.334855],[14.47202,47.334646],[14.472004,47.334596],[14.471945,47.334413],[14.471844,47.334169],[14.471705,47.333878],[14.471636,47.333707],[14.47159,47.333536],[14.471552,47.333325],[14.471459,47.332638],[14.471442,47.332514],[14.471433,47.332351],[14.471442,47.332198],[14.471466,47.332087],[14.47153,47.331903],[14.47163,47.331731],[14.471808,47.331479],[14.471935,47.331269],[14.471998,47.331091],[14.472047,47.330898],[14.47212,47.330432],[14.472174,47.330097],[14.472179,47.329995],[14.472173,47.329877],[14.472154,47.329659],[14.472145,47.32947],[14.472169,47.329168],[14.472194,47.32897],[14.472218,47.328764],[14.472248,47.328481],[14.47229,47.328114],[14.472296,47.327815],[14.472302,47.327547],[14.472295,47.327279],[14.472294,47.327046],[14.472297,47.32694],[14.472312,47.326824],[14.472339,47.326713],[14.472387,47.326593],[14.472454,47.326456],[14.472548,47.326337],[14.472646,47.326224],[14.472776,47.326111],[14.472817,47.326082],[14.472958,47.325984],[14.473126,47.325872],[14.473522,47.325631],[14.473799,47.325485],[14.474107,47.325347],[14.474489,47.325206],[14.474831,47.325097],[14.475194,47.324998],[14.47537,47.324951],[14.475598,47.324885],[14.475803,47.324816],[14.476072,47.324711],[14.47636,47.324572],[14.476806,47.324299],[14.47707,47.324107],[14.477324,47.323901],[14.477619,47.323633],[14.477888,47.323355],[14.478125,47.323073],[14.478254,47.322912],[14.478417,47.32266],[14.478479,47.32256],[14.478532,47.322474],[14.478726,47.322093],[14.478848,47.321844],[14.478882,47.321768],[14.479155,47.321176],[14.479339,47.32084],[14.479492,47.320583],[14.479776,47.320201],[14.480002,47.319938],[14.480246,47.319677],[14.480391,47.319535],[14.480421,47.319503],[14.480571,47.319341],[14.480711,47.319174],[14.480807,47.319051],[14.480914,47.318898],[14.48106,47.318652],[14.481214,47.318363],[14.481276,47.318226],[14.481319,47.318117],[14.481417,47.31788],[14.481543,47.317476],[14.481587,47.317262],[14.481613,47.317136],[14.481665,47.316896],[14.481727,47.316657],[14.48181,47.316407],[14.481906,47.316151],[14.482027,47.315867],[14.482166,47.315572],[14.482217,47.315388],[14.482224,47.315297],[14.482217,47.315203],[14.482195,47.315106],[14.4821,47.314833],[14.482075,47.314731],[14.482065,47.31462],[14.482073,47.31447],[14.482094,47.31433],[14.48214,47.314183],[14.482217,47.314031],[14.482433,47.31367],[14.482757,47.313222],[14.482848,47.313083],[14.483106,47.31272],[14.483241,47.312546],[14.483357,47.312423],[14.48348,47.312306],[14.483605,47.312207],[14.483755,47.312107],[14.48391,47.312021],[14.484083,47.31194],[14.484403,47.311803],[14.484582,47.311715],[14.484662,47.311669],[14.484833,47.311563],[14.484974,47.311446],[14.485087,47.311333],[14.485173,47.311218],[14.485264,47.311031],[14.485306,47.310895],[14.48533,47.310767],[14.485331,47.31064],[14.485307,47.310487],[14.48527,47.31031],[14.485223,47.310015],[14.485196,47.309717],[14.485197,47.309567],[14.485215,47.309415],[14.48524,47.309275],[14.485287,47.309128],[14.485357,47.308971],[14.485414,47.308847],[14.485668,47.308471],[14.485895,47.308215],[14.486438,47.307625],[14.486621,47.30737],[14.486681,47.307226],[14.486698,47.307094],[14.486678,47.306853],[14.486656,47.306572],[14.486642,47.306398],[14.4866,47.306224],[14.486522,47.306058],[14.486487,47.305959],[14.486465,47.305838],[14.486462,47.305704],[14.486495,47.305399],[14.486517,47.305196],[14.486537,47.305038],[14.486549,47.304946],[14.486555,47.304884],[14.486572,47.30476],[14.486598,47.304623],[14.486626,47.304513],[14.486671,47.304404],[14.48674,47.304278],[14.486876,47.304057],[14.487016,47.30382],[14.487098,47.303634],[14.487157,47.303463],[14.487224,47.303197],[14.487246,47.302976],[14.48728,47.302754],[14.487311,47.302611],[14.487368,47.302476],[14.487553,47.302126],[14.487654,47.301927],[14.487686,47.301838],[14.487714,47.301769],[14.487734,47.301657],[14.487736,47.301555],[14.487729,47.301443],[14.487679,47.301309],[14.487657,47.301251],[14.487608,47.301148],[14.487388,47.300834],[14.487257,47.300642],[14.487224,47.300591],[14.48717,47.300472],[14.487094,47.300221],[14.486983,47.299754],[14.486938,47.299548],[14.486923,47.299398],[14.486918,47.299351],[14.486915,47.299279],[14.486922,47.299183],[14.486946,47.29904],[14.487116,47.29851],[14.487151,47.298372],[14.487165,47.298237],[14.487162,47.298097],[14.48713,47.297922],[14.487068,47.297731],[14.487001,47.297588],[14.486901,47.297402],[14.486829,47.297228],[14.486804,47.297138],[14.486789,47.297048],[14.486796,47.296923],[14.486878,47.296555],[14.486945,47.296281],[14.486987,47.295989],[14.486981,47.295699],[14.48695,47.295516],[14.486906,47.295333],[14.486756,47.294881],[14.486708,47.2947],[14.486677,47.29449],[14.486662,47.294273],[14.486652,47.294104],[14.486656,47.293817],[14.486664,47.293478],[14.486661,47.293258],[14.486644,47.293041],[14.486616,47.292856],[14.4866,47.292781],[14.48654,47.292568],[14.486386,47.292169],[14.486199,47.291745],[14.486111,47.291544],[14.485872,47.291019],[14.485674,47.290545],[14.48562,47.29042],[14.485538,47.290208],[14.485464,47.290032],[14.485402,47.289889],[14.485248,47.289568],[14.485115,47.289343],[14.484935,47.289064],[14.484594,47.288613],[14.48433,47.288319],[14.484225,47.288209],[14.484066,47.288041],[14.483913,47.28788],[14.483698,47.287629],[14.483671,47.287595],[14.483584,47.287484],[14.483474,47.287329],[14.483319,47.287095],[14.483246,47.286974],[14.482856,47.286313],[14.482745,47.286148],[14.482515,47.285846],[14.482085,47.285414],[14.481937,47.28526],[14.481856,47.285167],[14.481785,47.285069],[14.481715,47.284966],[14.481657,47.284858],[14.481609,47.284737],[14.481565,47.284614],[14.48152,47.284453],[14.481496,47.284325],[14.481481,47.284191],[14.48144,47.28396],[14.481418,47.283874],[14.481337,47.283629],[14.481319,47.283548],[14.481308,47.283461],[14.481285,47.283339],[14.481237,47.283189],[14.48113,47.282951],[14.481002,47.282713],[14.480899,47.282536],[14.480721,47.282277],[14.480527,47.282035],[14.480451,47.281906],[14.480399,47.281773],[14.480388,47.281737],[14.480378,47.281681],[14.480378,47.281618],[14.480411,47.281344],[14.480411,47.281164],[14.480406,47.280889],[14.480416,47.280767],[14.480449,47.280642],[14.480471,47.280583],[14.480491,47.280526],[14.480578,47.280334],[14.480635,47.280214],[14.48066,47.280171],[14.480781,47.279969],[14.480873,47.279839],[14.480915,47.279779],[14.481002,47.279647],[14.481044,47.279549],[14.481166,47.279181],[14.481219,47.279044],[14.481301,47.278836],[14.481321,47.278783],[14.481354,47.278703],[14.481437,47.278528],[14.481474,47.278411],[14.481503,47.278219],[14.481515,47.278002],[14.48155,47.277585],[14.481597,47.277378],[14.481651,47.277212],[14.481727,47.277047],[14.481802,47.2769],[14.481876,47.276727],[14.481927,47.276565],[14.482066,47.275804],[14.482129,47.275585],[14.482221,47.275379],[14.482362,47.275115],[14.482477,47.274934],[14.482687,47.274672],[14.482948,47.274371],[14.483103,47.274195],[14.483154,47.27413],[14.483672,47.27354],[14.484355,47.272791],[14.484405,47.272735],[14.484646,47.272477],[14.484693,47.27243],[14.485328,47.271708],[14.485906,47.271057],[14.48666,47.27027],[14.486917,47.269974],[14.487074,47.269781],[14.487217,47.269595],[14.487238,47.269563],[14.487306,47.269476],[14.487477,47.269269],[14.487759,47.269001],[14.488184,47.268605],[14.488462,47.268332],[14.488722,47.26806],[14.488976,47.267769],[14.489255,47.267462],[14.489368,47.267337],[14.489417,47.267284],[14.489629,47.267044],[14.489701,47.266967],[14.489859,47.266789],[14.490665,47.265882],[14.490979,47.265523],[14.49128,47.265179],[14.491475,47.264956],[14.492198,47.264136],[14.493457,47.26271],[14.493664,47.262474],[14.493806,47.26231],[14.494507,47.261525],[14.494672,47.261354],[14.494777,47.261259],[14.494933,47.261147],[14.495096,47.261046],[14.495286,47.260946],[14.495527,47.260843],[14.495707,47.260782],[14.495919,47.260724],[14.496164,47.26067],[14.496421,47.260629],[14.496693,47.260597],[14.496977,47.26057],[14.498095,47.260522],[14.498319,47.260505],[14.498619,47.260471],[14.498879,47.260424],[14.499195,47.260354],[14.500956,47.259875],[14.501083,47.259841],[14.501851,47.259632],[14.502512,47.259476],[14.502762,47.259429],[14.50303,47.25938],[14.503492,47.25929],[14.504012,47.259164],[14.504361,47.259062],[14.504705,47.258949],[14.504992,47.258847],[14.505276,47.258734],[14.505591,47.258595],[14.505969,47.258412],[14.50643,47.258153],[14.507756,47.257319],[14.507913,47.257224],[14.50879,47.256675],[14.509153,47.256483],[14.509367,47.256392],[14.509621,47.256308],[14.509889,47.256234],[14.51038,47.256144],[14.510697,47.25611],[14.511148,47.256103],[14.511827,47.256123],[14.512173,47.256131],[14.512497,47.256121],[14.513244,47.256055],[14.513862,47.25598],[14.515516,47.25578],[14.516033,47.255684],[14.51651,47.255569],[14.516783,47.255484],[14.517053,47.25539],[14.517442,47.255225],[14.517752,47.255077],[14.517935,47.25497],[14.517994,47.254936],[14.518311,47.254729],[14.518709,47.254459],[14.5195,47.253912],[14.520632,47.253171],[14.520855,47.253022],[14.52142,47.252659],[14.521994,47.252303],[14.522162,47.252202],[14.522242,47.252152],[14.522761,47.251832],[14.523291,47.251506],[14.523721,47.251232],[14.524004,47.251035],[14.524286,47.250825],[14.525316,47.250007],[14.525417,47.249923],[14.525488,47.249865],[14.526035,47.24941],[14.526585,47.248936],[14.527414,47.248178],[14.528716,47.246982],[14.529332,47.246388],[14.529803,47.245988],[14.530174,47.245669],[14.530315,47.245543],[14.530698,47.245199],[14.530796,47.245114],[14.53087,47.24505],[14.530897,47.245027],[14.531006,47.244932],[14.531163,47.244796],[14.531295,47.244681],[14.531694,47.244324],[14.531754,47.244269],[14.532043,47.244004],[14.532241,47.243803],[14.532307,47.243731],[14.532387,47.243637],[14.53263,47.24334],[14.532837,47.243107],[14.533104,47.242834],[14.533271,47.242682],[14.533468,47.242521],[14.533625,47.242394],[14.533732,47.24231],[14.534013,47.242108],[14.534038,47.242089],[14.534265,47.241915],[14.534462,47.241764],[14.534732,47.241535],[14.535118,47.241184],[14.535368,47.240956],[14.535966,47.24035],[14.536851,47.239427],[14.537034,47.239262],[14.538296,47.238278],[14.538933,47.23785],[14.539072,47.237766],[14.53929,47.23763],[14.539592,47.237438],[14.540244,47.237037],[14.540547,47.236865],[14.540939,47.236657],[14.541269,47.236513],[14.541703,47.236359],[14.542502,47.236125],[14.543352,47.235889],[14.544056,47.235703],[14.54428,47.235631],[14.544489,47.235553],[14.544897,47.235372],[14.545069,47.235282],[14.545502,47.235057],[14.545981,47.234766],[14.546235,47.234602],[14.54647,47.234431],[14.546746,47.234197],[14.547585,47.233399],[14.547785,47.23322],[14.547972,47.233063],[14.548101,47.232958],[14.548376,47.232754],[14.548747,47.2325],[14.54913,47.232247],[14.549531,47.232003],[14.550299,47.231518],[14.551231,47.230928],[14.551696,47.23063],[14.55189,47.23051],[14.552152,47.230348],[14.553002,47.22983],[14.55354,47.22953],[14.553568,47.229515],[14.553996,47.229281],[14.554401,47.229069],[14.554651,47.228948],[14.555301,47.228674],[14.555664,47.228513],[14.555973,47.228357],[14.556921,47.227853],[14.557041,47.227775],[14.557201,47.227675],[14.557362,47.227565],[14.557608,47.227393],[14.557952,47.227161],[14.558046,47.227098],[14.558482,47.226795],[14.559053,47.226417],[14.559194,47.226322],[14.559253,47.226272],[14.559433,47.226121],[14.559655,47.225923],[14.560063,47.225529],[14.560148,47.225444],[14.560471,47.225135],[14.560824,47.224795],[14.561266,47.224422],[14.561643,47.224126],[14.562063,47.223823],[14.562919,47.223224],[14.564017,47.222467],[14.564619,47.222079],[14.565049,47.221813],[14.565426,47.221606],[14.565968,47.221312],[14.566313,47.221138],[14.566572,47.221014],[14.567238,47.220712],[14.56769,47.220525],[14.568272,47.220299],[14.568381,47.22026],[14.568824,47.220102],[14.569785,47.219793],[14.5704,47.219609],[14.571331,47.219329],[14.571796,47.219192],[14.572349,47.219016],[14.572824,47.218828],[14.573248,47.21863],[14.573529,47.218472],[14.573784,47.218295],[14.574073,47.218054],[14.574339,47.217767],[14.574469,47.217591],[14.574585,47.217388],[14.574685,47.217162],[14.574747,47.216972],[14.574782,47.216725],[14.57479,47.216524],[14.574781,47.216299],[14.574756,47.216096],[14.574619,47.215627],[14.574575,47.215505],[14.574506,47.215327],[14.574321,47.214909],[14.574302,47.21486],[14.574269,47.214777],[14.574229,47.214576],[14.574219,47.214448],[14.574231,47.214329],[14.574255,47.214207],[14.57429,47.214111],[14.574214,47.214099],[14.574192,47.214091],[14.574073,47.214049],[14.574017,47.214015],[14.573956,47.213963],[14.573932,47.213937],[14.573917,47.213901],[14.573908,47.213838],[14.573911,47.213764],[14.573936,47.213674],[14.573977,47.213593],[14.574031,47.213523],[14.574087,47.21347],[14.574191,47.213368],[14.574344,47.213221],[14.574432,47.213116],[14.574475,47.213041],[14.574526,47.212948],[14.574545,47.212876],[14.574556,47.212769],[14.574564,47.212417],[14.574561,47.212148],[14.57455,47.212062],[14.574526,47.211979],[14.574499,47.211918],[14.574435,47.211828],[14.574329,47.211709],[14.574186,47.211592],[14.57407,47.211507],[14.573449,47.211121],[14.573333,47.211043],[14.573232,47.210962],[14.573165,47.210886],[14.573064,47.210769],[14.572957,47.210656],[14.572824,47.210548],[14.572602,47.210384],[14.572436,47.210275],[14.572206,47.210157],[14.571945,47.210069],[14.571808,47.21004],[14.571667,47.210019],[14.571534,47.210007],[14.571418,47.21],[14.571074,47.210001],[14.570776,47.209984],[14.570492,47.209956],[14.569998,47.209864],[14.569697,47.209821],[14.569466,47.209793],[14.569212,47.209768],[14.568979,47.209751],[14.5688,47.209749],[14.568152,47.209766],[14.567646,47.209754],[14.567221,47.209725],[14.567042,47.209715],[14.566866,47.20971],[14.566616,47.209702],[14.566254,47.209699],[14.566022,47.209698],[14.56585,47.209703],[14.565637,47.209719],[14.565446,47.209742],[14.565023,47.209848],[14.564828,47.209868],[14.564413,47.209882],[14.5643,47.209888],[14.564148,47.209903],[14.564002,47.209926],[14.563784,47.209975],[14.563249,47.210112],[14.562965,47.210166],[14.562578,47.210219],[14.562323,47.21024],[14.562064,47.210252],[14.561863,47.210247],[14.56099,47.21019],[14.560726,47.21016],[14.560233,47.210083],[14.559676,47.210008],[14.559484,47.209985],[14.559296,47.209974],[14.559021,47.209985],[14.558807,47.210015],[14.558565,47.210087],[14.558365,47.21017],[14.558226,47.210239],[14.558103,47.210308],[14.557838,47.210455],[14.557697,47.210518],[14.557555,47.21056],[14.557344,47.2106],[14.556945,47.210656],[14.556438,47.210759],[14.556253,47.210792],[14.554286,47.211047],[14.553147,47.211172],[14.55279,47.211202],[14.55258,47.211211],[14.552383,47.211209],[14.552097,47.21119],[14.551433,47.211121],[14.551116,47.211097],[14.551043,47.211091],[14.550672,47.211063],[14.550377,47.211025],[14.549048,47.210787],[14.548751,47.210749],[14.547528,47.210636],[14.547374,47.210628],[14.547215,47.210626],[14.546973,47.210635],[14.546587,47.210663],[14.545754,47.210748],[14.545554,47.210774],[14.545371,47.210808],[14.545213,47.210848],[14.54475,47.211001],[14.544496,47.211075],[14.544266,47.211131],[14.543623,47.211253],[14.543476,47.211267],[14.543287,47.211271],[14.543144,47.211265],[14.542941,47.211249],[14.542631,47.21123],[14.542075,47.211205],[14.541484,47.211171],[14.541256,47.211154],[14.540842,47.211115],[14.540676,47.21109],[14.540509,47.211054],[14.539982,47.210917],[14.539862,47.210893],[14.539754,47.210882],[14.539657,47.210882],[14.539574,47.210891],[14.539463,47.210905],[14.539173,47.210961],[14.538971,47.211009],[14.538802,47.211065],[14.53872,47.211093],[14.538398,47.211212],[14.538288,47.211257],[14.53818,47.211307],[14.538059,47.211378],[14.537911,47.211483],[14.537774,47.211572],[14.53759,47.211659],[14.537414,47.211722],[14.53723,47.21178],[14.536727,47.211924],[14.536513,47.211977],[14.536207,47.212038],[14.535957,47.212062],[14.53578,47.212071],[14.535599,47.212069],[14.535419,47.212056],[14.535192,47.212032],[14.534921,47.21199],[14.534861,47.211979],[14.53454,47.211907],[14.534145,47.211807],[14.533526,47.211663],[14.533314,47.211614],[14.5331,47.211568],[14.532935,47.21154],[14.532741,47.211512],[14.532295,47.211439],[14.532078,47.21141],[14.531922,47.211406],[14.531819,47.211407],[14.531697,47.211418],[14.531441,47.21145],[14.531233,47.21147],[14.53101,47.211484],[14.530789,47.211485],[14.530568,47.211479],[14.530255,47.21146],[14.529816,47.211412],[14.529616,47.211391],[14.529416,47.211379],[14.529236,47.211367],[14.529038,47.211351],[14.528693,47.211319],[14.52858,47.211312],[14.528477,47.211311],[14.528385,47.211316],[14.528276,47.211335],[14.528198,47.211355],[14.528118,47.211381],[14.527979,47.211436],[14.527763,47.211522],[14.527635,47.211578],[14.527577,47.211605],[14.527531,47.211636],[14.527447,47.211696],[14.527348,47.211785],[14.527274,47.211836],[14.52719,47.211876],[14.527121,47.211901],[14.52707,47.211918],[14.527001,47.211933],[14.526957,47.211937],[14.526908,47.211935],[14.526865,47.211927],[14.526832,47.211914],[14.526802,47.211899],[14.526753,47.211857],[14.526699,47.211797],[14.526637,47.211738],[14.526595,47.211704],[14.526522,47.211651],[14.526339,47.211527],[14.526139,47.211414],[14.52601,47.211352],[14.525872,47.211298],[14.525657,47.211246],[14.52517,47.21117],[14.524869,47.211141],[14.524024,47.211087],[14.523683,47.211067],[14.523612,47.211061],[14.52355,47.211053],[14.523485,47.21104],[14.523422,47.211019],[14.523362,47.210989],[14.523314,47.210957],[14.523283,47.210926],[14.52324,47.210869],[14.523156,47.210709],[14.52309,47.210612],[14.523054,47.210571],[14.523011,47.210536],[14.522937,47.210487],[14.522838,47.21044],[14.52274,47.210401],[14.522625,47.210371],[14.522531,47.210351],[14.522418,47.210335],[14.522291,47.210326],[14.522186,47.210329],[14.52207,47.210348],[14.521949,47.210383],[14.52164,47.210481],[14.521539,47.210507],[14.52144,47.210524],[14.521344,47.210529],[14.521235,47.210526],[14.520599,47.210478],[14.520408,47.210454],[14.51985,47.210354],[14.519619,47.210324],[14.519503,47.210319],[14.51936,47.210317],[14.519133,47.210324],[14.518728,47.210328],[14.517987,47.210329],[14.517663,47.21034],[14.517511,47.210351],[14.517385,47.210368],[14.517269,47.210394],[14.517153,47.21043],[14.517001,47.210486],[14.516784,47.210564],[14.516715,47.210583],[14.516605,47.210605],[14.51647,47.210614],[14.516376,47.210609],[14.516283,47.210596],[14.516183,47.210578],[14.515471,47.210445],[14.515323,47.210423],[14.515194,47.210412],[14.515112,47.210409],[14.514991,47.21041],[14.514871,47.210419],[14.51466,47.210443],[14.514104,47.210525],[14.51392,47.210548],[14.513734,47.210567],[14.513122,47.210594],[14.511612,47.210638],[14.511558,47.21064],[14.511261,47.210669],[14.510719,47.210738],[14.509681,47.210871],[14.509616,47.210877],[14.509094,47.210944],[14.507636,47.211133],[14.507356,47.211176],[14.507276,47.211189],[14.507192,47.211202],[14.50698,47.211247],[14.506819,47.2113],[14.506446,47.21146],[14.506084,47.2116],[14.505723,47.211725],[14.50529,47.211852],[14.505054,47.211898],[14.50485,47.211934],[14.504634,47.21196],[14.504431,47.211974],[14.504158,47.211983],[14.503883,47.211979],[14.503306,47.211959],[14.503081,47.211964],[14.502868,47.211982],[14.502646,47.212013],[14.501916,47.212161],[14.501795,47.212184],[14.501483,47.212232],[14.501223,47.212251],[14.500991,47.212252],[14.500803,47.212249],[14.500175,47.212232],[14.5001,47.21223],[14.499974,47.21223],[14.499847,47.212233],[14.499717,47.212239],[14.499533,47.212253],[14.499434,47.21226],[14.499178,47.212284],[14.498928,47.212314],[14.498701,47.212345],[14.498512,47.212374],[14.498396,47.212375],[14.498365,47.212317],[14.498353,47.212293],[14.498339,47.212254],[14.49832,47.212175],[14.49831,47.212127],[14.498272,47.211565],[14.498262,47.211408],[14.498254,47.210408],[14.498277,47.210066],[14.498283,47.210017],[14.49833,47.209392],[14.498387,47.208802],[14.498392,47.208742],[14.498401,47.208629],[14.498421,47.208392],[14.49844,47.208301],[14.498481,47.208138],[14.498567,47.207915],[14.498683,47.207681],[14.498719,47.207608],[14.49877,47.207502],[14.498844,47.207345],[14.49887,47.207255],[14.498878,47.20715],[14.49885,47.206943],[14.498821,47.206791],[14.498812,47.206753],[14.49878,47.206662],[14.498738,47.206575],[14.498657,47.206438],[14.498568,47.206302],[14.498444,47.2061],[14.498417,47.206056],[14.498407,47.206032],[14.49835,47.206039],[14.498293,47.206033],[14.498243,47.206014],[14.498203,47.205986],[14.498181,47.20595],[14.498139,47.205957],[14.498065,47.205971],[14.497816,47.206019],[14.497473,47.206085],[14.49714,47.206144],[14.496591,47.206231],[14.496113,47.206317],[14.495849,47.206375],[14.495323,47.206512],[14.495149,47.206545],[14.494991,47.206551],[14.494943,47.20655],[14.494875,47.206548],[14.494837,47.206547],[14.494813,47.206594],[14.49477,47.206636],[14.494713,47.206668],[14.494645,47.206689],[14.494572,47.206696],[14.494499,47.20669],[14.494431,47.206671],[14.494373,47.20664],[14.494259,47.206645],[14.49397,47.206718],[14.493558,47.206786],[14.492979,47.206846],[14.492657,47.206878],[14.491977,47.206927],[14.491707,47.206953],[14.491245,47.206999],[14.491201,47.207001],[14.491011,47.207003],[14.490393,47.207125],[14.489687,47.207282],[14.489303,47.207378],[14.488908,47.207454],[14.488545,47.207504],[14.488149,47.207546],[14.487925,47.20756],[14.487725,47.207564],[14.487539,47.207568],[14.48714,47.20755],[14.486768,47.207548],[14.486649,47.207545],[14.486258,47.207566],[14.485877,47.207623],[14.485525,47.207696],[14.484905,47.207859],[14.484117,47.208066],[14.482294,47.208447],[14.481739,47.208578],[14.479913,47.209099],[14.479526,47.209209],[14.4792,47.209299],[14.478899,47.209383],[14.478571,47.20948],[14.476721,47.210028],[14.475389,47.21041],[14.474926,47.210526],[14.474514,47.210612],[14.474024,47.210688],[14.473569,47.210734],[14.473,47.210763],[14.472413,47.210758],[14.472018,47.210734],[14.471552,47.210688],[14.470809,47.210607],[14.469865,47.210504],[14.468425,47.210344],[14.466085,47.210079],[14.464583,47.209914],[14.463903,47.209831],[14.463473,47.209772],[14.462892,47.209665],[14.462289,47.209527],[14.461798,47.20939],[14.461468,47.209286],[14.460999,47.209114],[14.460428,47.208877],[14.459984,47.208677],[14.458498,47.207963],[14.457889,47.207671],[14.457349,47.207419],[14.456956,47.207231],[14.456102,47.206821],[14.455763,47.206657],[14.455404,47.206447],[14.455026,47.206195],[14.454856,47.206061],[14.454551,47.205797],[14.453142,47.204501],[14.452982,47.204365],[14.452831,47.204243],[14.45269,47.204146],[14.452498,47.204027],[14.452356,47.203946],[14.451877,47.203698],[14.451723,47.203608],[14.451544,47.203497],[14.451352,47.203363],[14.45119,47.203229],[14.451019,47.20307],[14.45088,47.202927],[14.450651,47.202681],[14.450456,47.202474],[14.450211,47.202223],[14.449553,47.201629],[14.44924,47.201339],[14.448853,47.200968],[14.448385,47.200506],[14.448222,47.200347],[14.448024,47.200157],[14.447583,47.199752],[14.447311,47.199518],[14.446463,47.198768],[14.446245,47.198565],[14.44594,47.198261],[14.445065,47.197471],[14.444335,47.196874],[14.443769,47.196429],[14.443244,47.196052],[14.442454,47.195504],[14.442105,47.195252],[14.44178,47.19501],[14.441536,47.194814],[14.441208,47.194529],[14.440783,47.194146],[14.440589,47.193974],[14.440298,47.193727],[14.439806,47.193348],[14.439261,47.192951],[14.438435,47.19235],[14.438032,47.192033],[14.437664,47.191712],[14.437334,47.191403],[14.43696,47.191014],[14.436664,47.190658],[14.436323,47.190236],[14.435866,47.189627],[14.435444,47.189006],[14.434931,47.188244],[14.434688,47.187809],[14.434507,47.187416],[14.434406,47.187124],[14.434152,47.186239],[14.434022,47.185881],[14.433889,47.185594],[14.433135,47.184345],[14.433018,47.184117],[14.432891,47.183825],[14.432732,47.1834],[14.432658,47.183243],[14.432529,47.183008],[14.432397,47.182788],[14.432344,47.182633],[14.432175,47.182385],[14.432035,47.182214],[14.431895,47.18207],[14.431753,47.181935],[14.431632,47.18183],[14.431493,47.181726],[14.431178,47.181521],[14.430793,47.181275],[14.430467,47.181081],[14.429922,47.180745],[14.42957,47.180498],[14.429385,47.180355],[14.429163,47.180171],[14.428934,47.179956],[14.428697,47.179705],[14.42849,47.179438],[14.428326,47.179178],[14.428182,47.178911],[14.428096,47.178728],[14.428,47.178459],[14.427951,47.178275],[14.427922,47.178122],[14.427906,47.177998],[14.427907,47.177823],[14.427934,47.177543],[14.428214,47.175738],[14.42828,47.175486],[14.428344,47.175279],[14.428554,47.174747],[14.428785,47.1742],[14.428846,47.174055],[14.428946,47.173802],[14.429062,47.173532],[14.429181,47.173135],[14.429285,47.172589],[14.429383,47.171629],[14.429451,47.170968],[14.429458,47.170867],[14.429458,47.170632],[14.429416,47.169791],[14.429363,47.169346],[14.429281,47.168862],[14.429242,47.168675],[14.429198,47.168498],[14.429179,47.168423],[14.429163,47.168367],[14.429128,47.168239],[14.428925,47.167618],[14.428742,47.167175],[14.428542,47.166731],[14.42819,47.166088],[14.427775,47.165445],[14.427274,47.164777],[14.426657,47.164041],[14.426246,47.163603],[14.425691,47.163069],[14.425206,47.162642],[14.425148,47.162592],[14.424535,47.162044],[14.42384,47.161426],[14.42344,47.161042],[14.423095,47.160673],[14.42276,47.160256],[14.422529,47.159938],[14.422098,47.159258],[14.421768,47.158753],[14.421455,47.158318],[14.421079,47.157911],[14.420772,47.157658],[14.420524,47.157464],[14.420299,47.157313],[14.420044,47.157162],[14.419701,47.156967],[14.419511,47.156863],[14.418898,47.15656],[14.418455,47.156346],[14.418113,47.156177],[14.417814,47.156019],[14.417474,47.155818],[14.417213,47.155634],[14.417089,47.155548],[14.416776,47.155304],[14.416582,47.15513],[14.416405,47.154949],[14.416021,47.154512],[14.415687,47.154094],[14.415393,47.153761],[14.415262,47.153608],[14.415145,47.153476],[14.414954,47.153277],[14.414804,47.153119],[14.414606,47.152937],[14.414511,47.15286],[14.414257,47.152663],[14.414116,47.152569],[14.413889,47.152417],[14.413646,47.152265],[14.413452,47.152157],[14.413335,47.152088],[14.413113,47.151958],[14.412882,47.151791],[14.412854,47.151773],[14.412739,47.151703],[14.412625,47.151631],[14.412595,47.15161],[14.412513,47.151553],[14.412417,47.151473],[14.412345,47.151406],[14.412289,47.151346],[14.412239,47.151284],[14.412183,47.151197],[14.412152,47.151116],[14.412135,47.151052],[14.412122,47.15097],[14.412115,47.150868],[14.412124,47.150761],[14.412151,47.15064],[14.412167,47.150591],[14.412199,47.150491],[14.412231,47.150401],[14.412252,47.150345],[14.412322,47.150151],[14.412409,47.149959],[14.412459,47.149871],[14.412567,47.14972],[14.412667,47.149612],[14.412778,47.149509],[14.412908,47.149404],[14.413023,47.149328],[14.413165,47.149239],[14.41343,47.149078],[14.413558,47.149],[14.414448,47.148455],[14.414722,47.148275],[14.414918,47.148133],[14.415172,47.147933],[14.415376,47.147763],[14.415571,47.147579],[14.415806,47.147322],[14.416068,47.147003],[14.416223,47.146773],[14.416369,47.146532],[14.41648,47.14632],[14.416585,47.146099],[14.41662,47.146012],[14.416639,47.145963],[14.416666,47.14589],[14.416766,47.145634],[14.416865,47.14537],[14.417079,47.144797],[14.41713,47.144657],[14.417195,47.144469],[14.417273,47.144243],[14.417346,47.144029],[14.417477,47.143679],[14.417495,47.14363],[14.417501,47.143615],[14.417601,47.143367],[14.417682,47.143192],[14.417764,47.143071],[14.417859,47.142959],[14.417979,47.142839],[14.418096,47.142747],[14.418253,47.142649],[14.418437,47.142561],[14.41863,47.142485],[14.418949,47.142388],[14.419191,47.142332],[14.419373,47.142286],[14.420112,47.142141],[14.420463,47.14206],[14.420806,47.141946],[14.420967,47.141885],[14.421385,47.141687],[14.421673,47.141515],[14.42211,47.141221],[14.422274,47.141105],[14.422993,47.140596],[14.423363,47.140357],[14.423552,47.140246],[14.423817,47.140116],[14.424239,47.139939],[14.42484,47.139722],[14.42514,47.139621],[14.425473,47.139516],[14.425666,47.139462],[14.425909,47.139402],[14.426086,47.139367],[14.426349,47.139316],[14.426381,47.139309],[14.426997,47.139195],[14.427337,47.139125],[14.427486,47.139094],[14.427854,47.139017],[14.428115,47.138955],[14.428325,47.138897],[14.428499,47.138841],[14.428763,47.138738],[14.429345,47.138478],[14.429997,47.138165],[14.43037,47.137994],[14.431487,47.137476],[14.432021,47.137221],[14.432396,47.137008],[14.432601,47.136875],[14.432785,47.136737],[14.433001,47.136533],[14.433127,47.136398],[14.433422,47.136006],[14.433769,47.13554],[14.434338,47.134772],[14.434821,47.13412],[14.435072,47.133713],[14.435279,47.133306],[14.435568,47.132718],[14.4359,47.132038],[14.436124,47.131576],[14.436336,47.131142],[14.436519,47.130709],[14.436673,47.130326],[14.436941,47.129674],[14.437169,47.129223],[14.437304,47.128993],[14.437464,47.128756],[14.437624,47.128547],[14.437862,47.128269],[14.438072,47.128046],[14.4383,47.127832],[14.438539,47.127619],[14.438651,47.127519],[14.439109,47.12715],[14.439302,47.12702],[14.439379,47.126974],[14.439522,47.126902],[14.439749,47.126809],[14.440016,47.126721],[14.440388,47.126615],[14.440674,47.126519],[14.440872,47.12644],[14.441031,47.126358],[14.44118,47.126261],[14.441304,47.126173],[14.441414,47.126068],[14.441516,47.12595],[14.4416,47.125827],[14.441675,47.125684],[14.441723,47.125533],[14.44181,47.125194],[14.441899,47.124802],[14.441962,47.124613],[14.442048,47.124415],[14.442182,47.124207],[14.442361,47.123997],[14.442502,47.12387],[14.442666,47.123748],[14.44286,47.123621],[14.443079,47.123494],[14.443312,47.123388],[14.443572,47.123294],[14.443868,47.123216],[14.444521,47.123074],[14.445202,47.122917],[14.445552,47.122826],[14.445779,47.12275],[14.445959,47.122675],[14.44612,47.122596],[14.446269,47.122512],[14.446421,47.12241],[14.446583,47.122278],[14.446753,47.122103],[14.447065,47.121708],[14.447336,47.121364],[14.447664,47.120961],[14.447903,47.120699],[14.448172,47.120441],[14.448451,47.120187],[14.448751,47.119946],[14.4494,47.119468],[14.449444,47.119434],[14.449941,47.119049],[14.450032,47.118971],[14.451061,47.118087],[14.451573,47.117642],[14.452163,47.11714],[14.453253,47.116268],[14.453678,47.11592],[14.454006,47.115637],[14.454456,47.11528],[14.454536,47.115216],[14.45518,47.11472],[14.455308,47.114622],[14.456591,47.113628],[14.45688,47.113403],[14.45699,47.113306],[14.457109,47.11319],[14.457215,47.113067],[14.4573,47.112948],[14.457408,47.112768],[14.457495,47.112588],[14.457568,47.112335],[14.457638,47.112041],[14.457698,47.111732],[14.457753,47.111419],[14.45778,47.111116],[14.457789,47.110855],[14.457779,47.110595],[14.457762,47.110359],[14.457727,47.110108],[14.457638,47.10962],[14.457557,47.109162],[14.45754,47.109086],[14.457392,47.108394],[14.457372,47.108316],[14.457362,47.108275],[14.457347,47.108214],[14.457323,47.108104],[14.457208,47.107757],[14.457169,47.107637],[14.457107,47.107435],[14.456986,47.106965],[14.456982,47.106951],[14.456687,47.105949],[14.45657,47.105549],[14.456346,47.104787],[14.456295,47.104589],[14.456147,47.104016],[14.456078,47.103701],[14.456029,47.103373],[14.456016,47.103255],[14.455933,47.102487],[14.455892,47.102231],[14.455847,47.102073],[14.455784,47.101914],[14.455658,47.10168],[14.455539,47.101497],[14.455391,47.101316],[14.455214,47.101115],[14.454564,47.100406],[14.454507,47.100344],[14.453428,47.099169],[14.453069,47.098798],[14.452886,47.098639],[14.452742,47.098526],[14.452334,47.098237],[14.450619,47.097109],[14.450452,47.096992],[14.450311,47.096887],[14.450089,47.096695],[14.449895,47.096482],[14.449798,47.096359],[14.449713,47.096243],[14.449563,47.096005],[14.449431,47.095724],[14.44926,47.095261],[14.449179,47.095109],[14.449091,47.094998],[14.448967,47.094877],[14.448768,47.094735],[14.448522,47.094615],[14.448269,47.094523],[14.447992,47.094443],[14.446945,47.094157],[14.445912,47.093875],[14.445446,47.093748],[14.443126,47.093121],[14.442991,47.093083],[14.442781,47.093024],[14.442421,47.092898],[14.442137,47.092776],[14.441891,47.092658],[14.441659,47.092527],[14.441392,47.092371],[14.441231,47.092268],[14.440856,47.092022],[14.440555,47.091803],[14.440256,47.091575],[14.439758,47.091178],[14.439422,47.09092],[14.439242,47.090797],[14.439068,47.090692],[14.438941,47.090626],[14.438803,47.090567],[14.438617,47.0905],[14.438425,47.090446],[14.438228,47.090401],[14.437978,47.090367],[14.437799,47.090354],[14.437579,47.090345],[14.437353,47.090351],[14.437085,47.09038],[14.436875,47.090419],[14.436697,47.090461],[14.436252,47.090587],[14.435629,47.090766],[14.435336,47.090866],[14.435109,47.09096],[14.434783,47.091113],[14.434465,47.091264],[14.434256,47.091341],[14.434125,47.091378],[14.433947,47.091415],[14.433791,47.091432],[14.433633,47.091435],[14.433463,47.091423],[14.433293,47.091399],[14.433043,47.091321],[14.432851,47.09123],[14.432658,47.091093],[14.432425,47.090871],[14.432293,47.090744],[14.432109,47.090567],[14.432005,47.090466],[14.431984,47.090445],[14.431888,47.090352],[14.431871,47.090334],[14.431797,47.090263],[14.431459,47.089874],[14.431219,47.089569],[14.431116,47.089457],[14.431014,47.089364],[14.43081,47.089205],[14.430352,47.088929],[14.429537,47.088464],[14.429117,47.088203],[14.428961,47.088083],[14.428833,47.087951],[14.428747,47.087817],[14.428702,47.087707],[14.42867,47.087589],[14.428651,47.087453],[14.428666,47.087316],[14.428753,47.087043],[14.429139,47.086107],[14.429215,47.085915],[14.429305,47.085681],[14.429354,47.085501],[14.429508,47.084573],[14.42952,47.084433],[14.429512,47.084306],[14.429482,47.084182],[14.429434,47.084057],[14.429356,47.083935],[14.428895,47.083365],[14.42869,47.083044],[14.428541,47.082769],[14.428479,47.08267],[14.428434,47.082601],[14.428369,47.082532],[14.428268,47.082448],[14.428164,47.082383],[14.427987,47.082295],[14.427463,47.082079],[14.427319,47.082006],[14.42714,47.081898],[14.426978,47.08178],[14.426591,47.081402],[14.42653,47.081341],[14.426327,47.081149],[14.42605,47.080877],[14.425889,47.08064],[14.425829,47.080526],[14.425664,47.080211],[14.425601,47.080109],[14.425456,47.079867],[14.425373,47.079753],[14.425343,47.079707],[14.425184,47.079484],[14.42505,47.079301],[14.425024,47.079265],[14.424858,47.079028],[14.424757,47.078888],[14.4247,47.078807],[14.424542,47.078583],[14.424324,47.07827],[14.424243,47.078153],[14.424184,47.077997],[14.424165,47.07793],[14.424159,47.077856],[14.42416,47.07775],[14.424169,47.077692],[14.424184,47.077634],[14.424249,47.077472],[14.424308,47.077363],[14.424399,47.077161],[14.424551,47.076824],[14.424805,47.076279],[14.424883,47.07611],[14.425007,47.075843],[14.425177,47.075478],[14.425355,47.075096],[14.425517,47.074746],[14.42562,47.0745],[14.425679,47.074344],[14.425836,47.073877],[14.425924,47.073618],[14.425984,47.073477],[14.426094,47.073239],[14.426209,47.073018],[14.426479,47.07255],[14.426579,47.072385],[14.426643,47.072279],[14.426943,47.071782],[14.426979,47.071723],[14.427024,47.071648],[14.427062,47.071588],[14.427154,47.071441],[14.427177,47.071405],[14.427347,47.071137],[14.427505,47.070884],[14.427554,47.070796],[14.427584,47.07074],[14.427656,47.070612],[14.427808,47.070317],[14.427982,47.069966],[14.428128,47.069689],[14.428233,47.069515],[14.428321,47.069398],[14.42841,47.069289],[14.428482,47.069207],[14.428556,47.069128],[14.429298,47.068453],[14.429363,47.068392],[14.429477,47.068284],[14.429624,47.068119],[14.429761,47.067936],[14.429842,47.067809],[14.429882,47.067747],[14.429993,47.067538],[14.430033,47.067458],[14.430072,47.067364],[14.430076,47.067354],[14.430123,47.067234],[14.430135,47.067193],[14.430188,47.06701],[14.430199,47.066971],[14.43022,47.066879],[14.430246,47.066771],[14.430277,47.06663],[14.43035,47.066292],[14.430422,47.066035],[14.430663,47.065485],[14.430718,47.065361],[14.430933,47.064865],[14.43115,47.064285],[14.431179,47.064198],[14.431185,47.06418],[14.43122,47.064076],[14.431242,47.063981],[14.431246,47.063964],[14.431249,47.063951],[14.431279,47.063822],[14.431296,47.063674],[14.431303,47.063177],[14.431337,47.062819],[14.431365,47.062645],[14.431367,47.062626],[14.431422,47.062384],[14.431424,47.062372],[14.431452,47.062271],[14.431492,47.062125],[14.431563,47.061892],[14.431574,47.061855],[14.431585,47.061819],[14.431702,47.061499],[14.43184,47.061118],[14.431911,47.060924],[14.431967,47.060773],[14.432054,47.060492],[14.432161,47.060123],[14.432279,47.059759],[14.432489,47.059163],[14.432683,47.058613],[14.432911,47.057912],[14.432998,47.057592],[14.433069,47.057236],[14.433112,47.056981],[14.433145,47.056603],[14.433196,47.056011],[14.43323,47.05559],[14.433253,47.05527],[14.433254,47.05524],[14.433263,47.055076],[14.433266,47.055025],[14.433275,47.054787],[14.433255,47.054134],[14.433197,47.053375],[14.433194,47.053338],[14.433189,47.053272],[14.433184,47.053204],[14.433135,47.053136],[14.433059,47.052681],[14.432992,47.05219],[14.432926,47.051952],[14.432848,47.051744],[14.432525,47.051189],[14.432058,47.050339],[14.432041,47.050221],[14.432035,47.050051],[14.432039,47.049971],[14.432059,47.04989],[14.432136,47.049746],[14.432222,47.049608],[14.432306,47.049475],[14.432349,47.049409],[14.432494,47.049188],[14.432546,47.048973],[14.432563,47.048857],[14.43258,47.048747],[14.432589,47.048504],[14.432565,47.048111],[14.432563,47.047903],[14.432552,47.047545],[14.432552,47.047373],[14.432527,47.04722],[14.432451,47.046992],[14.432338,47.046825],[14.432245,47.046723],[14.432124,47.046634],[14.431933,47.046525],[14.431672,47.046464],[14.431499,47.046453],[14.431065,47.046455],[14.430843,47.046425],[14.430649,47.046379],[14.430437,47.046312],[14.430226,47.046201],[14.430085,47.046089],[14.429866,47.045899],[14.429527,47.045558],[14.429439,47.045492],[14.42934,47.045446],[14.429238,47.045419],[14.429125,47.045405],[14.428988,47.045397],[14.428398,47.045382],[14.428208,47.045369],[14.427956,47.045334],[14.427715,47.045289],[14.427277,47.045168],[14.427098,47.045072],[14.426944,47.044952],[14.426809,47.044812],[14.426581,47.044491],[14.42628,47.044002],[14.425984,47.043466],[14.425879,47.043265],[14.425798,47.043093],[14.425737,47.042944],[14.425718,47.042805],[14.425718,47.042651],[14.425768,47.042462],[14.42625,47.041417],[14.426287,47.041323],[14.4263,47.041219],[14.426311,47.041019],[14.426338,47.040841],[14.426395,47.040649],[14.426487,47.040451],[14.426599,47.040263],[14.426817,47.039898],[14.426916,47.039729],[14.426994,47.039587],[14.427066,47.039424],[14.427106,47.039268],[14.427135,47.039107],[14.427127,47.038948],[14.427065,47.038753],[14.427019,47.03867],[14.426988,47.038627],[14.426904,47.038522],[14.426727,47.038371],[14.426626,47.03831],[14.426532,47.038257],[14.426291,47.038142],[14.425736,47.037949],[14.425493,47.037879],[14.424788,47.037635],[14.423999,47.037363],[14.423234,47.03704],[14.422747,47.0368],[14.421016,47.035889],[14.420736,47.035743],[14.420043,47.035373],[14.419186,47.034908],[14.418764,47.034664],[14.418435,47.034453],[14.418058,47.034165],[14.417979,47.034096],[14.417912,47.034034],[14.417694,47.03381],[14.417518,47.033609],[14.417364,47.033409],[14.417254,47.033247],[14.417106,47.032995],[14.416764,47.03232],[14.416593,47.031986],[14.416437,47.031639],[14.416336,47.031389],[14.416252,47.031105],[14.416198,47.030817],[14.416166,47.030466],[14.416174,47.030229],[14.41623,47.029816],[14.416346,47.029414],[14.416524,47.029041],[14.416748,47.028665],[14.417319,47.027881],[14.417453,47.027661],[14.417575,47.027423],[14.417673,47.02719],[14.417755,47.02694],[14.417825,47.026614],[14.417855,47.02626],[14.417843,47.025911],[14.417778,47.02554],[14.417651,47.025135],[14.417488,47.024763],[14.417261,47.024414],[14.416991,47.024065],[14.416415,47.02332],[14.415813,47.022566],[14.415526,47.022089],[14.415043,47.021026],[14.414934,47.020825],[14.414816,47.020633],[14.414665,47.020416],[14.414479,47.020194],[14.414212,47.019919],[14.413974,47.019712],[14.413722,47.019515],[14.413409,47.019306],[14.413077,47.019111],[14.412687,47.018904],[14.412454,47.018776],[14.41229,47.018681],[14.412167,47.018611],[14.411994,47.018506],[14.411948,47.018475],[14.411633,47.018248],[14.411487,47.018136],[14.411325,47.018],[14.41112,47.017818],[14.411006,47.01771],[14.410795,47.017525],[14.41056,47.017336],[14.410281,47.017138],[14.409996,47.016941],[14.409653,47.016685],[14.409455,47.016525],[14.409216,47.016309],[14.408995,47.016082],[14.408341,47.015243],[14.407881,47.014693],[14.407545,47.014311],[14.406868,47.013575],[14.406691,47.013369],[14.40656,47.013193],[14.406437,47.013015],[14.406314,47.012787],[14.406209,47.012571],[14.40612,47.012345],[14.405952,47.011816],[14.405886,47.011625],[14.405821,47.011477],[14.405665,47.011208],[14.40551,47.010987],[14.405396,47.010843],[14.405253,47.010698],[14.405019,47.010484],[14.404764,47.010286],[14.404455,47.010087],[14.404116,47.009909],[14.403733,47.009744],[14.403339,47.009603],[14.402996,47.009506],[14.402394,47.009363],[14.402298,47.009342],[14.402248,47.009331],[14.401798,47.009222],[14.401626,47.009173],[14.40144,47.009115],[14.401256,47.00905],[14.401057,47.008966],[14.400815,47.008849],[14.400609,47.008725],[14.400441,47.008605],[14.400269,47.008469],[14.400114,47.008317],[14.399973,47.00816],[14.399843,47.007972],[14.399743,47.007789],[14.399671,47.007613],[14.399605,47.007393],[14.39953,47.006937],[14.39947,47.006649],[14.399407,47.006414],[14.399319,47.006179],[14.399193,47.00594],[14.399036,47.005697],[14.39877,47.005379],[14.398446,47.005083],[14.398127,47.004829],[14.397786,47.004588],[14.397522,47.004393],[14.397271,47.004182],[14.397079,47.003998],[14.39695,47.003843],[14.396876,47.003746],[14.396692,47.003447],[14.396456,47.003078],[14.396342,47.002929],[14.396207,47.002773],[14.396052,47.00262],[14.395814,47.002413],[14.395721,47.002343],[14.3956,47.002253],[14.395441,47.002145],[14.395277,47.002048],[14.394981,47.001895],[14.394761,47.001782],[14.39448,47.001621],[14.394283,47.001494],[14.394147,47.001386],[14.393982,47.001224],[14.393846,47.001077],[14.39344,47.000495],[14.392822,46.999652],[14.392185,46.998817],[14.392056,46.998617],[14.391926,46.998368],[14.391837,46.998102],[14.391773,46.997882],[14.391691,46.997496],[14.391659,46.997347],[14.391644,46.997275],[14.39153,46.996724],[14.391472,46.99645],[14.391412,46.996183],[14.391388,46.996068],[14.391324,46.99583],[14.391273,46.995679],[14.391183,46.995475],[14.391119,46.99532],[14.391061,46.995186],[14.390959,46.994933],[14.390887,46.994754],[14.390833,46.994621],[14.390736,46.994378],[14.390631,46.994112],[14.390071,46.992457],[14.390054,46.992407],[14.390032,46.992341],[14.389893,46.991895],[14.389831,46.991599],[14.3898,46.991403],[14.389778,46.991211],[14.389766,46.991052],[14.389756,46.990765],[14.389763,46.990591],[14.389769,46.990441],[14.389793,46.990162],[14.3898,46.990082],[14.38983,46.989853],[14.389874,46.989654],[14.389913,46.989496],[14.389964,46.989294],[14.390259,46.988408],[14.390322,46.988171],[14.390335,46.988094],[14.390366,46.987841],[14.390377,46.987749],[14.390474,46.987172],[14.390547,46.986734],[14.390742,46.985644],[14.391064,46.983832],[14.391256,46.982818],[14.391388,46.982101],[14.391425,46.981906],[14.391575,46.981099],[14.391582,46.981062],[14.391681,46.980598],[14.391713,46.980434],[14.391758,46.980214],[14.39178,46.980106],[14.391905,46.979528],[14.39206,46.978838],[14.392229,46.978128],[14.392533,46.976948],[14.392781,46.976102],[14.392999,46.975443],[14.393219,46.974796],[14.393279,46.974621],[14.393385,46.974336],[14.393474,46.974096],[14.393543,46.973925],[14.39367,46.973606],[14.3938,46.973313],[14.394017,46.972836],[14.394334,46.972212],[14.394493,46.971896],[14.394643,46.971628],[14.394779,46.971384],[14.39499,46.971006],[14.395173,46.970697],[14.395664,46.969933],[14.396209,46.969175],[14.396714,46.968535],[14.397247,46.96791],[14.397471,46.967665],[14.397738,46.967383],[14.398365,46.966768],[14.398398,46.966734],[14.398876,46.966301],[14.399291,46.965943],[14.399712,46.965594],[14.400386,46.965091],[14.400845,46.964765],[14.401211,46.964525],[14.401794,46.964159],[14.402534,46.963728],[14.403045,46.963428],[14.403512,46.963154],[14.403981,46.962869],[14.404247,46.962704],[14.404847,46.962315],[14.405551,46.961835],[14.406219,46.961346],[14.406584,46.961067],[14.406969,46.960769],[14.407643,46.960204],[14.407942,46.959945],[14.408227,46.959686],[14.408521,46.959415],[14.408818,46.959133],[14.40937,46.958582],[14.409923,46.95801],[14.411741,46.956043],[14.412048,46.955727],[14.4123,46.955476],[14.412697,46.9551],[14.41333,46.954539],[14.413609,46.954303],[14.413997,46.953988],[14.414409,46.953671],[14.414696,46.953463],[14.414878,46.953334],[14.416279,46.952373],[14.416613,46.952145],[14.417029,46.951863],[14.417442,46.951574],[14.417916,46.951236],[14.418205,46.951019],[14.418312,46.950941],[14.418778,46.950564],[14.419137,46.950257],[14.419342,46.950076],[14.419688,46.949753],[14.420038,46.949409],[14.420287,46.949145],[14.420524,46.948882],[14.420879,46.94846],[14.421247,46.947981],[14.42151,46.947604],[14.421771,46.947201],[14.422043,46.946736],[14.422318,46.946199],[14.422553,46.945679],[14.42276,46.945155],[14.423013,46.944426],[14.423247,46.94369],[14.423702,46.942216],[14.423802,46.941898],[14.424169,46.940729],[14.42435,46.940137],[14.424531,46.939571],[14.424536,46.939553],[14.424624,46.939272],[14.424716,46.93898],[14.424917,46.938326],[14.425257,46.937222],[14.425708,46.935787],[14.426952,46.931749],[14.428151,46.9277],[14.42864,46.925944],[14.429124,46.924164],[14.429682,46.922141],[14.429793,46.921839],[14.429857,46.921687],[14.429996,46.921409],[14.43014,46.921157],[14.430299,46.920903],[14.430549,46.920574],[14.430844,46.920232],[14.431001,46.920072],[14.431177,46.919903],[14.431564,46.919545],[14.43175,46.919385],[14.431999,46.919162],[14.434127,46.917287],[14.434697,46.916792],[14.435248,46.916287],[14.435702,46.915867],[14.436058,46.915459],[14.436224,46.915245],[14.436381,46.915021],[14.436579,46.914711],[14.436749,46.91438],[14.436844,46.914176],[14.436928,46.913965],[14.437023,46.91369],[14.437098,46.913422],[14.437151,46.913198],[14.437181,46.912993],[14.437209,46.9127],[14.437219,46.912365],[14.437217,46.912247],[14.437205,46.912024],[14.437175,46.911728],[14.43713,46.911417],[14.437038,46.910804],[14.43699,46.910442],[14.436964,46.910013],[14.43697,46.909472],[14.437006,46.90919],[14.437075,46.908766],[14.437244,46.908197],[14.437346,46.907926],[14.437438,46.907705],[14.437502,46.907567],[14.437582,46.907386],[14.438017,46.906497],[14.438431,46.905642],[14.438505,46.905488],[14.438846,46.904752],[14.438933,46.904543],[14.439019,46.904306],[14.439113,46.904018],[14.439162,46.903833],[14.439207,46.903638],[14.439224,46.903555],[14.439351,46.90279],[14.439378,46.902624],[14.43941,46.902444],[14.439443,46.902278],[14.439486,46.902072],[14.439525,46.901934],[14.439573,46.901779],[14.439635,46.901621],[14.43971,46.901451],[14.439758,46.901342],[14.439809,46.901239],[14.439892,46.901083],[14.440001,46.900902],[14.440109,46.900747],[14.440257,46.900566],[14.440379,46.900425],[14.440533,46.900261],[14.440725,46.900078],[14.440888,46.899939],[14.441225,46.899684],[14.441715,46.899312],[14.441819,46.899236],[14.441971,46.899102],[14.442058,46.899022],[14.442331,46.898743],[14.442641,46.898409],[14.442826,46.898194],[14.442894,46.898094],[14.443152,46.897636],[14.443484,46.897218],[14.443952,46.896645],[14.444685,46.895744],[14.444874,46.895511],[14.445083,46.895254],[14.445331,46.894944],[14.445494,46.894701],[14.445549,46.894591],[14.445585,46.894494],[14.445615,46.894394],[14.445632,46.894281],[14.445634,46.894179],[14.445619,46.894054],[14.445572,46.893939],[14.445506,46.893827],[14.445426,46.893723],[14.445359,46.893655],[14.445244,46.893557],[14.445106,46.893465],[14.445002,46.893404],[14.443965,46.893012],[14.443533,46.892812],[14.443391,46.89274],[14.442929,46.892491],[14.442672,46.892324],[14.441844,46.891747],[14.441257,46.891333],[14.44068,46.890926],[14.44036,46.890677],[14.440296,46.89063],[14.440076,46.890442],[14.439912,46.890289],[14.43982,46.890185],[14.439665,46.889952],[14.439616,46.889875],[14.439499,46.889689],[14.439418,46.889477],[14.439351,46.889161],[14.439338,46.888997],[14.439352,46.888809],[14.439373,46.888673],[14.439404,46.888523],[14.439429,46.888453],[14.439491,46.888298],[14.439569,46.888151],[14.439655,46.888005],[14.439703,46.887943],[14.439903,46.887696],[14.440089,46.887487],[14.44016,46.88741],[14.44071,46.886915],[14.441072,46.886654],[14.441439,46.886443],[14.441835,46.886258],[14.442364,46.886038],[14.442928,46.885727],[14.443131,46.885577],[14.443361,46.88539],[14.443579,46.88517],[14.443694,46.885037],[14.443806,46.884905],[14.444484,46.884069],[14.44507,46.883357],[14.445397,46.882981],[14.445669,46.882707],[14.445974,46.88244],[14.446605,46.881981],[14.448663,46.880629],[14.449063,46.88036],[14.44926,46.880208],[14.449568,46.879949],[14.449854,46.879663],[14.450083,46.879406],[14.450288,46.879139],[14.450445,46.878889],[14.450591,46.878637],[14.450642,46.87854],[14.450783,46.878226],[14.45089,46.877912],[14.450995,46.877514],[14.451045,46.877271],[14.451088,46.876924],[14.451107,46.876466],[14.451099,46.876227],[14.451081,46.876029],[14.45104,46.875744],[14.45099,46.875525],[14.450976,46.875464],[14.450794,46.874833],[14.450533,46.87419],[14.449809,46.872518],[14.449681,46.872213],[14.449515,46.871792],[14.449515,46.871792],[14.449253,46.871065],[14.449064,46.870465],[14.448919,46.869835],[14.448824,46.869287],[14.448783,46.868841],[14.448758,46.868386],[14.44875,46.867798],[14.448758,46.867605],[14.448774,46.867299],[14.448821,46.866856],[14.448871,46.86652],[14.448926,46.866163],[14.449003,46.865761],[14.449055,46.865524],[14.449075,46.865443],[14.449355,46.864187],[14.449486,46.863563],[14.449568,46.863136],[14.449634,46.862701],[14.449694,46.8619],[14.449701,46.861631],[14.449695,46.861417],[14.449689,46.861252],[14.449685,46.861156],[14.449653,46.860837],[14.449616,46.860532],[14.449443,46.859679],[14.448955,46.857911],[14.448618,46.856482],[14.448447,46.855421],[14.448346,46.854488],[14.448217,46.851826],[14.448109,46.849115],[14.448039,46.847176],[14.447963,46.845581],[14.447946,46.845288],[14.447919,46.844965],[14.447884,46.844633],[14.44783,46.844174],[14.447756,46.843687],[14.447719,46.843462],[14.447661,46.843135],[14.447596,46.842807],[14.447508,46.842426],[14.447401,46.841973],[14.447184,46.841189],[14.447047,46.840754],[14.446926,46.8404],[14.446772,46.839978],[14.446736,46.839874],[14.446572,46.839445],[14.446265,46.838715],[14.445776,46.837649],[14.445556,46.837183],[14.44528,46.836672],[14.444798,46.835893],[14.444596,46.8356],[14.443999,46.834832],[14.44364,46.834404],[14.443567,46.834314],[14.442788,46.833382],[14.442587,46.833144],[14.442386,46.832888],[14.442371,46.832868],[14.442346,46.832835],[14.442191,46.832622],[14.442016,46.832374],[14.441848,46.832117],[14.441491,46.831463],[14.44139,46.831251],[14.441255,46.830932],[14.440981,46.830147],[14.440705,46.829304],[14.440551,46.828864],[14.440317,46.828254],[14.439916,46.827275],[14.439797,46.827003],[14.439484,46.826292],[14.43938,46.826042],[14.439219,46.825686],[14.438966,46.825124],[14.438605,46.824218],[14.438413,46.823711],[14.438236,46.823234],[14.43803,46.822777],[14.437812,46.822386],[14.437577,46.82207],[14.437316,46.821768],[14.437028,46.821478],[14.436778,46.821272],[14.436302,46.820929],[14.436089,46.820787],[14.436007,46.820732],[14.43567,46.820519],[14.435305,46.820285],[14.434526,46.81979],[14.433723,46.819275],[14.433257,46.818957],[14.432862,46.818642],[14.432544,46.818295],[14.432272,46.817953],[14.432071,46.817642],[14.431986,46.817494],[14.431941,46.817415],[14.431752,46.817084],[14.431612,46.816845],[14.431483,46.816631],[14.431299,46.81638],[14.431198,46.816249],[14.430973,46.816012],[14.43081,46.815855],[14.430645,46.815705],[14.430397,46.815516],[14.430148,46.815346],[14.429947,46.815221],[14.429724,46.815094],[14.429371,46.814915],[14.428936,46.814703],[14.428502,46.814502],[14.428083,46.814289],[14.427718,46.814065],[14.427384,46.813833],[14.42714,46.813647],[14.426908,46.813452],[14.426064,46.812729],[14.425469,46.812242],[14.4252,46.812045],[14.42498,46.811894],[14.424586,46.811646],[14.424307,46.811491],[14.424092,46.811371],[14.422853,46.810823],[14.419151,46.809228],[14.415903,46.80784],[14.414128,46.806991],[14.413538,46.806674],[14.413086,46.806422],[14.412862,46.806283],[14.412635,46.806141],[14.412339,46.80595],[14.411538,46.805437],[14.41109,46.805177],[14.410626,46.804927],[14.409717,46.804469],[14.40936,46.804302],[14.408199,46.803823],[14.407536,46.803575],[14.40715,46.803441],[14.405778,46.802978],[14.405134,46.802755],[14.404535,46.802534],[14.404021,46.802328],[14.403911,46.802284],[14.403866,46.802266],[14.403542,46.802135],[14.403471,46.802106],[14.403215,46.802006],[14.402419,46.801665],[14.402153,46.801558],[14.401901,46.801505],[14.401777,46.801466],[14.401661,46.801429],[14.401507,46.80138],[14.40127,46.801306],[14.401112,46.801259],[14.400859,46.801155],[14.400768,46.801133],[14.400345,46.801042],[14.399913,46.800957],[14.399785,46.800933],[14.399091,46.800819],[14.398258,46.800711],[14.397642,46.800608],[14.397171,46.80052],[14.396631,46.800397],[14.396092,46.800259],[14.395692,46.800139],[14.395255,46.799992],[14.395227,46.799983],[14.395001,46.799898],[14.394698,46.799769],[14.394376,46.799619],[14.394248,46.799553],[14.394111,46.799478],[14.393898,46.799352],[14.39371,46.799231],[14.393486,46.799073],[14.393246,46.798885],[14.39306,46.798725],[14.392929,46.798608],[14.392696,46.798372],[14.3925,46.798133],[14.392297,46.797871],[14.392185,46.797707],[14.392103,46.79759],[14.391928,46.797299],[14.391623,46.796742],[14.391328,46.796188],[14.391061,46.795729],[14.390767,46.795285],[14.390353,46.794748],[14.389995,46.794338],[14.389614,46.793947],[14.389349,46.793704],[14.389053,46.793437],[14.388654,46.793098],[14.388233,46.792736],[14.387996,46.792519],[14.387469,46.792011],[14.387311,46.791845],[14.387031,46.791521],[14.386913,46.791377],[14.386804,46.791239],[14.386692,46.791093],[14.386597,46.790954],[14.386495,46.790794],[14.386235,46.790361],[14.386117,46.790134],[14.386008,46.790006],[14.385904,46.789756],[14.385822,46.789523],[14.385748,46.78929],[14.385683,46.789073],[14.385619,46.788751],[14.385571,46.788416],[14.38555,46.788047],[14.385563,46.787675],[14.385593,46.78738],[14.385626,46.787087],[14.385734,46.785982],[14.385783,46.785492],[14.385806,46.785042],[14.385798,46.784603],[14.385775,46.784193],[14.385722,46.783821],[14.385631,46.783401],[14.38551,46.782988],[14.385366,46.782621],[14.385161,46.782175],[14.384937,46.781749],[14.384687,46.781346],[14.38441,46.780936],[14.382786,46.778681],[14.38255,46.778338],[14.382356,46.778024],[14.38226,46.777863],[14.382037,46.77747],[14.38182,46.777059],[14.381591,46.776558],[14.381468,46.776257],[14.381348,46.775938],[14.381255,46.775662],[14.381138,46.775295],[14.381032,46.77491],[14.380948,46.774578],[14.380844,46.774143],[14.380476,46.772203],[14.380257,46.770982],[14.380124,46.770193],[14.380067,46.769789],[14.380019,46.76939],[14.379977,46.769003],[14.379952,46.768526],[14.379953,46.768074],[14.379981,46.767625],[14.380045,46.767188],[14.380146,46.766824],[14.380407,46.765983],[14.380613,46.765418],[14.380807,46.764981],[14.381032,46.764541],[14.381296,46.764096],[14.381567,46.763685],[14.381808,46.763359],[14.382039,46.76306],[14.382297,46.762761],[14.382543,46.762491],[14.382885,46.762141],[14.383167,46.761873],[14.383491,46.761585],[14.383818,46.761312],[14.384233,46.76098],[14.38572,46.759842],[14.386132,46.759514],[14.386496,46.759208],[14.386791,46.758941],[14.38712,46.758617],[14.387382,46.758343],[14.387659,46.758016],[14.387947,46.757641],[14.388233,46.757226],[14.388493,46.756785],[14.388708,46.756366],[14.388873,46.755986],[14.389024,46.755565],[14.389141,46.75515],[14.38924,46.754718],[14.389291,46.754301],[14.389319,46.753885],[14.389325,46.75347],[14.389302,46.753061],[14.389247,46.752636],[14.389161,46.752188],[14.389047,46.751707],[14.388905,46.751217],[14.388477,46.749806],[14.3883,46.749201],[14.388074,46.748347],[14.38804,46.74822],[14.388014,46.748123],[14.38789,46.747605],[14.387795,46.747145],[14.387697,46.746564],[14.387613,46.745937],[14.387551,46.745257],[14.387516,46.744366],[14.387517,46.743816],[14.387561,46.742969],[14.387645,46.742105],[14.387724,46.741822],[14.387736,46.741452],[14.387724,46.74115],[14.387692,46.740839],[14.38762,46.740348],[14.387577,46.740117],[14.387521,46.739857],[14.387447,46.73959],[14.387369,46.739344],[14.387272,46.739072],[14.387132,46.738738],[14.387006,46.738465],[14.38687,46.738209],[14.386731,46.737966],[14.386562,46.737694],[14.386373,46.737412],[14.386229,46.737216],[14.385738,46.736598],[14.385032,46.735839],[14.383547,46.73436],[14.382829,46.733647],[14.382556,46.733366],[14.382345,46.73313],[14.382022,46.732752],[14.381675,46.732291],[14.381511,46.732065],[14.38129,46.731741],[14.381139,46.731495],[14.380925,46.731139],[14.380698,46.730731],[14.380634,46.730592],[14.380256,46.729731],[14.380018,46.729157],[14.379713,46.728336],[14.379311,46.727311],[14.379279,46.72723],[14.378974,46.726476],[14.37865,46.725738],[14.37825,46.724861],[14.377789,46.72394],[14.377289,46.723013],[14.376777,46.722134],[14.37642,46.721557],[14.375471,46.72011],[14.374627,46.718947],[14.373726,46.717804],[14.373685,46.717754],[14.373645,46.717705],[14.373258,46.717231],[14.372261,46.716102],[14.37098,46.714726],[14.370846,46.714591],[14.370534,46.714277],[14.36923,46.712983],[14.36793,46.711716],[14.365313,46.709188],[14.361419,46.705427],[14.359987,46.704039],[14.358625,46.702721],[14.356401,46.70057],[14.356359,46.700529],[14.356131,46.700319],[14.356102,46.700292],[14.355066,46.699318],[14.354955,46.699214],[14.354612,46.698891],[14.353078,46.697474],[14.352158,46.696643],[14.351487,46.696037],[14.350667,46.695296],[14.347657,46.692576],[14.345241,46.690403],[14.345098,46.69027],[14.343852,46.689146],[14.342079,46.687541],[14.339734,46.685428],[14.33922,46.684958],[14.33839,46.684234],[14.337941,46.683861],[14.337193,46.683259],[14.336514,46.682715],[14.335951,46.682284],[14.335262,46.681768],[14.334576,46.681271],[14.333881,46.680778],[14.333454,46.680475],[14.332872,46.68007],[14.332079,46.679513],[14.331412,46.679039],[14.331234,46.678913],[14.330996,46.67874],[14.330282,46.678217],[14.329377,46.677532],[14.328227,46.676616],[14.327047,46.675629],[14.326052,46.67477],[14.324854,46.673741],[14.323525,46.672594],[14.323248,46.672353],[14.322547,46.671739],[14.322225,46.671466],[14.321319,46.670702],[14.320774,46.670266],[14.320182,46.669822],[14.319637,46.669447],[14.319171,46.669136],[14.318616,46.668796],[14.318159,46.668531],[14.317628,46.668246],[14.317165,46.668008],[14.316724,46.6678],[14.31633,46.667626],[14.315781,46.667393],[14.315091,46.667131],[14.314464,46.66691],[14.313585,46.666623],[14.312714,46.666358],[14.312441,46.666278],[14.311883,46.666113],[14.311546,46.666014],[14.307081,46.664734],[14.30623,46.664538],[14.305378,46.664417],[14.304238,46.664299],[14.303319,46.664203],[14.302755,46.664121],[14.302143,46.664005],[14.301468,46.663834],[14.300834,46.663626],[14.300157,46.66335],[14.2991,46.662875],[14.296901,46.661859],[14.296244,46.661556],[14.295554,46.661227],[14.295446,46.661171],[14.295114,46.661001],[14.294779,46.660826],[14.294449,46.660646],[14.294132,46.660464],[14.293695,46.660194],[14.293329,46.659954],[14.293089,46.659797],[14.292863,46.659958],[14.29284,46.659974],[14.292556,46.660176],[14.292461,46.660238],[14.292365,46.660293],[14.292266,46.660339],[14.292173,46.660373],[14.292092,46.660394],[14.292,46.660409],[14.291902,46.660417],[14.2918,46.660418],[14.291697,46.660405],[14.291581,46.66038],[14.291487,46.660345],[14.291384,46.660295],[14.291274,46.660222],[14.290943,46.659949],[14.290864,46.6599],[14.290775,46.659857],[14.290678,46.659825],[14.290579,46.659806],[14.290471,46.659796],[14.290352,46.659796],[14.289572,46.659848],[14.289064,46.659839],[14.28883,46.659855],[14.288547,46.659868],[14.287855,46.659882],[14.287149,46.659847],[14.286439,46.659777],[14.285747,46.659669],[14.284937,46.659498],[14.284339,46.659337],[14.283612,46.659087],[14.283294,46.658959],[14.282946,46.658813],[14.281706,46.658175],[14.280406,46.657374],[14.279317,46.656592],[14.279075,46.65642],[14.277801,46.655586],[14.27679,46.655144],[14.275825,46.654801],[14.274714,46.65452],[14.273779,46.654344],[14.272412,46.654091],[14.271051,46.653817],[14.270016,46.653573],[14.268998,46.653291],[14.268055,46.653009],[14.267141,46.652699],[14.266757,46.652559],[14.26633,46.652403],[14.265947,46.652249],[14.265455,46.652051],[14.264661,46.651707],[14.26389,46.651343],[14.262856,46.650845],[14.262224,46.650567],[14.261682,46.650376],[14.261141,46.650229],[14.260665,46.650127],[14.260183,46.650053],[14.259964,46.650029],[14.259764,46.650005],[14.259322,46.649967],[14.258294,46.649908],[14.257504,46.649812],[14.256765,46.649679],[14.255687,46.649366],[14.255201,46.649146],[14.254719,46.648906],[14.254003,46.648438],[14.253688,46.64818],[14.253495,46.648023],[14.253154,46.647641],[14.252965,46.647407],[14.252774,46.647107],[14.252636,46.64687],[14.252518,46.646612],[14.252429,46.646392],[14.252356,46.646174],[14.252232,46.645717],[14.252149,46.645264],[14.252083,46.644626],[14.252064,46.644401],[14.25204,46.643946],[14.251963,46.64176],[14.251912,46.641151],[14.25181,46.640559],[14.25138,46.639345],[14.250811,46.6385],[14.250072,46.637715],[14.249192,46.637029],[14.24889,46.63685],[14.248552,46.636639],[14.246593,46.635594],[14.246105,46.635321],[14.245691,46.635082],[14.244799,46.63453],[14.24443,46.634288],[14.244146,46.634109],[14.243692,46.633811],[14.242602,46.633099],[14.242175,46.632921],[14.241974,46.63281],[14.241343,46.632519],[14.240753,46.632272],[14.240425,46.632147],[14.240187,46.632065],[14.23976,46.631898],[14.239531,46.631789],[14.239343,46.631684],[14.239171,46.631552],[14.239042,46.631422],[14.238938,46.631294],[14.238876,46.631191],[14.238801,46.631024],[14.238777,46.63094],[14.238763,46.630842],[14.238754,46.63067],[14.238768,46.630544],[14.238799,46.630419],[14.238907,46.630198],[14.238996,46.630078],[14.239119,46.629944],[14.239268,46.629826],[14.239436,46.62971],[14.239688,46.629582],[14.240093,46.629443],[14.240391,46.629328],[14.240989,46.629115],[14.241439,46.628937],[14.24183,46.628752],[14.242309,46.628514],[14.242917,46.628151],[14.243896,46.627551],[14.244118,46.627422],[14.244421,46.6273],[14.244723,46.627097],[14.245403,46.626668],[14.245912,46.626364],[14.246246,46.626177],[14.246817,46.625881],[14.247248,46.625676],[14.247606,46.625507],[14.248166,46.625281],[14.24851,46.625154],[14.249149,46.624945],[14.24958,46.624815],[14.250607,46.62456],[14.251637,46.624361],[14.25228,46.624278],[14.253025,46.624202],[14.253787,46.624149],[14.254502,46.624114],[14.256477,46.62405],[14.256919,46.624041],[14.257828,46.624009],[14.258208,46.623928],[14.258619,46.623893],[14.260091,46.623785],[14.260972,46.623696],[14.261604,46.623621],[14.262022,46.62357],[14.262251,46.623516],[14.262369,46.623469],[14.262506,46.623376],[14.262604,46.623265],[14.262652,46.623156],[14.26272,46.622957],[14.262723,46.62287],[14.262742,46.622264],[14.262748,46.622094],[14.262753,46.621989],[14.262749,46.621718],[14.262746,46.62158],[14.262731,46.621438],[14.262719,46.621331],[14.262698,46.621235],[14.262679,46.621132],[14.262675,46.621112],[14.26266,46.621039],[14.262604,46.620755],[14.262572,46.620571],[14.262463,46.620097],[14.262331,46.619692],[14.262115,46.619149],[14.262006,46.618868],[14.261898,46.618557],[14.261832,46.61835],[14.261725,46.617979],[14.261587,46.61741],[14.261605,46.61727],[14.261582,46.617149],[14.261578,46.617124],[14.26152,46.616799],[14.261484,46.616502],[14.261405,46.61564],[14.261351,46.614984],[14.261329,46.614704],[14.261315,46.614477],[14.261283,46.614273],[14.261269,46.614199],[14.261232,46.613982],[14.261182,46.613757],[14.261176,46.61373],[14.26116,46.613658],[14.261127,46.613523],[14.261112,46.613465],[14.261077,46.613348],[14.26104,46.613232],[14.260971,46.613],[14.26084,46.61261],[14.260621,46.612027],[14.260527,46.61174],[14.260481,46.611493],[14.260477,46.611379],[14.260489,46.611274],[14.260514,46.611175],[14.260557,46.611047],[14.260626,46.610899],[14.26068,46.610818],[14.260709,46.610776],[14.260901,46.610579],[14.261121,46.610382],[14.26129,46.610253],[14.262022,46.609688],[14.262811,46.609127],[14.263313,46.608787],[14.263795,46.608501],[14.26444,46.608212],[14.264863,46.608067],[14.265204,46.607987],[14.265629,46.607883],[14.266083,46.607819],[14.266541,46.607784],[14.266897,46.607773],[14.266987,46.60777],[14.267861,46.607794],[14.26866,46.607861],[14.268959,46.607899],[14.269366,46.607967],[14.270357,46.60819],[14.270442,46.608209],[14.270646,46.608255],[14.271001,46.60834],[14.271228,46.608396],[14.27135,46.608423],[14.271812,46.608526],[14.272284,46.608616],[14.272698,46.608676],[14.27307,46.608701],[14.273668,46.608686],[14.27396,46.608666],[14.274168,46.608653],[14.274375,46.608633],[14.274407,46.608631],[14.274748,46.608599],[14.274876,46.608585],[14.27525,46.608538],[14.275632,46.608472],[14.2764,46.608281],[14.277092,46.608087],[14.279569,46.607499],[14.280562,46.607307],[14.281627,46.607114],[14.281869,46.60707],[14.282089,46.607031],[14.283315,46.60686],[14.283446,46.606844],[14.283552,46.606831],[14.284603,46.606724],[14.286093,46.606626],[14.286578,46.606606],[14.287092,46.6066],[14.287822,46.606627],[14.288286,46.606658],[14.288996,46.606721],[14.289577,46.606796],[14.289905,46.606846],[14.290504,46.60695],[14.290566,46.606962],[14.290734,46.606996],[14.290863,46.607024],[14.290981,46.607048],[14.291036,46.60706],[14.291446,46.607154],[14.291926,46.607269],[14.29203,46.607294],[14.292102,46.607312],[14.292391,46.607381],[14.292793,46.607478],[14.293113,46.60753],[14.29364,46.607606],[14.293809,46.607626],[14.293948,46.607644],[14.294027,46.607656],[14.294216,46.607679],[14.294444,46.607696],[14.294513,46.607699],[14.294812,46.60771],[14.295581,46.607697],[14.296081,46.607665],[14.296542,46.607613],[14.297743,46.607371],[14.298132,46.607308],[14.298331,46.607275],[14.298614,46.607227],[14.298825,46.607191],[14.298746,46.607017],[14.298603,46.606699],[14.298591,46.606674],[14.29855,46.606586],[14.298492,46.606462],[14.298416,46.606301],[14.298354,46.606169],[14.298254,46.60599],[14.298169,46.605791],[14.298147,46.605738],[14.298016,46.605468],[14.297995,46.605427],[14.297961,46.605355],[14.297836,46.60509],[14.297743,46.604873],[14.297639,46.604634],[14.297597,46.604527],[14.297494,46.604255],[14.297473,46.604191],[14.297454,46.604131],[14.29739,46.603932],[14.297369,46.603855],[14.297332,46.603712],[14.297285,46.603551],[14.297267,46.603459],[14.297236,46.603317],[14.297207,46.603158],[14.297192,46.603056],[14.297177,46.602942],[14.297167,46.602876],[14.297157,46.602801],[14.297143,46.602701],[14.297129,46.602557],[14.297103,46.602292],[14.297073,46.602005],[14.297068,46.601961],[14.297029,46.601732],[14.297019,46.60168],[14.296951,46.601373],[14.296895,46.601213],[14.296795,46.600997],[14.296743,46.600902],[14.296666,46.600771],[14.296414,46.600408],[14.296321,46.600282],[14.296273,46.600218],[14.296025,46.599884],[14.2959,46.599718],[14.295788,46.599576],[14.295749,46.599518],[14.29569,46.599433],[14.295622,46.599337],[14.295539,46.59921],[14.295377,46.598925],[14.295249,46.598676],[14.295115,46.59841],[14.295044,46.598273],[14.294984,46.598159],[14.294773,46.597745],[14.29469,46.597619],[14.294609,46.597491],[14.294414,46.597198],[14.294212,46.596922],[14.293972,46.596628],[14.293692,46.596325],[14.293287,46.595919],[14.2916,46.594276],[14.291145,46.593834],[14.290861,46.593561],[14.290677,46.593379],[14.290396,46.593103],[14.288671,46.591423],[14.288165,46.590905],[14.28765,46.590345],[14.287277,46.589885],[14.287192,46.589784],[14.287049,46.589598],[14.286938,46.589452],[14.286844,46.58933],[14.286668,46.589103],[14.286604,46.589024],[14.286431,46.588818],[14.286195,46.588522],[14.286042,46.588329],[14.286012,46.58829],[14.285992,46.588267],[14.285951,46.588219],[14.285831,46.588079],[14.285762,46.588004],[14.285582,46.587805],[14.285504,46.587722],[14.28537,46.587571],[14.285255,46.587444],[14.284195,46.586307],[14.28382,46.585855],[14.283649,46.585649],[14.283216,46.585153],[14.28315,46.585077],[14.283011,46.584898],[14.282902,46.584746],[14.282851,46.584662],[14.282749,46.584461],[14.282685,46.584274],[14.282643,46.584064],[14.282636,46.583975],[14.282635,46.583872],[14.282648,46.583746],[14.282685,46.58355],[14.282723,46.583359],[14.282774,46.58308],[14.2828,46.582898],[14.282807,46.582754],[14.282811,46.582619],[14.282808,46.582582],[14.2828,46.582453],[14.282776,46.58229],[14.282739,46.582108],[14.282709,46.581986],[14.282696,46.581934],[14.282595,46.581563],[14.282562,46.581402],[14.282533,46.58128],[14.282506,46.581185],[14.282469,46.580928],[14.282454,46.580823],[14.282479,46.580706],[14.282539,46.580444],[14.28255,46.580375],[14.282695,46.579681],[14.282732,46.579487],[14.282793,46.579212],[14.282862,46.578935],[14.282912,46.57874],[14.282963,46.578576],[14.283016,46.578437],[14.283059,46.578347],[14.283124,46.578257],[14.283245,46.578097],[14.283282,46.578053],[14.28349,46.577825],[14.283709,46.577595],[14.284598,46.576658],[14.285322,46.575881],[14.285375,46.57582],[14.285402,46.575788],[14.285446,46.575738],[14.285513,46.575652],[14.28558,46.575557],[14.285646,46.575446],[14.285774,46.57518],[14.285808,46.575108],[14.285886,46.574942],[14.285949,46.574808],[14.286009,46.574677],[14.286028,46.574621],[14.286047,46.574554],[14.286063,46.574482],[14.28607,46.574415],[14.286073,46.574344],[14.286073,46.574278],[14.286035,46.573979],[14.286022,46.57388],[14.285923,46.573103],[14.285811,46.572225],[14.285767,46.571868],[14.285732,46.571652],[14.285691,46.571406],[14.285622,46.571015],[14.285599,46.570733],[14.285595,46.569965],[14.28559,46.569469],[14.285562,46.569185],[14.285483,46.568921],[14.285159,46.567834],[14.285084,46.567601],[14.285076,46.567576],[14.28488,46.566965],[14.284767,46.566566],[14.284735,46.566429],[14.284692,46.56621],[14.284597,46.565497],[14.284563,46.565284],[14.284533,46.565156],[14.284502,46.565036],[14.28445,46.564881],[14.284003,46.563828],[14.283921,46.563666],[14.283842,46.563526],[14.283748,46.563386],[14.283612,46.563211],[14.28338,46.562909],[14.283251,46.562739],[14.283093,46.562551],[14.282759,46.562153],[14.282471,46.561799],[14.282337,46.561633],[14.282277,46.561547],[14.282221,46.561467],[14.282145,46.561347],[14.282101,46.561271],[14.282065,46.561208],[14.281944,46.560976],[14.281898,46.560875],[14.281726,46.56044],[14.281646,46.560215],[14.281628,46.560165],[14.2816,46.560086],[14.28158,46.560031],[14.281396,46.559525],[14.281309,46.559277],[14.28128,46.559197],[14.281263,46.559146],[14.281191,46.558932],[14.281177,46.5589],[14.281139,46.558813],[14.281089,46.558719],[14.281021,46.558615],[14.28097,46.558561],[14.28094,46.558529],[14.280864,46.558457],[14.280788,46.558387],[14.279813,46.55766],[14.27938,46.557333],[14.279278,46.557256],[14.279058,46.557077],[14.278903,46.556927],[14.278735,46.556754],[14.278577,46.556564],[14.278549,46.55653],[14.278329,46.556218],[14.278256,46.556118],[14.278211,46.556058],[14.277951,46.555705],[14.277606,46.555354],[14.277525,46.555271],[14.277068,46.554913],[14.276854,46.554755],[14.276494,46.554489],[14.27623,46.554318],[14.275887,46.554148],[14.275324,46.553944],[14.274732,46.553755],[14.274439,46.553647],[14.274172,46.553515],[14.273801,46.553272],[14.273508,46.553059],[14.273064,46.552746],[14.27262,46.552483],[14.272241,46.552308],[14.271781,46.552154],[14.271327,46.552047],[14.270853,46.551961],[14.270098,46.551832],[14.26861,46.551593],[14.268299,46.55153],[14.267936,46.551438],[14.267632,46.551347],[14.267067,46.551134],[14.266106,46.550735],[14.265162,46.550352],[14.264675,46.550162],[14.264365,46.550071],[14.264097,46.550009],[14.263571,46.54994],[14.263275,46.549924],[14.263052,46.54992],[14.262439,46.549911],[14.262248,46.549904],[14.262134,46.549901],[14.262031,46.549897],[14.261899,46.549886],[14.261647,46.549854],[14.261559,46.54984],[14.261382,46.549808],[14.261293,46.54979],[14.261211,46.549774],[14.261135,46.54976],[14.260974,46.549723],[14.260883,46.549702],[14.260729,46.549661],[14.260622,46.549628],[14.25997,46.549414],[14.25969,46.549297],[14.259542,46.549219],[14.259272,46.549077],[14.259051,46.548944],[14.25885,46.548801],[14.258632,46.548634],[14.258382,46.548425],[14.258103,46.548174],[14.257914,46.548006],[14.257677,46.547789],[14.25746,46.547593],[14.257048,46.547224],[14.256555,46.546782],[14.256341,46.546585],[14.256196,46.546457],[14.256029,46.546338],[14.255876,46.546222],[14.255699,46.546124],[14.255527,46.546039],[14.255387,46.545977],[14.255242,46.545922],[14.255101,46.545876],[14.255007,46.545852],[14.254927,46.545832],[14.254634,46.545772],[14.254474,46.545755],[14.254287,46.545742],[14.254109,46.545738],[14.25376,46.54575],[14.253396,46.545776],[14.253172,46.545792],[14.252726,46.545823],[14.252423,46.545844],[14.252013,46.545881],[14.251534,46.545938],[14.251004,46.546018],[14.250732,46.546105],[14.250492,46.546137],[14.250367,46.546141],[14.250265,46.546134],[14.250148,46.546114],[14.250032,46.54608],[14.249951,46.546037],[14.249846,46.545957],[14.24979,46.545878],[14.249761,46.545816],[14.24975,46.545754],[14.249755,46.545689],[14.249777,46.54561],[14.249821,46.545537],[14.24988,46.545476],[14.249961,46.545421],[14.250148,46.545339],[14.250415,46.545281],[14.250732,46.545228],[14.251031,46.545169],[14.251275,46.545103],[14.251549,46.545014],[14.251787,46.544917],[14.252086,46.544786],[14.252302,46.544702],[14.252409,46.544659],[14.252743,46.544558],[14.253112,46.544478],[14.253311,46.544446],[14.25356,46.544423],[14.253811,46.544408],[14.254139,46.544415],[14.254543,46.544437],[14.25528,46.544483],[14.255897,46.544521],[14.256311,46.54454],[14.256692,46.544551],[14.257057,46.544553],[14.2574,46.544545],[14.257742,46.54453],[14.257857,46.544519],[14.258297,46.544476],[14.258734,46.544417],[14.259239,46.54432],[14.259645,46.544215],[14.259978,46.544114],[14.260352,46.543985],[14.260652,46.543862],[14.260956,46.543718],[14.261152,46.543614],[14.26135,46.543506],[14.261558,46.543382],[14.261761,46.543249],[14.261995,46.543082],[14.262214,46.542903],[14.262431,46.542711],[14.262654,46.542492],[14.262789,46.542339],[14.262927,46.542168],[14.263115,46.541922],[14.263267,46.541698],[14.263334,46.541585],[14.263349,46.54156],[14.263615,46.54112],[14.263871,46.540624],[14.263891,46.540584],[14.264135,46.540083],[14.264229,46.539892],[14.264507,46.539319],[14.264829,46.53879],[14.264916,46.538609],[14.265027,46.538375],[14.265118,46.538168],[14.265509,46.537277],[14.265614,46.537037],[14.26567,46.536917],[14.26568,46.536895],[14.265632,46.536884],[14.265582,46.536863],[14.265543,46.536833],[14.265515,46.536798],[14.265501,46.536759],[14.265502,46.536719],[14.265514,46.536686],[14.265546,46.536647],[14.265585,46.536619],[14.265632,46.536598],[14.265686,46.536586],[14.265742,46.536584],[14.265798,46.536591],[14.26581,46.536567],[14.26586,46.536474],[14.266163,46.535899],[14.266505,46.535309],[14.26664,46.535067],[14.266709,46.534926],[14.266798,46.534724],[14.266925,46.534408],[14.26704,46.534007],[14.267218,46.533083],[14.267261,46.532855],[14.267315,46.532647],[14.267414,46.532341],[14.26749,46.532155],[14.267529,46.53206],[14.267538,46.532039],[14.26747,46.532014],[14.267418,46.531981],[14.267382,46.531934],[14.267374,46.531893],[14.267398,46.531815],[14.267455,46.531766],[14.267521,46.531739],[14.267605,46.531728],[14.267659,46.531734],[14.267674,46.531708],[14.267711,46.531646],[14.267794,46.531505],[14.267879,46.531371],[14.268078,46.531098],[14.26829,46.530833],[14.268508,46.530595],[14.268721,46.530389],[14.269004,46.530172],[14.26921,46.530043],[14.269469,46.529906],[14.269741,46.529799],[14.269775,46.529789],[14.269998,46.529722],[14.270511,46.529633],[14.270965,46.529597],[14.271534,46.529527],[14.272002,46.529407],[14.272255,46.529314],[14.272496,46.52919],[14.272652,46.529101],[14.272779,46.529013],[14.272906,46.528914],[14.273033,46.528793],[14.273187,46.528624],[14.273557,46.528158],[14.273883,46.527826],[14.27423,46.52758],[14.274609,46.527385],[14.275624,46.526957],[14.276203,46.526644],[14.276953,46.526155],[14.277404,46.525857],[14.277418,46.525846],[14.277569,46.52573],[14.277658,46.525657],[14.277715,46.52561],[14.277806,46.52552],[14.277906,46.525386],[14.277991,46.525255],[14.278008,46.525229],[14.278077,46.525066],[14.278107,46.524977],[14.278134,46.524867],[14.278146,46.524739],[14.278144,46.524633],[14.278131,46.524495],[14.278112,46.524396],[14.278087,46.524296],[14.278036,46.524133],[14.277712,46.523327],[14.277667,46.523195],[14.277643,46.523093],[14.277636,46.523019],[14.277644,46.522947],[14.277658,46.522867],[14.277678,46.522792],[14.277715,46.522704],[14.277769,46.522612],[14.277824,46.522541],[14.277904,46.522459],[14.277987,46.522388],[14.278084,46.522323],[14.278293,46.522208],[14.278581,46.522072],[14.278816,46.52195],[14.279022,46.521827],[14.279291,46.521652],[14.279391,46.521586],[14.279569,46.521457],[14.279707,46.521345],[14.279859,46.52121],[14.279985,46.521068],[14.280059,46.520977],[14.280158,46.520836],[14.280242,46.520688],[14.280314,46.520543],[14.280326,46.52051],[14.28036,46.520423],[14.280384,46.520335],[14.280407,46.52023],[14.280483,46.519774],[14.280526,46.519562],[14.28056,46.519445],[14.280593,46.519364],[14.28063,46.519294],[14.280674,46.519234],[14.280728,46.519174],[14.280775,46.519127],[14.280833,46.519079],[14.280897,46.519036],[14.280965,46.518994],[14.281042,46.518952],[14.281278,46.518839],[14.281365,46.518788],[14.281444,46.51873],[14.281514,46.518676],[14.281619,46.518583],[14.2819,46.51828],[14.282074,46.518111],[14.282207,46.517998],[14.282843,46.51757],[14.282996,46.517457],[14.283165,46.517312],[14.283319,46.517174],[14.283545,46.516944],[14.283985,46.516482],[14.284237,46.516217],[14.284528,46.515949],[14.28472,46.515815],[14.285044,46.515635],[14.285433,46.515437],[14.285907,46.51519],[14.2865,46.514776],[14.286829,46.514483],[14.287161,46.514146],[14.287388,46.513876],[14.287728,46.513405],[14.288183,46.512686],[14.288272,46.512561],[14.288373,46.512358],[14.288418,46.512236],[14.288465,46.512082],[14.288492,46.511915],[14.288511,46.511644],[14.288539,46.511217],[14.288545,46.511162],[14.288579,46.510768],[14.288609,46.510582],[14.288638,46.510449],[14.288755,46.510041],[14.288779,46.509902],[14.288788,46.50983],[14.288793,46.509784],[14.288799,46.509667],[14.288795,46.509561],[14.288789,46.50947],[14.288752,46.509231],[14.288705,46.509053],[14.288674,46.508958],[14.288647,46.508873],[14.288431,46.508302],[14.288285,46.507955],[14.288157,46.507701],[14.287846,46.507251],[14.287666,46.507002],[14.287596,46.506886],[14.287547,46.506775],[14.287531,46.506709],[14.287522,46.506658],[14.287522,46.506597],[14.287532,46.506538],[14.287549,46.506473],[14.287576,46.506406],[14.287623,46.50631],[14.287683,46.506218],[14.28811,46.505691],[14.288176,46.50558],[14.288187,46.505561],[14.288238,46.505463],[14.288289,46.505335],[14.288318,46.505225],[14.288355,46.504941],[14.28837,46.504653],[14.288365,46.504424],[14.288353,46.504339],[14.288333,46.504274],[14.288305,46.50421],[14.288268,46.50415],[14.288211,46.504075],[14.287988,46.503798],[14.287889,46.50366],[14.287596,46.503206],[14.287347,46.50282],[14.287104,46.502424],[14.28699,46.502206],[14.286852,46.501881],[14.286772,46.501611],[14.286718,46.50142],[14.286625,46.501207],[14.286575,46.501125],[14.286421,46.500945],[14.286311,46.500841],[14.286132,46.500727],[14.285848,46.500578],[14.285624,46.50048],[14.285433,46.500347],[14.285069,46.499977],[14.284931,46.499832],[14.284863,46.49971],[14.284854,46.499543],[14.284888,46.499251],[14.284916,46.498992],[14.284959,46.498581],[14.284984,46.498346],[14.28501,46.498085],[14.28496,46.497956],[14.284878,46.49787],[14.284258,46.497495],[14.284211,46.497467],[14.284133,46.497397],[14.284033,46.497282],[14.283931,46.497125],[14.283862,46.496958],[14.283779,46.496575],[14.283613,46.496385],[14.283465,46.496329],[14.283046,46.496256],[14.282829,46.496192],[14.28268,46.496084],[14.282632,46.495943],[14.282579,46.49563],[14.282489,46.495478],[14.282317,46.495342],[14.282188,46.495203],[14.282175,46.494999],[14.282328,46.49472],[14.282277,46.494501],[14.282191,46.494425],[14.282042,46.494346],[14.281772,46.494249],[14.281078,46.494076],[14.280777,46.494029],[14.280646,46.493933],[14.280609,46.493809],[14.280627,46.493616],[14.280573,46.493522],[14.280419,46.49345],[14.280091,46.493382],[14.28002,46.493391],[14.279968,46.493406],[14.279866,46.493438],[14.279745,46.493484],[14.279632,46.493517],[14.279539,46.493519],[14.279466,46.493495],[14.279428,46.493475],[14.279402,46.493446],[14.279394,46.493384],[14.279405,46.493206],[14.279361,46.493003],[14.279261,46.492673],[14.279265,46.492548],[14.279307,46.492427],[14.279397,46.492321],[14.27958,46.492114],[14.279626,46.492052],[14.279641,46.492016],[14.279639,46.491982],[14.27961,46.491926],[14.279563,46.491868],[14.279242,46.491603],[14.27903,46.491402],[14.278926,46.491122],[14.278721,46.490892],[14.278562,46.490785],[14.278378,46.490722],[14.278124,46.490694],[14.277828,46.490671],[14.277581,46.490712],[14.277425,46.49074],[14.277304,46.490727],[14.277095,46.490631],[14.276871,46.490595],[14.276622,46.490579],[14.276502,46.490546],[14.276402,46.490484],[14.276346,46.490362],[14.276275,46.490185],[14.276125,46.489993],[14.276036,46.489914],[14.275935,46.489862],[14.275468,46.489687],[14.275299,46.489601],[14.275128,46.489574],[14.274703,46.489581],[14.274469,46.489528],[14.274031,46.489165],[14.273829,46.489085],[14.273306,46.489004],[14.272813,46.488864],[14.272517,46.488846],[14.272172,46.488877],[14.272014,46.488879],[14.271858,46.488833],[14.271703,46.488798],[14.271542,46.48878],[14.271397,46.488804],[14.27128,46.488867],[14.271171,46.48892],[14.271061,46.488914],[14.270716,46.488782],[14.270496,46.488689],[14.270107,46.488673],[14.269826,46.488612],[14.269532,46.488459],[14.268376,46.48819],[14.268254,46.488161],[14.2682,46.488147],[14.268056,46.488111],[14.267889,46.488103],[14.267745,46.48813],[14.267539,46.4882],[14.267452,46.488221],[14.267366,46.48823],[14.267275,46.488227],[14.267192,46.488211],[14.267023,46.488152],[14.266534,46.487929],[14.266258,46.487819],[14.266143,46.487787],[14.265988,46.487765],[14.265764,46.487755],[14.2657,46.487755],[14.265633,46.487766],[14.265516,46.48781],[14.26533,46.48795],[14.265275,46.487976],[14.265207,46.487988],[14.265178,46.487985],[14.265147,46.487973],[14.265121,46.487953],[14.265117,46.487926],[14.265135,46.487901],[14.265158,46.487882],[14.265316,46.487792],[14.265538,46.487629],[14.265855,46.487326],[14.265885,46.487273],[14.265887,46.487249],[14.265877,46.487227],[14.265859,46.487202],[14.265848,46.487191],[14.265827,46.487183],[14.265781,46.487183],[14.265738,46.487191],[14.265704,46.487202],[14.265678,46.487217],[14.265619,46.487288],[14.265524,46.487422],[14.265451,46.487491],[14.265366,46.487549],[14.265125,46.487657],[14.265001,46.487682],[14.264884,46.487681],[14.264783,46.487665],[14.264737,46.487651],[14.264698,46.487624],[14.26464,46.487564],[14.264345,46.48727],[14.264175,46.4871],[14.264034,46.486908],[14.263867,46.486695],[14.263779,46.486583],[14.263585,46.486249],[14.263491,46.485817],[14.263505,46.485547],[14.263561,46.485281],[14.263636,46.485095],[14.263654,46.485049],[14.263689,46.484942],[14.263709,46.484823],[14.263667,46.484729],[14.263598,46.48465],[14.263424,46.484524],[14.263222,46.484441],[14.262784,46.484329],[14.262531,46.48422],[14.262323,46.484072],[14.261904,46.483697],[14.261584,46.483264],[14.261282,46.482999],[14.26105,46.482697],[14.26077,46.482451],[14.260313,46.482149],[14.259871,46.481831],[14.259727,46.481708],[14.259418,46.481446],[14.259347,46.481373],[14.258977,46.480981],[14.258806,46.480839],[14.258678,46.480735],[14.258484,46.480613],[14.258289,46.480515],[14.257945,46.480445],[14.257498,46.480408],[14.257189,46.480356],[14.256855,46.480279],[14.256724,46.480234],[14.256613,46.48016],[14.256526,46.480082],[14.256469,46.479972],[14.256454,46.479909],[14.256441,46.479785],[14.256438,46.479725],[14.256414,46.479609],[14.256259,46.479303],[14.256147,46.47904],[14.256093,46.478834],[14.256074,46.478763],[14.256042,46.478461],[14.256041,46.478449],[14.256093,46.478088],[14.256119,46.477835],[14.256138,46.477741],[14.256184,46.47766],[14.25641,46.477452],[14.256491,46.477321],[14.256523,46.477148],[14.256614,46.476997],[14.256774,46.476771],[14.257076,46.476539],[14.257209,46.476453],[14.257759,46.476255],[14.258072,46.476154],[14.258346,46.475986],[14.258479,46.47591],[14.258594,46.475844],[14.258761,46.475673],[14.258847,46.475493],[14.258888,46.475154],[14.25897,46.474492],[14.259011,46.474138],[14.259008,46.473767],[14.258989,46.473539],[14.258972,46.473297],[14.258967,46.47314],[14.259004,46.473018],[14.25904,46.472936],[14.259102,46.472794],[14.259201,46.472585],[14.259249,46.472298],[14.259243,46.472212],[14.259203,46.472009],[14.259129,46.47186],[14.25898,46.471559],[14.25885,46.471378],[14.258713,46.471263],[14.258529,46.471142],[14.258385,46.471016],[14.258261,46.470872],[14.258079,46.470631],[14.258006,46.470522],[14.257986,46.470466],[14.258011,46.47023],[14.258131,46.469777],[14.258193,46.469553],[14.258213,46.469388],[14.25802,46.468759],[14.258033,46.468678],[14.258109,46.468483],[14.2583,46.468208],[14.258367,46.468051],[14.258358,46.467923],[14.258333,46.467839],[14.258198,46.467634],[14.257952,46.467393],[14.257878,46.467252],[14.257798,46.466725],[14.257779,46.466433],[14.257808,46.466221],[14.25797,46.465758],[14.25809,46.46547],[14.258124,46.46531],[14.258119,46.465195],[14.258109,46.465126],[14.258081,46.464979],[14.258073,46.464941],[14.258037,46.464821],[14.257884,46.464516],[14.257811,46.464432],[14.257671,46.464301],[14.257456,46.464114],[14.257396,46.46402],[14.257362,46.463936],[14.257379,46.463811],[14.257478,46.463618],[14.257625,46.463437],[14.257681,46.463236],[14.257736,46.462728],[14.257752,46.462306],[14.25776,46.461995],[14.25779,46.461859],[14.257879,46.461739],[14.258324,46.461102],[14.258529,46.460789],[14.258751,46.460456],[14.258833,46.460319],[14.258873,46.460172],[14.258856,46.46003],[14.258806,46.459888],[14.258761,46.459772],[14.258736,46.459674],[14.258726,46.459539],[14.258729,46.459402],[14.258864,46.458949],[14.258912,46.458787],[14.258986,46.458528],[14.258993,46.45837],[14.258982,46.458057],[14.258999,46.457914],[14.259039,46.457776],[14.25914,46.457404],[14.259143,46.4573],[14.259119,46.457075],[14.259084,46.456982],[14.259009,46.456853],[14.25895,46.456769],[14.258691,46.456395],[14.258323,46.456099],[14.257939,46.455834],[14.257782,46.455757],[14.257629,46.455695],[14.257278,46.455576],[14.257037,46.455479],[14.256867,46.455413],[14.256726,46.455331],[14.256589,46.455179],[14.256483,46.45495],[14.256434,46.454809],[14.256403,46.454658],[14.256437,46.454538],[14.256521,46.454415],[14.256645,46.45428],[14.256695,46.454207],[14.25671,46.45416],[14.256655,46.454073],[14.256562,46.454025],[14.25641,46.454032],[14.256263,46.454068],[14.256161,46.454074],[14.256061,46.454034],[14.256014,46.453959],[14.255969,46.453837],[14.2557,46.453181],[14.255693,46.452894],[14.255732,46.452614],[14.255769,46.452519],[14.255828,46.45245],[14.255949,46.452358],[14.256107,46.45225],[14.256189,46.452187],[14.256284,46.452061],[14.256315,46.451873],[14.256307,46.451668],[14.256296,46.451391],[14.256315,46.451317],[14.256317,46.451267],[14.256306,46.451197],[14.256287,46.45114],[14.256279,46.451111],[14.256208,46.451055],[14.256125,46.451018],[14.256017,46.451008],[14.255898,46.45102],[14.255762,46.451061],[14.255708,46.451104],[14.255634,46.451194],[14.255584,46.451323],[14.255563,46.451426],[14.255532,46.451614],[14.255526,46.451672],[14.255521,46.451734],[14.255467,46.451824],[14.25536,46.45187],[14.255253,46.451873],[14.255169,46.451821],[14.255136,46.451772],[14.255127,46.451702],[14.25514,46.451672],[14.255162,46.451623],[14.255261,46.451517],[14.255324,46.45141],[14.255341,46.451375],[14.255348,46.451221],[14.255324,46.450936],[14.255311,46.45085],[14.255302,46.450627],[14.255311,46.4505],[14.255299,46.450374],[14.255285,46.450099],[14.255351,46.449795],[14.255429,46.449524],[14.255455,46.4494],[14.255469,46.449255],[14.255477,46.449136],[14.255454,46.448912],[14.255406,46.448714],[14.25538,46.448462],[14.255392,46.44824],[14.255425,46.448002],[14.255453,46.447522],[14.255469,46.447485],[14.255486,46.447461],[14.255515,46.447438],[14.255553,46.44742],[14.255588,46.447409],[14.255624,46.447401],[14.25566,46.447396],[14.255696,46.447394],[14.25578,46.447416],[14.255845,46.447466],[14.25588,46.447555],[14.255896,46.447641],[14.255925,46.447793],[14.255957,46.447855],[14.256034,46.447884],[14.256086,46.447892],[14.256156,46.44787],[14.256194,46.447826],[14.256202,46.447778],[14.256169,46.447689],[14.256108,46.447556],[14.25603,46.447385],[14.255988,46.447245],[14.255981,46.447122],[14.256005,46.446991],[14.256086,46.446838],[14.256161,46.446743],[14.256265,46.446625],[14.256291,46.446531],[14.256282,46.446466],[14.256242,46.446418],[14.256156,46.446386],[14.256066,46.446383],[14.255937,46.446399],[14.25552,46.446599],[14.255203,46.446778],[14.255021,46.446943],[14.254911,46.44708],[14.254765,46.447368],[14.254692,46.447545],[14.254558,46.447949],[14.254485,46.448073],[14.254389,46.448137],[14.254319,46.448171],[14.254197,46.448203],[14.254118,46.4482],[14.254044,46.448182],[14.25397,46.448146],[14.253883,46.448082],[14.253834,46.448008],[14.253814,46.447929],[14.253816,46.447848],[14.253894,46.447568],[14.253972,46.447313],[14.253995,46.447184],[14.25401,46.447025],[14.254,46.44679],[14.253916,46.446512],[14.253788,46.446276],[14.25362,46.446059],[14.253501,46.445908],[14.25337,46.445755],[14.253278,46.445669],[14.253262,46.445628],[14.253246,46.445388],[14.253256,46.445359],[14.253284,46.445321],[14.253542,46.445122],[14.253625,46.445083],[14.253709,46.445023],[14.253918,46.444666],[14.254032,46.444414],[14.254108,46.444183],[14.254167,46.443928],[14.254201,46.443649],[14.254221,46.443393],[14.254516,46.437195],[14.254516,46.437195],[14.25455,46.43682],[14.254577,46.436623],[14.254626,46.436407],[14.254683,46.436218],[14.254764,46.435996],[14.254876,46.435741],[14.254992,46.435524],[14.25514,46.435294],[14.255321,46.435047],[14.255544,46.434795],[14.255774,46.434568],[14.256123,46.434262],[14.256373,46.434073],[14.256647,46.433889],[14.256928,46.433723],[14.257239,46.433561],[14.257567,46.433406],[14.257915,46.433267],[14.258367,46.433108],[14.258709,46.433015],[14.259034,46.432934],[14.259376,46.432868],[14.259756,46.432806],[14.26007,46.432766],[14.260502,46.432739],[14.261114,46.432751],[14.261295,46.43276],[14.261624,46.432782],[14.261953,46.43282],[14.262198,46.432863],[14.262545,46.432922],[14.262994,46.432995],[14.263607,46.433095],[14.263915,46.433117],[14.264176,46.433108],[14.264829,46.433055],[14.26504,46.433048],[14.265249,46.433054],[14.265447,46.433071],[14.265694,46.433111],[14.265974,46.433137],[14.266227,46.433158],[14.266564,46.433174],[14.266877,46.433164],[14.267416,46.43312],[14.268371,46.432998],[14.268632,46.432972],[14.269039,46.432963],[14.269315,46.432982],[14.269532,46.433013],[14.269764,46.433062],[14.270226,46.433169],[14.270388,46.433197],[14.270554,46.433189],[14.27069,46.433147],[14.270808,46.433075],[14.270856,46.432976],[14.270861,46.432917],[14.27084,46.432849],[14.270764,46.432762],[14.27063,46.432689],[14.270433,46.432642],[14.270247,46.43263],[14.269885,46.432628],[14.269609,46.43261],[14.269338,46.432579],[14.269123,46.432535],[14.268912,46.432473],[14.268661,46.432364],[14.268009,46.432046],[14.267816,46.431949],[14.267437,46.431765],[14.266636,46.431381],[14.265734,46.430973],[14.265556,46.430877],[14.26547,46.430821],[14.265395,46.430761],[14.265345,46.430689],[14.265315,46.430613],[14.265318,46.430558],[14.265344,46.430499],[14.265379,46.430459],[14.265422,46.430418],[14.265504,46.430367],[14.26562,46.430334],[14.26572,46.430328],[14.265818,46.430328],[14.26598,46.430365],[14.266121,46.430418],[14.266447,46.430579],[14.266762,46.430711],[14.266954,46.430759],[14.26713,46.430788],[14.26737,46.430791],[14.267571,46.430766],[14.267802,46.430706],[14.268012,46.430621],[14.268164,46.430541],[14.268376,46.430371],[14.2685,46.430245],[14.268655,46.430069],[14.26866,46.430064],[14.268674,46.430046],[14.268917,46.429741],[14.269085,46.429518],[14.269207,46.429394],[14.269233,46.429372],[14.269383,46.429243],[14.269524,46.429116],[14.26967,46.429016],[14.269906,46.428868],[14.270349,46.428672],[14.27058,46.428594],[14.270808,46.428533],[14.271291,46.428414],[14.271695,46.428332],[14.27183,46.428305],[14.271973,46.428252],[14.272096,46.428199],[14.27221,46.428124],[14.272289,46.428054],[14.27236,46.42796],[14.272388,46.427876],[14.272405,46.427768],[14.272383,46.427662],[14.272342,46.42755],[14.27225,46.427454],[14.272086,46.427346],[14.271852,46.427255],[14.27148,46.427159],[14.271187,46.427073],[14.271047,46.427029],[14.270887,46.426964],[14.270571,46.426806],[14.270305,46.426635],[14.270175,46.426519],[14.270051,46.426391],[14.26993,46.426235],[14.269876,46.426119],[14.269824,46.426014],[14.269782,46.425892],[14.269694,46.425468],[14.26964,46.424958],[14.269537,46.424501],[14.269395,46.423974],[14.269323,46.423651],[14.269282,46.423417],[14.269268,46.423208],[14.269274,46.423056],[14.269294,46.422883],[14.269344,46.422676],[14.269632,46.421853],[14.269689,46.421662],[14.269725,46.421458],[14.269747,46.421274],[14.269767,46.420888],[14.26971,46.420533],[14.269652,46.420318],[14.269568,46.420103],[14.269501,46.419964],[14.269388,46.419753],[14.269175,46.419435],[14.269022,46.419168],[14.26897,46.419061],[14.268908,46.418909],[14.268874,46.418774],[14.268858,46.418631],[14.268862,46.418412],[14.268904,46.418202],[14.268977,46.418001],[14.26914,46.417703],[14.2694,46.417331],[14.269545,46.4171],[14.269632,46.416915],[14.269694,46.416794],[14.269786,46.416506],[14.269832,46.416185],[14.269839,46.415968],[14.269831,46.415713],[14.269799,46.415417],[14.269783,46.41527],[14.269761,46.415097],[14.269732,46.414817],[14.269716,46.414452],[14.269728,46.414161],[14.269757,46.413897],[14.26981,46.413645],[14.269831,46.413576],[14.269958,46.413114],[14.270138,46.412723],[14.270339,46.412352],[14.270548,46.412069],[14.270829,46.411765],[14.271084,46.411575],[14.271189,46.41151],[14.271848,46.411211],[14.272054,46.41112],[14.272538,46.410903],[14.272877,46.410689],[14.273062,46.410523],[14.273244,46.410349],[14.273544,46.410013],[14.273888,46.40952],[14.274288,46.409066],[14.274827,46.408548],[14.275126,46.408248],[14.275419,46.407965],[14.275722,46.407689],[14.276102,46.407307],[14.276164,46.407241],[14.276341,46.407048],[14.276565,46.406803],[14.276789,46.406522],[14.277044,46.406138],[14.277187,46.405915],[14.277333,46.405652],[14.277508,46.405284],[14.277616,46.404989],[14.277668,46.404829],[14.277704,46.404705],[14.277746,46.404549],[14.277779,46.404403],[14.277812,46.404241],[14.277832,46.404114],[14.277873,46.403798],[14.27789,46.403649],[14.27792,46.403438],[14.277936,46.403316],[14.277959,46.403192],[14.277983,46.403074],[14.277998,46.403016],[14.278016,46.402947],[14.278058,46.402813],[14.278115,46.40267],[14.27818,46.402531],[14.278229,46.402433],[14.278307,46.402319],[14.278413,46.402169],[14.278484,46.402082],[14.278556,46.401997],[14.278651,46.401901],[14.278788,46.401779],[14.278915,46.401668],[14.279087,46.401543],[14.2792,46.401468],[14.279347,46.401377],[14.279508,46.401283],[14.279727,46.40117],[14.280137,46.401007],[14.28057,46.400864],[14.281059,46.400669],[14.281489,46.40047],[14.281821,46.400266],[14.282171,46.40003],[14.282207,46.400005],[14.282534,46.399781],[14.283032,46.399425],[14.283581,46.399047],[14.284567,46.398474],[14.285125,46.398194],[14.285711,46.397919],[14.286167,46.397709],[14.286564,46.397521],[14.286608,46.3975],[14.286789,46.397402],[14.286922,46.397324],[14.287013,46.397268],[14.287088,46.397214],[14.287171,46.39715],[14.287336,46.397014],[14.287418,46.396938],[14.287565,46.396781],[14.287717,46.39661],[14.287868,46.396411],[14.288032,46.396136],[14.288064,46.396075],[14.288398,46.39535],[14.288537,46.395057],[14.288694,46.394658],[14.288974,46.393952],[14.289065,46.393677],[14.289144,46.393369],[14.289166,46.393235],[14.28924,46.392773],[14.289308,46.392105],[14.289348,46.391841],[14.2894,46.391608],[14.289461,46.391427],[14.289525,46.391279],[14.289645,46.39105],[14.289822,46.390768],[14.289949,46.390557],[14.290056,46.390367],[14.290147,46.390182],[14.29024,46.389964],[14.29036,46.389637],[14.290408,46.389448],[14.29046,46.389238],[14.290515,46.388976],[14.290725,46.3879],[14.290826,46.387481],[14.290908,46.387187],[14.290955,46.387035],[14.291067,46.38675],[14.291172,46.386536],[14.291275,46.386372],[14.291383,46.386225],[14.291479,46.386115],[14.291697,46.385888],[14.291931,46.385689],[14.292593,46.385197],[14.292854,46.384993],[14.293075,46.384802],[14.293236,46.384637],[14.293419,46.384427],[14.293639,46.384092],[14.293729,46.383922],[14.294089,46.383128],[14.294228,46.382897],[14.29439,46.382668],[14.294627,46.382413],[14.294852,46.382203],[14.29509,46.38199],[14.295317,46.381775],[14.295523,46.381571],[14.295694,46.381377],[14.295841,46.38118],[14.295943,46.38102],[14.296061,46.380757],[14.296141,46.380515],[14.296225,46.380083],[14.29627,46.379516],[14.296311,46.378833],[14.296338,46.378391],[14.296385,46.377925],[14.296423,46.377738],[14.296465,46.377565],[14.296574,46.377331],[14.296715,46.377115],[14.296878,46.376927],[14.29706,46.376772],[14.297459,46.3765],[14.297893,46.376244],[14.298158,46.376069],[14.298379,46.375892],[14.298582,46.375708],[14.299113,46.37519],[14.299396,46.374945],[14.299721,46.374695],[14.300095,46.374419],[14.300671,46.37401],[14.301046,46.373693],[14.301384,46.373378],[14.301715,46.373019],[14.302065,46.372546],[14.302278,46.372218],[14.302649,46.371536],[14.302803,46.371307],[14.302998,46.371102],[14.303182,46.370926],[14.30357,46.37062],[14.303889,46.370349],[14.304082,46.37015],[14.304274,46.369929],[14.304575,46.369553],[14.304615,46.369489],[14.304809,46.369327],[14.305066,46.369134],[14.305849,46.368655],[14.306016,46.368535],[14.306176,46.368385],[14.306384,46.368126],[14.306503,46.367963],[14.306591,46.367755],[14.306627,46.367593],[14.306657,46.367393],[14.306659,46.367333],[14.306647,46.367099],[14.306557,46.366778],[14.306251,46.366133],[14.306099,46.36582],[14.305946,46.365501],[14.305848,46.365214],[14.305823,46.365115],[14.305781,46.364927],[14.305733,46.364715],[14.305633,46.364124],[14.305563,46.363755],[14.305525,46.363588],[14.305465,46.363411],[14.305392,46.36324],[14.305272,46.363041],[14.305001,46.362806],[14.304644,46.362588],[14.304343,46.362495],[14.304119,46.362437],[14.30389,46.362405],[14.303671,46.362373],[14.303197,46.362324],[14.302964,46.362287],[14.302814,46.362258],[14.302673,46.362225],[14.30241,46.362142],[14.30229,46.362089],[14.302166,46.362024],[14.301885,46.361845],[14.301569,46.36155],[14.301261,46.361204],[14.301101,46.36106],[14.300811,46.36083],[14.300384,46.360604],[14.300056,46.360477],[14.299844,46.360403],[14.299648,46.360335],[14.299484,46.360281],[14.299,46.36012],[14.298313,46.359869],[14.298184,46.359815],[14.297894,46.359688],[14.297629,46.359559],[14.297439,46.359463],[14.29715,46.359301],[14.296691,46.359008],[14.296538,46.358903],[14.296327,46.358744],[14.296057,46.358523],[14.29585,46.358332],[14.295647,46.358127],[14.295426,46.357893],[14.295116,46.357535],[14.294876,46.357246],[14.294351,46.356572],[14.294009,46.356053],[14.293778,46.355692],[14.293314,46.354872],[14.293207,46.35466],[14.29312,46.354593],[14.293064,46.354519],[14.292991,46.354437],[14.292939,46.354391],[14.292853,46.354354],[14.292765,46.354335],[14.29266,46.354328],[14.29255,46.35434],[14.292435,46.354379],[14.2924,46.354405],[14.292349,46.354444],[14.292315,46.354501],[14.292305,46.354595],[14.292316,46.354645],[14.29235,46.354711],[14.292383,46.354748],[14.292435,46.354774],[14.292468,46.354784],[14.292498,46.354799],[14.292584,46.354824],[14.292665,46.354829],[14.292767,46.354829],[14.292866,46.354822],[14.293528,46.354657],[14.293763,46.354571],[14.293865,46.354535],[14.293967,46.354515],[14.294055,46.354507],[14.29409,46.354507],[14.294125,46.354507],[14.294206,46.354509],[14.294238,46.354601],[14.294319,46.354834],[14.29437,46.354989],[14.294446,46.355153],[14.294547,46.35527],[14.294625,46.355335],[14.29476,46.355401],[14.294889,46.355452],[14.295012,46.355488],[14.295338,46.355566],[14.295565,46.355645],[14.295715,46.355733],[14.295766,46.355776],[14.295864,46.355892],[14.295909,46.356004],[14.296034,46.356303],[14.296185,46.356267],[14.29624,46.356238],[14.296278,46.356203],[14.296303,46.356162],[14.296308,46.356125],[14.296303,46.356079],[14.296295,46.356057],[14.296265,46.356003],[14.296259,46.355991],[14.296238,46.355939],[14.296189,46.355785],[14.296153,46.355541],[14.296137,46.355416],[14.296119,46.355286],[14.296106,46.355203],[14.295996,46.3546],[14.295986,46.354512],[14.29598,46.354457],[14.295979,46.354434],[14.295975,46.354372],[14.295973,46.354053],[14.296024,46.35378],[14.296102,46.353461],[14.296112,46.353419],[14.296129,46.353324],[14.296148,46.353212],[14.29627,46.352749],[14.296363,46.352446],[14.296509,46.351972],[14.296599,46.351218],[14.296609,46.351073],[14.29659,46.350793],[14.296582,46.350726],[14.296543,46.350425],[14.296514,46.350237],[14.296479,46.350063],[14.296428,46.349816],[14.296413,46.349745],[14.296357,46.349574],[14.296319,46.349498],[14.29628,46.349429],[14.296204,46.34931],[14.296119,46.349194],[14.295977,46.349022],[14.295822,46.348862],[14.295307,46.348465],[14.295083,46.348258],[14.294375,46.347238],[14.294274,46.347063],[14.294187,46.346875],[14.29412,46.346546],[14.294108,46.345594],[14.294107,46.345498],[14.294051,46.34502],[14.293989,46.344775],[14.293915,46.344482],[14.293579,46.343477],[14.293461,46.343124],[14.293386,46.342779],[14.29333,46.342519],[14.293211,46.34184],[14.293204,46.341801],[14.293043,46.340865],[14.292933,46.340145],[14.29299,46.339434],[14.293003,46.339262],[14.293774,46.339302],[14.294184,46.339348],[14.294977,46.339405],[14.295886,46.339393],[14.29711,46.33937],[14.297146,46.339369],[14.297531,46.339353],[14.297918,46.339348],[14.298066,46.339352],[14.298214,46.339361],[14.298328,46.339371],[14.298424,46.33938],[14.298558,46.339409],[14.298639,46.339427],[14.298673,46.339434],[14.298875,46.339481],[14.299077,46.339536],[14.299354,46.339606],[14.299624,46.339667],[14.299682,46.33968],[14.299743,46.339691],[14.299862,46.33971],[14.300043,46.339741],[14.300225,46.339767],[14.300313,46.339774],[14.300418,46.339782],[14.300544,46.339586],[14.30066,46.33941],[14.300802,46.339123],[14.300904,46.339001],[14.300984,46.338902],[14.301043,46.338862],[14.301135,46.338792],[14.301242,46.338736],[14.30139,46.33868],[14.301839,46.338551],[14.301945,46.338514],[14.302046,46.338466],[14.302199,46.338379],[14.302272,46.338337],[14.302437,46.33825],[14.302531,46.338204],[14.302663,46.338161],[14.302953,46.338092],[14.303506,46.337995],[14.303645,46.337963],[14.303775,46.337927],[14.303939,46.337866],[14.304,46.337843],[14.304251,46.337734],[14.304758,46.337549],[14.304941,46.337479],[14.305258,46.337359],[14.305551,46.337206],[14.305799,46.337025],[14.30594,46.336858],[14.306099,46.336626],[14.306237,46.336364],[14.306373,46.336046],[14.306436,46.335914],[14.306463,46.33586],[14.306535,46.335708],[14.306699,46.335521],[14.306861,46.335336],[14.307023,46.335187],[14.307395,46.334879],[14.307566,46.33475],[14.307636,46.334697],[14.307738,46.334601],[14.307804,46.334502],[14.307833,46.334408],[14.307806,46.334296],[14.307717,46.334185],[14.30762,46.334053],[14.307564,46.333899],[14.307556,46.33379],[14.307597,46.3337],[14.307677,46.33363],[14.307813,46.333603],[14.307982,46.333601],[14.308331,46.333684],[14.308674,46.333776],[14.309114,46.333832],[14.309747,46.333899],[14.310521,46.333992],[14.310875,46.333998],[14.311185,46.333989],[14.311433,46.333972],[14.311696,46.333944],[14.312122,46.333885],[14.312398,46.333868],[14.312562,46.333877],[14.31301,46.333944],[14.313137,46.333956],[14.313235,46.333965],[14.313572,46.333943],[14.313829,46.333896],[14.314021,46.333824],[14.314187,46.333733],[14.314367,46.333568],[14.314464,46.333457],[14.314786,46.33309],[14.314938,46.33295],[14.315,46.33289],[14.31512,46.332794],[14.315222,46.33272],[14.31549,46.332571],[14.315811,46.332403],[14.31605,46.332311],[14.316319,46.332233],[14.316413,46.332207],[14.316967,46.332081],[14.317115,46.332047],[14.317339,46.331975],[14.317505,46.331907],[14.317611,46.331835],[14.31772,46.33174],[14.317812,46.331603],[14.317856,46.331514],[14.31788,46.331415],[14.317903,46.331153],[14.317872,46.330563],[14.317862,46.330179],[14.317851,46.329873],[14.31787,46.329626],[14.317922,46.329377],[14.31799,46.32921],[14.318088,46.329019],[14.318227,46.328841],[14.318476,46.328672],[14.318678,46.328586],[14.319069,46.328464],[14.319327,46.32837],[14.319472,46.328271],[14.319573,46.328186],[14.319773,46.32798],[14.319927,46.327798],[14.320089,46.327642],[14.320242,46.327528],[14.320416,46.327437],[14.320569,46.327378],[14.320721,46.327342],[14.320943,46.327315],[14.321139,46.327313],[14.321382,46.327326],[14.322227,46.327456],[14.322462,46.327486],[14.322657,46.327508],[14.322698,46.327507],[14.322868,46.327504],[14.322955,46.327499],[14.323081,46.327496],[14.323402,46.327471],[14.32374,46.327427],[14.324267,46.327365],[14.324691,46.327318],[14.325095,46.327287],[14.325411,46.327284],[14.325765,46.327294],[14.325997,46.327314],[14.326492,46.32739],[14.327115,46.327538],[14.327315,46.327585],[14.327795,46.327712],[14.32807,46.327775],[14.328223,46.327795],[14.328404,46.327806],[14.328571,46.3278],[14.328721,46.327782],[14.328902,46.32774],[14.329051,46.327692],[14.329199,46.327635],[14.329628,46.327464],[14.329842,46.327381],[14.330027,46.327323],[14.330288,46.32726],[14.330458,46.327221],[14.330475,46.327217],[14.330652,46.327196],[14.331022,46.327182],[14.33158,46.327165],[14.331946,46.327155],[14.332626,46.32711],[14.332978,46.327066],[14.333138,46.327035],[14.333234,46.327011],[14.333301,46.326993],[14.333505,46.326923],[14.333694,46.326849],[14.33386,46.326771],[14.33402,46.326679],[14.334116,46.326617],[14.334308,46.32647],[14.33453,46.326244],[14.334635,46.326097],[14.334735,46.325938],[14.334828,46.325781],[14.334934,46.325533],[14.335084,46.325173],[14.335167,46.324991],[14.33532,46.32467],[14.335452,46.32445],[14.335631,46.324219],[14.335795,46.324048],[14.336023,46.323873],[14.336291,46.323693],[14.33659,46.323526],[14.336998,46.323355],[14.337363,46.323208],[14.337682,46.32307],[14.338092,46.322859],[14.338506,46.322635],[14.338901,46.322441],[14.338992,46.3224],[14.339199,46.322301],[14.339664,46.322141],[14.340106,46.322002],[14.340584,46.321872],[14.340997,46.321752],[14.341409,46.321609],[14.341753,46.321466],[14.341866,46.321412],[14.341885,46.321403],[14.341944,46.321374],[14.342053,46.321301],[14.342327,46.321125],[14.342614,46.320875],[14.342807,46.320662],[14.343013,46.320428],[14.343131,46.320232],[14.343238,46.32001],[14.343298,46.319856],[14.343348,46.319665],[14.34337,46.319441],[14.343389,46.319208],[14.343386,46.318724],[14.343365,46.317933],[14.343362,46.317901],[14.343325,46.31735],[14.343319,46.316997],[14.343338,46.31675],[14.343365,46.316514],[14.34343,46.316093],[14.343528,46.315636],[14.343837,46.314256],[14.344167,46.312764],[14.344298,46.312187],[14.344301,46.312169],[14.344405,46.311673],[14.344517,46.311156],[14.344584,46.310804],[14.344619,46.310541],[14.344646,46.310222],[14.344667,46.309903],[14.344665,46.309605],[14.344578,46.307679],[14.344567,46.307339],[14.34455,46.306925],[14.344538,46.306632],[14.344513,46.306279],[14.344463,46.305885],[14.344356,46.305506],[14.344244,46.305218],[14.344066,46.304859],[14.343831,46.304456],[14.343598,46.304067],[14.343445,46.303789],[14.343308,46.303481],[14.343194,46.303177],[14.343119,46.302887],[14.343076,46.30256],[14.343049,46.302277],[14.343036,46.302143],[14.343063,46.301802],[14.343125,46.301515],[14.343225,46.301131],[14.343384,46.300571],[14.343459,46.30025],[14.343505,46.299798],[14.343524,46.299452],[14.343532,46.29914],[14.343558,46.298879],[14.343629,46.298538],[14.343742,46.298143],[14.343831,46.297843],[14.344251,46.296402],[14.344328,46.296127],[14.344648,46.294993],[14.34474,46.294659],[14.344832,46.294324],[14.344927,46.293965],[14.344975,46.293811],[14.345004,46.293717],[14.345037,46.293597],[14.345066,46.293487],[14.345264,46.292828],[14.345301,46.292708],[14.34541,46.292265],[14.345452,46.292003],[14.345467,46.291868],[14.34547,46.291823],[14.345468,46.291768],[14.34547,46.291657],[14.345472,46.291539],[14.345468,46.291445],[14.34543,46.291223],[14.345405,46.291118],[14.34535,46.290882],[14.34525,46.290454],[14.345207,46.2902],[14.345186,46.289966],[14.345201,46.289744],[14.345238,46.289443],[14.345328,46.289103],[14.345386,46.288937],[14.345553,46.288579],[14.345738,46.288291],[14.345929,46.288044],[14.346184,46.28775],[14.347446,46.286374],[14.348028,46.285764],[14.348826,46.284899],[14.349372,46.28431],[14.349643,46.284016],[14.35007,46.283554],[14.350101,46.283521],[14.351127,46.282411],[14.351922,46.281561],[14.352687,46.280733],[14.352842,46.28055],[14.352972,46.28038],[14.353097,46.280197],[14.35321,46.280014],[14.353359,46.279744],[14.353471,46.279505],[14.353592,46.279206],[14.35365,46.278992],[14.353678,46.278891],[14.353743,46.278535],[14.353766,46.278322],[14.353777,46.278097],[14.353774,46.277892],[14.353756,46.277707],[14.353719,46.277521],[14.353646,46.277182],[14.353557,46.27684],[14.353487,46.276634],[14.353293,46.27606],[14.3532,46.275828],[14.352997,46.275371],[14.352798,46.274976],[14.352304,46.2741],[14.351826,46.273236],[14.351753,46.273109],[14.351468,46.272612],[14.351383,46.27246],[14.350957,46.271694],[14.350904,46.271587],[14.350876,46.271523],[14.350855,46.271477],[14.350815,46.271373],[14.350789,46.27128],[14.350778,46.27119],[14.350777,46.271071],[14.350801,46.270952],[14.350913,46.270568],[14.350965,46.270402],[14.350992,46.270288],[14.35102,46.27014],[14.351028,46.27],[14.351028,46.269855],[14.351011,46.269695],[14.350965,46.269533],[14.350945,46.269459],[14.350922,46.269326],[14.350909,46.269163],[14.350929,46.269054],[14.35097,46.268912],[14.351021,46.268789],[14.351102,46.268589],[14.351179,46.268399],[14.351281,46.268015],[14.351352,46.267831],[14.35145,46.267672],[14.351507,46.26755],[14.351552,46.267457],[14.351565,46.267428],[14.35153,46.267385],[14.351513,46.267337],[14.351512,46.267281],[14.351554,46.267231],[14.351618,46.26719],[14.351701,46.267168],[14.351789,46.267169],[14.351945,46.267093],[14.352048,46.267034],[14.352182,46.266953],[14.352307,46.266857],[14.352547,46.266659],[14.352956,46.266257],[14.35321,46.266007],[14.353343,46.265862],[14.353452,46.265748],[14.353781,46.265423],[14.354061,46.265132],[14.35437,46.264836],[14.354799,46.264377],[14.355134,46.264813],[14.35534,46.265093],[14.355493,46.265343],[14.355597,46.26551],[14.355667,46.26563],[14.355737,46.26575],[14.355839,46.265928],[14.355974,46.266196],[14.35604,46.26635],[14.356072,46.266428],[14.356078,46.266443],[14.356225,46.266799],[14.35625,46.266865],[14.356406,46.267219],[14.356425,46.267257],[14.356601,46.267612],[14.356776,46.267855],[14.356963,46.268051],[14.357082,46.268163],[14.357336,46.268379],[14.357485,46.268491],[14.357613,46.268566],[14.35791,46.268738],[14.358213,46.268899],[14.358384,46.268979],[14.358613,46.269078],[14.358908,46.269192],[14.359244,46.269294],[14.359578,46.269388],[14.359886,46.269455],[14.361375,46.269712],[14.361421,46.26972],[14.361802,46.269786],[14.362252,46.269863],[14.364767,46.270312],[14.364824,46.270322],[14.364843,46.270325],[14.364993,46.27035],[14.366507,46.270597],[14.367325,46.270738],[14.368092,46.270886],[14.368503,46.270978],[14.368856,46.271065],[14.369272,46.271174],[14.369594,46.271269],[14.369836,46.271341],[14.370262,46.271465],[14.370351,46.271491],[14.370931,46.271638],[14.371289,46.271718],[14.371556,46.271755],[14.371661,46.271769],[14.372028,46.271794],[14.372425,46.271812],[14.372779,46.271804],[14.37303,46.271789],[14.373258,46.271765],[14.373643,46.271707],[14.373882,46.271649],[14.374351,46.271475],[14.375038,46.271191],[14.37574,46.270846],[14.37605,46.270703],[14.376378,46.270574],[14.376671,46.270486],[14.376956,46.270414],[14.377786,46.270243],[14.378101,46.270164],[14.378704,46.269986],[14.379339,46.269749],[14.379475,46.269696],[14.380162,46.269424],[14.38086,46.269157],[14.381695,46.268867],[14.382729,46.268575],[14.383837,46.268289],[14.384496,46.26811],[14.384596,46.268084],[14.384683,46.268059],[14.384835,46.268012],[14.385012,46.267951],[14.385169,46.267891],[14.385327,46.267819],[14.385453,46.267737],[14.385593,46.267634],[14.385651,46.267587],[14.3857,46.267536],[14.385764,46.267474],[14.385813,46.267404],[14.385895,46.267294],[14.38599,46.267131],[14.386209,46.2666],[14.386327,46.266385],[14.386428,46.266246],[14.386548,46.26611],[14.386661,46.266009],[14.386866,46.265852],[14.38703,46.265754],[14.387102,46.265712],[14.387531,46.265441],[14.387706,46.265328],[14.387821,46.265234],[14.387889,46.265174],[14.387988,46.265075],[14.388066,46.264977],[14.388156,46.264859],[14.388237,46.264717],[14.3883,46.264589],[14.388478,46.264221],[14.388552,46.264087],[14.388645,46.263954],[14.388739,46.26384],[14.388846,46.263718],[14.388969,46.263594],[14.389099,46.263483],[14.389218,46.26339],[14.389263,46.263357],[14.389302,46.26333],[14.389492,46.263195],[14.389518,46.263175],[14.389563,46.26314],[14.389923,46.262861],[14.390153,46.262685],[14.390449,46.262401],[14.390615,46.262251],[14.390761,46.262133],[14.390881,46.262058],[14.390988,46.261989],[14.391147,46.26191],[14.39129,46.261853],[14.391434,46.261797],[14.391632,46.261747],[14.39195,46.261636],[14.392199,46.261556],[14.392716,46.2614],[14.392966,46.261322],[14.393306,46.261203],[14.393721,46.260993],[14.393877,46.260902],[14.393996,46.260832],[14.394115,46.260747],[14.394161,46.260679],[14.394242,46.260559],[14.394276,46.260509],[14.394238,46.260463],[14.394214,46.260413],[14.394207,46.26036],[14.394216,46.260307],[14.394241,46.260257],[14.394282,46.260212],[14.394355,46.260164],[14.394445,46.260131],[14.394552,46.260118],[14.39466,46.260127],[14.394758,46.260159],[14.394834,46.260205],[14.394887,46.260264],[14.394911,46.260317],[14.394917,46.260373],[14.394904,46.260428],[14.394875,46.260479],[14.394909,46.26054],[14.395049,46.260783],[14.395294,46.260995],[14.395475,46.261175],[14.39579,46.261445],[14.396193,46.261764],[14.397004,46.262305],[14.397597,46.26266],[14.398203,46.262966],[14.398598,46.263143],[14.399131,46.263366],[14.399551,46.263529],[14.400166,46.263747],[14.400742,46.263952],[14.401195,46.264092],[14.401647,46.264243],[14.402554,46.264548],[14.403229,46.264792],[14.403958,46.265084],[14.404687,46.265405],[14.405225,46.265713],[14.405828,46.266018],[14.406258,46.266225],[14.406351,46.266269],[14.406579,46.266396],[14.406663,46.266438],[14.406756,46.266481],[14.407437,46.266772],[14.407666,46.266859],[14.408345,46.267092],[14.408582,46.267165],[14.408735,46.267206],[14.409265,46.267337],[14.409517,46.26739],[14.410076,46.267507],[14.411028,46.26764],[14.412052,46.26772],[14.413008,46.26775],[14.413446,46.267753],[14.413564,46.267761],[14.41375,46.267767],[14.413978,46.267781],[14.414162,46.267793],[14.414241,46.267799],[14.41463,46.267815],[14.415015,46.267838],[14.415349,46.267858],[14.41567,46.267893],[14.415791,46.267909],[14.416114,46.267944],[14.416276,46.26797],[14.41658,46.268026],[14.416776,46.268068],[14.417128,46.268149],[14.417331,46.268205],[14.417564,46.268279],[14.417967,46.268415],[14.418096,46.268469],[14.418185,46.268507],[14.418315,46.268564],[14.418485,46.268641],[14.418662,46.268727],[14.418887,46.268844],[14.419207,46.269041],[14.419443,46.269202],[14.4197,46.269389],[14.419962,46.26962],[14.420242,46.269894],[14.420495,46.2702],[14.420677,46.270446],[14.420782,46.270613],[14.42084,46.270667],[14.420942,46.270814],[14.420991,46.270878],[14.421013,46.270896],[14.421042,46.27091],[14.421076,46.270918],[14.421108,46.270931],[14.421136,46.270948],[14.421163,46.270973],[14.421181,46.271001],[14.42119,46.271031],[14.421188,46.271063],[14.421177,46.27109],[14.421158,46.271116],[14.421132,46.271138],[14.421124,46.271173],[14.421124,46.271207],[14.421129,46.271253],[14.421153,46.271414],[14.421134,46.271466],[14.421193,46.271688],[14.421242,46.271978],[14.421285,46.272356],[14.421312,46.273488],[14.421352,46.274074],[14.421416,46.274512],[14.421512,46.274951],[14.421572,46.275166],[14.421696,46.275577],[14.421846,46.275982],[14.422063,46.2765],[14.422397,46.277217],[14.422665,46.277756],[14.422764,46.277952],[14.422904,46.278217],[14.423006,46.27841],[14.423061,46.278521],[14.423112,46.278624],[14.423169,46.278725],[14.423244,46.278879],[14.42346,46.279317],[14.423682,46.279757],[14.423879,46.280155],[14.423939,46.280199],[14.424012,46.280308],[14.424042,46.280355],[14.424069,46.28038],[14.42413,46.280411],[14.424181,46.280422],[14.424226,46.280442],[14.424258,46.280465],[14.424283,46.280492],[14.424299,46.280523],[14.424305,46.280555],[14.424301,46.280587],[14.424285,46.28062],[14.424259,46.28065],[14.424243,46.2807],[14.424242,46.28073],[14.424251,46.280775],[14.424281,46.280963],[14.424524,46.281439],[14.424663,46.281752],[14.424737,46.281927],[14.424946,46.28241],[14.425055,46.282675],[14.42513,46.282855],[14.425202,46.283045],[14.425264,46.283219],[14.425386,46.283555],[14.425759,46.28474],[14.425862,46.285082],[14.426037,46.285675],[14.426038,46.285679],[14.426181,46.286106],[14.426377,46.28673],[14.42657,46.287185],[14.42657,46.287185],[14.426729,46.287499],[14.426801,46.287625],[14.426911,46.287816],[14.426993,46.287937],[14.426952,46.288003],[14.426861,46.288038],[14.42673,46.288067],[14.426612,46.288075],[14.426424,46.288098],[14.426638,46.28801],[14.426789,46.287951],[14.426851,46.287888],[14.426911,46.287816],[14.426801,46.287625],[14.426729,46.287499],[14.42657,46.287185],[14.426377,46.28673],[14.426181,46.286106],[14.426038,46.285679],[14.426037,46.285675],[14.425862,46.285082],[14.425759,46.28474],[14.425386,46.283555],[14.425264,46.283219],[14.425202,46.283045],[14.42513,46.282855],[14.425055,46.282675],[14.424946,46.28241],[14.424737,46.281927],[14.424663,46.281752],[14.424524,46.281439],[14.424281,46.280963],[14.424152,46.280795],[14.424147,46.280788],[14.424099,46.28074],[14.424032,46.280703],[14.423997,46.280694],[14.423965,46.280682],[14.423936,46.280665],[14.423907,46.280641],[14.423886,46.280613],[14.423874,46.280583],[14.423871,46.280552],[14.423878,46.28052],[14.423891,46.280494],[14.423912,46.28047],[14.423927,46.280444],[14.423932,46.280413],[14.423912,46.280329],[14.423874,46.280213],[14.423879,46.280155],[14.423682,46.279757],[14.42346,46.279317],[14.423244,46.278879],[14.423169,46.278725],[14.423112,46.278624],[14.423061,46.278521],[14.423006,46.27841],[14.422904,46.278217],[14.422764,46.277952],[14.422665,46.277756],[14.422397,46.277217],[14.422063,46.2765],[14.421846,46.275982],[14.421696,46.275577],[14.421572,46.275166],[14.421512,46.274951],[14.421416,46.274512],[14.421352,46.274074],[14.421312,46.273488],[14.421285,46.272356],[14.421242,46.271978],[14.421193,46.271688],[14.421134,46.271466],[14.421091,46.271423],[14.421025,46.271268],[14.42101,46.271236],[14.420988,46.271205],[14.42097,46.271188],[14.420935,46.271171],[14.420887,46.271155],[14.420846,46.271131],[14.420799,46.271131],[14.420695,46.271137],[14.420638,46.271143],[14.420491,46.271163],[14.420365,46.271169],[14.419914,46.271289],[14.419411,46.271438],[14.41832,46.271688],[14.417828,46.271828],[14.417655,46.271864],[14.417613,46.271873],[14.417577,46.271799],[14.417482,46.271686],[14.417332,46.271554],[14.417125,46.271371],[14.417052,46.271307],[14.416899,46.271172],[14.416759,46.271045],[14.416669,46.270963],[14.416559,46.270827],[14.416461,46.270707],[14.416405,46.270628],[14.416333,46.270562],[14.416473,46.270478],[14.416854,46.270298],[14.417009,46.270203],[14.417114,46.270115],[14.417287,46.269946],[14.417596,46.269565],[14.417793,46.269334],[14.41785,46.269284],[14.417896,46.269255],[14.417976,46.269206],[14.418044,46.269174],[14.418177,46.269121],[14.418344,46.269059],[14.418532,46.268979],[14.418666,46.268888],[14.418759,46.26882],[14.418824,46.268757],[14.418896,46.268666],[14.418995,46.268444],[14.419026,46.268289],[14.419075,46.267563],[14.419082,46.267484],[14.419089,46.267399],[14.419095,46.26727],[14.419097,46.267197],[14.419108,46.267038],[14.419108,46.266909],[14.419104,46.266765],[14.419071,46.266517],[14.419005,46.266249],[14.418969,46.266035],[14.41895,46.265885],[14.418943,46.265716],[14.418943,46.265543],[14.418956,46.265402],[14.418986,46.265143],[14.419019,46.264906],[14.419038,46.264672],[14.419039,46.264462],[14.419018,46.264275],[14.418986,46.264109],[14.418921,46.263862],[14.41885,46.263616],[14.418746,46.263237],[14.418706,46.263089],[14.418672,46.262931],[14.418643,46.262767],[14.418623,46.262628],[14.418596,46.262398],[14.418565,46.26205],[14.418525,46.261594],[14.418456,46.260735],[14.418338,46.259214],[14.41831,46.25899],[14.418263,46.25875],[14.418238,46.258588],[14.418226,46.258501],[14.418216,46.258305],[14.418222,46.258171],[14.418235,46.258018],[14.418253,46.257885],[14.4183,46.257648],[14.418345,46.257408],[14.418411,46.257165],[14.418527,46.256817],[14.418654,46.256441],[14.418744,46.256141],[14.418786,46.25599],[14.418885,46.255595],[14.418994,46.255244],[14.419125,46.254892],[14.419223,46.254653],[14.419602,46.253766],[14.419659,46.253586],[14.419699,46.253432],[14.419728,46.253288],[14.419751,46.253142],[14.419782,46.252917],[14.419809,46.252737],[14.419843,46.252578],[14.419879,46.252453],[14.419959,46.252211],[14.420092,46.251794],[14.420155,46.251553],[14.42021,46.251339],[14.420244,46.251212],[14.420292,46.251033],[14.420394,46.250525],[14.420416,46.25022],[14.420414,46.250147],[14.420412,46.250067],[14.420403,46.249888],[14.420362,46.24961],[14.420358,46.249591],[14.420318,46.249444],[14.420286,46.249334],[14.420208,46.249115],[14.420149,46.248892],[14.42014,46.24882],[14.420123,46.248686],[14.420122,46.248564],[14.420127,46.248449],[14.420132,46.248249],[14.420094,46.247857],[14.420082,46.247725],[14.420081,46.247615],[14.420092,46.247556],[14.420111,46.247508],[14.420127,46.247477],[14.420138,46.247452],[14.420257,46.247157],[14.4203,46.247036],[14.420303,46.246917],[14.420295,46.246792],[14.42028,46.246652],[14.420237,46.246328],[14.420156,46.245912],[14.420048,46.245515],[14.419909,46.245054],[14.419825,46.244809],[14.419723,46.244574],[14.419599,46.244288],[14.419371,46.243763],[14.419342,46.243694],[14.419318,46.243631],[14.419238,46.243435],[14.4192,46.243417],[14.419162,46.243379],[14.419116,46.243344],[14.419096,46.243336],[14.41908,46.243325],[14.41906,46.243305],[14.419048,46.243285],[14.419049,46.24326],[14.419055,46.243239],[14.419072,46.243221],[14.419105,46.243202],[14.419121,46.243196],[14.419139,46.243195],[14.419191,46.243157],[14.419235,46.243105],[14.419269,46.243074],[14.419273,46.243062],[14.419329,46.242847],[14.419342,46.242776],[14.419353,46.242617],[14.419352,46.242413],[14.419349,46.242276],[14.419348,46.242222],[14.419346,46.242179],[14.419345,46.242159],[14.419334,46.241983],[14.419281,46.241303],[14.419253,46.24087],[14.419239,46.240629],[14.41924,46.240379],[14.419249,46.240042],[14.419271,46.239743],[14.419282,46.239529],[14.419284,46.239454],[14.419282,46.239162],[14.419273,46.239027],[14.419243,46.238819],[14.419237,46.238774],[14.419177,46.238478],[14.419133,46.238314],[14.419121,46.238284],[14.41906,46.238099],[14.419026,46.238013],[14.418829,46.237506],[14.418777,46.237364],[14.418732,46.237224],[14.418692,46.237175],[14.418648,46.237067],[14.418614,46.237017],[14.418574,46.236979],[14.41852,46.236943],[14.418495,46.236934],[14.418472,46.236922],[14.418435,46.236897],[14.418406,46.236868],[14.418386,46.236835],[14.418375,46.2368],[14.418375,46.236764],[14.418385,46.236729],[14.418404,46.236696],[14.41843,46.236669],[14.418461,46.236646],[14.418498,46.236627],[14.418541,46.236612],[14.418586,46.236603],[14.418633,46.2366],[14.418679,46.236603],[14.418725,46.236611],[14.418768,46.236625],[14.418795,46.236638],[14.41882,46.236652],[14.418932,46.236681],[14.41903,46.236694],[14.419805,46.23668],[14.420037,46.236702],[14.420542,46.236671],[14.42119,46.236621],[14.421834,46.236588],[14.42261,46.236543],[14.424953,46.236485],[14.426869,46.236449],[14.427784,46.236438],[14.429021,46.236395],[14.429966,46.236362],[14.430883,46.236312],[14.431901,46.236244],[14.432265,46.236144],[14.4323,46.236124],[14.432345,46.236108],[14.432395,46.236104],[14.432443,46.236113],[14.432485,46.23613],[14.432802,46.236179],[14.433948,46.236093],[14.435116,46.23599],[14.436109,46.235883],[14.436454,46.235844],[14.436922,46.235788],[14.437792,46.235679],[14.438831,46.235542],[14.4393,46.23548],[14.439976,46.23541],[14.44046,46.235365],[14.442076,46.235229],[14.442725,46.235175],[14.443077,46.235149],[14.443902,46.235084],[14.444554,46.235037],[14.444996,46.235017],[14.445333,46.235008],[14.445571,46.235007],[14.445851,46.235011],[14.44603,46.235016],[14.446239,46.235025],[14.446601,46.235049],[14.446808,46.235067],[14.44709,46.235096],[14.447378,46.235132],[14.447681,46.235177],[14.447941,46.235222],[14.448142,46.235257],[14.448301,46.235289],[14.448501,46.235331],[14.449397,46.235549],[14.450324,46.235779],[14.450589,46.235842],[14.450685,46.235847],[14.45078,46.235854],[14.450839,46.235861],[14.4509,46.235867],[14.450942,46.235871],[14.450984,46.23587],[14.451,46.235868],[14.451026,46.235865],[14.45107,46.235857],[14.451124,46.235841],[14.451213,46.235815],[14.451281,46.23579],[14.451357,46.235777],[14.451427,46.235772],[14.451483,46.235776],[14.451532,46.235786],[14.451575,46.235802],[14.451597,46.235816],[14.45163,46.235842],[14.451668,46.235879],[14.451703,46.235935],[14.451736,46.235966],[14.45176,46.235985],[14.451788,46.236001],[14.45182,46.236017],[14.451854,46.23603],[14.451896,46.236043],[14.45195,46.236056],[14.452024,46.236072],[14.452116,46.23609],[14.452229,46.236119],[14.45269,46.236164],[14.453139,46.236189],[14.453635,46.236202],[14.454089,46.236197],[14.454467,46.236183],[14.454922,46.236151],[14.455351,46.236107],[14.455771,46.23605],[14.456206,46.235978],[14.456568,46.235909],[14.456938,46.235825],[14.457283,46.235736],[14.45757,46.235654],[14.457835,46.235571],[14.458155,46.235464],[14.458497,46.235336],[14.458728,46.235239],[14.458994,46.235127],[14.459231,46.235019],[14.459438,46.23492],[14.459502,46.234867],[14.459575,46.234819],[14.459644,46.234777],[14.459692,46.234746],[14.459727,46.23472],[14.459737,46.234713],[14.459767,46.234689],[14.459812,46.23465],[14.459838,46.234621],[14.459861,46.234587],[14.459881,46.234547],[14.459887,46.234515],[14.459897,46.234484],[14.45991,46.234457],[14.459931,46.23443],[14.459952,46.234409],[14.459978,46.234389],[14.460004,46.234373],[14.460038,46.234358],[14.460076,46.234345],[14.460116,46.234335],[14.460127,46.234334],[14.460154,46.23433],[14.46019,46.234329],[14.460229,46.234333],[14.460287,46.234343],[14.460344,46.23436],[14.46039,46.234359],[14.460422,46.234357],[14.460456,46.234353],[14.460485,46.234345],[14.460496,46.234342],[14.460516,46.234335],[14.460573,46.234314],[14.460631,46.234291],[14.460675,46.234272],[14.460728,46.234249],[14.460781,46.234224],[14.46084,46.234193],[14.460906,46.234162],[14.46102,46.234124],[14.462114,46.233562],[14.463051,46.233084],[14.463079,46.233069],[14.463659,46.232777],[14.463864,46.232681],[14.464083,46.23258],[14.464371,46.232461],[14.464632,46.232357],[14.464952,46.23224],[14.465188,46.232161],[14.465416,46.232089],[14.465626,46.232026],[14.465939,46.231939],[14.466187,46.231877],[14.466482,46.231809],[14.466751,46.231752],[14.466995,46.231706],[14.467186,46.231672],[14.467418,46.231634],[14.467764,46.231587],[14.468045,46.231555],[14.468301,46.231531],[14.468532,46.231511],[14.468712,46.2315],[14.468949,46.231487],[14.46921,46.231477],[14.469458,46.231472],[14.469598,46.231471],[14.469643,46.23147],[14.469788,46.23146],[14.469902,46.231454],[14.469977,46.231451],[14.470039,46.231447],[14.470092,46.231441],[14.470132,46.231434],[14.47017,46.231423],[14.470227,46.2314],[14.470265,46.231368],[14.470313,46.231343],[14.470368,46.231327],[14.470397,46.231324],[14.470428,46.23132],[14.470488,46.231323],[14.470545,46.231336],[14.470596,46.231358],[14.470638,46.231388],[14.470669,46.231423],[14.470702,46.231443],[14.470736,46.231459],[14.47078,46.231472],[14.470831,46.231482],[14.470887,46.231491],[14.470952,46.231499],[14.471021,46.231506],[14.471126,46.231529],[14.471342,46.23154],[14.471677,46.231553],[14.472008,46.231555],[14.472309,46.231552],[14.472379,46.231552],[14.472643,46.231542],[14.472916,46.231527],[14.47323,46.231502],[14.47358,46.231465],[14.473894,46.231425],[14.474331,46.231361],[14.475127,46.231236],[14.476783,46.230967],[14.478477,46.230689],[14.480183,46.230409],[14.480925,46.230286],[14.481168,46.230243],[14.481374,46.230204],[14.48155,46.230167],[14.481748,46.23012],[14.481897,46.230082],[14.482054,46.230036],[14.482263,46.229971],[14.482402,46.22992],[14.482552,46.229859],[14.482727,46.229777],[14.482835,46.229721],[14.482939,46.22966],[14.483085,46.229567],[14.483234,46.229464],[14.483493,46.22926],[14.483644,46.229142],[14.483926,46.228893],[14.484038,46.228812],[14.48412,46.228754],[14.484235,46.228679],[14.48441,46.228518],[14.484389,46.228482],[14.484381,46.228443],[14.484386,46.228413],[14.484399,46.228383],[14.484418,46.228358],[14.484443,46.228336],[14.484489,46.228311],[14.484543,46.228295],[14.484601,46.228289],[14.484659,46.228293],[14.484726,46.228314],[14.484781,46.228348],[14.48491,46.228324],[14.485057,46.228296],[14.485194,46.228211],[14.485507,46.228027],[14.485697,46.227925],[14.485949,46.227802],[14.486406,46.227551],[14.486831,46.227329],[14.487184,46.227146],[14.48775,46.22683],[14.488075,46.226651],[14.488517,46.226439],[14.489107,46.226128],[14.4897,46.225835],[14.490117,46.225648],[14.490461,46.225514],[14.491345,46.225217],[14.491493,46.225164],[14.491694,46.225093],[14.492222,46.224901],[14.493686,46.224368],[14.494598,46.22399],[14.495397,46.223602],[14.495937,46.223308],[14.496158,46.223178],[14.496853,46.222744],[14.49743,46.222341],[14.497935,46.22193],[14.498343,46.221562],[14.498741,46.221177],[14.49892,46.220981],[14.499491,46.220332],[14.500029,46.21965],[14.500309,46.219295],[14.500542,46.219027],[14.500746,46.218819],[14.50092,46.218642],[14.501214,46.218365],[14.501741,46.21791],[14.501812,46.217849],[14.502264,46.21744],[14.502661,46.217075],[14.503454,46.216377],[14.503808,46.216089],[14.504048,46.215915],[14.504467,46.215629],[14.504714,46.215461],[14.504817,46.215404],[14.504862,46.215379],[14.504899,46.215358],[14.504958,46.215324],[14.505339,46.215095],[14.505851,46.214824],[14.5064,46.214534],[14.507106,46.214153],[14.507555,46.21391],[14.508747,46.213272],[14.509285,46.212982],[14.509561,46.212816],[14.510122,46.212437],[14.510548,46.212108],[14.510842,46.211838],[14.511097,46.211566],[14.511364,46.21127],[14.511647,46.210975],[14.511758,46.210867],[14.511869,46.210773],[14.511975,46.210693],[14.512098,46.210608],[14.512233,46.210528],[14.512294,46.210493],[14.512388,46.210448],[14.512508,46.210398],[14.512741,46.210312],[14.512974,46.210238],[14.513211,46.21018],[14.513685,46.210081],[14.51375,46.210068],[14.514034,46.210007],[14.51425,46.209958],[14.514539,46.209882],[14.514805,46.209795],[14.51517,46.209651],[14.515995,46.209313],[14.516649,46.209035],[14.516842,46.208947],[14.517023,46.208856],[14.517325,46.208703],[14.517981,46.208344],[14.51835,46.208136],[14.51919,46.207663],[14.519696,46.207395],[14.520149,46.207166],[14.520511,46.206998],[14.521155,46.206707],[14.521953,46.206331],[14.522526,46.206072],[14.523312,46.205702],[14.523734,46.2055],[14.524328,46.205232],[14.524606,46.205105],[14.525447,46.204717],[14.526587,46.2042],[14.527104,46.203962],[14.527763,46.203665],[14.528173,46.203486],[14.528599,46.203303],[14.529612,46.20289],[14.530937,46.202356],[14.53137,46.202172],[14.5319,46.201957],[14.532182,46.201849],[14.532312,46.201799],[14.532558,46.201716],[14.532933,46.201583],[14.533875,46.201241],[14.534122,46.201145],[14.534581,46.200961],[14.535159,46.200694],[14.535549,46.2005],[14.536025,46.200266],[14.536528,46.200025],[14.536847,46.199869],[14.537305,46.199624],[14.537572,46.199464],[14.537601,46.199447],[14.537998,46.199157],[14.538171,46.199023],[14.538458,46.198763],[14.53864,46.198582],[14.53867,46.198553],[14.538781,46.198442],[14.539169,46.198107],[14.539217,46.198066],[14.539301,46.198],[14.539407,46.197916],[14.539766,46.197669],[14.54,46.197521],[14.540277,46.197352],[14.540645,46.197147],[14.541041,46.196917],[14.541882,46.196453],[14.542123,46.196312],[14.542811,46.195912],[14.543186,46.195705],[14.543444,46.195551],[14.543604,46.195438],[14.543793,46.195303],[14.543698,46.195295],[14.543549,46.195285],[14.543345,46.195277],[14.543177,46.195278],[14.542971,46.19527],[14.54283,46.195263],[14.542684,46.195252],[14.542684,46.195252],[14.542504,46.195232],[14.542277,46.195192],[14.542109,46.195143],[14.542074,46.195134],[14.541927,46.195087],[14.541515,46.194974],[14.541225,46.194901],[14.541047,46.194856],[14.540801,46.194808],[14.540581,46.194766],[14.540118,46.194689],[14.539594,46.194619],[14.539232,46.194576],[14.538935,46.194553],[14.538524,46.194525],[14.537846,46.194481],[14.537728,46.194473],[14.537877,46.194175],[14.537922,46.19407],[14.537942,46.193987],[14.537959,46.193886],[14.53794,46.193716],[14.537924,46.19354],[14.537896,46.193276],[14.537844,46.193079],[14.537773,46.192823],[14.53772,46.192618],[14.537587,46.19264],[14.537507,46.192671],[14.537419,46.192699],[14.537228,46.192703],[14.537099,46.192715],[14.536762,46.192688],[14.536619,46.192645],[14.536556,46.192601],[14.536473,46.192576],[14.535953,46.192518],[14.535746,46.192921],[14.535599,46.193258],[14.535554,46.193371],[14.535528,46.193472],[14.535489,46.193586],[14.535482,46.193751],[14.535451,46.194092],[14.535406,46.194363],[14.536551,46.194421],[14.537106,46.19445],[14.537728,46.194473],[14.537846,46.194481],[14.538524,46.194525],[14.538935,46.194553],[14.539232,46.194576],[14.539594,46.194619],[14.540118,46.194689],[14.540581,46.194766],[14.540801,46.194808],[14.541047,46.194856],[14.541225,46.194901],[14.541515,46.194974],[14.541927,46.195087],[14.542074,46.195134],[14.542109,46.195143],[14.542277,46.195192],[14.542504,46.195232],[14.542684,46.195252],[14.54283,46.195263],[14.542971,46.19527],[14.543177,46.195278],[14.543345,46.195277],[14.543549,46.195285],[14.543698,46.195295],[14.543793,46.195303],[14.543938,46.195311],[14.544113,46.195325],[14.544211,46.195326],[14.544282,46.195315],[14.544345,46.195291],[14.544429,46.195258],[14.544537,46.195203],[14.544678,46.195156],[14.544929,46.195097],[14.545225,46.195029],[14.545518,46.19498],[14.545893,46.19494],[14.546247,46.194898],[14.546542,46.19485],[14.54709,46.194743],[14.54715,46.194733],[14.54728,46.194711],[14.547427,46.194714],[14.547519,46.19473],[14.547605,46.194752],[14.547741,46.194809],[14.547862,46.194868],[14.547994,46.194926],[14.548124,46.194965],[14.548219,46.194982],[14.548322,46.194985],[14.548466,46.19498],[14.548696,46.194962],[14.548808,46.194959],[14.548891,46.19496],[14.548984,46.194981],[14.549097,46.195033],[14.549293,46.195166],[14.549484,46.195299],[14.54964,46.195402],[14.549833,46.195485],[14.550003,46.195536],[14.55016,46.195575],[14.550324,46.195604],[14.550416,46.195616],[14.551064,46.195683],[14.552473,46.195833],[14.552979,46.195892],[14.553154,46.195921],[14.553247,46.195943],[14.553324,46.195968],[14.55346,46.196018],[14.553579,46.196072],[14.553769,46.19617],[14.55395,46.196262],[14.55405,46.196306],[14.554142,46.196339],[14.554284,46.196374],[14.554427,46.196404],[14.554598,46.196425],[14.554808,46.196432],[14.556124,46.196434],[14.557429,46.196446],[14.557931,46.196461],[14.558522,46.196491],[14.559134,46.196544],[14.559542,46.196579],[14.559808,46.196618],[14.560073,46.196676],[14.560408,46.196761],[14.560782,46.196862],[14.56123,46.196982],[14.561828,46.19713],[14.562482,46.197273],[14.562968,46.197373],[14.563415,46.197462],[14.563589,46.197499],[14.563664,46.197515],[14.564063,46.197597],[14.564575,46.197703],[14.564961,46.197781],[14.56519,46.197829],[14.565295,46.197853],[14.565409,46.197875],[14.56577,46.197955],[14.56602,46.198026],[14.566238,46.198101],[14.566408,46.198164],[14.566533,46.198212],[14.566964,46.198384],[14.567224,46.198485],[14.567308,46.198519],[14.567444,46.198572],[14.56769,46.198665],[14.567912,46.198744],[14.568084,46.198797],[14.568236,46.198839],[14.568459,46.198891],[14.568734,46.198948],[14.569065,46.199015],[14.569414,46.199089],[14.569646,46.199136],[14.570065,46.199213],[14.570383,46.199269],[14.570788,46.19934],[14.571217,46.199427],[14.571508,46.199497],[14.571759,46.199561],[14.572047,46.199641],[14.572306,46.199722],[14.572506,46.199787],[14.572715,46.199863],[14.5729,46.199938],[14.573041,46.200009],[14.573168,46.200083],[14.573279,46.200167],[14.573401,46.200279],[14.573505,46.200383],[14.573661,46.200569],[14.573808,46.200732],[14.574006,46.200902],[14.57433,46.201165],[14.574421,46.201246],[14.574526,46.201351],[14.574647,46.201482],[14.574906,46.20178],[14.575314,46.202261],[14.575501,46.202459],[14.575612,46.20256],[14.575727,46.202658],[14.575883,46.202763],[14.57592,46.202798],[14.575955,46.202779],[14.575996,46.202764],[14.576046,46.202757],[14.576108,46.202764],[14.57615,46.202778],[14.576191,46.202718],[14.576262,46.202648],[14.57636,46.202569],[14.576447,46.202517],[14.576575,46.202453],[14.57685,46.202339],[14.57715,46.202223],[14.57749,46.202101],[14.577887,46.201965],[14.578546,46.201764],[14.578952,46.201633],[14.579408,46.201469],[14.57975,46.201356],[14.580206,46.201196],[14.580587,46.201062],[14.581086,46.200915],[14.581712,46.200728],[14.582924,46.200345],[14.583816,46.200066],[14.58472,46.199774],[14.585012,46.199687],[14.585373,46.199584],[14.585729,46.199486],[14.585898,46.199442],[14.586047,46.199408],[14.586147,46.19939],[14.586321,46.199357],[14.586502,46.199328],[14.58745,46.199207],[14.587869,46.199153],[14.588137,46.199118],[14.58893,46.19902],[14.589103,46.198999],[14.589284,46.198972],[14.589608,46.198915],[14.589913,46.198841],[14.590078,46.198801],[14.590242,46.198755],[14.590612,46.198659],[14.590809,46.198608],[14.591147,46.198518],[14.591288,46.198475],[14.591635,46.198371],[14.591738,46.198327],[14.591801,46.198274],[14.591894,46.198194],[14.592142,46.198322],[14.592444,46.198421],[14.59283,46.198519],[14.59316,46.198571],[14.593417,46.198614],[14.593578,46.19864],[14.593608,46.198577],[14.593663,46.198522],[14.59374,46.198481],[14.59383,46.198458],[14.593935,46.198456],[14.594036,46.198477],[14.594121,46.19852],[14.594182,46.198579],[14.59493,46.19851],[14.595583,46.198448],[14.595921,46.198422],[14.596035,46.198412],[14.596185,46.198401],[14.59667,46.198372],[14.597051,46.19836],[14.597384,46.198358],[14.597588,46.198372],[14.597877,46.1984],[14.598142,46.198444],[14.598376,46.198492],[14.598476,46.198512],[14.598741,46.198584],[14.598959,46.198655],[14.59924,46.198763],[14.599559,46.198915],[14.59984,46.199084],[14.599991,46.19915],[14.600217,46.199319],[14.600375,46.199462],[14.600559,46.199648],[14.600633,46.199727],[14.600731,46.199841],[14.600763,46.199844],[14.600792,46.199854],[14.600816,46.199869],[14.600833,46.199888],[14.600841,46.199909],[14.60084,46.199932],[14.600829,46.199953],[14.600848,46.200006],[14.600962,46.200212],[14.601238,46.200677],[14.601359,46.200891],[14.601463,46.201076],[14.601641,46.201423],[14.602138,46.202256],[14.602462,46.202828],[14.60305,46.203817],[14.603575,46.204723],[14.603769,46.205076],[14.603921,46.205347],[14.60404,46.205555],[14.604239,46.205781],[14.604335,46.205853],[14.604366,46.205855],[14.604414,46.20587],[14.604466,46.205901],[14.60449,46.205927],[14.604506,46.205957],[14.60451,46.206004],[14.604492,46.206046],[14.604453,46.206086],[14.604468,46.206191],[14.604602,46.206512],[14.605079,46.207342],[14.605297,46.207707],[14.605511,46.207998],[14.605671,46.208185],[14.605931,46.208476],[14.606184,46.208717],[14.606379,46.208885],[14.606561,46.209038],[14.606897,46.209321],[14.607281,46.209674],[14.607669,46.210103],[14.607806,46.210273],[14.607845,46.210335],[14.607982,46.210533],[14.608139,46.210818],[14.60825,46.211078],[14.608409,46.211528],[14.608442,46.211678],[14.608477,46.211997],[14.608497,46.212215],[14.608488,46.213083],[14.608486,46.213247],[14.608482,46.213387],[14.608471,46.213719],[14.608469,46.213801],[14.60847,46.213864],[14.608471,46.213973],[14.608476,46.214373],[14.608495,46.215298],[14.608506,46.215414],[14.608557,46.215735],[14.608629,46.21605],[14.608802,46.216537],[14.608959,46.216914],[14.609311,46.217488],[14.609462,46.217692],[14.609708,46.218026],[14.609877,46.218245],[14.610038,46.218518],[14.610132,46.218727],[14.610193,46.218915],[14.61024,46.219212],[14.61024,46.219368],[14.610256,46.219811],[14.610287,46.220136],[14.610368,46.22046],[14.610419,46.220624],[14.610453,46.22071],[14.610488,46.220799],[14.610629,46.221111],[14.610809,46.221412],[14.611056,46.221705],[14.611258,46.221909],[14.611503,46.222127],[14.611854,46.222404],[14.612153,46.22265],[14.612475,46.222919],[14.613011,46.223379],[14.61352,46.223873],[14.613703,46.224074],[14.614087,46.224599],[14.614482,46.225136],[14.614631,46.22533],[14.614702,46.225423],[14.614839,46.225558],[14.614989,46.225714],[14.615077,46.225783],[14.615161,46.225841],[14.615325,46.225929],[14.61548,46.226003],[14.615527,46.226024],[14.615504,46.226078],[14.61549,46.226117],[14.615403,46.226309],[14.61534,46.226449],[14.615286,46.226568],[14.61515,46.226926],[14.614728,46.228015],[14.614514,46.228467],[14.614477,46.228543],[14.614432,46.228622],[14.614193,46.229039],[14.613972,46.229343],[14.61388,46.22947],[14.613688,46.229724],[14.613441,46.230046],[14.613324,46.230201],[14.613226,46.230364],[14.613186,46.23045],[14.613159,46.2305],[14.613103,46.230552],[14.613037,46.230582],[14.612936,46.230589],[14.612044,46.23059],[14.611978,46.230591],[14.611912,46.230591],[14.611533,46.230599],[14.611151,46.230598],[14.611142,46.230646],[14.61111,46.230688],[14.611059,46.230721],[14.610996,46.230741],[14.610927,46.230745],[14.610911,46.230835],[14.610891,46.230941],[14.610772,46.231283],[14.610703,46.231453],[14.610366,46.232073],[14.609965,46.232787],[14.609799,46.233103],[14.609703,46.233305],[14.609653,46.233465],[14.609608,46.233664],[14.609547,46.23404],[14.609492,46.234389],[14.609462,46.234626],[14.60942,46.234776],[14.609334,46.234964],[14.609227,46.235146],[14.60912,46.235303],[14.609017,46.235429],[14.608865,46.235585],[14.608659,46.235762],[14.608089,46.236228],[14.606254,46.237712],[14.606049,46.23789],[14.605881,46.238066],[14.605727,46.23826],[14.605692,46.238312],[14.605627,46.238409],[14.605496,46.238645],[14.605217,46.239269],[14.604802,46.240262],[14.604686,46.240549],[14.604606,46.240779],[14.604566,46.241015],[14.604566,46.241238],[14.604607,46.2418],[14.604643,46.242212],[14.604709,46.242719],[14.604711,46.242885],[14.604698,46.243032],[14.604672,46.243114],[14.604613,46.243261],[14.604538,46.243384],[14.604464,46.243462],[14.604364,46.243541],[14.604203,46.243651],[14.604044,46.243726],[14.603844,46.243791],[14.603532,46.243917],[14.603293,46.244026],[14.603149,46.244098],[14.602949,46.244223],[14.602923,46.244247],[14.602881,46.244285],[14.602794,46.244375],[14.602706,46.244499],[14.602581,46.244697],[14.602492,46.244809],[14.602243,46.245092],[14.601821,46.245576],[14.601746,46.245677],[14.601687,46.2458],[14.601655,46.245933],[14.601641,46.246363],[14.601644,46.246725],[14.601657,46.246914],[14.601698,46.247124],[14.601733,46.247298],[14.60177,46.247461],[14.601996,46.24833],[14.602042,46.248521],[14.602082,46.24868],[14.602111,46.248853],[14.602159,46.249071],[14.602168,46.249237],[14.602148,46.249433],[14.602109,46.249608],[14.602026,46.249928],[14.601991,46.250059],[14.601946,46.250227],[14.601908,46.25041],[14.601888,46.250557],[14.601884,46.25071],[14.601891,46.250898],[14.6019,46.251097],[14.601921,46.25139],[14.602001,46.252053],[14.602048,46.252399],[14.60209,46.252734],[14.602118,46.25296],[14.602124,46.253132],[14.602093,46.253553],[14.602088,46.253637],[14.6021,46.25378],[14.602116,46.253865],[14.602148,46.253959],[14.602197,46.25406],[14.602274,46.254197],[14.602394,46.254366],[14.602664,46.254747],[14.602731,46.254838],[14.602925,46.255106],[14.603357,46.255713],[14.603572,46.256029],[14.603658,46.256185],[14.60371,46.256314],[14.603756,46.256468],[14.603783,46.256657],[14.603776,46.256851],[14.603749,46.256989],[14.603704,46.257176],[14.603689,46.257222],[14.603665,46.257301],[14.603608,46.257485],[14.603549,46.257674],[14.603485,46.257873],[14.603469,46.25794],[14.603483,46.258065],[14.603501,46.25815],[14.603557,46.258261],[14.603714,46.258453],[14.603938,46.258688],[14.603982,46.258733],[14.604064,46.258859],[14.604136,46.258951],[14.604234,46.259102],[14.604314,46.259272],[14.604395,46.259425],[14.604541,46.259593],[14.604695,46.259732],[14.604855,46.259882],[14.604917,46.259953],[14.605017,46.260073],[14.605074,46.260154],[14.605118,46.260258],[14.605149,46.260361],[14.605157,46.260493],[14.605137,46.26062],[14.605069,46.260806],[14.604978,46.26101],[14.604906,46.261159],[14.604796,46.261369],[14.604633,46.261672],[14.60457,46.261795],[14.604477,46.262003],[14.604347,46.262447],[14.604286,46.26264],[14.60421,46.262816],[14.604114,46.262962],[14.604106,46.262975],[14.60398,46.263124],[14.603569,46.263601],[14.603342,46.26388],[14.603182,46.264107],[14.603087,46.264273],[14.603031,46.26442],[14.602973,46.26464],[14.602953,46.264745],[14.602943,46.264912],[14.602957,46.265049],[14.603018,46.265174],[14.603088,46.265267],[14.603127,46.265311],[14.603172,46.265361],[14.603272,46.265435],[14.603382,46.265497],[14.603527,46.26556],[14.603601,46.266245],[14.603681,46.266826],[14.603779,46.26759],[14.603863,46.267753],[14.604002,46.267911],[14.604469,46.26824],[14.605365,46.268831],[14.605561,46.26899],[14.605686,46.269128],[14.605827,46.269291],[14.605947,46.269473],[14.606054,46.269666],[14.606132,46.269865],[14.606195,46.270067],[14.606318,46.270531],[14.606393,46.270792],[14.606521,46.271207],[14.606586,46.271363],[14.606621,46.27143],[14.60665,46.271476],[14.606744,46.271612],[14.606915,46.271813],[14.607622,46.27257],[14.607873,46.272822],[14.608044,46.272955],[14.608226,46.273031],[14.608397,46.273087],[14.608903,46.273218],[14.609455,46.27335],[14.609611,46.273387],[14.610104,46.273504],[14.610343,46.273614],[14.610457,46.273713],[14.610544,46.273844],[14.610583,46.273952],[14.610677,46.274069],[14.610796,46.274174],[14.610929,46.274263],[14.611185,46.274376],[14.611514,46.274465],[14.611796,46.274548],[14.611971,46.274639],[14.612135,46.27476],[14.612204,46.27483],[14.61247,46.275172],[14.612551,46.275369],[14.612707,46.275809],[14.61277,46.275984],[14.612901,46.27627],[14.613,46.276431],[14.613182,46.276644],[14.613529,46.276986],[14.613724,46.277174],[14.613846,46.277304],[14.61403,46.277552],[14.614598,46.278376],[14.614728,46.27866],[14.61479,46.278785],[14.614845,46.279064],[14.614814,46.279236],[14.61476,46.279365],[14.614652,46.279509],[14.614494,46.279632],[14.614477,46.279648],[14.614362,46.279755],[14.614255,46.279887],[14.614219,46.279978],[14.614238,46.280094],[14.614362,46.280209],[14.614552,46.280356],[14.614747,46.28051],[14.614834,46.280602],[14.614947,46.280746],[14.615065,46.28095],[14.615108,46.281061],[14.615219,46.281612],[14.615261,46.281842],[14.61532,46.282127],[14.615424,46.282823],[14.615594,46.283786],[14.615723,46.284054],[14.615827,46.284198],[14.61594,46.284291],[14.616058,46.284399],[14.616579,46.284875],[14.616931,46.285208],[14.617112,46.285448],[14.617447,46.285927],[14.617796,46.28643],[14.617875,46.286652],[14.617864,46.286783],[14.617831,46.286942],[14.617743,46.287104],[14.617671,46.287227],[14.617478,46.287415],[14.617152,46.287646],[14.616742,46.287907],[14.616309,46.288161],[14.615993,46.28839],[14.615879,46.288532],[14.615831,46.28865],[14.615844,46.288786],[14.616111,46.28929],[14.616233,46.289458],[14.616347,46.289619],[14.616394,46.289747],[14.616379,46.289863],[14.616304,46.290021],[14.616127,46.290181],[14.615849,46.290379],[14.615655,46.290682],[14.615556,46.290864],[14.615549,46.291017],[14.615591,46.291149],[14.615703,46.291376],[14.615712,46.291491],[14.615672,46.291628],[14.615581,46.291792],[14.615388,46.29196],[14.615233,46.292128],[14.615021,46.292549],[14.614835,46.293104],[14.614707,46.293698],[14.614653,46.293901],[14.614656,46.294157],[14.61471,46.294599],[14.614624,46.294757],[14.613956,46.295514],[14.613339,46.295902],[14.613241,46.295999],[14.613083,46.296181],[14.613038,46.296347],[14.613042,46.296526],[14.613017,46.296681],[14.612883,46.296937],[14.612661,46.297251],[14.612613,46.297341],[14.612609,46.297507],[14.612625,46.298111],[14.612595,46.298233],[14.612543,46.298353],[14.612357,46.298489],[14.612223,46.298569],[14.611652,46.29868],[14.611332,46.298811],[14.610923,46.299027],[14.610849,46.299101],[14.610809,46.299191],[14.610784,46.299566],[14.610706,46.299735],[14.610395,46.300035],[14.610334,46.300185],[14.610299,46.300422],[14.610296,46.300719],[14.610257,46.300902],[14.610105,46.301158],[14.609529,46.302054],[14.609388,46.302215],[14.609219,46.302372],[14.608976,46.302548],[14.608854,46.302717],[14.608745,46.30291],[14.608722,46.303053],[14.608798,46.303272],[14.608831,46.303347],[14.608835,46.303653],[14.608827,46.303895],[14.608797,46.304492],[14.608826,46.304649],[14.608922,46.304903],[14.609002,46.305039],[14.609094,46.305274],[14.609083,46.305447],[14.609031,46.305548],[14.608969,46.305644],[14.608838,46.305798],[14.608584,46.306074],[14.608442,46.306213],[14.608269,46.306411],[14.608034,46.306708],[14.607934,46.306885],[14.607925,46.307051],[14.607962,46.307163],[14.608009,46.30723],[14.608115,46.307396],[14.608128,46.307448],[14.608158,46.307659],[14.608154,46.307854],[14.608129,46.308324],[14.608101,46.308618],[14.608085,46.308955],[14.608035,46.309275],[14.607988,46.309431],[14.607893,46.309707],[14.607823,46.309857],[14.607801,46.309905],[14.60765,46.310252],[14.60763,46.310291],[14.607442,46.310676],[14.607373,46.310818],[14.607206,46.311142],[14.607072,46.311346],[14.606961,46.31149],[14.606906,46.311561],[14.606879,46.311596],[14.606794,46.311667],[14.606654,46.311777],[14.606321,46.311996],[14.606064,46.312184],[14.605847,46.312378],[14.605436,46.312743],[14.605048,46.3131],[14.604811,46.313327],[14.604789,46.313349],[14.604404,46.31372],[14.603863,46.314207],[14.603676,46.314447],[14.603464,46.315033],[14.603385,46.315198],[14.60323,46.31546],[14.60301,46.315787],[14.602458,46.316323],[14.601736,46.316928],[14.60084,46.317721],[14.600729,46.317836],[14.600666,46.318027],[14.600701,46.318194],[14.600768,46.318418],[14.600754,46.318594],[14.600753,46.318614],[14.600728,46.318646],[14.600662,46.318704],[14.600598,46.318756],[14.600126,46.318898],[14.599742,46.318983],[14.59958,46.319059],[14.599459,46.319128],[14.59915,46.319373],[14.598787,46.31966],[14.598376,46.320016],[14.597949,46.320369],[14.597744,46.320483],[14.597158,46.320676],[14.596569,46.320841],[14.595526,46.321047],[14.595177,46.321145],[14.594656,46.321389],[14.594325,46.321647],[14.594174,46.32186],[14.5939,46.322363],[14.59351,46.323472],[14.593299,46.324116],[14.59322,46.324255],[14.593127,46.324363],[14.592952,46.324525],[14.59268,46.324717],[14.592416,46.324852],[14.592138,46.324985],[14.591953,46.325116],[14.591707,46.325438],[14.591191,46.326083],[14.590961,46.326385],[14.590801,46.326596],[14.590676,46.326721],[14.590513,46.326855],[14.590349,46.326945],[14.590235,46.326977],[14.590094,46.327011],[14.589701,46.32711],[14.589673,46.327118],[14.5896,46.327152],[14.589569,46.327203],[14.589588,46.327253],[14.589578,46.327336],[14.589564,46.327456],[14.589536,46.327547],[14.589484,46.327631],[14.589418,46.327698],[14.589258,46.327812],[14.589174,46.327898],[14.588997,46.328077],[14.588801,46.328213],[14.588744,46.328267],[14.588686,46.328343],[14.588613,46.328443],[14.588588,46.328476],[14.588454,46.328624],[14.588377,46.328679],[14.588281,46.328756],[14.588199,46.328806],[14.588125,46.328878],[14.588019,46.329014],[14.587935,46.329178],[14.587912,46.329281],[14.587887,46.329369],[14.587851,46.329419],[14.587777,46.329469],[14.587666,46.329511],[14.587456,46.329552],[14.587234,46.329557],[14.587116,46.329552],[14.587058,46.329542],[14.586989,46.329524],[14.586578,46.3295],[14.586296,46.32946],[14.586069,46.329406],[14.585884,46.329354],[14.585616,46.329297],[14.585528,46.329279]]}}