{"type":"Feature","properties":{"id":"si-d","distanceKm":651.514,"drivingMinutes":463.62245},"geometry":{"type":"LineString","coordinates":[[14.560413,50.001612],[14.560548,50.00162],[14.560825,50.001636],[14.561156,50.001659],[14.561228,50.001665],[14.561255,50.001642],[14.561282,50.001631],[14.561319,50.001625],[14.56135,50.001627],[14.561384,50.001636],[14.561408,50.00165],[14.561427,50.001671],[14.561433,50.001694],[14.561427,50.001717],[14.561407,50.00174],[14.561378,50.001755],[14.561335,50.001764],[14.561333,50.001896],[14.561205,50.002168],[14.561189,50.002219],[14.5612,50.002249],[14.561236,50.002282],[14.5613,50.002315],[14.56144,50.002379],[14.561454,50.002385],[14.561503,50.002409],[14.561617,50.002498],[14.561745,50.00262],[14.561969,50.002944],[14.562096,50.003141],[14.56223,50.003333],[14.562346,50.00349],[14.562426,50.003585],[14.56245,50.003604],[14.562482,50.003639],[14.562504,50.003656],[14.562712,50.003775],[14.562854,50.003857],[14.562881,50.003872],[14.5633,50.004106],[14.563362,50.004141],[14.56339,50.004153],[14.563643,50.004234],[14.563734,50.004255],[14.563771,50.004258],[14.563811,50.004259],[14.563849,50.004255],[14.563883,50.004248],[14.563936,50.004232],[14.564232,50.004175],[14.564387,50.004142],[14.564537,50.004101],[14.564687,50.004056],[14.564884,50.00399],[14.565106,50.003917],[14.565907,50.003652],[14.565995,50.003625],[14.566078,50.003604],[14.566165,50.003587],[14.566244,50.003574],[14.566338,50.003568],[14.566417,50.003569],[14.566493,50.003574],[14.566564,50.003585],[14.566639,50.003602],[14.566703,50.003621],[14.566818,50.003659],[14.567237,50.003836],[14.567293,50.003859],[14.567356,50.003877],[14.567427,50.003893],[14.567499,50.003905],[14.567578,50.003915],[14.567656,50.003918],[14.567727,50.003915],[14.567791,50.00391],[14.567846,50.003902],[14.567904,50.003893],[14.567961,50.003877],[14.568324,50.003777],[14.569015,50.003504],[14.570052,50.003138],[14.570545,50.002893],[14.571001,50.002657],[14.571594,50.00234],[14.572145,50.002033],[14.572574,50.00179],[14.573054,50.001513],[14.57364,50.001173],[14.575203,50.000278],[14.575856,49.999905],[14.584162,49.995133],[14.585001,49.99465],[14.585717,49.994239],[14.587083,49.993455],[14.587943,49.992962],[14.589443,49.992104],[14.590481,49.991498],[14.590842,49.991296],[14.591654,49.99083],[14.594303,49.989309],[14.595175,49.988799],[14.596041,49.98828],[14.596593,49.987941],[14.597381,49.987448],[14.597979,49.987054],[14.598565,49.986663],[14.599145,49.986275],[14.600419,49.98537],[14.601589,49.984496],[14.602025,49.984161],[14.60358,49.982902],[14.605746,49.981109],[14.606363,49.980608],[14.606975,49.980107],[14.607169,49.979944],[14.607965,49.979288],[14.608922,49.978493],[14.610765,49.97698],[14.611372,49.976485],[14.611824,49.976113],[14.613728,49.974535],[14.614048,49.974269],[14.614849,49.973613],[14.616211,49.9725],[14.617089,49.971771],[14.617504,49.971422],[14.619039,49.970156],[14.619392,49.969864],[14.620256,49.969151],[14.620347,49.969076],[14.621869,49.967821],[14.622195,49.967553],[14.623239,49.966695],[14.628362,49.962484],[14.629383,49.96164],[14.630475,49.960737],[14.631518,49.959876],[14.633701,49.958071],[14.637337,49.955073],[14.638093,49.95444],[14.639236,49.95349],[14.641613,49.951516],[14.642866,49.950508],[14.643032,49.950348],[14.644148,49.949424],[14.644234,49.949353],[14.64482,49.948871],[14.645486,49.948369],[14.64596,49.948043],[14.646467,49.947737],[14.646977,49.947448],[14.647538,49.947161],[14.648017,49.946946],[14.64856,49.946715],[14.649196,49.946478],[14.649852,49.946266],[14.65031,49.946128],[14.650686,49.946023],[14.651307,49.945852],[14.652064,49.945649],[14.653256,49.945326],[14.653869,49.945168],[14.654929,49.944893],[14.655497,49.944726],[14.656468,49.944473],[14.657001,49.944328],[14.65986,49.943554],[14.668941,49.941094],[14.669412,49.940971],[14.67314,49.939961],[14.675185,49.939414],[14.678107,49.938616],[14.680948,49.93784],[14.681508,49.93768],[14.682074,49.937511],[14.68265,49.93732],[14.683247,49.937114],[14.683783,49.936905],[14.684423,49.936647],[14.68496,49.936412],[14.685449,49.93618],[14.686034,49.935885],[14.686575,49.935592],[14.687328,49.935157],[14.689584,49.933804],[14.691133,49.932883],[14.692285,49.932179],[14.693365,49.931474],[14.693915,49.931097],[14.694693,49.930526],[14.695904,49.929618],[14.696946,49.928791],[14.698221,49.92775],[14.699011,49.927086],[14.699912,49.926298],[14.700277,49.925968],[14.700839,49.925438],[14.701176,49.925103],[14.701407,49.924857],[14.701824,49.924426],[14.702265,49.923936],[14.703195,49.922868],[14.70421,49.921723],[14.705349,49.920413],[14.706614,49.918959],[14.707758,49.91762],[14.708046,49.91718],[14.708243,49.916901],[14.708468,49.916583],[14.708825,49.916084],[14.709082,49.91578],[14.709385,49.915478],[14.709836,49.915083],[14.710619,49.914406],[14.710807,49.91424],[14.710969,49.914077],[14.7111,49.913916],[14.711214,49.913738],[14.711279,49.913586],[14.711329,49.913416],[14.71136,49.913265],[14.711362,49.913133],[14.711333,49.912894],[14.711272,49.912711],[14.711165,49.912506],[14.711008,49.912278],[14.710827,49.912022],[14.710698,49.911865],[14.71002,49.911028],[14.709751,49.910687],[14.709563,49.910431],[14.70945,49.910249],[14.709304,49.909931],[14.709263,49.909811],[14.709213,49.909654],[14.709181,49.909538],[14.709157,49.909386],[14.709154,49.909256],[14.709152,49.909038],[14.709194,49.90876],[14.709219,49.908643],[14.709251,49.908528],[14.709302,49.908391],[14.709369,49.90825],[14.709511,49.908012],[14.709606,49.907875],[14.70972,49.907732],[14.709931,49.907475],[14.710049,49.907356],[14.710111,49.907305],[14.71022,49.907206],[14.71025,49.907187],[14.710366,49.907118],[14.710482,49.907023],[14.710601,49.906936],[14.710696,49.90687],[14.710891,49.906746],[14.711097,49.906624],[14.711355,49.906497],[14.711589,49.90639],[14.711882,49.906271],[14.712392,49.906076],[14.71277,49.905923],[14.713013,49.905825],[14.713189,49.905746],[14.713398,49.905643],[14.713542,49.905563],[14.713678,49.905487],[14.713822,49.905398],[14.713973,49.905298],[14.714102,49.905205],[14.714256,49.905081],[14.714422,49.904941],[14.714566,49.904797],[14.714682,49.904675],[14.714796,49.904544],[14.714894,49.904413],[14.715,49.904253],[14.715091,49.904104],[14.715181,49.903923],[14.715232,49.903796],[14.715297,49.90361],[14.715333,49.903472],[14.715359,49.90333],[14.71536,49.903321],[14.715379,49.903214],[14.715387,49.903045],[14.715388,49.902891],[14.715375,49.902744],[14.715367,49.902675],[14.715344,49.902538],[14.715282,49.902281],[14.715231,49.902126],[14.715151,49.901953],[14.714961,49.901582],[14.714577,49.900887],[14.714343,49.900477],[14.714148,49.900102],[14.71384,49.899507],[14.713671,49.899173],[14.713626,49.899067],[14.713565,49.89892],[14.713524,49.898784],[14.713486,49.898629],[14.713451,49.89845],[14.713432,49.898277],[14.713411,49.898],[14.71341,49.897829],[14.713419,49.897685],[14.713436,49.897495],[14.713474,49.897258],[14.713522,49.897001],[14.713627,49.896502],[14.713701,49.896149],[14.713844,49.895477],[14.713878,49.895303],[14.713894,49.895185],[14.713906,49.89509],[14.713925,49.894851],[14.713943,49.894597],[14.713939,49.894356],[14.713927,49.894203],[14.713883,49.893872],[14.713811,49.893534],[14.713755,49.893336],[14.713638,49.893008],[14.713465,49.892638],[14.713306,49.892308],[14.713024,49.89175],[14.712899,49.89149],[14.712769,49.891252],[14.712563,49.890903],[14.712446,49.890668],[14.712253,49.890323],[14.711949,49.88975],[14.711716,49.889298],[14.711295,49.888503],[14.711125,49.888206],[14.710956,49.88789],[14.710775,49.887545],[14.710479,49.886941],[14.710026,49.886016],[14.709053,49.884198],[14.708815,49.883721],[14.7087,49.883503],[14.708264,49.882664],[14.707641,49.881533],[14.707414,49.88109],[14.707195,49.880632],[14.707021,49.880189],[14.706875,49.879724],[14.706818,49.879457],[14.706763,49.879166],[14.706728,49.878893],[14.706706,49.878596],[14.706708,49.878119],[14.706763,49.877617],[14.706881,49.877097],[14.707044,49.876573],[14.70721,49.876135],[14.707443,49.875499],[14.70759,49.87511],[14.707702,49.874739],[14.707775,49.874445],[14.707846,49.874126],[14.707898,49.873812],[14.707934,49.873507],[14.707957,49.873173],[14.707972,49.872893],[14.707969,49.87255],[14.707949,49.872235],[14.70791,49.871945],[14.707872,49.871727],[14.707734,49.871096],[14.707684,49.870919],[14.707511,49.870385],[14.707421,49.870149],[14.707307,49.869858],[14.707158,49.869558],[14.707013,49.869257],[14.706833,49.86892],[14.706434,49.868326],[14.706021,49.867763],[14.705691,49.867384],[14.705226,49.866897],[14.70484,49.866533],[14.704404,49.866154],[14.70384,49.865723],[14.703036,49.86515],[14.702191,49.864621],[14.701155,49.863985],[14.700705,49.863693],[14.699633,49.863024],[14.698917,49.86257],[14.698065,49.86204],[14.697501,49.861668],[14.696667,49.861105],[14.695749,49.860459],[14.693667,49.858919],[14.690349,49.85644],[14.687701,49.854491],[14.685032,49.852516],[14.684447,49.852082],[14.683925,49.851672],[14.683488,49.851269],[14.683065,49.850827],[14.682713,49.850451],[14.682368,49.849999],[14.682085,49.849575],[14.681947,49.849372],[14.681794,49.849111],[14.681458,49.848507],[14.681265,49.848087],[14.681137,49.847753],[14.681011,49.847376],[14.680898,49.846991],[14.680795,49.846526],[14.68072,49.846045],[14.680698,49.84575],[14.680686,49.845424],[14.680689,49.844891],[14.680694,49.844688],[14.680721,49.844368],[14.680779,49.844022],[14.680826,49.84382],[14.680927,49.843415],[14.681053,49.843001],[14.681315,49.842274],[14.681596,49.841536],[14.68215,49.840091],[14.682232,49.839873],[14.682386,49.839469],[14.682558,49.839056],[14.682742,49.838698],[14.682894,49.838447],[14.683119,49.838142],[14.683377,49.837841],[14.683645,49.837573],[14.683918,49.837336],[14.684264,49.837073],[14.684594,49.836838],[14.684962,49.836589],[14.685317,49.836348],[14.685993,49.835795],[14.686195,49.835603],[14.68636,49.835436],[14.68655,49.835225],[14.686688,49.835055],[14.686823,49.834877],[14.686983,49.834612],[14.687083,49.834419],[14.687166,49.834256],[14.687231,49.834097],[14.687309,49.83388],[14.687361,49.833687],[14.687423,49.833386],[14.687453,49.833148],[14.68746,49.832944],[14.687456,49.832776],[14.687443,49.832598],[14.687421,49.832418],[14.687392,49.832258],[14.687365,49.832127],[14.687307,49.831924],[14.687103,49.831253],[14.686714,49.830055],[14.686413,49.829101],[14.686331,49.828848],[14.686156,49.828295],[14.686044,49.827941],[14.685913,49.827505],[14.685804,49.827177],[14.685591,49.826454],[14.685427,49.825898],[14.68484,49.823786],[14.683485,49.818262],[14.682108,49.812805],[14.682048,49.812571],[14.68196,49.812226],[14.681866,49.811855],[14.681826,49.811685],[14.680855,49.807657],[14.680619,49.806676],[14.680383,49.805632],[14.680317,49.80512],[14.680159,49.803585],[14.680118,49.803205],[14.680013,49.80201],[14.679981,49.80164],[14.679975,49.801534],[14.679779,49.797743],[14.679748,49.797146],[14.679665,49.795851],[14.679639,49.795342],[14.679605,49.794736],[14.679573,49.794486],[14.679506,49.794317],[14.679467,49.794269],[14.679434,49.794228],[14.679391,49.794191],[14.679342,49.794158],[14.679294,49.794133],[14.679242,49.794112],[14.679186,49.794095],[14.679122,49.794082],[14.679061,49.794062],[14.679006,49.794036],[14.678958,49.794005],[14.678914,49.793965],[14.678881,49.793921],[14.67886,49.793875],[14.678852,49.793826],[14.678857,49.793778],[14.678875,49.79373],[14.6789,49.793694],[14.67893,49.793661],[14.678969,49.793627],[14.679015,49.793596],[14.679097,49.793545],[14.679138,49.793513],[14.679182,49.793468],[14.679212,49.793429],[14.679237,49.793388],[14.679258,49.793338],[14.679272,49.793287],[14.679276,49.793235],[14.679273,49.793184],[14.679208,49.792959],[14.679153,49.792706],[14.679084,49.792435],[14.678322,49.790132],[14.678229,49.789857],[14.677628,49.788079],[14.677462,49.787598],[14.677388,49.787363],[14.677253,49.786986],[14.67722,49.786892],[14.677145,49.786672],[14.677123,49.786586],[14.676942,49.786041],[14.676736,49.785431],[14.676418,49.784491],[14.676224,49.78391],[14.676164,49.783728],[14.676131,49.783631],[14.675849,49.782787],[14.675441,49.781654],[14.675256,49.781098],[14.675115,49.780522],[14.675084,49.780324],[14.675054,49.780066],[14.675018,49.779757],[14.675005,49.779586],[14.675006,49.779394],[14.675006,49.779245],[14.675026,49.778964],[14.675047,49.778777],[14.675092,49.778452],[14.675124,49.778258],[14.675208,49.7778],[14.675233,49.777672],[14.675331,49.777154],[14.675437,49.77658],[14.675489,49.776304],[14.675611,49.775666],[14.67569,49.775261],[14.676196,49.772565],[14.676253,49.772197],[14.676295,49.771816],[14.676307,49.771574],[14.676308,49.771321],[14.676305,49.771144],[14.676295,49.770944],[14.676241,49.770329],[14.676003,49.768015],[14.675928,49.767259],[14.675893,49.766888],[14.675872,49.766661],[14.675854,49.766536],[14.675819,49.766536],[14.675783,49.76653],[14.675743,49.76652],[14.675715,49.766511],[14.675681,49.766498],[14.675664,49.766492],[14.675648,49.766485],[14.675633,49.766478],[14.675618,49.766471],[14.675603,49.766462],[14.67559,49.766454],[14.675576,49.766445],[14.675564,49.766435],[14.675552,49.766425],[14.675541,49.766415],[14.67553,49.766405],[14.675521,49.766394],[14.675512,49.766384],[14.675497,49.766361],[14.675491,49.76635],[14.675486,49.766339],[14.675481,49.766327],[14.675478,49.766316],[14.675476,49.766305],[14.675474,49.766293],[14.675473,49.766282],[14.675474,49.766271],[14.675475,49.76626],[14.675477,49.766249],[14.67548,49.766239],[14.675484,49.766229],[14.675488,49.766219],[14.675494,49.766209],[14.6755,49.7662],[14.675507,49.766191],[14.675515,49.766182],[14.675523,49.766174],[14.675533,49.766166],[14.675543,49.766158],[14.675553,49.766151],[14.675564,49.766144],[14.675576,49.766138],[14.675595,49.76613],[14.675623,49.766123],[14.675709,49.766105],[14.67575,49.766099],[14.675787,49.766096],[14.67576,49.765975],[14.675352,49.764434],[14.674997,49.763191],[14.674615,49.76192],[14.673921,49.759751],[14.673785,49.759316],[14.673735,49.759146],[14.673677,49.758932],[14.673624,49.758699],[14.673584,49.758522],[14.673552,49.75834],[14.67353,49.758153],[14.673495,49.757797],[14.673469,49.757444],[14.673431,49.757094],[14.673377,49.756623],[14.673333,49.756229],[14.673307,49.756],[14.673281,49.755818],[14.673264,49.75571],[14.673233,49.755573],[14.673198,49.755439],[14.673158,49.755299],[14.673102,49.755144],[14.672682,49.753946],[14.67263,49.753775],[14.672573,49.753597],[14.672525,49.753417],[14.672505,49.753317],[14.672468,49.753152],[14.672419,49.752855],[14.672395,49.752659],[14.672382,49.75247],[14.672367,49.752242],[14.672367,49.751973],[14.672372,49.751767],[14.67239,49.751503],[14.672413,49.751288],[14.672443,49.751086],[14.672489,49.750846],[14.672561,49.750537],[14.672636,49.750259],[14.67275,49.74991],[14.673003,49.749197],[14.673076,49.74896],[14.673141,49.748696],[14.673188,49.748453],[14.673206,49.748265],[14.67322,49.748031],[14.673217,49.747737],[14.673196,49.747511],[14.673152,49.747257],[14.673084,49.74698],[14.672994,49.746723],[14.672919,49.746535],[14.672777,49.746234],[14.672583,49.7459],[14.672369,49.745589],[14.672239,49.745423],[14.672033,49.745185],[14.671819,49.744975],[14.671504,49.744693],[14.671232,49.744475],[14.67089,49.744238],[14.670621,49.744064],[14.670405,49.743934],[14.670112,49.74378],[14.666826,49.742317],[14.666221,49.742047],[14.665916,49.741919],[14.665232,49.741606],[14.664943,49.741467],[14.664739,49.741364],[14.664522,49.741247],[14.66428,49.741113],[14.664062,49.740985],[14.663903,49.740887],[14.66369,49.740741],[14.663512,49.740612],[14.663277,49.74042],[14.663026,49.740187],[14.662862,49.740017],[14.662729,49.739875],[14.662641,49.739765],[14.662496,49.739566],[14.662429,49.739468],[14.662301,49.739262],[14.662247,49.739152],[14.662136,49.73892],[14.662037,49.73868],[14.661971,49.738468],[14.661901,49.738234],[14.661851,49.738013],[14.661806,49.737761],[14.66164,49.73683],[14.661387,49.735201],[14.661016,49.732909],[14.660873,49.732035],[14.660796,49.731578],[14.660563,49.73012],[14.660361,49.728989],[14.660262,49.72851],[14.660069,49.727651],[14.659833,49.726817],[14.659641,49.726201],[14.659411,49.725537],[14.65925,49.725118],[14.65912,49.724788],[14.658811,49.724065],[14.658493,49.723411],[14.658397,49.723238],[14.65838,49.723208],[14.658169,49.722831],[14.657843,49.722257],[14.656868,49.720596],[14.655978,49.719139],[14.655693,49.718644],[14.655637,49.718534],[14.655286,49.717884],[14.655202,49.717719],[14.655092,49.717495],[14.654905,49.717076],[14.654768,49.716685],[14.654599,49.716147],[14.654508,49.715671],[14.654438,49.715143],[14.654417,49.714653],[14.654427,49.714135],[14.654455,49.713688],[14.654549,49.712891],[14.654952,49.710596],[14.655083,49.709791],[14.655208,49.708925],[14.655263,49.708091],[14.655296,49.707251],[14.655264,49.706359],[14.65522,49.705609],[14.655165,49.705186],[14.655109,49.704778],[14.654982,49.703995],[14.654858,49.70342],[14.654731,49.70284],[14.654575,49.702286],[14.654401,49.701744],[14.654099,49.700897],[14.653767,49.700087],[14.653279,49.699047],[14.652986,49.698481],[14.652699,49.697969],[14.652064,49.696927],[14.651188,49.695567],[14.649498,49.692944],[14.649345,49.692707],[14.64923,49.692528],[14.648847,49.691923],[14.648461,49.691297],[14.64816,49.690792],[14.647963,49.690457],[14.647676,49.689951],[14.647588,49.68979],[14.647306,49.68927],[14.64705,49.688762],[14.64688,49.688418],[14.646713,49.688068],[14.646555,49.687728],[14.646405,49.687386],[14.646239,49.686994],[14.646111,49.68669],[14.646008,49.686412],[14.645843,49.686012],[14.645649,49.685469],[14.645525,49.685119],[14.645408,49.684763],[14.645298,49.684411],[14.645139,49.683883],[14.645112,49.683783],[14.645042,49.68353],[14.644946,49.683171],[14.644857,49.682816],[14.644775,49.682459],[14.6447,49.682108],[14.644637,49.681749],[14.644593,49.68139],[14.644566,49.681032],[14.644562,49.680674],[14.64458,49.680313],[14.64462,49.679953],[14.64468,49.679595],[14.644757,49.679242],[14.644849,49.678885],[14.644887,49.678756],[14.645112,49.678],[14.645221,49.677649],[14.645321,49.677293],[14.645359,49.677128],[14.645403,49.67694],[14.645449,49.676692],[14.645475,49.676514],[14.645498,49.67632],[14.645512,49.676132],[14.645519,49.675868],[14.645518,49.675722],[14.645513,49.675608],[14.64551,49.675505],[14.645495,49.675328],[14.645474,49.675147],[14.645428,49.674862],[14.645376,49.674614],[14.645306,49.67435],[14.645221,49.674083],[14.645181,49.673977],[14.645125,49.673827],[14.644999,49.673529],[14.644827,49.673184],[14.644736,49.673022],[14.644637,49.672851],[14.644578,49.672758],[14.644358,49.672435],[14.644212,49.672238],[14.643948,49.671913],[14.643731,49.671668],[14.643515,49.671446],[14.643354,49.671288],[14.643065,49.671028],[14.642907,49.670901],[14.642771,49.670804],[14.642334,49.670451],[14.642257,49.670392],[14.641722,49.67003],[14.641506,49.669898],[14.641322,49.669783],[14.640497,49.669286],[14.640083,49.669038],[14.639733,49.66882],[14.639412,49.668614],[14.63912,49.668418],[14.638854,49.668226],[14.638633,49.668059],[14.638372,49.667851],[14.638323,49.66781],[14.63804,49.667569],[14.637854,49.667402],[14.637669,49.667224],[14.637517,49.667073],[14.637336,49.666883],[14.637103,49.666618],[14.637026,49.666527],[14.636796,49.666234],[14.636668,49.666065],[14.636596,49.665961],[14.636486,49.665795],[14.636371,49.665617],[14.636235,49.665388],[14.636146,49.665226],[14.636062,49.665064],[14.635976,49.664894],[14.635937,49.664815],[14.635904,49.664745],[14.635799,49.664551],[14.635763,49.664474],[14.635577,49.663966],[14.635439,49.663474],[14.635159,49.662611],[14.634425,49.660351],[14.633972,49.659003],[14.633928,49.65888],[14.633727,49.658262],[14.633196,49.65661],[14.6331,49.656244],[14.63307,49.656136],[14.632994,49.655761],[14.632945,49.655393],[14.632916,49.655104],[14.632904,49.654901],[14.63291,49.65459],[14.632917,49.654443],[14.632944,49.654159],[14.632975,49.653921],[14.633041,49.653533],[14.633067,49.653415],[14.633093,49.653308],[14.633166,49.653024],[14.633218,49.652839],[14.63327,49.652698],[14.633382,49.652423],[14.633584,49.651992],[14.633786,49.651624],[14.634023,49.651222],[14.634213,49.650939],[14.634488,49.650568],[14.634741,49.650253],[14.635241,49.649669],[14.635541,49.649334],[14.635775,49.649087],[14.63618,49.648689],[14.636407,49.648469],[14.637182,49.647759],[14.637479,49.64751],[14.638064,49.647033],[14.638341,49.646811],[14.63861,49.646605],[14.639219,49.646169],[14.63981,49.645765],[14.640243,49.645481],[14.640745,49.645158],[14.641174,49.644892],[14.641787,49.644522],[14.645209,49.642469],[14.645852,49.642083],[14.647331,49.641201],[14.647544,49.641073],[14.647988,49.640795],[14.648416,49.640516],[14.648656,49.640352],[14.648727,49.640303],[14.648965,49.640128],[14.649195,49.639944],[14.649349,49.63981],[14.64952,49.63966],[14.649834,49.639359],[14.650043,49.639135],[14.650228,49.638924],[14.650419,49.638682],[14.650533,49.638525],[14.650629,49.63839],[14.65072,49.638252],[14.650861,49.638022],[14.651043,49.637699],[14.65114,49.637492],[14.651231,49.637283],[14.651317,49.637074],[14.651395,49.63686],[14.651453,49.636632],[14.651485,49.636453],[14.65151,49.63628],[14.651535,49.636097],[14.651553,49.635871],[14.651568,49.635648],[14.651571,49.635357],[14.651552,49.635103],[14.651527,49.634848],[14.651499,49.634639],[14.651446,49.634357],[14.651183,49.633229],[14.651091,49.632828],[14.651037,49.632544],[14.651001,49.632325],[14.650981,49.632144],[14.650963,49.631926],[14.650957,49.631738],[14.65096,49.631498],[14.650987,49.631139],[14.65106,49.630534],[14.651109,49.630184],[14.651148,49.629844],[14.65117,49.629506],[14.651181,49.629224],[14.651185,49.62903],[14.651175,49.628852],[14.65114,49.628551],[14.651075,49.628067],[14.650955,49.62735],[14.650918,49.627093],[14.650903,49.626941],[14.650895,49.626812],[14.65089,49.62666],[14.650889,49.626566],[14.650896,49.626451],[14.650916,49.62626],[14.650946,49.62608],[14.65098,49.625939],[14.651022,49.62579],[14.651069,49.625655],[14.651153,49.625452],[14.651222,49.625315],[14.651298,49.625185],[14.651372,49.625065],[14.651454,49.62494],[14.651553,49.624808],[14.65165,49.624689],[14.65178,49.624541],[14.65193,49.62439],[14.652117,49.624222],[14.652225,49.624131],[14.652359,49.624026],[14.652537,49.623899],[14.652803,49.623728],[14.653143,49.623522],[14.653588,49.623276],[14.654654,49.622735],[14.655291,49.622403],[14.655639,49.622207],[14.655935,49.622031],[14.656166,49.621884],[14.656415,49.621709],[14.656637,49.621533],[14.656864,49.621336],[14.656973,49.621237],[14.65709,49.621117],[14.657236,49.620949],[14.657414,49.620731],[14.657531,49.620573],[14.657629,49.620431],[14.657722,49.620281],[14.657816,49.620101],[14.657891,49.619946],[14.657956,49.619792],[14.658161,49.6192],[14.658329,49.618701],[14.658417,49.618445],[14.658598,49.617889],[14.658718,49.617513],[14.658818,49.617221],[14.65888,49.617056],[14.65894,49.616911],[14.659094,49.616581],[14.65929,49.616186],[14.659481,49.615833],[14.659722,49.615407],[14.660059,49.614798],[14.660376,49.614255],[14.660514,49.614024],[14.660602,49.613862],[14.660674,49.613721],[14.660723,49.613614],[14.660787,49.613467],[14.660839,49.613329],[14.660874,49.613229],[14.660907,49.613131],[14.660939,49.613023],[14.660961,49.612924],[14.660986,49.612768],[14.660996,49.612682],[14.661007,49.61259],[14.661014,49.61248],[14.66101,49.612326],[14.661001,49.612212],[14.660989,49.612123],[14.660971,49.612024],[14.660947,49.61192],[14.66093,49.611855],[14.660902,49.611767],[14.660841,49.611596],[14.660207,49.610064],[14.660192,49.610021],[14.660134,49.609861],[14.660053,49.609624],[14.659978,49.609388],[14.659924,49.609156],[14.659882,49.608934],[14.659857,49.608749],[14.659844,49.608616],[14.659837,49.608486],[14.659832,49.608291],[14.659835,49.608063],[14.659856,49.607426],[14.659902,49.606058],[14.659931,49.604971],[14.65995,49.604222],[14.659983,49.603171],[14.659988,49.60301],[14.659988,49.602914],[14.659985,49.602785],[14.659954,49.602321],[14.659934,49.602108],[14.659918,49.601868],[14.659869,49.601524],[14.659831,49.601264],[14.659811,49.601108],[14.6598,49.600968],[14.659796,49.600793],[14.659799,49.600674],[14.659807,49.600592],[14.659821,49.600498],[14.659833,49.600442],[14.659844,49.600391],[14.659868,49.60032],[14.659899,49.600227],[14.659946,49.600122],[14.659982,49.600041],[14.660025,49.599957],[14.66005,49.599911],[14.66008,49.599861],[14.660136,49.599772],[14.660196,49.599687],[14.660256,49.59961],[14.660323,49.599522],[14.660406,49.599431],[14.660486,49.599344],[14.660609,49.599223],[14.660858,49.598984],[14.660977,49.59886],[14.661077,49.598754],[14.66119,49.59862],[14.661298,49.598471],[14.661365,49.598371],[14.66149,49.598162],[14.661546,49.598048],[14.661588,49.597951],[14.661621,49.597866],[14.661651,49.597786],[14.661681,49.597703],[14.661709,49.597607],[14.66173,49.597522],[14.661748,49.597439],[14.66176,49.597368],[14.661772,49.597277],[14.661781,49.597165],[14.661788,49.59707],[14.661789,49.596976],[14.661786,49.596809],[14.661771,49.596528],[14.661742,49.595995],[14.661602,49.593462],[14.661544,49.592289],[14.661482,49.591191],[14.661478,49.59111],[14.661442,49.590462],[14.661427,49.590231],[14.661417,49.590006],[14.661372,49.589212],[14.661358,49.588945],[14.661356,49.588799],[14.661362,49.588664],[14.661372,49.588516],[14.661389,49.588393],[14.661405,49.588317],[14.661432,49.588224],[14.661473,49.588102],[14.661507,49.588021],[14.66155,49.587927],[14.661597,49.587833],[14.661653,49.587735],[14.661739,49.587604],[14.661807,49.587504],[14.661871,49.587426],[14.661961,49.587323],[14.662055,49.587223],[14.662657,49.586639],[14.663004,49.586289],[14.663141,49.586143],[14.663212,49.58606],[14.663273,49.585977],[14.663336,49.585876],[14.663375,49.585805],[14.663426,49.585691],[14.663468,49.585581],[14.663501,49.585475],[14.663528,49.585353],[14.663543,49.585237],[14.663548,49.585132],[14.663545,49.585034],[14.663538,49.58496],[14.663526,49.584876],[14.6635,49.584772],[14.663459,49.584656],[14.663416,49.584548],[14.663388,49.584489],[14.663352,49.584422],[14.663296,49.58433],[14.663216,49.584217],[14.66312,49.584103],[14.663051,49.584034],[14.662979,49.58397],[14.662905,49.583905],[14.662802,49.583823],[14.66269,49.583744],[14.662582,49.58367],[14.662473,49.583601],[14.662376,49.583545],[14.662255,49.583474],[14.662037,49.583351],[14.661685,49.583156],[14.661515,49.583054],[14.661375,49.582965],[14.661248,49.582874],[14.661139,49.58279],[14.661015,49.582686],[14.660931,49.582602],[14.660855,49.582515],[14.660776,49.582414],[14.660704,49.58231],[14.660642,49.582212],[14.660598,49.582129],[14.660553,49.582024],[14.660512,49.581901],[14.660485,49.581798],[14.66047,49.581701],[14.66046,49.581593],[14.660457,49.581491],[14.660465,49.581369],[14.660481,49.581254],[14.660506,49.581138],[14.660544,49.58101],[14.660591,49.580896],[14.660657,49.580774],[14.660722,49.580671],[14.66079,49.580579],[14.66091,49.580439],[14.661051,49.580277],[14.661567,49.579735],[14.661698,49.579594],[14.661802,49.579477],[14.661903,49.579354],[14.661999,49.579218],[14.662066,49.579115],[14.662138,49.578987],[14.662194,49.57887],[14.662236,49.578766],[14.662268,49.578673],[14.66229,49.57858],[14.662302,49.578519],[14.662314,49.578433],[14.662319,49.578361],[14.66232,49.578287],[14.662316,49.578211],[14.662305,49.578102],[14.66229,49.578006],[14.662272,49.577911],[14.662249,49.57781],[14.662218,49.577705],[14.662182,49.577607],[14.662127,49.577464],[14.662064,49.577317],[14.661972,49.577123],[14.661874,49.576918],[14.661778,49.57671],[14.661734,49.576604],[14.661703,49.576525],[14.661671,49.576434],[14.661631,49.576312],[14.661608,49.576226],[14.661595,49.576165],[14.661585,49.576103],[14.661577,49.576059],[14.661572,49.576024],[14.661567,49.575978],[14.661564,49.575925],[14.661562,49.575797],[14.661562,49.575724],[14.661567,49.575598],[14.66158,49.575413],[14.661591,49.575267],[14.661597,49.575149],[14.661599,49.575081],[14.661599,49.57494],[14.661596,49.574822],[14.661584,49.574727],[14.661567,49.574622],[14.661536,49.574509],[14.661506,49.574416],[14.661468,49.574321],[14.661425,49.574234],[14.66138,49.574159],[14.66133,49.574084],[14.661258,49.573988],[14.661189,49.573907],[14.661141,49.573853],[14.661075,49.57378],[14.660997,49.573703],[14.660939,49.573653],[14.660884,49.57361],[14.660814,49.573559],[14.660685,49.573472],[14.660527,49.573377],[14.660312,49.573254],[14.660176,49.573177],[14.659614,49.572863],[14.659537,49.572818],[14.659451,49.572764],[14.659341,49.572695],[14.659267,49.572641],[14.659203,49.572589],[14.65912,49.572517],[14.659081,49.572482],[14.659037,49.57244],[14.658985,49.572243],[14.658955,49.572247],[14.658877,49.572238],[14.658808,49.572214],[14.658756,49.572176],[14.658748,49.572163],[14.658726,49.572128],[14.658721,49.57208],[14.65874,49.572034],[14.658781,49.571993],[14.658682,49.571886],[14.658641,49.571842],[14.658617,49.571781],[14.658595,49.571715],[14.65858,49.571672],[14.658552,49.571569],[14.658536,49.571494],[14.658526,49.57142],[14.658517,49.571319],[14.658515,49.571245],[14.658512,49.571182],[14.658517,49.571107],[14.65853,49.571038],[14.658543,49.570978],[14.658579,49.57086],[14.658632,49.570709],[14.658682,49.570587],[14.65871,49.570521],[14.658748,49.570448],[14.658785,49.570386],[14.658851,49.57029],[14.658907,49.570216],[14.659057,49.570018],[14.659116,49.569935],[14.659162,49.569866],[14.659193,49.569814],[14.65924,49.569729],[14.659271,49.569656],[14.659312,49.569572],[14.65946,49.569226],[14.659614,49.568845],[14.65965,49.568757],[14.65978,49.568379],[14.659813,49.568294],[14.660027,49.567779],[14.660183,49.567421],[14.660308,49.567155],[14.660471,49.566839],[14.660531,49.566723],[14.660592,49.566603],[14.661131,49.565552],[14.661432,49.564962],[14.661485,49.564851],[14.661525,49.564758],[14.661558,49.564667],[14.661588,49.56457],[14.661612,49.564466],[14.661654,49.564245],[14.661728,49.563854],[14.661862,49.563205],[14.662126,49.561613],[14.662289,49.56062],[14.66234,49.560311],[14.662385,49.560091],[14.662426,49.559933],[14.66247,49.559779],[14.66253,49.559624],[14.662598,49.559478],[14.662679,49.559322],[14.662775,49.559162],[14.662878,49.559009],[14.66298,49.558874],[14.66311,49.558714],[14.663421,49.558356],[14.664014,49.557708],[14.665199,49.556414],[14.665426,49.556163],[14.665566,49.556003],[14.66569,49.555856],[14.665837,49.555677],[14.665931,49.555548],[14.665983,49.555465],[14.666059,49.555347],[14.666123,49.555229],[14.66619,49.555088],[14.666225,49.555006],[14.66626,49.554892],[14.666281,49.554812],[14.6663,49.554704],[14.666314,49.554568],[14.666321,49.554409],[14.666324,49.554312],[14.666323,49.554133],[14.666319,49.554042],[14.666309,49.553926],[14.666295,49.553816],[14.666275,49.55371],[14.666238,49.553559],[14.666174,49.553339],[14.665923,49.552471],[14.665751,49.551878],[14.665691,49.551666],[14.665601,49.551356],[14.665337,49.550443],[14.665137,49.549738],[14.664684,49.548134],[14.664511,49.547529],[14.664473,49.547251],[14.664456,49.547081],[14.664449,49.54696],[14.664449,49.546827],[14.664463,49.546431],[14.664487,49.546215],[14.664507,49.546071],[14.664528,49.545956],[14.664549,49.545846],[14.664569,49.545747],[14.664601,49.545619],[14.664645,49.545466],[14.664702,49.545273],[14.664808,49.544945],[14.664865,49.544776],[14.66493,49.544594],[14.665031,49.544303],[14.665145,49.543958],[14.665286,49.54341],[14.665384,49.54291],[14.665426,49.54265],[14.665463,49.542286],[14.665491,49.542025],[14.665505,49.541741],[14.665514,49.541594],[14.665516,49.541237],[14.665503,49.540964],[14.66548,49.54063],[14.665435,49.540206],[14.665372,49.539837],[14.6653,49.539485],[14.665187,49.539017],[14.665059,49.538536],[14.664827,49.53768],[14.664664,49.537031],[14.664546,49.536559],[14.664442,49.536075],[14.664289,49.535162],[14.664251,49.53482],[14.664217,49.534401],[14.664197,49.533949],[14.664203,49.533171],[14.664237,49.532666],[14.664291,49.532143],[14.664405,49.53148],[14.664497,49.531022],[14.66477,49.530025],[14.664931,49.529533],[14.665243,49.52876],[14.665556,49.52808],[14.665939,49.527379],[14.666134,49.527052],[14.66633,49.526735],[14.666834,49.525979],[14.667727,49.524755],[14.667873,49.524558],[14.668322,49.523943],[14.668764,49.523317],[14.669197,49.522654],[14.669591,49.521965],[14.66981,49.521507],[14.669999,49.521047],[14.670177,49.520543],[14.670355,49.51994],[14.670455,49.519506],[14.670537,49.519085],[14.670594,49.51865],[14.670637,49.51805],[14.670636,49.51742],[14.670607,49.516947],[14.670545,49.516423],[14.670468,49.515973],[14.670353,49.515489],[14.670076,49.514546],[14.669893,49.514085],[14.669702,49.51362],[14.669389,49.512945],[14.669041,49.512255],[14.66837,49.511047],[14.668065,49.510516],[14.667738,49.509985],[14.667122,49.508993],[14.665795,49.507064],[14.665489,49.506635],[14.665039,49.506031],[14.664111,49.504829],[14.663862,49.504515],[14.660898,49.500774],[14.660328,49.499907],[14.660093,49.499436],[14.659846,49.498977],[14.659566,49.498395],[14.659294,49.497769],[14.659061,49.497102],[14.658872,49.496467],[14.65877,49.496071],[14.658682,49.495684],[14.658564,49.494984],[14.65851,49.494572],[14.658471,49.494129],[14.658428,49.493316],[14.658467,49.492524],[14.658545,49.491711],[14.65865,49.491104],[14.658783,49.490455],[14.659106,49.489189],[14.65976,49.486674],[14.659918,49.485951],[14.660006,49.48553],[14.660139,49.484733],[14.660248,49.483907],[14.660308,49.483351],[14.660359,49.482612],[14.660386,49.481952],[14.660398,49.481152],[14.660376,49.480295],[14.660335,49.47952],[14.660184,49.478026],[14.660116,49.477438],[14.659985,49.476349],[14.659934,49.475832],[14.65989,49.475347],[14.659866,49.474525],[14.659902,49.473705],[14.659997,49.472842],[14.660147,49.471955],[14.660319,49.471256],[14.660481,49.470708],[14.660652,49.470203],[14.660702,49.470074],[14.660866,49.469688],[14.66115,49.469047],[14.661402,49.468535],[14.661584,49.468196],[14.661918,49.467614],[14.662275,49.466975],[14.662894,49.465921],[14.663244,49.465325],[14.664187,49.463682],[14.665025,49.462064],[14.665263,49.461565],[14.665485,49.461072],[14.665706,49.460544],[14.665925,49.460004],[14.66666,49.457996],[14.667505,49.455547],[14.669042,49.451091],[14.669586,49.449602],[14.669924,49.448782],[14.670171,49.44824],[14.670452,49.447699],[14.670768,49.447151],[14.671044,49.446719],[14.671412,49.44623],[14.672057,49.445489],[14.672575,49.444988],[14.673039,49.444576],[14.673745,49.444022],[14.674511,49.443498],[14.675048,49.443164],[14.675668,49.442812],[14.676239,49.442526],[14.676858,49.44224],[14.678011,49.441764],[14.679287,49.441284],[14.680614,49.440806],[14.684122,49.439545],[14.685957,49.438891],[14.687944,49.438165],[14.688451,49.437977],[14.689184,49.437692],[14.689612,49.437501],[14.689905,49.437378],[14.690393,49.437153],[14.690889,49.436903],[14.691327,49.43666],[14.691799,49.436379],[14.692199,49.436127],[14.692593,49.435861],[14.692965,49.435581],[14.693325,49.43529],[14.69369,49.43499],[14.694044,49.434674],[14.694364,49.434356],[14.694661,49.434055],[14.69516,49.433488],[14.695501,49.433021],[14.696555,49.431582],[14.697484,49.430232],[14.6977,49.429925],[14.698429,49.428887],[14.699228,49.42775],[14.699571,49.427263],[14.700257,49.426286],[14.700915,49.425367],[14.703249,49.42206],[14.703831,49.421248],[14.704741,49.419998],[14.705397,49.419137],[14.706077,49.418275],[14.706785,49.417431],[14.707527,49.416584],[14.708274,49.415774],[14.709057,49.414966],[14.710327,49.413696],[14.711474,49.412596],[14.712665,49.411456],[14.713826,49.41033],[14.714434,49.409721],[14.714963,49.409175],[14.715335,49.408766],[14.715733,49.408311],[14.716153,49.407807],[14.716606,49.40724],[14.717143,49.406533],[14.717311,49.406311],[14.717603,49.405911],[14.718551,49.404582],[14.719087,49.403825],[14.71978,49.402841],[14.720279,49.402144],[14.720648,49.401626],[14.721032,49.401088],[14.721289,49.400731],[14.721415,49.400547],[14.72184,49.399944],[14.722258,49.399358],[14.722671,49.398781],[14.723057,49.398221],[14.72354,49.397523],[14.723958,49.396873],[14.72422,49.396438],[14.724441,49.396035],[14.724779,49.395366],[14.725008,49.39485],[14.725217,49.394331],[14.725374,49.393885],[14.725525,49.393429],[14.72562,49.393111],[14.725707,49.392795],[14.725813,49.392408],[14.72591,49.391996],[14.726035,49.391437],[14.726119,49.390994],[14.726196,49.390531],[14.726281,49.389979],[14.726317,49.389656],[14.726354,49.38932],[14.726389,49.388896],[14.726414,49.388489],[14.726437,49.387899],[14.726443,49.387399],[14.726432,49.386769],[14.726407,49.386225],[14.72637,49.385819],[14.72632,49.38533],[14.726255,49.384838],[14.726165,49.38433],[14.726091,49.383936],[14.726003,49.383546],[14.725841,49.382926],[14.725741,49.382594],[14.725626,49.382258],[14.725539,49.382018],[14.725447,49.381782],[14.725348,49.381546],[14.725244,49.381312],[14.725133,49.381079],[14.725011,49.380834],[14.724819,49.380483],[14.724605,49.380121],[14.724367,49.379753],[14.72411,49.379382],[14.723901,49.379108],[14.723681,49.378831],[14.723175,49.378231],[14.722688,49.377683],[14.722105,49.377037],[14.721941,49.37685],[14.721543,49.376394],[14.72122,49.375976],[14.720917,49.375534],[14.72067,49.375125],[14.720496,49.374795],[14.720361,49.374501],[14.720227,49.374175],[14.720103,49.373806],[14.720064,49.373686],[14.720022,49.373528],[14.719922,49.373069],[14.719875,49.372737],[14.719844,49.372397],[14.719832,49.372088],[14.719834,49.3718],[14.719849,49.371557],[14.719875,49.371314],[14.71992,49.370987],[14.719974,49.370724],[14.720036,49.37047],[14.720125,49.370161],[14.720242,49.369837],[14.720358,49.369545],[14.72055,49.369151],[14.72073,49.368815],[14.720919,49.368489],[14.721166,49.3681],[14.721421,49.36771],[14.72176,49.367193],[14.722043,49.366747],[14.722417,49.366169],[14.722606,49.365835],[14.722794,49.365486],[14.723037,49.365004],[14.723336,49.36433],[14.723453,49.364034],[14.723562,49.363739],[14.723685,49.36332],[14.723787,49.362957],[14.723927,49.36233],[14.724024,49.361803],[14.724106,49.361269],[14.724228,49.360351],[14.724501,49.35825],[14.724549,49.357947],[14.724652,49.357346],[14.724803,49.356634],[14.724852,49.356404],[14.724978,49.355853],[14.725127,49.355338],[14.725272,49.354854],[14.725443,49.354354],[14.725608,49.353867],[14.725742,49.353502],[14.725921,49.353058],[14.726123,49.352574],[14.726404,49.351955],[14.726735,49.35127],[14.727032,49.350694],[14.72742,49.35],[14.727897,49.34921],[14.728412,49.348422],[14.728774,49.3479],[14.729072,49.347484],[14.729335,49.347134],[14.729611,49.346779],[14.729986,49.346307],[14.730278,49.345958],[14.730573,49.345611],[14.730908,49.34523],[14.7313,49.344801],[14.731751,49.344321],[14.732151,49.343908],[14.732516,49.343531],[14.732913,49.343124],[14.733345,49.342683],[14.733771,49.342246],[14.734262,49.341724],[14.734729,49.341199],[14.734999,49.340879],[14.735309,49.340485],[14.735629,49.340046],[14.735926,49.339602],[14.736119,49.339304],[14.736358,49.338896],[14.736441,49.338743],[14.736515,49.338602],[14.736691,49.338245],[14.736816,49.337979],[14.736949,49.337676],[14.737077,49.33735],[14.737197,49.337033],[14.737309,49.336697],[14.737409,49.336363],[14.737489,49.336068],[14.737562,49.335759],[14.73766,49.335262],[14.737727,49.334828],[14.737769,49.334441],[14.737802,49.334065],[14.737816,49.333698],[14.737808,49.333155],[14.737785,49.332698],[14.737715,49.331945],[14.73754,49.330658],[14.737363,49.329442],[14.737286,49.328841],[14.737236,49.328395],[14.737182,49.327888],[14.737154,49.327552],[14.737119,49.326888],[14.737103,49.326139],[14.737107,49.325564],[14.737127,49.325121],[14.737148,49.324638],[14.737203,49.324021],[14.737313,49.323033],[14.737407,49.322322],[14.737534,49.321475],[14.737617,49.320907],[14.737753,49.320035],[14.737971,49.31856],[14.738164,49.317348],[14.738513,49.315138],[14.738623,49.31438],[14.738723,49.313592],[14.738781,49.313084],[14.738827,49.312618],[14.738836,49.312461],[14.73887,49.312027],[14.738905,49.311347],[14.738907,49.310771],[14.738903,49.310229],[14.738878,49.309578],[14.738839,49.309021],[14.738785,49.308451],[14.738702,49.307828],[14.738623,49.307288],[14.738576,49.307025],[14.738442,49.306353],[14.738292,49.305708],[14.737975,49.304452],[14.7378,49.303805],[14.737489,49.302727],[14.737113,49.301425],[14.73679,49.300306],[14.736154,49.298113],[14.735827,49.297013],[14.735527,49.295959],[14.735196,49.294788],[14.734973,49.293967],[14.734847,49.293414],[14.734808,49.293242],[14.73469,49.292567],[14.734591,49.291864],[14.734545,49.291275],[14.734512,49.29046],[14.734515,49.289936],[14.734536,49.289411],[14.734607,49.288591],[14.734663,49.28814],[14.73474,49.287673],[14.734833,49.287144],[14.735021,49.286367],[14.735297,49.285419],[14.735721,49.284109],[14.736182,49.282671],[14.736319,49.282197],[14.736447,49.281708],[14.736582,49.281144],[14.736689,49.280576],[14.736752,49.280277],[14.736811,49.279926],[14.736879,49.279407],[14.736923,49.278873],[14.736943,49.278474],[14.736944,49.277879],[14.736912,49.276956],[14.736815,49.275492],[14.736717,49.273806],[14.736643,49.27268],[14.736595,49.271951],[14.736557,49.271367],[14.736471,49.270067],[14.736387,49.268707],[14.736344,49.267764],[14.736334,49.267388],[14.736331,49.266254],[14.736364,49.265582],[14.736401,49.265057],[14.736411,49.264916],[14.736447,49.264532],[14.736476,49.264242],[14.736545,49.263459],[14.736556,49.263318],[14.736632,49.262511],[14.736711,49.261456],[14.736733,49.260771],[14.736723,49.260358],[14.736704,49.259949],[14.736652,49.259382],[14.736582,49.258885],[14.736483,49.258366],[14.736374,49.257889],[14.736292,49.257566],[14.736167,49.257133],[14.735903,49.256384],[14.735684,49.255848],[14.735415,49.255275],[14.735148,49.254758],[14.734806,49.254142],[14.734428,49.253535],[14.733988,49.252874],[14.732733,49.250989],[14.732288,49.25033],[14.731856,49.249673],[14.731375,49.248939],[14.730901,49.248189],[14.730484,49.247493],[14.73016,49.246925],[14.730017,49.246652],[14.729931,49.24648],[14.729865,49.246359],[14.729477,49.245582],[14.729132,49.244812],[14.728832,49.244086],[14.728591,49.243438],[14.728353,49.242744],[14.728197,49.242214],[14.728041,49.241635],[14.727942,49.241245],[14.727816,49.240691],[14.727675,49.239987],[14.727621,49.239674],[14.72754,49.239158],[14.727484,49.238775],[14.727438,49.238351],[14.727382,49.237702],[14.727349,49.237031],[14.727331,49.236365],[14.727343,49.235742],[14.727353,49.235493],[14.727372,49.235068],[14.727417,49.234305],[14.727463,49.233679],[14.727643,49.231647],[14.727773,49.230322],[14.727839,49.229525],[14.727847,49.229439],[14.727969,49.228115],[14.727984,49.227878],[14.728013,49.227388],[14.728026,49.22671],[14.72802,49.226116],[14.727994,49.225727],[14.727929,49.225107],[14.727843,49.224508],[14.727783,49.224175],[14.727697,49.223788],[14.727547,49.223208],[14.727406,49.222719],[14.727277,49.222338],[14.727169,49.222026],[14.727043,49.221705],[14.726817,49.22117],[14.726541,49.220582],[14.726248,49.220053],[14.725985,49.219577],[14.725652,49.219058],[14.725337,49.218557],[14.724994,49.218074],[14.724829,49.217858],[14.724477,49.217412],[14.724276,49.217166],[14.723964,49.21681],[14.723453,49.216252],[14.722753,49.21555],[14.722342,49.215169],[14.722066,49.214934],[14.72146,49.214407],[14.721134,49.214144],[14.720645,49.213767],[14.720035,49.213326],[14.719303,49.21282],[14.718543,49.212314],[14.716495,49.211009],[14.714333,49.209602],[14.712571,49.208477],[14.710499,49.207124],[14.709261,49.206321],[14.7082,49.205632],[14.706891,49.204739],[14.706628,49.204556],[14.706347,49.204348],[14.705516,49.203708],[14.70489,49.203192],[14.704429,49.202782],[14.704101,49.202488],[14.703106,49.201567],[14.702528,49.201003],[14.702109,49.200601],[14.701799,49.200302],[14.700941,49.199472],[14.700531,49.199079],[14.700357,49.198919],[14.700032,49.198631],[14.699722,49.198367],[14.699324,49.198039],[14.69889,49.197694],[14.698517,49.197418],[14.698084,49.197106],[14.697834,49.19693],[14.69744,49.196663],[14.696749,49.196228],[14.696003,49.195779],[14.694953,49.195222],[14.694479,49.19499],[14.693978,49.194757],[14.692666,49.194145],[14.691133,49.193459],[14.69011,49.192976],[14.689158,49.192485],[14.688251,49.191959],[14.687461,49.191458],[14.686875,49.191041],[14.686398,49.190675],[14.68602,49.190366],[14.685727,49.190119],[14.685257,49.189691],[14.684833,49.189263],[14.684167,49.188513],[14.683784,49.188031],[14.683417,49.187518],[14.683034,49.186894],[14.682681,49.186241],[14.68247,49.185778],[14.682273,49.185299],[14.68177,49.18407],[14.680906,49.181807],[14.679982,49.17941],[14.679557,49.178331],[14.679288,49.177582],[14.678975,49.176826],[14.678656,49.176149],[14.678452,49.175766],[14.678232,49.175382],[14.677743,49.174663],[14.677527,49.174387],[14.677117,49.173906],[14.676789,49.17353],[14.67568,49.172442],[14.67526,49.17208],[14.674835,49.171733],[14.674093,49.171196],[14.673238,49.170637],[14.672197,49.17004],[14.671346,49.169611],[14.670523,49.169234],[14.669594,49.168854],[14.668364,49.168415],[14.666941,49.167928],[14.664794,49.167227],[14.659893,49.165589],[14.657313,49.164738],[14.654722,49.163876],[14.653318,49.163412],[14.651945,49.162954],[14.649564,49.162148],[14.648396,49.161728],[14.647171,49.161248],[14.646064,49.1608],[14.644952,49.160324],[14.644015,49.159907],[14.643043,49.159449],[14.642104,49.158991],[14.641211,49.158537],[14.640361,49.15809],[14.63943,49.15756],[14.63853,49.15704],[14.63687,49.156047],[14.635373,49.15512],[14.634034,49.154258],[14.633152,49.153671],[14.632317,49.153095],[14.63147,49.152486],[14.630668,49.151885],[14.62943,49.150888],[14.628289,49.149907],[14.627438,49.149121],[14.626624,49.148326],[14.625406,49.147081],[14.624204,49.145839],[14.622801,49.144369],[14.62085,49.142349],[14.620464,49.141944],[14.617925,49.139299],[14.614651,49.135873],[14.613007,49.134156],[14.61116,49.132212],[14.609471,49.130476],[14.608134,49.129116],[14.607511,49.128501],[14.605783,49.126867],[14.605161,49.126289],[14.60383,49.125112],[14.602319,49.123823],[14.601124,49.122843],[14.599896,49.121863],[14.597737,49.120223],[14.596611,49.119383],[14.596194,49.119081],[14.594371,49.117809],[14.593717,49.117373],[14.593017,49.116937],[14.5924,49.116574],[14.591741,49.1162],[14.591023,49.115833],[14.590289,49.115496],[14.589688,49.115238],[14.588849,49.114924],[14.587979,49.114615],[14.5871,49.114344],[14.58618,49.114097],[14.585437,49.113922],[14.584658,49.11376],[14.583838,49.113608],[14.583005,49.11347],[14.580394,49.113098],[14.579271,49.112928],[14.578668,49.11283],[14.578102,49.11273],[14.577367,49.112584],[14.576696,49.112439],[14.575985,49.112271],[14.575291,49.112089],[14.574676,49.111917],[14.574109,49.111748],[14.573245,49.111467],[14.572414,49.111175],[14.571284,49.110727],[14.570348,49.110319],[14.569416,49.109868],[14.568599,49.109449],[14.567821,49.109012],[14.567209,49.108646],[14.566513,49.108193],[14.566012,49.10783],[14.56539,49.10737],[14.564803,49.106911],[14.564215,49.106404],[14.56335,49.105577],[14.56285,49.105045],[14.562341,49.104481],[14.561582,49.103492],[14.561183,49.102868],[14.560865,49.102363],[14.560523,49.10174],[14.560239,49.101159],[14.560019,49.100646],[14.559805,49.100028],[14.559729,49.099815],[14.559449,49.098811],[14.559173,49.097433],[14.558886,49.095944],[14.558443,49.093625],[14.558129,49.092002],[14.557963,49.090971],[14.557593,49.089347],[14.557355,49.08841],[14.557001,49.087397],[14.556726,49.086809],[14.556452,49.086234],[14.556249,49.085863],[14.556033,49.08548],[14.555525,49.084693],[14.555257,49.084311],[14.55494,49.08389],[14.554696,49.083586],[14.554452,49.083292],[14.554051,49.082842],[14.553666,49.082425],[14.553163,49.081922],[14.552762,49.081555],[14.552353,49.081191],[14.551688,49.080644],[14.551296,49.080338],[14.550878,49.080021],[14.550376,49.079667],[14.549829,49.079305],[14.549214,49.078919],[14.54858,49.078536],[14.547337,49.077838],[14.546107,49.077191],[14.545042,49.076619],[14.544645,49.076404],[14.544049,49.076067],[14.543726,49.075879],[14.542979,49.075415],[14.542246,49.074938],[14.541257,49.07424],[14.539791,49.073145],[14.537767,49.071604],[14.536598,49.070711],[14.535741,49.070056],[14.534617,49.069206],[14.532881,49.067892],[14.531515,49.066855],[14.530109,49.065835],[14.528186,49.064524],[14.527505,49.064076],[14.526432,49.063361],[14.525931,49.063019],[14.525422,49.062658],[14.524692,49.06211],[14.524019,49.061551],[14.523361,49.060974],[14.52275,49.060381],[14.521722,49.059273],[14.521226,49.058645],[14.520744,49.057997],[14.520431,49.057505],[14.520137,49.057016],[14.519863,49.056552],[14.519498,49.055847],[14.519239,49.055264],[14.518961,49.054519],[14.518762,49.053922],[14.518688,49.053692],[14.518494,49.053045],[14.518264,49.052223],[14.518048,49.051504],[14.517598,49.050052],[14.517101,49.048589],[14.516272,49.046508],[14.515347,49.044515],[14.514383,49.042645],[14.51341,49.040831],[14.513249,49.040537],[14.512738,49.039552],[14.512459,49.039022],[14.512163,49.03843],[14.511915,49.037938],[14.51115,49.036334],[14.510513,49.034965],[14.509902,49.033593],[14.509631,49.032997],[14.509375,49.032395],[14.509144,49.031805],[14.50896,49.031215],[14.508868,49.030866],[14.508781,49.030468],[14.508723,49.030115],[14.50868,49.029776],[14.508636,49.02928],[14.508619,49.028797],[14.508639,49.028145],[14.508659,49.027951],[14.508694,49.027605],[14.508746,49.02726],[14.508824,49.026855],[14.508906,49.02649],[14.50904,49.026002],[14.509196,49.025559],[14.509382,49.025099],[14.509608,49.02459],[14.509867,49.02411],[14.510106,49.023698],[14.510364,49.02328],[14.510881,49.02258],[14.51132,49.022044],[14.511843,49.021458],[14.512342,49.020929],[14.512881,49.020364],[14.513408,49.019794],[14.513904,49.019221],[14.514348,49.018678],[14.514738,49.018127],[14.515078,49.017623],[14.515365,49.017126],[14.515571,49.016746],[14.515915,49.015997],[14.516209,49.015233],[14.516351,49.01477],[14.516483,49.014286],[14.516605,49.01364],[14.516681,49.013089],[14.516719,49.012684],[14.516738,49.012288],[14.516737,49.012119],[14.516717,49.011541],[14.516684,49.010979],[14.516599,49.00997],[14.516501,49.008902],[14.516458,49.008389],[14.516355,49.007198],[14.516336,49.006982],[14.51619,49.004866],[14.516193,49.004297],[14.516233,49.003615],[14.516274,49.003002],[14.516346,49.002459],[14.516431,49.001902],[14.516515,49.001469],[14.516618,49.001025],[14.51688,49.000033],[14.517145,48.999273],[14.517484,48.998327],[14.517912,48.997347],[14.517958,48.997226],[14.518411,48.996162],[14.518491,48.995964],[14.518776,48.995319],[14.519178,48.994344],[14.519563,48.9933],[14.520042,48.991862],[14.520878,48.989308],[14.521631,48.987162],[14.521933,48.98626],[14.522181,48.985536],[14.52273,48.983881],[14.522775,48.983734],[14.52291,48.983176],[14.523035,48.982535],[14.52306,48.982203],[14.523077,48.981841],[14.523081,48.981472],[14.52305,48.9809],[14.523033,48.98074],[14.522971,48.980288],[14.522876,48.979824],[14.522711,48.979197],[14.522483,48.978604],[14.522127,48.977846],[14.521617,48.976992],[14.520884,48.976068],[14.519863,48.974887],[14.519382,48.974297],[14.518798,48.973565],[14.518301,48.972844],[14.517818,48.972023],[14.517482,48.971357],[14.517287,48.970921],[14.517122,48.970507],[14.517031,48.970274],[14.5168,48.969531],[14.516697,48.969142],[14.516573,48.968577],[14.516481,48.968082],[14.516296,48.966967],[14.516204,48.96643],[14.516087,48.965853],[14.515943,48.965305],[14.515759,48.964758],[14.515533,48.96421],[14.515267,48.96368],[14.515056,48.963313],[14.514613,48.962648],[14.514328,48.962278],[14.514081,48.961977],[14.513821,48.961685],[14.513487,48.961332],[14.513001,48.960874],[14.512662,48.960577],[14.511908,48.959956],[14.511127,48.95931],[14.510866,48.95909],[14.510327,48.958584],[14.509861,48.958072],[14.509515,48.957621],[14.509227,48.95718],[14.508986,48.956765],[14.508735,48.95621],[14.508635,48.955916],[14.508548,48.95564],[14.508474,48.955319],[14.5084,48.954959],[14.508372,48.954741],[14.508343,48.954444],[14.50833,48.954227],[14.508353,48.953522],[14.508417,48.95285],[14.50854,48.951834],[14.508577,48.951178],[14.508562,48.950655],[14.50848,48.950062],[14.508269,48.949203],[14.508064,48.948587],[14.507768,48.947892],[14.507332,48.94709],[14.506874,48.946423],[14.506355,48.945762],[14.505925,48.945291],[14.505527,48.944889],[14.50509,48.9445],[14.504868,48.944307],[14.503458,48.943039],[14.502551,48.942211],[14.502296,48.941977],[14.501132,48.940887],[14.49992,48.939657],[14.498874,48.938521],[14.498444,48.938049],[14.498058,48.937626],[14.497089,48.936475],[14.495485,48.93474],[14.495166,48.934401],[14.494819,48.934038],[14.494411,48.933622],[14.49398,48.93321],[14.49351,48.932773],[14.493122,48.932427],[14.49258,48.931961],[14.492332,48.931754],[14.491968,48.931461],[14.491598,48.931173],[14.491222,48.930887],[14.490839,48.930606],[14.490453,48.930329],[14.489644,48.929789],[14.488869,48.929308],[14.488018,48.928796],[14.487803,48.928666],[14.486736,48.928078],[14.484564,48.926928],[14.483548,48.926407],[14.481658,48.925412],[14.480774,48.92493],[14.479854,48.924394],[14.47943,48.924132],[14.478822,48.923735],[14.478517,48.923536],[14.477684,48.922936],[14.47689,48.92232],[14.476323,48.921852],[14.476018,48.921582],[14.475395,48.920998],[14.474833,48.920432],[14.473911,48.919412],[14.473673,48.919132],[14.472993,48.918232],[14.472509,48.917521],[14.471939,48.916574],[14.471664,48.916059],[14.471398,48.915503],[14.470906,48.914325],[14.470552,48.913105],[14.470143,48.910897],[14.470078,48.910221],[14.470064,48.909478],[14.470258,48.907568],[14.470646,48.904572],[14.470741,48.903578],[14.470841,48.902375],[14.470883,48.901488],[14.47089,48.901013],[14.470872,48.900107],[14.47078,48.898694],[14.470653,48.89742],[14.470502,48.896349],[14.470317,48.895405],[14.470208,48.894921],[14.470092,48.89443],[14.469963,48.893945],[14.469826,48.89346],[14.46968,48.892972],[14.469522,48.892491],[14.469359,48.892013],[14.469181,48.89153],[14.468922,48.890845],[14.468458,48.889767],[14.46802,48.888847],[14.467578,48.887963],[14.466642,48.886349],[14.466147,48.885549],[14.465626,48.884758],[14.465272,48.884272],[14.464826,48.883655],[14.464373,48.88305],[14.463395,48.881876],[14.462837,48.881238],[14.46208,48.88041],[14.461408,48.879713],[14.460715,48.879031],[14.45955,48.877939],[14.459176,48.877607],[14.458264,48.876812],[14.457751,48.8764],[14.457514,48.876198],[14.457064,48.875826],[14.455363,48.874459],[14.454989,48.874151],[14.454486,48.873743],[14.453477,48.872924],[14.452461,48.872066],[14.451723,48.871441],[14.450884,48.870689],[14.450351,48.870204],[14.450277,48.870132],[14.449983,48.869852],[14.449181,48.869034],[14.448364,48.868172],[14.447448,48.867153],[14.446528,48.866063],[14.445224,48.864436],[14.443758,48.862549],[14.442137,48.86063],[14.44183,48.860266],[14.441484,48.859863],[14.440653,48.858936],[14.438201,48.856472],[14.437855,48.856163],[14.435877,48.854307],[14.434944,48.853371],[14.433805,48.852217],[14.432745,48.851028],[14.432255,48.850455],[14.431749,48.84982],[14.430931,48.848719],[14.430117,48.847473],[14.429796,48.846952],[14.429259,48.845999],[14.428737,48.844983],[14.42856,48.844605],[14.428507,48.844493],[14.4284,48.844234],[14.428148,48.843648],[14.427993,48.843249],[14.427788,48.842701],[14.427596,48.842136],[14.427403,48.841511],[14.427229,48.840884],[14.427069,48.840239],[14.426961,48.839742],[14.426847,48.839137],[14.42674,48.838484],[14.42669,48.838095],[14.426643,48.83769],[14.426583,48.837016],[14.426557,48.836617],[14.426543,48.836209],[14.42653,48.835793],[14.426531,48.835377],[14.426542,48.834852],[14.426552,48.834502],[14.426569,48.834159],[14.426606,48.833682],[14.426647,48.833204],[14.426712,48.832608],[14.426781,48.832027],[14.426867,48.831388],[14.426956,48.830741],[14.427206,48.828961],[14.427339,48.828016],[14.427455,48.827188],[14.427536,48.82662],[14.427657,48.82574],[14.427793,48.824771],[14.427897,48.824019],[14.4281,48.822629],[14.428198,48.821969],[14.428305,48.821304],[14.428431,48.820581],[14.428574,48.819859],[14.428653,48.819479],[14.42874,48.819095],[14.428952,48.818249],[14.429121,48.817638],[14.429308,48.817024],[14.429409,48.816701],[14.429518,48.816374],[14.42972,48.815799],[14.429823,48.815519],[14.429928,48.815241],[14.430036,48.814962],[14.430146,48.814684],[14.430418,48.814039],[14.430706,48.813391],[14.430964,48.812832],[14.431239,48.812277],[14.431618,48.81155],[14.431976,48.810898],[14.432329,48.810292],[14.432695,48.809687],[14.433263,48.808792],[14.433849,48.807906],[14.434441,48.807037],[14.435043,48.806162],[14.435607,48.805352],[14.43626,48.80441],[14.436698,48.80378],[14.43714,48.803145],[14.437649,48.802399],[14.438239,48.801549],[14.441327,48.797086],[14.444037,48.793169],[14.444332,48.792756],[14.44482,48.792052],[14.445284,48.791379],[14.445648,48.790847],[14.44575,48.790697],[14.445949,48.790404],[14.446151,48.790104],[14.446415,48.78971],[14.446639,48.789366],[14.446883,48.788993],[14.447121,48.78862],[14.447358,48.788245],[14.447586,48.787872],[14.448027,48.787134],[14.448349,48.786572],[14.448679,48.78598],[14.448884,48.785601],[14.449085,48.785216],[14.449281,48.784835],[14.449523,48.784351],[14.449762,48.783859],[14.450105,48.783142],[14.450588,48.78207],[14.450952,48.781263],[14.451188,48.780739],[14.4516,48.779813],[14.452004,48.778903],[14.452185,48.77828],[14.452216,48.778182],[14.45224,48.778082],[14.452263,48.777971],[14.452288,48.777819],[14.452315,48.777522],[14.452346,48.777244],[14.452372,48.777066],[14.452399,48.776939],[14.452443,48.776821],[14.452517,48.776685],[14.452614,48.776551],[14.452704,48.776453],[14.452814,48.776343],[14.452845,48.776306],[14.452863,48.776279],[14.452875,48.77625],[14.452882,48.776214],[14.45288,48.776177],[14.45283,48.776121],[14.452793,48.776062],[14.452769,48.775999],[14.452761,48.775935],[14.452767,48.77587],[14.452787,48.775807],[14.452822,48.775746],[14.452869,48.77569],[14.452929,48.775639],[14.453,48.775594],[14.45308,48.775557],[14.453168,48.775528],[14.453261,48.775508],[14.453358,48.775498],[14.453456,48.775497],[14.453553,48.775506],[14.453647,48.775524],[14.453736,48.775551],[14.453818,48.775587],[14.453891,48.77563],[14.453953,48.77568],[14.454003,48.775735],[14.454029,48.775762],[14.45406,48.775785],[14.454096,48.775805],[14.454139,48.775823],[14.454186,48.775836],[14.454249,48.775844],[14.454353,48.775849],[14.454521,48.775838],[14.455953,48.775735],[14.457674,48.775593],[14.457707,48.77559],[14.458149,48.775557],[14.458937,48.775514],[14.459935,48.775479],[14.461267,48.775449],[14.461679,48.775461],[14.461871,48.775472],[14.462098,48.775488],[14.462854,48.775561],[14.463139,48.775586],[14.46349,48.775615],[14.463555,48.775621],[14.463635,48.775621],[14.463708,48.775613],[14.463774,48.775599],[14.463838,48.77558],[14.46381,48.775549],[14.463788,48.775518],[14.463772,48.775484],[14.463762,48.775449],[14.463758,48.775413],[14.463761,48.775377],[14.46377,48.775257],[14.463775,48.775197],[14.463808,48.775106],[14.463849,48.775048],[14.463906,48.774995],[14.46398,48.774956],[14.464058,48.774926],[14.464165,48.774904],[14.464207,48.7749],[14.464283,48.774893],[14.464918,48.774886],[14.465163,48.774884],[14.465376,48.774882],[14.465564,48.77488],[14.4658,48.77488],[14.465962,48.774867],[14.466069,48.774841],[14.466149,48.774817],[14.466234,48.774768],[14.466297,48.774718],[14.466366,48.774653],[14.466439,48.774557],[14.466685,48.774207],[14.466803,48.774048],[14.466925,48.773879],[14.466979,48.773805],[14.467202,48.7735],[14.467238,48.773449],[14.467456,48.773146],[14.467608,48.772935],[14.467638,48.772895],[14.467881,48.772566],[14.468431,48.771816],[14.468748,48.77138],[14.47199,48.766961],[14.472134,48.766762],[14.473456,48.764976],[14.474973,48.762904],[14.475249,48.762522],[14.475516,48.762161],[14.475613,48.762029],[14.475986,48.761524],[14.477899,48.758916],[14.479419,48.756819],[14.479791,48.756305],[14.480578,48.755226],[14.481043,48.754578],[14.481329,48.754143],[14.481848,48.753161],[14.48209,48.752703],[14.482259,48.752431],[14.482454,48.752163],[14.482901,48.751633],[14.483404,48.751073],[14.483645,48.750802],[14.483805,48.750594],[14.48392,48.750437],[14.484042,48.750253],[14.484269,48.749904],[14.484387,48.7497],[14.484586,48.749311],[14.484901,48.748475],[14.485028,48.748027],[14.485233,48.747109],[14.485384,48.746484],[14.485501,48.746058],[14.485603,48.74571],[14.485821,48.744978],[14.485968,48.744398],[14.486015,48.744036],[14.486028,48.743752],[14.485943,48.743172],[14.485798,48.742754],[14.485603,48.742346],[14.485329,48.741911],[14.485086,48.741625],[14.484591,48.741094],[14.48398,48.740605],[14.483609,48.740308],[14.482799,48.739669],[14.482418,48.739287],[14.482194,48.739029],[14.481991,48.738733],[14.48177,48.738351],[14.481645,48.738019],[14.481599,48.737873],[14.481544,48.737661],[14.481466,48.737202],[14.481378,48.736501],[14.481242,48.735378],[14.481138,48.734545],[14.480944,48.732987],[14.480901,48.732644],[14.480669,48.73083],[14.480651,48.730709],[14.480634,48.730573],[14.480438,48.729217],[14.48039,48.728871],[14.480382,48.728818],[14.480362,48.728661],[14.480356,48.728571],[14.480348,48.728492],[14.480282,48.728458],[14.480229,48.728416],[14.480191,48.728367],[14.48017,48.728314],[14.480168,48.728258],[14.480191,48.728192],[14.48024,48.728133],[14.480182,48.727991],[14.480167,48.727906],[14.48017,48.727825],[14.480072,48.727253],[14.479995,48.726876],[14.479899,48.726416],[14.479782,48.725802],[14.479589,48.724831],[14.479407,48.723929],[14.479276,48.723278],[14.479254,48.723154],[14.478851,48.721219],[14.47875,48.720726],[14.478734,48.720647],[14.478711,48.720538],[14.478681,48.720392],[14.478643,48.720204],[14.478508,48.719453],[14.478419,48.71899],[14.478328,48.718538],[14.478261,48.718222],[14.478156,48.717723],[14.477983,48.716995],[14.477794,48.716107],[14.477289,48.713638],[14.477052,48.712396],[14.477007,48.712154],[14.476918,48.711812],[14.476885,48.711703],[14.476839,48.711582],[14.476742,48.711351],[14.476685,48.711234],[14.47665,48.711166],[14.476605,48.711088],[14.476566,48.711028],[14.476525,48.710977],[14.476481,48.710926],[14.476338,48.710784],[14.476221,48.710677],[14.476085,48.710556],[14.475452,48.710037],[14.47512,48.709769],[14.471993,48.707302],[14.471461,48.706877],[14.470805,48.706364],[14.470598,48.706197],[14.470404,48.706025],[14.47023,48.705862],[14.470013,48.705626],[14.469869,48.705453],[14.469734,48.705271],[14.469636,48.705123],[14.469527,48.704924],[14.469431,48.704732],[14.469368,48.704579],[14.469296,48.704374],[14.469258,48.704261],[14.469216,48.704125],[14.469179,48.703968],[14.469151,48.703835],[14.469074,48.703326],[14.468987,48.702734],[14.468936,48.702401],[14.468886,48.702058],[14.468711,48.700948],[14.468641,48.700547],[14.468591,48.700341],[14.468542,48.700162],[14.468471,48.699949],[14.468404,48.699767],[14.468323,48.699574],[14.468249,48.699414],[14.468178,48.699272],[14.468091,48.699118],[14.467964,48.698907],[14.467873,48.698768],[14.467711,48.698513],[14.467324,48.697936],[14.467111,48.697617],[14.466858,48.697243],[14.46659,48.696888],[14.466404,48.696661],[14.466241,48.696474],[14.466071,48.696283],[14.465863,48.696061],[14.465672,48.695869],[14.465402,48.695617],[14.465092,48.695336],[14.464807,48.695094],[14.464382,48.694761],[14.463594,48.694185],[14.462937,48.693721],[14.462516,48.693414],[14.462269,48.693234],[14.462209,48.69319],[14.461931,48.692979],[14.461681,48.692758],[14.461479,48.692552],[14.461406,48.692477],[14.46129,48.692346],[14.461185,48.692214],[14.461085,48.692077],[14.460994,48.691938],[14.460911,48.691798],[14.460845,48.691671],[14.460706,48.691367],[14.460424,48.690751],[14.459929,48.689603],[14.459576,48.688782],[14.459464,48.688537],[14.459342,48.688299],[14.459235,48.688097],[14.458863,48.687429],[14.458564,48.68689],[14.458229,48.686287],[14.458096,48.686046],[14.458006,48.685884],[14.457857,48.685645],[14.457691,48.685404],[14.457543,48.685197],[14.457397,48.684997],[14.457301,48.684874],[14.457135,48.684669],[14.456928,48.684436],[14.456799,48.684296],[14.456672,48.684171],[14.456426,48.683943],[14.455569,48.683183],[14.45517,48.682829],[14.453458,48.68133],[14.452909,48.680842],[14.452721,48.680664],[14.452651,48.680593],[14.452593,48.680535],[14.452499,48.680426],[14.4524,48.680305],[14.452325,48.68021],[14.452037,48.679815],[14.451522,48.679096],[14.451325,48.678813],[14.451195,48.678619],[14.450635,48.677855],[14.450092,48.677065],[14.449883,48.676793],[14.449342,48.67609],[14.44858,48.675121],[14.448232,48.674599],[14.448088,48.674329],[14.447766,48.673452],[14.447476,48.672471],[14.447421,48.672064],[14.447299,48.671073],[14.447294,48.671031],[14.447191,48.670207],[14.447115,48.669636],[14.447025,48.669025],[14.446958,48.668649],[14.446889,48.668266],[14.446829,48.667955],[14.446744,48.667558],[14.446657,48.66717],[14.446598,48.666922],[14.446501,48.666533],[14.446402,48.666154],[14.446246,48.665607],[14.446106,48.665137],[14.445979,48.664758],[14.445854,48.664377],[14.445695,48.663918],[14.445582,48.663608],[14.445413,48.663162],[14.44525,48.662748],[14.445067,48.662314],[14.444898,48.661923],[14.444699,48.661484],[14.444494,48.661052],[14.444161,48.660391],[14.444005,48.660087],[14.443741,48.659594],[14.443542,48.659226],[14.443314,48.658811],[14.443145,48.658502],[14.443004,48.658249],[14.442815,48.657902],[14.442653,48.65758],[14.442538,48.657332],[14.442427,48.657076],[14.44236,48.656901],[14.442234,48.656498],[14.442165,48.656202],[14.442119,48.655952],[14.442092,48.655735],[14.442067,48.6554],[14.442064,48.655229],[14.442071,48.654949],[14.442085,48.654757],[14.442116,48.654504],[14.44217,48.654242],[14.442226,48.653969],[14.442306,48.65371],[14.442365,48.653541],[14.442434,48.653357],[14.442515,48.653169],[14.442665,48.652855],[14.442799,48.652616],[14.442939,48.65238],[14.443058,48.652203],[14.443195,48.65202],[14.443535,48.651606],[14.443939,48.651159],[14.444316,48.650815],[14.444662,48.650529],[14.445096,48.650209],[14.445394,48.649992],[14.446447,48.649336],[14.446932,48.649039],[14.447374,48.648774],[14.447933,48.648443],[14.448571,48.648056],[14.449398,48.647549],[14.449946,48.647064],[14.450628,48.646669],[14.451691,48.646049],[14.452296,48.645696],[14.452476,48.645587],[14.45276,48.645415],[14.453049,48.645241],[14.453324,48.645105],[14.453631,48.644936],[14.453894,48.644778],[14.453968,48.644706],[14.454041,48.644636],[14.454127,48.644552],[14.454191,48.644491],[14.454458,48.644233],[14.454511,48.644172],[14.454556,48.644117],[14.454589,48.644061],[14.454614,48.644013],[14.454631,48.643952],[14.454719,48.643539],[14.454736,48.643425],[14.454736,48.643322],[14.454723,48.643238],[14.454679,48.643113],[14.454605,48.642958],[14.454515,48.642807],[14.454415,48.642689],[14.454176,48.642444],[14.453985,48.642239],[14.453908,48.642152],[14.453806,48.642043],[14.453717,48.641938],[14.453669,48.641866],[14.453577,48.641688],[14.453527,48.641502],[14.453507,48.641328],[14.453508,48.641176],[14.453524,48.640992],[14.453578,48.640759],[14.453662,48.640533],[14.453774,48.6403],[14.453972,48.639981],[14.454032,48.639897],[14.454167,48.639708],[14.454406,48.639417],[14.45474,48.639047],[14.455019,48.638764],[14.45535,48.638459],[14.455638,48.638214],[14.455933,48.63798],[14.45618,48.637791],[14.456508,48.637559],[14.45689,48.637313],[14.457022,48.637229],[14.457748,48.636785],[14.457826,48.636737],[14.458016,48.63662],[14.458206,48.636493],[14.458222,48.636481],[14.458352,48.63639],[14.458478,48.636291],[14.458669,48.63612],[14.458824,48.635963],[14.458952,48.635813],[14.459101,48.635618],[14.459244,48.635388],[14.459362,48.635181],[14.459651,48.63469],[14.459676,48.634646],[14.459871,48.634342],[14.460009,48.634152],[14.460117,48.634009],[14.460296,48.633792],[14.46051,48.633537],[14.460792,48.63323],[14.461005,48.633017],[14.461286,48.632754],[14.461524,48.632543],[14.461872,48.632262],[14.462172,48.632037],[14.462513,48.631795],[14.462785,48.631618],[14.463128,48.631408],[14.463386,48.631257],[14.463803,48.631029],[14.464336,48.630759],[14.464785,48.63056],[14.465412,48.630292],[14.465865,48.630102],[14.466305,48.629905],[14.466722,48.629708],[14.467054,48.629538],[14.467423,48.629337],[14.467748,48.629148],[14.468155,48.628891],[14.468334,48.628772],[14.468519,48.628641],[14.468751,48.628477],[14.469035,48.628258],[14.469461,48.627905],[14.469743,48.627648],[14.469878,48.627518],[14.470025,48.627369],[14.470247,48.627134],[14.47041,48.626952],[14.470586,48.626739],[14.470797,48.626465],[14.47097,48.626228],[14.471175,48.625915],[14.471326,48.625663],[14.471501,48.625338],[14.471624,48.625079],[14.471733,48.624821],[14.471814,48.624609],[14.471866,48.624458],[14.471936,48.624249],[14.471993,48.624046],[14.472062,48.623762],[14.472109,48.623508],[14.472142,48.623294],[14.472168,48.623051],[14.472185,48.622869],[14.472195,48.622553],[14.472192,48.622251],[14.472166,48.621892],[14.472132,48.621626],[14.472099,48.621435],[14.472035,48.621119],[14.471965,48.620828],[14.471839,48.620385],[14.471777,48.620173],[14.471686,48.619857],[14.471627,48.619618],[14.471569,48.619347],[14.471524,48.619062],[14.471521,48.619033],[14.4715,48.618843],[14.471483,48.618508],[14.471481,48.618201],[14.47149,48.617894],[14.471512,48.617543],[14.471558,48.617206],[14.471627,48.616808],[14.471737,48.616323],[14.471811,48.616012],[14.471902,48.615677],[14.472054,48.615178],[14.472246,48.614602],[14.472435,48.614101],[14.472704,48.613453],[14.472838,48.613157],[14.473051,48.612715],[14.473297,48.612239],[14.473478,48.611914],[14.47362,48.611666],[14.473856,48.611287],[14.474255,48.610675],[14.474848,48.609816],[14.47516,48.609346],[14.475537,48.608784],[14.475636,48.608635],[14.475788,48.608408],[14.476136,48.607889],[14.476658,48.607098],[14.477033,48.606516],[14.47734,48.606019],[14.477692,48.605416],[14.477933,48.604978],[14.4781,48.604658],[14.478378,48.604093],[14.478608,48.603588],[14.478779,48.603184],[14.478885,48.602919],[14.479022,48.602567],[14.479225,48.602005],[14.479354,48.601623],[14.479453,48.601286],[14.479538,48.600948],[14.47961,48.600618],[14.479651,48.600377],[14.479683,48.600135],[14.479702,48.599874],[14.479708,48.599566],[14.479708,48.599281],[14.479676,48.598855],[14.479632,48.598465],[14.479581,48.598128],[14.47953,48.597861],[14.47948,48.597652],[14.479389,48.597348],[14.479291,48.597047],[14.479189,48.596781],[14.479113,48.596592],[14.479013,48.596359],[14.47888,48.596089],[14.478723,48.595813],[14.478513,48.595481],[14.478395,48.595301],[14.47825,48.595089],[14.478059,48.594827],[14.477693,48.594363],[14.477371,48.593953],[14.477143,48.593671],[14.476917,48.593375],[14.476718,48.593088],[14.476547,48.592819],[14.476347,48.592465],[14.476136,48.592031],[14.476033,48.591786],[14.475902,48.591433],[14.475808,48.591122],[14.475734,48.59083],[14.475676,48.590544],[14.475646,48.590353],[14.475596,48.589934],[14.475547,48.589457],[14.47549,48.588854],[14.475453,48.588482],[14.475396,48.588126],[14.47539,48.588086],[14.475243,48.58755],[14.475141,48.587251],[14.475004,48.5869],[14.474895,48.586656],[14.474876,48.586613],[14.47482,48.5865],[14.474675,48.586226],[14.4745,48.585927],[14.474008,48.585136],[14.473697,48.58463],[14.473553,48.584398],[14.473366,48.584096],[14.473264,48.583922],[14.473117,48.583652],[14.472972,48.583351],[14.472851,48.583059],[14.472718,48.582699],[14.472611,48.582341],[14.472534,48.582018],[14.47248,48.581734],[14.472438,48.581416],[14.472406,48.581051],[14.472403,48.580657],[14.472416,48.580329],[14.472452,48.579994],[14.472509,48.579632],[14.472576,48.579316],[14.472661,48.579021],[14.472748,48.578737],[14.472858,48.57845],[14.473288,48.577456],[14.473412,48.577131],[14.473493,48.576881],[14.473542,48.576699],[14.473582,48.576514],[14.47362,48.576305],[14.473649,48.576049],[14.473657,48.575754],[14.473651,48.575509],[14.473607,48.575151],[14.473536,48.574813],[14.473427,48.574487],[14.473378,48.574421],[14.473319,48.574359],[14.473272,48.574315],[14.473198,48.574241],[14.473119,48.574168],[14.472931,48.574007],[14.472725,48.573848],[14.47249,48.573675],[14.472243,48.573509],[14.471922,48.573318],[14.471515,48.573111],[14.471068,48.572906],[14.470857,48.572801],[14.470717,48.572723],[14.470588,48.572642],[14.47049,48.572572],[14.470405,48.572507],[14.470317,48.572423],[14.47026,48.572352],[14.47022,48.572283],[14.470186,48.572205],[14.470161,48.572119],[14.470147,48.572021],[14.470145,48.571939],[14.470157,48.571856],[14.47018,48.571771],[14.47022,48.571678],[14.470277,48.571576],[14.470352,48.57147],[14.470451,48.571351],[14.470521,48.571277],[14.470608,48.571194],[14.470693,48.571127],[14.470791,48.571056],[14.470886,48.570997],[14.470996,48.570936],[14.471094,48.570883],[14.471215,48.570824],[14.471378,48.570754],[14.47152,48.570691],[14.471609,48.570644],[14.471679,48.570599],[14.471757,48.570542],[14.471829,48.570479],[14.471888,48.570415],[14.471979,48.570301],[14.472039,48.570195],[14.472195,48.569849],[14.472298,48.569485],[14.472307,48.569455],[14.472393,48.569188],[14.472464,48.568965],[14.472576,48.568618],[14.472655,48.568316],[14.472707,48.568051],[14.472748,48.567763],[14.472769,48.567489],[14.472786,48.567102],[14.472814,48.566323],[14.472834,48.566022],[14.472873,48.565726],[14.472909,48.565521],[14.47298,48.565211],[14.473054,48.56495],[14.473129,48.564735],[14.473242,48.564451],[14.473371,48.564175],[14.473652,48.563626],[14.474035,48.562923],[14.475065,48.561083],[14.475124,48.560977],[14.475313,48.560635],[14.475393,48.560511],[14.475447,48.560441],[14.475524,48.560351],[14.47569,48.560178],[14.475775,48.560088],[14.475836,48.560031],[14.475904,48.559975],[14.476102,48.559813],[14.476264,48.559665],[14.476406,48.559533],[14.476501,48.55943],[14.476542,48.559351],[14.476577,48.559251],[14.47663,48.55908],[14.476691,48.558878],[14.476765,48.558623],[14.476783,48.558564],[14.4768,48.558505],[14.476828,48.558417],[14.47685,48.558366],[14.47688,48.558318],[14.476941,48.558252],[14.477035,48.558185],[14.477137,48.558128],[14.477275,48.558057],[14.47769,48.557843],[14.477735,48.557819],[14.478131,48.557609],[14.47825,48.557544],[14.478352,48.55747],[14.478439,48.557384],[14.478492,48.5573],[14.478529,48.557235],[14.478557,48.55716],[14.478573,48.557077],[14.478574,48.556946],[14.478552,48.556614],[14.478546,48.55653],[14.478533,48.556329],[14.478512,48.556024],[14.478509,48.555899],[14.478511,48.555827],[14.478526,48.555762],[14.478554,48.5557],[14.478585,48.55565],[14.478621,48.555601],[14.4787,48.555532],[14.478774,48.555483],[14.478859,48.555439],[14.478963,48.555395],[14.479166,48.555318],[14.479642,48.555157],[14.480252,48.554939],[14.480584,48.554806],[14.48087,48.554682],[14.481099,48.554576],[14.481348,48.554456],[14.481615,48.554312],[14.481884,48.554158],[14.482113,48.554023],[14.482287,48.55391],[14.4825,48.553763],[14.48273,48.553597],[14.482971,48.553417],[14.483067,48.553339],[14.483301,48.553134],[14.483482,48.552963],[14.483669,48.552779],[14.483878,48.552555],[14.484006,48.552411],[14.484145,48.552247],[14.484277,48.552075],[14.484421,48.551866],[14.484649,48.551497],[14.484867,48.551143],[14.485242,48.55053],[14.485354,48.550336],[14.485455,48.550145],[14.485524,48.549982],[14.485594,48.549774],[14.485645,48.549621],[14.485694,48.549426],[14.485703,48.549366],[14.485722,48.549242],[14.485743,48.549017],[14.485747,48.548832],[14.485724,48.548326],[14.48568,48.547313],[14.485672,48.547125],[14.485688,48.546942],[14.485723,48.546753],[14.485777,48.546574],[14.485842,48.546428],[14.485959,48.54619],[14.486035,48.546064],[14.486095,48.545971],[14.486887,48.544783],[14.486919,48.544736],[14.486979,48.544646],[14.487041,48.544554],[14.487141,48.544402],[14.487231,48.544244],[14.487324,48.544056],[14.487379,48.543896],[14.487411,48.543778],[14.487438,48.543633],[14.487451,48.543485],[14.487441,48.543292],[14.487395,48.54287],[14.487379,48.542642],[14.487384,48.542462],[14.487411,48.542295],[14.487456,48.542135],[14.487536,48.541945],[14.48763,48.541772],[14.487753,48.541588],[14.487855,48.541461],[14.487988,48.541322],[14.488173,48.541159],[14.488525,48.540868],[14.488659,48.540754],[14.488761,48.540658],[14.4889,48.540511],[14.489026,48.540363],[14.489166,48.540179],[14.489269,48.540024],[14.48936,48.539861],[14.489457,48.539665],[14.489523,48.539512],[14.489695,48.53911],[14.489853,48.538733],[14.490308,48.537666],[14.490356,48.53756],[14.490451,48.537357],[14.490508,48.537256],[14.490619,48.537097],[14.490739,48.536958],[14.490858,48.536836],[14.490912,48.536788],[14.491079,48.536668],[14.491245,48.536554],[14.491434,48.536441],[14.491595,48.536355],[14.491771,48.536278],[14.491991,48.536193],[14.492349,48.536077],[14.492635,48.535989],[14.495364,48.535156],[14.496304,48.534863],[14.496729,48.534731],[14.497094,48.534623],[14.497422,48.534536],[14.497786,48.534464],[14.498179,48.534406],[14.498457,48.534372],[14.498679,48.534351],[14.498982,48.534338],[14.499444,48.534336],[14.49986,48.534336],[14.500267,48.534332],[14.500449,48.534325],[14.500614,48.534308],[14.500798,48.53428],[14.500954,48.534251],[14.50115,48.534207],[14.501281,48.534171],[14.501516,48.534097],[14.501686,48.534036],[14.501903,48.533954],[14.502081,48.533884],[14.502227,48.533824],[14.502401,48.533745],[14.502552,48.533668],[14.502795,48.533533],[14.503026,48.533397],[14.503099,48.533345],[14.503164,48.533291],[14.503222,48.533225],[14.503269,48.533148],[14.503311,48.533065],[14.503346,48.53298],[14.503399,48.532836],[14.503431,48.532747],[14.503888,48.531491],[14.503966,48.531308],[14.504047,48.531159],[14.504555,48.530361],[14.505007,48.529654],[14.505403,48.529031],[14.505493,48.528872],[14.505554,48.528745],[14.505587,48.528658],[14.505618,48.528562],[14.505638,48.528488],[14.505665,48.528286],[14.505662,48.528127],[14.505644,48.527985],[14.505611,48.527846],[14.505532,48.527598],[14.505444,48.527392],[14.50533,48.527152],[14.50515,48.526789],[14.505056,48.526593],[14.504986,48.526416],[14.50495,48.526297],[14.504926,48.526204],[14.504896,48.526023],[14.504887,48.525814],[14.5049,48.525523],[14.50484,48.525264],[14.504829,48.525217],[14.504723,48.525183],[14.50464,48.525128],[14.504593,48.525071],[14.504573,48.525003],[14.504588,48.524933],[14.504627,48.524866],[14.504698,48.524811],[14.504792,48.524773],[14.504875,48.524758],[14.504961,48.524756],[14.505011,48.524722],[14.505055,48.524687],[14.505162,48.524587],[14.505232,48.52452],[14.505324,48.524447],[14.505412,48.524386],[14.505518,48.524316],[14.505619,48.524259],[14.505734,48.524198],[14.505854,48.524142],[14.505992,48.524085],[14.50617,48.524021],[14.506875,48.523789],[14.507152,48.523691],[14.507739,48.523468],[14.508236,48.523259],[14.508698,48.52304],[14.509533,48.522642],[14.510957,48.521955],[14.511665,48.52163],[14.511976,48.521476],[14.512399,48.521248],[14.512944,48.520907],[14.513156,48.520775],[14.513304,48.520668],[14.513497,48.520527],[14.513648,48.520409],[14.513954,48.520156],[14.514228,48.519908],[14.514524,48.519608],[14.514769,48.519338],[14.515025,48.519021],[14.515175,48.518809],[14.515327,48.518571],[14.515399,48.518459],[14.515509,48.518287],[14.515559,48.518187],[14.515605,48.518103],[14.515631,48.518044],[14.515858,48.517511],[14.515948,48.517246],[14.516068,48.516825],[14.516147,48.516339],[14.516159,48.515548],[14.516145,48.515198],[14.516132,48.514675],[14.516133,48.514649],[14.51614,48.514388],[14.516162,48.514125],[14.516198,48.513858],[14.516278,48.513441],[14.516405,48.512942],[14.516553,48.512418],[14.516647,48.512158],[14.51675,48.51187],[14.516902,48.511556],[14.517058,48.511265],[14.517391,48.510779],[14.517705,48.510396],[14.518221,48.509811],[14.518404,48.50959],[14.518567,48.509398],[14.518892,48.508937],[14.519141,48.508529],[14.519269,48.508298],[14.519388,48.508049],[14.519584,48.50758],[14.519888,48.506759],[14.519923,48.506644],[14.520005,48.506333],[14.520033,48.506112],[14.520059,48.5058],[14.520049,48.505405],[14.520033,48.505151],[14.520001,48.504904],[14.519963,48.50466],[14.519869,48.504295],[14.519794,48.504043],[14.519689,48.503744],[14.519553,48.503405],[14.51932,48.502955],[14.519143,48.502651],[14.51901,48.502445],[14.518796,48.502136],[14.518497,48.501715],[14.518472,48.501679],[14.518198,48.501275],[14.518124,48.501157],[14.518005,48.500966],[14.517962,48.500897],[14.517795,48.500612],[14.517736,48.500509],[14.517639,48.500339],[14.517447,48.499979],[14.517393,48.499877],[14.517245,48.499575],[14.517093,48.499233],[14.51693,48.498827],[14.516835,48.498564],[14.51679,48.498439],[14.516598,48.497836],[14.516514,48.49752],[14.516477,48.49735],[14.516436,48.497114],[14.516393,48.496781],[14.516333,48.496286],[14.516262,48.495805],[14.516171,48.495332],[14.516005,48.494698],[14.51595,48.494535],[14.51593,48.494485],[14.515828,48.494242],[14.515749,48.49408],[14.51559,48.493809],[14.515339,48.493444],[14.515315,48.493414],[14.515078,48.493118],[14.514786,48.492813],[14.51444,48.492494],[14.514272,48.492354],[14.514232,48.492325],[14.514007,48.492159],[14.513962,48.492129],[14.513634,48.491909],[14.513055,48.491521],[14.512709,48.491292],[14.511967,48.490814],[14.510932,48.490141],[14.510028,48.489557],[14.509352,48.489117],[14.508631,48.488647],[14.508143,48.48833],[14.507764,48.488086],[14.50732,48.487801],[14.50697,48.487576],[14.506427,48.487218],[14.505781,48.486796],[14.505488,48.486601],[14.505259,48.486454],[14.505089,48.486344],[14.50506,48.486325],[14.504651,48.486056],[14.504518,48.485958],[14.504474,48.485926],[14.503896,48.485523],[14.503555,48.485267],[14.503348,48.485123],[14.503088,48.484928],[14.502819,48.484716],[14.502578,48.484526],[14.502335,48.484325],[14.50203,48.484052],[14.501636,48.483712],[14.501563,48.483638],[14.501256,48.483318],[14.500939,48.48292],[14.50072,48.48258],[14.50051,48.482201],[14.500318,48.481731],[14.500251,48.481474],[14.500199,48.481202],[14.500154,48.480887],[14.500143,48.480551],[14.500151,48.480324],[14.500176,48.480057],[14.500219,48.479813],[14.500337,48.479362],[14.500399,48.479205],[14.500606,48.478686],[14.500744,48.478323],[14.500874,48.47795],[14.500983,48.477558],[14.501067,48.477152],[14.501113,48.476838],[14.501151,48.476356],[14.501181,48.475631],[14.501211,48.474914],[14.501278,48.473881],[14.501372,48.472957],[14.501454,48.472303],[14.501555,48.471646],[14.501735,48.470619],[14.501885,48.469899],[14.502096,48.468989],[14.502338,48.4681],[14.502685,48.466919],[14.502843,48.466352],[14.502928,48.465997],[14.502976,48.465723],[14.503006,48.465419],[14.50302,48.465048],[14.503003,48.464652],[14.502955,48.464271],[14.502882,48.46391],[14.502803,48.463621],[14.502751,48.46343],[14.50261,48.462956],[14.502462,48.462512],[14.50223,48.461875],[14.501819,48.460812],[14.50151,48.460077],[14.501483,48.460012],[14.50132,48.459638],[14.500934,48.458816],[14.500278,48.457519],[14.499916,48.456852],[14.499671,48.4564],[14.499085,48.455441],[14.498652,48.454759],[14.497913,48.453637],[14.497149,48.452501],[14.496727,48.451852],[14.496492,48.451519],[14.496338,48.451292],[14.495906,48.450656],[14.495569,48.450188],[14.495189,48.449716],[14.494817,48.449299],[14.494525,48.448985],[14.49417,48.448631],[14.493767,48.448257],[14.493262,48.447827],[14.492829,48.447481],[14.492465,48.447207],[14.492095,48.446948],[14.491566,48.446594],[14.491268,48.446407],[14.490952,48.44622],[14.490517,48.445971],[14.48986,48.445617],[14.489524,48.445446],[14.489155,48.445264],[14.488629,48.445024],[14.487499,48.444515],[14.486913,48.444237],[14.486266,48.443908],[14.485574,48.443523],[14.485071,48.443223],[14.484696,48.442982],[14.484312,48.442723],[14.483897,48.442424],[14.483573,48.442181],[14.483143,48.441835],[14.482827,48.441564],[14.482512,48.441283],[14.482192,48.440979],[14.481824,48.440606],[14.481573,48.440326],[14.481364,48.44006],[14.481207,48.439835],[14.481076,48.439628],[14.480927,48.439358],[14.480801,48.439083],[14.480705,48.438835],[14.48063,48.438601],[14.480573,48.438367],[14.48053,48.438138],[14.480495,48.437862],[14.48049,48.437727],[14.480485,48.437591],[14.48049,48.43732],[14.480514,48.437077],[14.480564,48.436783],[14.480636,48.436494],[14.480719,48.436253],[14.480863,48.435903],[14.480997,48.435614],[14.481298,48.435048],[14.481397,48.434852],[14.481484,48.434666],[14.481567,48.434462],[14.481637,48.434274],[14.481699,48.434073],[14.481758,48.433868],[14.481802,48.433683],[14.481917,48.43316],[14.481958,48.432983],[14.482003,48.432822],[14.482086,48.43258],[14.482164,48.432391],[14.482289,48.432152],[14.482455,48.431862],[14.482642,48.431586],[14.482815,48.431352],[14.483032,48.431095],[14.483296,48.430814],[14.483546,48.430575],[14.483888,48.43028],[14.484248,48.43],[14.484958,48.429478],[14.488655,48.426792],[14.489057,48.426486],[14.489362,48.426232],[14.489606,48.426013],[14.489868,48.425749],[14.490188,48.425381],[14.490428,48.425044],[14.490632,48.424703],[14.49079,48.424402],[14.490909,48.424122],[14.491014,48.423818],[14.49109,48.423511],[14.491152,48.423203],[14.49118,48.42286],[14.491181,48.422546],[14.491155,48.422189],[14.491098,48.421854],[14.491014,48.421521],[14.490879,48.421131],[14.490644,48.420523],[14.490389,48.41993],[14.490222,48.419587],[14.490038,48.41929],[14.489798,48.418978],[14.489637,48.418798],[14.489425,48.418584],[14.489296,48.418461],[14.489105,48.418303],[14.488936,48.418174],[14.488783,48.418065],[14.48859,48.417936],[14.488338,48.417781],[14.48732,48.417212],[14.486992,48.41701],[14.48672,48.416822],[14.486473,48.416638],[14.4862,48.416411],[14.486046,48.416276],[14.485829,48.416055],[14.485555,48.415754],[14.485333,48.415469],[14.485141,48.415183],[14.484974,48.414883],[14.484822,48.414558],[14.484703,48.41423],[14.484636,48.413994],[14.484571,48.413687],[14.484521,48.413248],[14.484465,48.412646],[14.48441,48.412305],[14.484325,48.411922],[14.484207,48.411544],[14.483985,48.410994],[14.48375,48.410433],[14.483556,48.409934],[14.483513,48.409819],[14.483324,48.409268],[14.483111,48.408491],[14.483002,48.408018],[14.482936,48.407685],[14.482825,48.407032],[14.482755,48.406392],[14.482666,48.404653],[14.482593,48.403946],[14.482451,48.403104],[14.482276,48.402377],[14.482039,48.401598],[14.481526,48.400221],[14.481382,48.399704],[14.481282,48.399198],[14.481231,48.398748],[14.481204,48.398133],[14.481235,48.397545],[14.481327,48.396965],[14.48147,48.396392],[14.481637,48.395904],[14.481863,48.395388],[14.482127,48.394876],[14.482929,48.393631],[14.483326,48.392974],[14.48368,48.392323],[14.483946,48.391773],[14.484265,48.391026],[14.484472,48.390489],[14.484712,48.389742],[14.484878,48.389104],[14.484998,48.388529],[14.485104,48.387929],[14.485194,48.387216],[14.485233,48.386396],[14.485237,48.385802],[14.485218,48.385253],[14.485148,48.384487],[14.485055,48.383874],[14.484962,48.383345],[14.484788,48.382622],[14.484533,48.381766],[14.484231,48.380974],[14.483952,48.380337],[14.483807,48.380037],[14.483513,48.379454],[14.483251,48.378992],[14.482953,48.378505],[14.482544,48.377884],[14.482176,48.377373],[14.481803,48.376896],[14.481448,48.376465],[14.481077,48.376041],[14.48037,48.37525],[14.480054,48.374856],[14.47976,48.374442],[14.479535,48.374072],[14.479343,48.373713],[14.479174,48.373348],[14.479045,48.373025],[14.478951,48.372737],[14.478871,48.37243],[14.478797,48.372064],[14.478757,48.371692],[14.478743,48.371316],[14.478756,48.370919],[14.478813,48.370559],[14.478898,48.370105],[14.478995,48.369773],[14.479046,48.369616],[14.479151,48.369353],[14.479284,48.369072],[14.479427,48.368802],[14.479596,48.368518],[14.479855,48.368137],[14.480378,48.36746],[14.480759,48.366975],[14.480909,48.366778],[14.481096,48.366524],[14.481252,48.366284],[14.481377,48.366065],[14.481465,48.365892],[14.481533,48.365739],[14.481604,48.365569],[14.481675,48.365365],[14.481734,48.365152],[14.481795,48.364869],[14.481822,48.364676],[14.481836,48.364484],[14.481847,48.364193],[14.481829,48.363909],[14.481789,48.363647],[14.481736,48.363395],[14.481634,48.363056],[14.481509,48.362737],[14.481338,48.3624],[14.481132,48.36207],[14.480903,48.361757],[14.480674,48.361487],[14.480437,48.361241],[14.48012,48.360956],[14.479789,48.360695],[14.479441,48.360451],[14.479156,48.360279],[14.478829,48.360094],[14.478388,48.359876],[14.477994,48.359704],[14.477507,48.359517],[14.477075,48.35937],[14.476619,48.359233],[14.476154,48.359111],[14.475769,48.359024],[14.475441,48.358954],[14.475057,48.358885],[14.474641,48.358823],[14.474266,48.358776],[14.473965,48.358743],[14.473441,48.3587],[14.47285,48.358676],[14.472331,48.358671],[14.471912,48.35868],[14.471466,48.358701],[14.470862,48.358744],[14.470219,48.358797],[14.468803,48.35892],[14.468674,48.358931],[14.468057,48.358983],[14.467594,48.359021],[14.467233,48.359041],[14.466845,48.359051],[14.466474,48.359047],[14.466089,48.359028],[14.465726,48.358997],[14.465286,48.358942],[14.464877,48.358871],[14.464472,48.358784],[14.464048,48.358672],[14.463657,48.358548],[14.463244,48.358395],[14.462891,48.358241],[14.462539,48.35807],[14.462153,48.357849],[14.461804,48.357619],[14.461532,48.357413],[14.461281,48.357201],[14.461045,48.356975],[14.460821,48.356723],[14.460451,48.356267],[14.45987,48.355443],[14.459298,48.35456],[14.458303,48.352904],[14.457856,48.352157],[14.457496,48.351572],[14.457065,48.350911],[14.456788,48.35051],[14.456381,48.349945],[14.455996,48.349452],[14.455592,48.348959],[14.455204,48.348499],[14.454383,48.347606],[14.453447,48.346684],[14.452814,48.346104],[14.452055,48.345455],[14.451263,48.344816],[14.450653,48.344356],[14.449992,48.343877],[14.449349,48.343436],[14.448475,48.342873],[14.447717,48.342413],[14.447159,48.34209],[14.447034,48.34202],[14.446623,48.341792],[14.446404,48.34167],[14.445917,48.34141],[14.445076,48.340984],[14.444221,48.340571],[14.443333,48.340174],[14.442299,48.339737],[14.441398,48.339383],[14.440599,48.339087],[14.439909,48.338844],[14.439145,48.33859],[14.438281,48.338319],[14.437646,48.338129],[14.436789,48.33789],[14.435829,48.337641],[14.435237,48.337496],[14.434595,48.33735],[14.433819,48.337182],[14.432832,48.33699],[14.43223,48.336881],[14.43136,48.336738],[14.430436,48.336602],[14.429629,48.3365],[14.428969,48.33643],[14.428353,48.336374],[14.427724,48.336331],[14.427047,48.336299],[14.426419,48.336284],[14.425704,48.336279],[14.424979,48.336294],[14.424388,48.336319],[14.423812,48.336354],[14.423286,48.336395],[14.422551,48.33647],[14.421939,48.336546],[14.421395,48.336625],[14.420643,48.336754],[14.41998,48.336882],[14.419177,48.337055],[14.417987,48.337336],[14.41696,48.337578],[14.416233,48.337735],[14.41561,48.337857],[14.415128,48.337943],[14.414378,48.338059],[14.413857,48.338125],[14.413297,48.33819],[14.412609,48.338254],[14.411499,48.338326],[14.41033,48.338377],[14.408809,48.338423],[14.407381,48.338447],[14.406473,48.338451],[14.406074,48.338453],[14.40483,48.338446],[14.404071,48.338433],[14.403317,48.338417],[14.402386,48.338391],[14.401326,48.338348],[14.400237,48.338296],[14.399362,48.338248],[14.39843,48.338188],[14.39742,48.338111],[14.396556,48.338039],[14.395448,48.337936],[14.394629,48.337854],[14.393412,48.33772],[14.392188,48.33757],[14.391244,48.337446],[14.389592,48.337205],[14.388142,48.336973],[14.386615,48.336709],[14.385392,48.336477],[14.384026,48.336206],[14.382378,48.335873],[14.380821,48.335553],[14.379523,48.33531],[14.378614,48.335154],[14.377825,48.335032],[14.377175,48.33494],[14.376388,48.33484],[14.375987,48.334789],[14.375078,48.334692],[14.374339,48.334621],[14.373585,48.334558],[14.372801,48.334504],[14.372286,48.334473],[14.371408,48.334434],[14.37061,48.334406],[14.368709,48.334357],[14.367788,48.334343],[14.36555,48.334338],[14.363548,48.334358],[14.362615,48.334384],[14.361698,48.334411],[14.360205,48.334465],[14.35847,48.334549],[14.357231,48.334622],[14.356001,48.334705],[14.355019,48.334784],[14.354123,48.33487],[14.35353,48.334936],[14.352951,48.335009],[14.352466,48.335075],[14.351842,48.335173],[14.350677,48.335382],[14.349547,48.335619],[14.348837,48.335792],[14.348216,48.335953],[14.347583,48.336129],[14.347115,48.336266],[14.34602,48.336608],[14.344866,48.33698],[14.344075,48.337228],[14.343568,48.337375],[14.343084,48.337501],[14.342652,48.337602],[14.342212,48.337691],[14.341942,48.33774],[14.34157,48.337804],[14.341079,48.33787],[14.340761,48.337906],[14.340107,48.337961],[14.339702,48.337984],[14.339235,48.337999],[14.338742,48.338005],[14.338241,48.337994],[14.337715,48.33797],[14.337349,48.337944],[14.336984,48.33791],[14.336495,48.337852],[14.336084,48.337791],[14.335825,48.337747],[14.335658,48.337719],[14.335176,48.337626],[14.334769,48.337532],[14.334398,48.337441],[14.334013,48.337335],[14.33364,48.337223],[14.33323,48.337089],[14.332829,48.336945],[14.332399,48.336774],[14.332042,48.336617],[14.33163,48.336424],[14.331232,48.336222],[14.330759,48.335961],[14.330339,48.335704],[14.329927,48.335422],[14.32956,48.335146],[14.329206,48.334859],[14.329075,48.334744],[14.3289,48.334584],[14.328776,48.334463],[14.32858,48.334267],[14.328328,48.333994],[14.328027,48.333641],[14.327793,48.333346],[14.327513,48.332978],[14.327218,48.332596],[14.327011,48.332324],[14.32679,48.332037],[14.326627,48.331819],[14.32624,48.331319],[14.326129,48.331182],[14.325968,48.33098],[14.325637,48.330596],[14.325476,48.330426],[14.325299,48.330249],[14.32513,48.330103],[14.324856,48.32986],[14.324601,48.329647],[14.324355,48.329455],[14.323968,48.329178],[14.323922,48.329147],[14.323723,48.329014],[14.323371,48.328797],[14.323039,48.32861],[14.322687,48.328421],[14.322385,48.328271],[14.321955,48.328072],[14.321582,48.327917],[14.321187,48.327767],[14.320934,48.327672],[14.320734,48.327605],[14.320546,48.327544],[14.320291,48.327463],[14.319886,48.32735],[14.319489,48.32725],[14.319157,48.327173],[14.31877,48.327091],[14.318497,48.32704],[14.318209,48.32699],[14.317983,48.326955],[14.317724,48.326918],[14.317485,48.326888],[14.317241,48.326861],[14.316781,48.326819],[14.31632,48.326787],[14.315856,48.326767],[14.315525,48.326765],[14.315243,48.32676],[14.3149,48.326764],[14.314076,48.326779],[14.31341,48.32679],[14.313365,48.326791],[14.313039,48.326798],[14.312762,48.326799],[14.312433,48.326802],[14.311925,48.326796],[14.311473,48.326788],[14.31095,48.326768],[14.310496,48.326745],[14.310008,48.32671],[14.309524,48.326668],[14.309046,48.326622],[14.308558,48.326566],[14.308088,48.326498],[14.307601,48.326427],[14.307059,48.326338],[14.306454,48.326224],[14.305681,48.326054],[14.305117,48.325916],[14.304656,48.325793],[14.304492,48.325744],[14.304237,48.325669],[14.304041,48.325609],[14.303606,48.325464],[14.303223,48.325335],[14.302863,48.325201],[14.302591,48.325098],[14.302194,48.324939],[14.301901,48.324814],[14.301604,48.32468],[14.301,48.324396],[14.30038,48.324098],[14.300157,48.324005],[14.29999,48.323946],[14.299897,48.323916],[14.299754,48.323876],[14.299535,48.323825],[14.299369,48.323798],[14.299227,48.323781],[14.299014,48.323763],[14.298828,48.323755],[14.298594,48.323754],[14.298539,48.323754],[14.298319,48.323758],[14.298155,48.323759],[14.298019,48.323754],[14.297817,48.323742],[14.297687,48.32373],[14.297541,48.323712],[14.297408,48.323688],[14.297272,48.323659],[14.297161,48.323631],[14.297072,48.323603],[14.296964,48.32357],[14.296843,48.323524],[14.296706,48.323468],[14.296618,48.323423],[14.296527,48.323375],[14.296431,48.32332],[14.296335,48.323257],[14.296238,48.323188],[14.296132,48.3231],[14.296002,48.322975],[14.29593,48.322888],[14.295828,48.322742],[14.295762,48.322633],[14.295733,48.322561],[14.29569,48.322443],[14.29566,48.322317],[14.295648,48.322216],[14.295646,48.322088],[14.295655,48.321976],[14.295679,48.321857],[14.295714,48.321747],[14.295758,48.321636],[14.295808,48.32154],[14.295859,48.32146],[14.295917,48.321375],[14.296018,48.321255],[14.296151,48.321129],[14.296226,48.321068],[14.29634,48.320984],[14.296436,48.320919],[14.296586,48.320824],[14.296649,48.320787],[14.296733,48.320738],[14.297153,48.320494],[14.299386,48.319194],[14.30031,48.318648],[14.300573,48.318492],[14.301028,48.31823],[14.301246,48.318104],[14.301612,48.317893],[14.301989,48.317675],[14.302534,48.317355],[14.302791,48.317206],[14.304116,48.31643],[14.304309,48.316315],[14.304477,48.316212],[14.304636,48.316111],[14.304786,48.316013],[14.305029,48.315847],[14.305264,48.31568],[14.305464,48.315531],[14.305648,48.315387],[14.305805,48.31526],[14.305956,48.315135],[14.306104,48.315007],[14.306802,48.314371],[14.306982,48.314216],[14.307282,48.313972],[14.307534,48.313775],[14.308245,48.313244],[14.308716,48.312893],[14.308952,48.312703],[14.309197,48.312505],[14.309431,48.312296],[14.309634,48.3121],[14.309769,48.311966],[14.309887,48.311837],[14.310096,48.31159],[14.310251,48.311379],[14.310436,48.31112],[14.310592,48.310874],[14.310801,48.310518],[14.311328,48.309594],[14.311772,48.308806],[14.312094,48.308235],[14.312322,48.307808],[14.312546,48.307366],[14.31272,48.307004],[14.312964,48.306457],[14.313179,48.305916],[14.313381,48.305303],[14.31359,48.304663],[14.313685,48.304372],[14.313823,48.303937],[14.314196,48.302948],[14.314323,48.302644],[14.314457,48.302332],[14.314549,48.302131],[14.314648,48.301918],[14.314854,48.301492],[14.315188,48.300853],[14.31539,48.30048],[14.315652,48.300036],[14.315929,48.299574],[14.316163,48.299191],[14.316259,48.299042],[14.316818,48.298131],[14.31711,48.297653],[14.317343,48.297253],[14.317505,48.296945],[14.317627,48.296697],[14.317712,48.296518],[14.317844,48.296229],[14.318039,48.295758],[14.31821,48.295311],[14.318365,48.29485],[14.318458,48.294539],[14.318536,48.294251],[14.31862,48.293909],[14.318691,48.293586],[14.318743,48.293332],[14.318808,48.292936],[14.31884,48.292729],[14.318853,48.292628],[14.318877,48.292411],[14.318924,48.291816],[14.318932,48.291617],[14.318939,48.291322],[14.318938,48.291187],[14.318937,48.291019],[14.318928,48.29079],[14.318897,48.29032],[14.318845,48.289971],[14.318804,48.289745],[14.318759,48.289516],[14.318706,48.289285],[14.318655,48.289099],[14.318612,48.28895],[14.318587,48.288869],[14.318526,48.288688],[14.318444,48.288468],[14.318321,48.288185],[14.318185,48.287896],[14.31794,48.28745],[14.317644,48.287004],[14.317559,48.286885],[14.31739,48.286669],[14.317247,48.286506],[14.316985,48.286246],[14.316775,48.286069],[14.316497,48.285852],[14.316293,48.285719],[14.316037,48.285561],[14.315773,48.28542],[14.315541,48.285309],[14.315263,48.285188],[14.314885,48.285049],[14.314628,48.284966],[14.314488,48.284923],[14.314336,48.28488],[14.314144,48.28483],[14.313803,48.28475],[14.313268,48.284636],[14.312668,48.284508],[14.312252,48.284418],[14.312004,48.284365],[14.311062,48.284147],[14.310289,48.283952],[14.309818,48.283825],[14.309606,48.283767],[14.309155,48.283635],[14.308676,48.28349],[14.308211,48.283343],[14.308005,48.28328],[14.306773,48.282879],[14.306262,48.282716],[14.30581,48.282572],[14.304863,48.282266],[14.304506,48.282147],[14.304156,48.282021],[14.303934,48.281938],[14.303733,48.281858],[14.303508,48.28176],[14.303286,48.281663],[14.303087,48.281569],[14.302857,48.281454],[14.302617,48.281325],[14.302364,48.281178],[14.301987,48.280934],[14.30156,48.280649],[14.301241,48.280443],[14.301107,48.280362],[14.300836,48.280209],[14.300561,48.280063],[14.300174,48.279868],[14.299903,48.279742],[14.299617,48.279624],[14.299376,48.279537],[14.29914,48.279463],[14.298969,48.279417],[14.298777,48.279371],[14.298558,48.279328],[14.298295,48.279288],[14.298056,48.279266],[14.297821,48.279253],[14.297538,48.279248],[14.296843,48.279256],[14.296551,48.279251],[14.296266,48.279239],[14.296078,48.279222],[14.295888,48.279195],[14.295665,48.279146],[14.295382,48.279061],[14.295125,48.278942],[14.294978,48.278846],[14.294813,48.278722],[14.294717,48.278638],[14.294603,48.278493],[14.294542,48.278387],[14.294501,48.278305],[14.294482,48.278263],[14.294464,48.278214],[14.294435,48.278108],[14.294422,48.278027],[14.294418,48.277936],[14.294424,48.277776],[14.294441,48.277564],[14.294468,48.277334],[14.294545,48.276953],[14.294637,48.276448],[14.294691,48.276193],[14.294743,48.275951],[14.294799,48.275674],[14.294931,48.275025],[14.294968,48.274815],[14.294977,48.274769],[14.294996,48.274608],[14.295075,48.273939],[14.295223,48.271026],[14.295294,48.27048],[14.295353,48.270256],[14.295712,48.269288],[14.296181,48.268485],[14.296615,48.267768],[14.296934,48.267042],[14.297048,48.26673],[14.297111,48.266526],[14.29712,48.266497],[14.297163,48.266316],[14.297207,48.266086],[14.297253,48.265766],[14.297288,48.265447],[14.297294,48.265052],[14.297279,48.264381],[14.297226,48.263573],[14.297205,48.263214],[14.297206,48.262892],[14.297187,48.262574],[14.297134,48.261794],[14.297111,48.261475],[14.297089,48.26108],[14.297036,48.260261],[14.296992,48.259423],[14.296971,48.25872],[14.296964,48.258229],[14.296965,48.257796],[14.296979,48.257114],[14.296996,48.256444],[14.297041,48.255025],[14.2971,48.253225],[14.297188,48.250249],[14.297307,48.246396],[14.297337,48.245435],[14.297393,48.2437],[14.297402,48.243222],[14.297411,48.243051],[14.297414,48.242969],[14.297421,48.242772],[14.297425,48.242531],[14.297432,48.242332],[14.297453,48.241743],[14.297481,48.2408],[14.297492,48.240392],[14.297495,48.240379],[14.297509,48.239843],[14.297553,48.238502],[14.297566,48.238101],[14.297594,48.236995],[14.297694,48.233748],[14.297701,48.233557],[14.297751,48.232144],[14.297809,48.231101],[14.297891,48.230434],[14.297902,48.230371],[14.297952,48.230079],[14.298013,48.229739],[14.298116,48.229286],[14.298238,48.228811],[14.29836,48.228405],[14.298601,48.227707],[14.298821,48.227083],[14.298886,48.22689],[14.298969,48.226645],[14.299037,48.226427],[14.299189,48.225874],[14.299249,48.225572],[14.299295,48.225279],[14.299318,48.225005],[14.299323,48.224747],[14.29931,48.224464],[14.299286,48.224239],[14.299213,48.223747],[14.299141,48.223558],[14.299062,48.223303],[14.298895,48.222911],[14.29875,48.222628],[14.29861,48.222388],[14.29838,48.222045],[14.298218,48.221833],[14.298045,48.221633],[14.297824,48.2214],[14.297632,48.221211],[14.297441,48.221033],[14.297226,48.220852],[14.296986,48.220664],[14.296741,48.220488],[14.296505,48.220336],[14.296174,48.220132],[14.295705,48.21987],[14.295348,48.219599],[14.294272,48.219081],[14.293284,48.218605],[14.293005,48.21847],[14.292769,48.218355],[14.292159,48.21806],[14.291703,48.217839],[14.290802,48.21741],[14.28918,48.21663],[14.288657,48.216394],[14.287734,48.215984],[14.287217,48.215754],[14.286759,48.215549],[14.285198,48.21486],[14.283637,48.214166],[14.277844,48.21161],[14.276532,48.211031],[14.275601,48.210621],[14.274137,48.209973],[14.269852,48.208079],[14.265174,48.206014],[14.264135,48.20556],[14.262392,48.204784],[14.260369,48.203892],[14.260021,48.203744],[14.256653,48.202247],[14.255517,48.201744],[14.25493,48.20148],[14.253709,48.200918],[14.253045,48.200594],[14.25229,48.200223],[14.252017,48.2001],[14.248786,48.198512],[14.247885,48.198073],[14.247197,48.197734],[14.246847,48.197563],[14.245818,48.197068],[14.244743,48.196539],[14.242463,48.19541],[14.241418,48.19491],[14.240509,48.194497],[14.239911,48.194239],[14.239402,48.194026],[14.238808,48.193788],[14.237666,48.193356],[14.23668,48.193011],[14.235856,48.192738],[14.235208,48.192535],[14.234023,48.192191],[14.232878,48.191881],[14.231277,48.191491],[14.230421,48.191308],[14.229777,48.191174],[14.228052,48.190865],[14.227305,48.190751],[14.226754,48.190666],[14.225187,48.190468],[14.223715,48.190305],[14.220915,48.190012],[14.219317,48.189843],[14.217607,48.189667],[14.216694,48.189571],[14.214095,48.189296],[14.21268,48.189148],[14.211181,48.188957],[14.209723,48.188722],[14.20885,48.188562],[14.207524,48.188303],[14.206383,48.188038],[14.205032,48.18771],[14.203706,48.187342],[14.202615,48.187015],[14.201741,48.186736],[14.200872,48.186437],[14.199831,48.18606],[14.198205,48.185412],[14.197089,48.184918],[14.196958,48.18486],[14.195391,48.184132],[14.193194,48.183104],[14.187019,48.180211],[14.185612,48.179552],[14.185215,48.179375],[14.180699,48.177226],[14.179517,48.176604],[14.178518,48.176037],[14.177553,48.175459],[14.176242,48.174602],[14.175098,48.173796],[14.173651,48.172646],[14.173383,48.172421],[14.173249,48.172304],[14.172468,48.171622],[14.171271,48.170469],[14.170209,48.169306],[14.165042,48.163122],[14.163138,48.16083],[14.162404,48.159964],[14.161553,48.158928],[14.160842,48.158116],[14.160105,48.157293],[14.159466,48.156608],[14.158725,48.155855],[14.158008,48.155143],[14.157108,48.154305],[14.156825,48.154056],[14.15599,48.153317],[14.155885,48.153224],[14.154947,48.15241],[14.153988,48.151567],[14.152991,48.150711],[14.150661,48.148681],[14.14506,48.143798],[14.144023,48.142942],[14.142926,48.142098],[14.141754,48.141295],[14.140579,48.140531],[14.14028,48.140344],[14.139057,48.139643],[14.137632,48.138878],[14.1345,48.137402],[14.13247,48.136482],[14.132227,48.13637],[14.128371,48.134599],[14.127226,48.134072],[14.126869,48.1339],[14.125658,48.133298],[14.12433,48.132552],[14.123003,48.131747],[14.120856,48.130271],[14.11842,48.128304],[14.114832,48.125197],[14.105881,48.117444],[14.099101,48.111565],[14.098762,48.111272],[14.097078,48.109836],[14.093591,48.107043],[14.089392,48.10395],[14.087611,48.102726],[14.085799,48.101522],[14.081189,48.098547],[14.07717,48.095956],[14.076133,48.095279],[14.073669,48.09369],[14.072279,48.092758],[14.070973,48.091826],[14.06978,48.09094],[14.06848,48.089913],[14.065916,48.087741],[14.065147,48.087083],[14.064288,48.086351],[14.060153,48.082808],[14.056823,48.079952],[14.053753,48.077312],[14.052986,48.076662],[14.052268,48.076045],[14.052065,48.075868],[14.051895,48.075714],[14.050052,48.074143],[14.049638,48.073784],[14.049219,48.073424],[14.04893,48.073142],[14.047689,48.07204],[14.046683,48.071115],[14.046187,48.070648],[14.04513,48.069654],[14.04357,48.068177],[14.042083,48.066779],[14.041101,48.065848],[14.039425,48.064258],[14.039171,48.064014],[14.038248,48.063148],[14.037773,48.062709],[14.036892,48.06187],[14.03668,48.061674],[14.035069,48.060145],[14.033443,48.058606],[14.032756,48.057955],[14.032325,48.05756],[14.03205,48.057315],[14.031531,48.056881],[14.030915,48.056409],[14.030464,48.05609],[14.030275,48.055962],[14.029922,48.055733],[14.029604,48.055536],[14.0292,48.055294],[14.028743,48.055039],[14.02841,48.054861],[14.027508,48.054419],[14.026839,48.054127],[14.026425,48.053955],[14.025981,48.05378],[14.025198,48.053498],[14.024103,48.053095],[14.021419,48.052112],[14.016358,48.050258],[14.015096,48.049798],[14.012236,48.04876],[14.010809,48.048289],[14.009478,48.047886],[14.006415,48.047071],[14.003338,48.046273],[14.001775,48.045855],[14.001074,48.045651],[14.000345,48.045424],[13.999036,48.04496],[13.997773,48.044454],[13.997132,48.044173],[13.996433,48.043845],[13.995925,48.043592],[13.995171,48.043193],[13.994849,48.04301],[13.994378,48.042736],[13.993855,48.042417],[13.993171,48.041989],[13.992309,48.041442],[13.989681,48.039781],[13.987935,48.038676],[13.985934,48.037418],[13.985534,48.037157],[13.983205,48.035687],[13.98249,48.035236],[13.981111,48.034364],[13.978264,48.032563],[13.975033,48.030525],[13.972866,48.029152],[13.97174,48.028439],[13.96739,48.025704],[13.966172,48.025018],[13.96484,48.024321],[13.963267,48.023575],[13.962577,48.023278],[13.961887,48.022982],[13.960486,48.02243],[13.958075,48.021581],[13.946992,48.017793],[13.942997,48.016423],[13.941539,48.01592],[13.940626,48.015605],[13.938931,48.015029],[13.935751,48.013942],[13.934823,48.013626],[13.934574,48.013541],[13.933061,48.013029],[13.931712,48.012586],[13.93026,48.012128],[13.92872,48.011659],[13.926815,48.011082],[13.925217,48.010604],[13.924567,48.010411],[13.919935,48.009015],[13.91886,48.008692],[13.918338,48.008533],[13.917685,48.008337],[13.916713,48.008043],[13.915702,48.007741],[13.915122,48.007565],[13.914385,48.007342],[13.911175,48.006401],[13.908172,48.005624],[13.906742,48.005293],[13.905158,48.00495],[13.903078,48.004546],[13.901144,48.004214],[13.899608,48.003983],[13.898221,48.003792],[13.896227,48.00355],[13.894861,48.00341],[13.893576,48.003301],[13.892729,48.00324],[13.892366,48.003213],[13.890371,48.003097],[13.889596,48.003062],[13.887911,48.003006],[13.88678,48.002986],[13.885907,48.002983],[13.883517,48.003001],[13.882993,48.003016],[13.881923,48.003046],[13.876946,48.003281],[13.875086,48.003371],[13.872338,48.003515],[13.869726,48.003648],[13.868382,48.003712],[13.86723,48.003767],[13.866806,48.003787],[13.863645,48.003951],[13.860091,48.00413],[13.858595,48.004204],[13.857514,48.004258],[13.857104,48.004279],[13.855978,48.004337],[13.849179,48.004682],[13.848129,48.004733],[13.847958,48.004741],[13.847505,48.004763],[13.846864,48.004793],[13.845224,48.004844],[13.844412,48.004862],[13.843711,48.004871],[13.843125,48.004875],[13.842485,48.004875],[13.841809,48.00487],[13.840543,48.004851],[13.839355,48.004818],[13.838549,48.004786],[13.837419,48.004734],[13.836212,48.004661],[13.835011,48.004575],[13.83403,48.004492],[13.832606,48.004356],[13.831553,48.004243],[13.828353,48.003886],[13.82799,48.003846],[13.821317,48.003111],[13.818305,48.002776],[13.815299,48.002444],[13.811684,48.002043],[13.810944,48.001956],[13.810517,48.001907],[13.809894,48.001829],[13.809192,48.001731],[13.80863,48.001645],[13.807914,48.001524],[13.80739,48.001424],[13.806692,48.001286],[13.806427,48.001229],[13.805864,48.001097],[13.805084,48.000902],[13.804929,48.000854],[13.804417,48.000715],[13.803849,48.000545],[13.803337,48.000385],[13.802702,48.000176],[13.801897,47.999898],[13.801091,47.999594],[13.800367,47.999302],[13.799393,47.998888],[13.798183,47.998364],[13.796492,47.997626],[13.796263,47.997526],[13.795814,47.99733],[13.793758,47.996438],[13.79029,47.994941],[13.789929,47.994781],[13.789053,47.994397],[13.788606,47.994198],[13.787674,47.993774],[13.787111,47.993506],[13.786562,47.993233],[13.786069,47.992977],[13.785644,47.99275],[13.785303,47.992562],[13.784877,47.992321],[13.784394,47.992038],[13.783832,47.991692],[13.783208,47.991289],[13.782721,47.99096],[13.782353,47.990702],[13.781852,47.990336],[13.781328,47.989937],[13.780998,47.98968],[13.779969,47.988804],[13.779216,47.988101],[13.778287,47.987156],[13.777562,47.986327],[13.776849,47.985435],[13.775472,47.983511],[13.774468,47.982066],[13.773437,47.980595],[13.770821,47.976843],[13.768211,47.973113],[13.766738,47.97104],[13.765835,47.969897],[13.76522,47.969229],[13.764412,47.968472],[13.764179,47.968267],[13.763316,47.967588],[13.762564,47.967064],[13.76177,47.966568],[13.760887,47.966083],[13.759974,47.965642],[13.75886,47.96517],[13.758567,47.965056],[13.757919,47.964822],[13.755738,47.964121],[13.750549,47.962561],[13.750249,47.96247],[13.748793,47.96203],[13.746191,47.96124],[13.74362,47.960466],[13.740955,47.959665],[13.739039,47.959083],[13.738034,47.958768],[13.737205,47.958492],[13.736757,47.958333],[13.73651,47.958242],[13.736142,47.958103],[13.735724,47.957935],[13.735556,47.957864],[13.73519,47.957707],[13.73481,47.957532],[13.734352,47.957314],[13.733885,47.957074],[13.73345,47.956836],[13.732879,47.956504],[13.732367,47.956192],[13.731372,47.955557],[13.730681,47.955118],[13.730628,47.955083],[13.730256,47.954845],[13.729712,47.954534],[13.729155,47.954228],[13.728576,47.953936],[13.727963,47.953662],[13.727761,47.953572],[13.727609,47.953506],[13.727507,47.953465],[13.727064,47.953293],[13.726497,47.953093],[13.726007,47.952933],[13.725522,47.952791],[13.724849,47.952608],[13.7241,47.952438],[13.723582,47.952337],[13.723283,47.952281],[13.722693,47.952187],[13.722031,47.9521],[13.721231,47.952016],[13.720055,47.951913],[13.719069,47.951825],[13.718394,47.951753],[13.717764,47.951675],[13.717149,47.951576],[13.716661,47.951486],[13.716165,47.951382],[13.71555,47.951244],[13.714083,47.950883],[13.71323,47.950683],[13.712669,47.950561],[13.712288,47.950488],[13.711822,47.950409],[13.711409,47.950346],[13.711001,47.950294],[13.710355,47.950229],[13.709721,47.950187],[13.709153,47.950166],[13.708532,47.950163],[13.708035,47.950174],[13.707606,47.950195],[13.707116,47.950229],[13.706707,47.950268],[13.706217,47.950323],[13.705886,47.950368],[13.705461,47.950431],[13.704963,47.950513],[13.703793,47.950722],[13.702895,47.950881],[13.702407,47.950961],[13.701849,47.951045],[13.701276,47.951114],[13.700747,47.951165],[13.700132,47.951204],[13.699602,47.951225],[13.699097,47.951232],[13.698591,47.951226],[13.698074,47.951205],[13.697578,47.951172],[13.697038,47.951124],[13.696481,47.951058],[13.696013,47.950988],[13.69568,47.950934],[13.695077,47.950826],[13.694417,47.950689],[13.693336,47.950444],[13.692454,47.950235],[13.690631,47.949806],[13.689796,47.949615],[13.688823,47.9494],[13.688271,47.949281],[13.687007,47.949029],[13.684637,47.948636],[13.683551,47.9485],[13.68288,47.948436],[13.682437,47.948395],[13.682048,47.948362],[13.681368,47.948317],[13.680396,47.948282],[13.679353,47.948274],[13.67813,47.948303],[13.677278,47.94834],[13.676163,47.948429],[13.675174,47.948539],[13.674158,47.948678],[13.673377,47.94881],[13.672329,47.949008],[13.671501,47.949193],[13.670441,47.94947],[13.669203,47.949835],[13.667911,47.950272],[13.666901,47.950679],[13.665548,47.951255],[13.662936,47.952463],[13.659387,47.954124],[13.657076,47.955181],[13.656384,47.955477],[13.655773,47.955715],[13.655321,47.955877],[13.654967,47.955996],[13.654665,47.956098],[13.654283,47.956209],[13.65386,47.956329],[13.653493,47.956419],[13.653055,47.956519],[13.652662,47.956597],[13.65212,47.956704],[13.651394,47.956815],[13.650812,47.956887],[13.650346,47.956931],[13.649652,47.956985],[13.649265,47.957001],[13.648328,47.957013],[13.647654,47.957003],[13.64712,47.956976],[13.646345,47.956916],[13.645947,47.956877],[13.645487,47.956821],[13.645092,47.956768],[13.644381,47.956658],[13.643733,47.956545],[13.642857,47.956379],[13.641692,47.956131],[13.639058,47.955559],[13.637908,47.955305],[13.637603,47.955237],[13.636062,47.954901],[13.63526,47.954718],[13.634385,47.954515],[13.62509,47.952475],[13.624538,47.952353],[13.623574,47.952132],[13.622562,47.951907],[13.620328,47.951451],[13.619611,47.951327],[13.618685,47.95119],[13.618045,47.951112],[13.617312,47.951031],[13.616856,47.950994],[13.616434,47.950962],[13.615824,47.950933],[13.615119,47.950911],[13.614605,47.950908],[13.613794,47.95093],[13.612904,47.950978],[13.612412,47.951011],[13.61174,47.951075],[13.611285,47.951125],[13.61079,47.951191],[13.609943,47.951329],[13.608603,47.951592],[13.607801,47.951771],[13.60493,47.952401],[13.604495,47.952493],[13.602683,47.95289],[13.601884,47.953064],[13.596787,47.954189],[13.596276,47.954301],[13.592392,47.955151],[13.591459,47.955355],[13.58915,47.955859],[13.587317,47.956259],[13.58521,47.956708],[13.583124,47.957121],[13.581433,47.957429],[13.580106,47.957657],[13.578529,47.957899],[13.577355,47.95806],[13.576136,47.958208],[13.575135,47.958307],[13.574023,47.958403],[13.572806,47.958481],[13.571584,47.958533],[13.569901,47.958558],[13.568314,47.958529],[13.566755,47.95845],[13.565301,47.958339],[13.563857,47.95818],[13.561983,47.957938],[13.559703,47.957597],[13.557883,47.957306],[13.557794,47.957295],[13.557475,47.957246],[13.556368,47.95707],[13.555175,47.956896],[13.553277,47.956624],[13.552107,47.956442],[13.551144,47.956304],[13.549706,47.956112],[13.548528,47.955962],[13.547158,47.955797],[13.545491,47.955609],[13.544044,47.955454],[13.542586,47.95531],[13.540942,47.95515],[13.53948,47.955008],[13.538009,47.954845],[13.536855,47.954701],[13.536131,47.9546],[13.53538,47.954477],[13.534571,47.954327],[13.53383,47.954178],[13.533136,47.95402],[13.532353,47.953828],[13.532077,47.953749],[13.531956,47.953715],[13.531282,47.953522],[13.530236,47.953192],[13.529419,47.952901],[13.528629,47.952601],[13.528118,47.952393],[13.527511,47.952127],[13.526658,47.95173],[13.52584,47.951316],[13.525245,47.95099],[13.52471,47.950682],[13.523967,47.950218],[13.523249,47.94974],[13.52282,47.949423],[13.522657,47.949303],[13.522091,47.948875],[13.52147,47.948355],[13.521131,47.948052],[13.520792,47.947732],[13.520645,47.947593],[13.520592,47.947541],[13.519953,47.946891],[13.519386,47.946243],[13.518934,47.94567],[13.518501,47.94508],[13.518185,47.944645],[13.517906,47.944181],[13.517615,47.943663],[13.517361,47.943108],[13.5169,47.941999],[13.516492,47.940833],[13.516466,47.940747],[13.515762,47.938396],[13.515629,47.937972],[13.515396,47.937268],[13.515187,47.936698],[13.514976,47.936166],[13.514703,47.935552],[13.51443,47.935007],[13.514094,47.934391],[13.513667,47.933722],[13.51348,47.933439],[13.513224,47.933089],[13.513168,47.933014],[13.512928,47.932703],[13.512592,47.932274],[13.512135,47.931744],[13.511719,47.931287],[13.511157,47.930695],[13.510691,47.930243],[13.510202,47.929778],[13.509114,47.928783],[13.507823,47.92766],[13.507196,47.927112],[13.506725,47.926699],[13.506339,47.92637],[13.505552,47.925682],[13.503842,47.924211],[13.502676,47.923202],[13.502388,47.922954],[13.501892,47.922537],[13.501277,47.922038],[13.501117,47.921908],[13.500848,47.921711],[13.500358,47.921343],[13.49997,47.921068],[13.499507,47.920766],[13.499169,47.920551],[13.498873,47.920372],[13.498544,47.920187],[13.497971,47.919879],[13.497544,47.91967],[13.497115,47.919474],[13.496578,47.919253],[13.496115,47.919069],[13.495609,47.918889],[13.495162,47.918739],[13.494722,47.918607],[13.494244,47.918471],[13.493686,47.918335],[13.493284,47.918243],[13.492745,47.918129],[13.491435,47.917923],[13.490123,47.917778],[13.488751,47.917691],[13.487352,47.917659],[13.485336,47.917694],[13.484136,47.917745],[13.482656,47.917827],[13.479266,47.918052],[13.479138,47.918057],[13.478428,47.918102],[13.477918,47.918135],[13.47645,47.918234],[13.474361,47.918336],[13.473341,47.918369],[13.472525,47.918382],[13.47125,47.918371],[13.47025,47.918335],[13.469553,47.918289],[13.468367,47.918179],[13.467355,47.918041],[13.466283,47.917846],[13.46542,47.917648],[13.464819,47.91748],[13.464239,47.917303],[13.463193,47.916915],[13.462225,47.916477],[13.461433,47.916085],[13.459943,47.915282],[13.458339,47.914428],[13.455626,47.91296],[13.454736,47.912447],[13.453899,47.911903],[13.453058,47.911309],[13.452086,47.910524],[13.451256,47.909764],[13.450607,47.909092],[13.450163,47.908579],[13.449495,47.907729],[13.448953,47.906899],[13.448238,47.905683],[13.447655,47.904615],[13.446165,47.901871],[13.445584,47.900898],[13.445137,47.900226],[13.444754,47.899675],[13.444421,47.899227],[13.4435,47.898079],[13.442372,47.896832],[13.442148,47.896612],[13.441883,47.89635],[13.441218,47.895693],[13.438715,47.89347],[13.437768,47.892632],[13.437522,47.892361],[13.436894,47.89171],[13.436332,47.891086],[13.435853,47.890489],[13.435361,47.889835],[13.434828,47.889014],[13.434332,47.888162],[13.433882,47.887216],[13.43375,47.886886],[13.433518,47.886282],[13.433366,47.885807],[13.433193,47.885192],[13.433109,47.884864],[13.433085,47.884702],[13.432981,47.884223],[13.432935,47.883917],[13.43286,47.88326],[13.432834,47.882993],[13.432811,47.882754],[13.432804,47.882161],[13.43282,47.881569],[13.432849,47.881073],[13.432867,47.880893],[13.432923,47.880439],[13.432962,47.880163],[13.433028,47.879796],[13.433179,47.879053],[13.433425,47.878084],[13.433875,47.876628],[13.433931,47.876466],[13.434811,47.873959],[13.436255,47.869906],[13.436351,47.869613],[13.436615,47.868809],[13.436662,47.868658],[13.436707,47.868514],[13.436858,47.86803],[13.437206,47.86674],[13.437446,47.865657],[13.437648,47.864577],[13.438358,47.860034],[13.438567,47.858852],[13.438729,47.858055],[13.438933,47.857136],[13.439105,47.856475],[13.439327,47.855741],[13.439333,47.855721],[13.439404,47.855504],[13.439499,47.855213],[13.439706,47.854645],[13.440045,47.853809],[13.440216,47.853407],[13.440809,47.852012],[13.441035,47.851441],[13.441278,47.850714],[13.441416,47.850247],[13.441477,47.850003],[13.441555,47.849613],[13.441629,47.849075],[13.441644,47.848875],[13.441659,47.848397],[13.441637,47.847956],[13.441576,47.847458],[13.441477,47.847034],[13.441315,47.846461],[13.441247,47.846286],[13.441047,47.845801],[13.440867,47.845439],[13.440642,47.845029],[13.440254,47.84448],[13.439856,47.843987],[13.439512,47.84361],[13.439074,47.843163],[13.438585,47.842764],[13.437932,47.842274],[13.437389,47.841919],[13.436758,47.841544],[13.436097,47.841201],[13.435503,47.840913],[13.434554,47.840506],[13.434176,47.840367],[13.432176,47.839669],[13.431847,47.839569],[13.431222,47.839379],[13.430553,47.839175],[13.429392,47.838861],[13.428634,47.838659],[13.42623,47.838005],[13.423813,47.837365],[13.422733,47.837096],[13.420828,47.836693],[13.420093,47.836571],[13.419052,47.836416],[13.417944,47.836293],[13.416622,47.836218],[13.415843,47.836209],[13.414967,47.83624],[13.414015,47.836317],[13.413125,47.836429],[13.413084,47.836434],[13.412409,47.836529],[13.412157,47.836571],[13.411285,47.836722],[13.410232,47.836921],[13.407435,47.837466],[13.405816,47.837781],[13.405376,47.83786],[13.404973,47.837927],[13.403895,47.83806],[13.403435,47.838098],[13.402961,47.838121],[13.402222,47.838129],[13.401752,47.838112],[13.401359,47.838091],[13.400893,47.838054],[13.400449,47.838006],[13.399988,47.837949],[13.399784,47.83792],[13.399215,47.83784],[13.398527,47.83774],[13.397793,47.837635],[13.397386,47.837583],[13.396848,47.837524],[13.396362,47.837479],[13.395884,47.837451],[13.395398,47.837438],[13.394961,47.837443],[13.394501,47.837461],[13.393989,47.8375],[13.393472,47.837557],[13.393046,47.837621],[13.392584,47.837705],[13.392118,47.83781],[13.39162,47.837939],[13.39094,47.838157],[13.39033,47.838398],[13.389759,47.838664],[13.389417,47.838843],[13.389117,47.839018],[13.388547,47.83937],[13.387847,47.839855],[13.385944,47.841294],[13.385115,47.841849],[13.384444,47.842247],[13.384082,47.842435],[13.383717,47.842623],[13.383092,47.842904],[13.382444,47.843171],[13.380784,47.843782],[13.379074,47.844422],[13.377941,47.844898],[13.377269,47.845207],[13.376575,47.845556],[13.375943,47.845883],[13.375338,47.846222],[13.374536,47.846686],[13.373758,47.847138],[13.373268,47.847412],[13.372828,47.847641],[13.372426,47.847837],[13.372231,47.847932],[13.371658,47.848173],[13.37157,47.848207],[13.371372,47.848286],[13.370624,47.848558],[13.369307,47.84898],[13.368173,47.849346],[13.36716,47.849735],[13.366491,47.850035],[13.365757,47.850413],[13.364979,47.850877],[13.364098,47.851438],[13.362212,47.852653],[13.361487,47.853103],[13.361002,47.853391],[13.360463,47.853691],[13.359658,47.854132],[13.358999,47.854507],[13.358361,47.854881],[13.357514,47.855452],[13.356964,47.855868],[13.356515,47.856226],[13.355497,47.857063],[13.355317,47.857212],[13.354313,47.858042],[13.353924,47.858363],[13.352982,47.859143],[13.35208,47.859887],[13.351547,47.860316],[13.351109,47.860659],[13.350524,47.861095],[13.349927,47.861497],[13.349307,47.861878],[13.348782,47.862161],[13.348366,47.862372],[13.347813,47.862617],[13.347348,47.8628],[13.347001,47.862916],[13.346574,47.863048],[13.346129,47.863164],[13.345606,47.863285],[13.345225,47.863354],[13.344808,47.86342],[13.344665,47.863438],[13.344467,47.863464],[13.34407,47.863505],[13.343672,47.863534],[13.343289,47.863551],[13.342949,47.863557],[13.342319,47.863545],[13.341671,47.863507],[13.341083,47.863445],[13.34053,47.863357],[13.340344,47.863321],[13.339566,47.863156],[13.339191,47.863054],[13.338869,47.862955],[13.338514,47.86284],[13.338316,47.862769],[13.338141,47.862699],[13.337829,47.862575],[13.337482,47.86242],[13.337196,47.86228],[13.336908,47.862128],[13.336692,47.862004],[13.336323,47.861773],[13.335992,47.861546],[13.335665,47.861299],[13.335372,47.861054],[13.335102,47.860809],[13.334838,47.860548],[13.334492,47.860179],[13.334334,47.859995],[13.33411,47.859703],[13.333929,47.859473],[13.333725,47.859185],[13.333398,47.858699],[13.333155,47.85831],[13.332927,47.857924],[13.332794,47.857708],[13.33225,47.856785],[13.331951,47.856293],[13.331718,47.855948],[13.331385,47.855468],[13.331004,47.854972],[13.330482,47.854384],[13.329841,47.853754],[13.329323,47.853309],[13.328851,47.852952],[13.328442,47.852648],[13.327784,47.852217],[13.327174,47.851853],[13.325765,47.851086],[13.322994,47.849688],[13.322058,47.849219],[13.320221,47.848311],[13.319278,47.847863],[13.318596,47.847556],[13.317266,47.846981],[13.316423,47.846651],[13.314941,47.846138],[13.314256,47.845933],[13.312915,47.845572],[13.311674,47.845296],[13.310709,47.845116],[13.309801,47.844972],[13.308943,47.844857],[13.30807,47.844756],[13.306848,47.844659],[13.305641,47.844563],[13.304183,47.844483],[13.301304,47.844349],[13.300948,47.84433],[13.296881,47.844145],[13.294473,47.844035],[13.293207,47.843977],[13.292112,47.843928],[13.290823,47.843863],[13.290261,47.843829],[13.289635,47.84379],[13.288381,47.843682],[13.287587,47.843595],[13.286365,47.843435],[13.284779,47.84322],[13.28368,47.8431],[13.28278,47.843034],[13.281683,47.843005],[13.280689,47.843028],[13.279684,47.843084],[13.277839,47.843222],[13.276822,47.843273],[13.275982,47.843297],[13.275011,47.843286],[13.272417,47.843188],[13.271276,47.84318],[13.27036,47.843217],[13.269533,47.843295],[13.268588,47.84344],[13.267686,47.843622],[13.266858,47.843811],[13.266247,47.843962],[13.264679,47.84434],[13.263919,47.844509],[13.26331,47.844645],[13.260977,47.845109],[13.259267,47.845422],[13.258394,47.845577],[13.257135,47.845805],[13.254614,47.846263],[13.254359,47.846311],[13.253083,47.846535],[13.252069,47.846703],[13.251126,47.846835],[13.250056,47.846957],[13.249341,47.847015],[13.246691,47.847193],[13.245759,47.847278],[13.244454,47.847458],[13.243591,47.847596],[13.242131,47.847863],[13.239643,47.848337],[13.239383,47.848381],[13.238039,47.848641],[13.237069,47.848831],[13.235909,47.849086],[13.235081,47.849288],[13.23433,47.849504],[13.233155,47.849876],[13.231956,47.850322],[13.230598,47.850861],[13.229891,47.851159],[13.229628,47.851269],[13.226932,47.852398],[13.226451,47.852593],[13.22626,47.852678],[13.224809,47.853283],[13.223666,47.853744],[13.222943,47.854016],[13.222182,47.854278],[13.221347,47.85453],[13.220422,47.85477],[13.219775,47.854915],[13.218918,47.855076],[13.218172,47.855193],[13.217658,47.855255],[13.217415,47.855287],[13.216798,47.855345],[13.216634,47.85536],[13.216036,47.855401],[13.21537,47.855444],[13.213654,47.855542],[13.206068,47.855959],[13.204775,47.856028],[13.204527,47.856041],[13.203512,47.85608],[13.202483,47.856082],[13.201602,47.856042],[13.20073,47.855958],[13.200053,47.855864],[13.199435,47.855757],[13.199068,47.855689],[13.198714,47.85561],[13.198379,47.855529],[13.197005,47.855127],[13.196323,47.85488],[13.195656,47.854605],[13.194486,47.854077],[13.194064,47.853878],[13.192055,47.852929],[13.191793,47.852809],[13.190506,47.852217],[13.18933,47.851716],[13.188289,47.851329],[13.187534,47.851088],[13.186759,47.850886],[13.186207,47.850762],[13.185416,47.850619],[13.184643,47.850517],[13.183867,47.850444],[13.182899,47.850397],[13.18197,47.850405],[13.181012,47.85046],[13.17996,47.850566],[13.178824,47.850734],[13.177632,47.850933],[13.176032,47.851214],[13.175652,47.85128],[13.175005,47.851394],[13.169457,47.852374],[13.164825,47.853186],[13.162841,47.853522],[13.161241,47.853764],[13.159918,47.853937],[13.158142,47.854138],[13.156254,47.854325],[13.153392,47.854588],[13.153263,47.854601],[13.149586,47.854947],[13.144402,47.855431],[13.143978,47.855471],[13.143173,47.855547],[13.140734,47.855776],[13.140357,47.855811],[13.138053,47.856027],[13.136854,47.856132],[13.136628,47.856152],[13.136427,47.856169],[13.134637,47.856305],[13.133683,47.85636],[13.132474,47.856409],[13.131197,47.856432],[13.130779,47.856431],[13.129915,47.856416],[13.129006,47.856381],[13.128252,47.85634],[13.127588,47.856295],[13.126366,47.856178],[13.125737,47.856103],[13.125316,47.856046],[13.124337,47.855909],[13.123299,47.855731],[13.122773,47.855629],[13.122323,47.855541],[13.120489,47.855159],[13.116875,47.854388],[13.114945,47.853994],[13.112514,47.853531],[13.111858,47.853417],[13.110458,47.853187],[13.109721,47.853071],[13.107817,47.852755],[13.105808,47.852437],[13.104094,47.852153],[13.103645,47.852082],[13.10189,47.851799],[13.100945,47.851657],[13.100136,47.851549],[13.099255,47.851467],[13.098425,47.851415],[13.096649,47.85137],[13.09635,47.851365],[13.096241,47.851363],[13.094058,47.851328],[13.093203,47.851307],[13.092301,47.851275],[13.091838,47.851252],[13.091363,47.851216],[13.090638,47.851151],[13.089932,47.851068],[13.08945,47.851001],[13.088918,47.850917],[13.088486,47.850842],[13.088217,47.850796],[13.085781,47.850363],[13.085026,47.850225],[13.084557,47.850141],[13.084087,47.850046],[13.083621,47.849934],[13.08336,47.849862],[13.083184,47.849808],[13.082997,47.849746],[13.082783,47.849674],[13.082562,47.849589],[13.082347,47.849502],[13.082139,47.849411],[13.08192,47.849309],[13.081577,47.849128],[13.081215,47.848911],[13.080871,47.848681],[13.080552,47.848435],[13.080377,47.848275],[13.080161,47.848085],[13.07999,47.84791],[13.079866,47.847776],[13.07975,47.847628],[13.079646,47.847494],[13.079537,47.84734],[13.07945,47.847205],[13.079361,47.847056],[13.079277,47.846906],[13.079201,47.846757],[13.079124,47.846604],[13.07907,47.846439],[13.07897,47.846109],[13.078905,47.845782],[13.078865,47.845468],[13.078851,47.84513],[13.078861,47.844159],[13.078861,47.843811],[13.078869,47.843511],[13.07887,47.843173],[13.078852,47.842841],[13.078811,47.842515],[13.078777,47.842358],[13.078738,47.842213],[13.078698,47.842068],[13.078643,47.841912],[13.078581,47.841752],[13.078511,47.841602],[13.078429,47.841443],[13.078337,47.841306],[13.078137,47.841014],[13.077895,47.840725],[13.07762,47.840436],[13.077328,47.840181],[13.077033,47.839942],[13.076574,47.83959],[13.07625,47.83935],[13.075929,47.839101],[13.075774,47.83898],[13.075626,47.838852],[13.075475,47.83872],[13.075347,47.838598],[13.075211,47.838458],[13.075087,47.838321],[13.07497,47.838176],[13.074868,47.838034],[13.074754,47.837863],[13.074668,47.837725],[13.074475,47.837393],[13.072906,47.834758],[13.072147,47.833479],[13.071915,47.833158],[13.07146,47.832613],[13.07109,47.832269],[13.070685,47.831943],[13.070101,47.831564],[13.069616,47.831306],[13.069018,47.831037],[13.068302,47.830786],[13.067664,47.830622],[13.066998,47.830497],[13.066356,47.830418],[13.065662,47.830377],[13.064845,47.830382],[13.064106,47.830444],[13.061951,47.830736],[13.059565,47.83106],[13.059405,47.831079],[13.059193,47.831105],[13.058943,47.831132],[13.058707,47.831156],[13.058467,47.83118],[13.058214,47.831202],[13.057988,47.831216],[13.057761,47.831227],[13.057527,47.831238],[13.057294,47.831243],[13.057056,47.831246],[13.05683,47.831244],[13.056592,47.831238],[13.05635,47.831228],[13.056107,47.831219],[13.055871,47.831207],[13.053013,47.831046],[13.051838,47.83098],[13.051595,47.830966],[13.051368,47.830953],[13.051128,47.830939],[13.050889,47.830924],[13.050656,47.83091],[13.050416,47.830895],[13.05015,47.830875],[13.049169,47.830804],[13.048667,47.830777],[13.047838,47.830712],[13.045705,47.830513],[13.044028,47.830351],[13.042427,47.830198],[13.042221,47.830179],[13.040347,47.829996],[13.03999,47.829961],[13.03965,47.829933],[13.038605,47.829835],[13.038133,47.829786],[13.037644,47.82972],[13.037188,47.829646],[13.03674,47.829573],[13.036303,47.829488],[13.036111,47.82945],[13.03591,47.829406],[13.03538,47.829284],[13.03466,47.829119],[13.034439,47.82907],[13.033144,47.828769],[13.032402,47.828605],[13.032257,47.82857],[13.031086,47.828304],[13.029543,47.827942],[13.028917,47.8278],[13.028864,47.827788],[13.027313,47.827432],[13.0271,47.827383],[13.026755,47.827305],[13.026388,47.827221],[13.026097,47.827154],[13.025899,47.827109],[13.024735,47.826842],[13.02253,47.826338],[13.021183,47.826025],[13.020315,47.825828],[13.019968,47.825751],[13.01877,47.825488],[13.017274,47.825129],[13.016956,47.825056],[13.016402,47.824929],[13.014495,47.824494],[13.013667,47.824304],[13.013004,47.824153],[13.012226,47.823958],[13.011486,47.823747],[13.010526,47.823411],[13.009724,47.823071],[13.009494,47.822971],[13.008614,47.822502],[13.007846,47.821985],[13.007413,47.821642],[13.007366,47.821599],[13.006479,47.820783],[13.006316,47.820615],[13.005276,47.81954],[13.004405,47.818647],[13.004166,47.818405],[13.003923,47.818158],[13.002572,47.816781],[13.002278,47.816483],[13.002156,47.816352],[13.002023,47.816223],[13.000693,47.814879],[13.000104,47.814245],[12.998573,47.812672],[12.998139,47.812219],[12.997479,47.811498],[12.996484,47.810307],[12.995886,47.809527],[12.99523,47.808674],[12.993335,47.806219],[12.992847,47.805583],[12.992784,47.8055],[12.99225,47.804799],[12.992069,47.80456],[12.991018,47.803193],[12.990771,47.802868],[12.99024,47.802206],[12.988831,47.800335],[12.98776,47.798945],[12.986998,47.797959],[12.986764,47.797644],[12.986222,47.796935],[12.985782,47.796366],[12.985442,47.795915],[12.985347,47.795784],[12.984785,47.795052],[12.984499,47.79469],[12.984245,47.794359],[12.984176,47.794269],[12.983767,47.793687],[12.98343,47.793158],[12.983214,47.792785],[12.982969,47.792335],[12.982673,47.79171],[12.982467,47.791232],[12.982323,47.790875],[12.982255,47.790669],[12.982105,47.790234],[12.982074,47.790134],[12.981984,47.789713],[12.981886,47.789299],[12.981751,47.788556],[12.981692,47.788188],[12.981618,47.787737],[12.981474,47.786902],[12.98144,47.786716],[12.981317,47.785988],[12.981244,47.785524],[12.980978,47.783912],[12.980898,47.78345],[12.980675,47.782187],[12.980589,47.781693],[12.980551,47.781459],[12.980325,47.780152],[12.980251,47.780025],[12.980103,47.779471],[12.98001,47.779204],[12.979804,47.778656],[12.979229,47.777323],[12.979071,47.776978],[12.978946,47.776604],[12.978843,47.776244],[12.978778,47.775831],[12.978739,47.775449],[12.978729,47.775135],[12.978759,47.774824],[12.978795,47.77455],[12.978823,47.774404],[12.97898,47.773773],[12.979136,47.773413],[12.97929,47.773082],[12.979497,47.772737],[12.979744,47.772421],[12.980002,47.772102],[12.980221,47.771862],[12.980447,47.771633],[12.981061,47.771112],[12.981428,47.770852],[12.981765,47.770634],[12.982051,47.770464],[12.982328,47.770317],[12.982522,47.770219],[12.982719,47.770124],[12.983103,47.769952],[12.983511,47.769791],[12.984011,47.769615],[12.98452,47.769454],[12.985285,47.769213],[12.985461,47.769156],[12.98587,47.769029],[12.986335,47.768884],[12.987214,47.768606],[12.987846,47.768397],[12.988916,47.768019],[12.990346,47.767471],[12.991276,47.767103],[12.991709,47.76693],[12.991976,47.766823],[12.992161,47.766752],[12.992432,47.766648],[12.993523,47.766209],[12.994298,47.765873],[12.99506,47.765515],[12.995802,47.765141],[12.996518,47.764751],[12.997173,47.764369],[12.997808,47.763976],[12.998703,47.763374],[12.999189,47.763022],[12.999783,47.762553],[12.999976,47.762409],[13.001648,47.761034],[13.00246,47.760364],[13.003192,47.759759],[13.00407,47.759034],[13.005279,47.758033],[13.00826,47.755574],[13.009323,47.754697],[13.010311,47.753932],[13.010992,47.753443],[13.011909,47.752851],[13.012388,47.752565],[13.012875,47.752282],[13.013745,47.751813],[13.014639,47.751365],[13.01551,47.750977],[13.015997,47.750768],[13.01651,47.750561],[13.01756,47.750168],[13.017761,47.750098],[13.018675,47.749796],[13.019578,47.749519],[13.021504,47.748955],[13.022383,47.748699],[13.022661,47.748618],[13.033589,47.745413],[13.034036,47.745281],[13.037262,47.744334],[13.037376,47.744301],[13.038571,47.743956],[13.039905,47.743559],[13.040197,47.743474],[13.041348,47.74314],[13.043629,47.742471],[13.044449,47.742235],[13.046792,47.741547],[13.05853,47.738101],[13.058955,47.737976],[13.059933,47.737689],[13.061238,47.737306],[13.061595,47.737201],[13.062537,47.736926],[13.06413,47.736468],[13.065558,47.736059],[13.066537,47.735796],[13.066925,47.735688],[13.068576,47.735235],[13.069667,47.734936],[13.07219,47.734261],[13.073985,47.733778],[13.074084,47.733751],[13.07578,47.733295],[13.078312,47.73262],[13.079442,47.73232],[13.079966,47.732181],[13.081145,47.731866],[13.081463,47.731779],[13.083657,47.731187],[13.08457,47.730951],[13.085465,47.730704],[13.085988,47.73055],[13.086532,47.730385],[13.087397,47.730104],[13.087885,47.729915],[13.0884,47.729703],[13.089004,47.729437],[13.089442,47.729231],[13.089837,47.72903],[13.090319,47.728781],[13.090931,47.728425],[13.091633,47.727967],[13.09212,47.727619],[13.092758,47.727113],[13.093472,47.726474],[13.094119,47.725803],[13.094589,47.725239],[13.094941,47.724768],[13.095281,47.72425],[13.09557,47.723748],[13.095715,47.723455],[13.095754,47.72337],[13.096064,47.722655],[13.096233,47.72218],[13.096401,47.721619],[13.096587,47.720912],[13.096725,47.720275],[13.096856,47.719608],[13.09701,47.718748],[13.097153,47.717961],[13.097349,47.716933],[13.097504,47.716177],[13.097619,47.715655],[13.09783,47.714742],[13.098024,47.714002],[13.098315,47.713004],[13.098348,47.712909],[13.098503,47.71243],[13.098816,47.711553],[13.099273,47.710401],[13.099795,47.709227],[13.100042,47.708695],[13.100439,47.707907],[13.100871,47.707119],[13.101276,47.706409],[13.101732,47.705656],[13.102031,47.705183],[13.102111,47.705052],[13.102367,47.704649],[13.102951,47.703731],[13.103323,47.703089],[13.103573,47.702607],[13.103819,47.70206],[13.103986,47.701633],[13.104208,47.700976],[13.104382,47.700393],[13.104563,47.699667],[13.104712,47.699003],[13.104728,47.698918],[13.105086,47.697292],[13.105468,47.695871],[13.105707,47.695143],[13.105739,47.695057],[13.105879,47.69471],[13.106009,47.694403],[13.106057,47.694303],[13.10618,47.694059],[13.106343,47.693758],[13.10654,47.693428],[13.106727,47.693151],[13.106912,47.692899],[13.107137,47.692609],[13.10742,47.692277],[13.10778,47.691904],[13.108143,47.691563],[13.108389,47.691349],[13.108672,47.691116],[13.108865,47.690972],[13.10926,47.690684],[13.109536,47.690497],[13.110013,47.690202],[13.110407,47.68998],[13.110597,47.689875],[13.1111,47.689618],[13.112243,47.689081],[13.113389,47.688532],[13.114151,47.688137],[13.114693,47.687823],[13.115816,47.687103],[13.116431,47.686652],[13.117019,47.686178],[13.117494,47.685768],[13.118109,47.685181],[13.118343,47.684935],[13.118705,47.684533],[13.11925,47.683888],[13.119556,47.683512],[13.120063,47.682861],[13.120675,47.682041],[13.120987,47.681592],[13.121399,47.680988],[13.121954,47.680109],[13.122305,47.679518],[13.123247,47.677832],[13.123899,47.676624],[13.124005,47.676423],[13.12404,47.676355],[13.124543,47.675397],[13.125201,47.674113],[13.125742,47.67303],[13.125788,47.672936],[13.126409,47.671684],[13.127039,47.670355],[13.127683,47.668972],[13.128263,47.667679],[13.128305,47.66759],[13.128334,47.667516],[13.128758,47.666481],[13.129094,47.665596],[13.129399,47.664709],[13.129744,47.66359],[13.129772,47.663486],[13.13027,47.661752],[13.130535,47.661003],[13.130825,47.66034],[13.131104,47.659814],[13.131147,47.65974],[13.13153,47.659144],[13.131853,47.65873],[13.132144,47.658386],[13.132435,47.658074],[13.133883,47.656658],[13.133959,47.65658],[13.134373,47.656135],[13.134675,47.655787],[13.135142,47.655155],[13.135582,47.654383],[13.135767,47.654002],[13.135982,47.653423],[13.136122,47.652924],[13.136256,47.652349],[13.136288,47.652224],[13.136366,47.651811],[13.136471,47.651256],[13.136516,47.650926],[13.136605,47.650289],[13.136688,47.649331],[13.136738,47.648329],[13.136745,47.647802],[13.136743,47.64737],[13.136722,47.646882],[13.136713,47.64665],[13.136699,47.646453],[13.136676,47.646124],[13.136656,47.645899],[13.136607,47.645401],[13.136535,47.644877],[13.136357,47.643831],[13.136268,47.643365],[13.136127,47.642729],[13.135963,47.642059],[13.135752,47.641263],[13.135643,47.640887],[13.1353,47.639861],[13.135103,47.639289],[13.134769,47.638417],[13.134165,47.636965],[13.133511,47.635538],[13.133227,47.634974],[13.132932,47.634408],[13.132444,47.633512],[13.132053,47.632767],[13.13191,47.632433],[13.131804,47.632124],[13.131642,47.63151],[13.13156,47.630948],[13.131545,47.630507],[13.131569,47.630059],[13.131636,47.629553],[13.131772,47.629064],[13.131937,47.628605],[13.132131,47.628167],[13.132172,47.62809],[13.132338,47.627793],[13.132593,47.627409],[13.132921,47.626984],[13.133021,47.626854],[13.133498,47.626313],[13.134084,47.62572],[13.13479,47.625081],[13.134876,47.624995],[13.135322,47.62461],[13.135362,47.624576],[13.135997,47.624033],[13.136536,47.623562],[13.136994,47.62312],[13.137328,47.622753],[13.13756,47.622462],[13.137768,47.622184],[13.137965,47.621878],[13.138161,47.62153],[13.13836,47.621114],[13.138479,47.620757],[13.1386,47.620366],[13.138692,47.619972],[13.138757,47.619311],[13.138739,47.61866],[13.138666,47.618145],[13.138592,47.617619],[13.138532,47.61713],[13.138569,47.616511],[13.138624,47.616143],[13.138707,47.615773],[13.138864,47.615291],[13.139008,47.614964],[13.13904,47.614889],[13.13907,47.614827],[13.139229,47.614523],[13.139401,47.614248],[13.139695,47.613833],[13.139927,47.613549],[13.14012,47.613339],[13.140302,47.613142],[13.14058,47.612884],[13.140904,47.6126],[13.141491,47.612122],[13.141774,47.611887],[13.142934,47.610943],[13.143998,47.60999],[13.144755,47.609234],[13.145464,47.608459],[13.146213,47.607555],[13.146898,47.606636],[13.147866,47.605145],[13.147921,47.60505],[13.148151,47.604659],[13.148846,47.603314],[13.149057,47.602888],[13.149922,47.60085],[13.15056,47.599032],[13.150584,47.598947],[13.150867,47.597964],[13.151089,47.597162],[13.151218,47.596621],[13.151282,47.59634],[13.151516,47.595431],[13.151692,47.594743],[13.151758,47.594501],[13.15189,47.594055],[13.152034,47.593571],[13.152461,47.592321],[13.152606,47.591914],[13.152751,47.591543],[13.153038,47.590832],[13.153484,47.589806],[13.153858,47.588991],[13.153902,47.588906],[13.154324,47.58806],[13.154722,47.587318],[13.154966,47.586868],[13.155268,47.586359],[13.155483,47.585984],[13.156332,47.584634],[13.156726,47.584042],[13.156835,47.583884],[13.157335,47.583161],[13.157784,47.58251],[13.157943,47.582275],[13.158103,47.582039],[13.158204,47.581898],[13.158324,47.581723],[13.159316,47.580283],[13.159627,47.579833],[13.159858,47.579495],[13.160056,47.579225],[13.160363,47.578837],[13.160608,47.578562],[13.160918,47.57824],[13.161016,47.578149],[13.161047,47.578118],[13.161373,47.577823],[13.161691,47.577564],[13.161983,47.577338],[13.162329,47.577097],[13.162519,47.576972],[13.163063,47.576635],[13.16458,47.575696],[13.166007,47.574678],[13.167069,47.573738],[13.16801,47.572722],[13.168566,47.571997],[13.16907,47.571222],[13.169496,47.570479],[13.169825,47.569669],[13.17102,47.56633],[13.171033,47.566284],[13.171085,47.566137],[13.171135,47.565985],[13.171504,47.564937],[13.171534,47.564852],[13.171553,47.564797],[13.172409,47.562348],[13.172619,47.561637],[13.172796,47.560948],[13.173112,47.55943],[13.1733,47.557699],[13.174243,47.547084],[13.174254,47.546949],[13.174319,47.546178],[13.174324,47.546085],[13.17442,47.544994],[13.174445,47.544654],[13.174458,47.544259],[13.174453,47.54362],[13.174418,47.543045],[13.174361,47.542483],[13.174351,47.542379],[13.174312,47.542095],[13.174255,47.541772],[13.174146,47.54124],[13.174026,47.540762],[13.173918,47.540401],[13.173839,47.540134],[13.173509,47.539241],[13.173289,47.538714],[13.17294,47.538006],[13.172771,47.537699],[13.172589,47.537376],[13.172417,47.537083],[13.172064,47.536535],[13.171578,47.535827],[13.17083,47.534717],[13.170581,47.534338],[13.170224,47.533753],[13.169814,47.532933],[13.169629,47.532471],[13.169477,47.532005],[13.169294,47.531234],[13.169172,47.530467],[13.169044,47.529066],[13.16903,47.528809],[13.168993,47.527849],[13.16899,47.526932],[13.169014,47.526076],[13.169074,47.524179],[13.169116,47.522942],[13.169138,47.522067],[13.169267,47.518195],[13.169325,47.517656],[13.169384,47.517214],[13.169443,47.516922],[13.169555,47.516446],[13.169693,47.515969],[13.169895,47.515405],[13.170081,47.514961],[13.170437,47.514233],[13.170851,47.513484],[13.171298,47.512624],[13.171454,47.512323],[13.172003,47.511136],[13.172356,47.510205],[13.172585,47.509534],[13.172855,47.508824],[13.173059,47.508417],[13.17327,47.50804],[13.173534,47.507646],[13.173823,47.507259],[13.174191,47.506837],[13.174571,47.506449],[13.175174,47.505924],[13.175863,47.505372],[13.176524,47.504833],[13.176839,47.504549],[13.177128,47.504265],[13.177457,47.503915],[13.177749,47.503557],[13.178067,47.50313],[13.178345,47.5027],[13.178636,47.502188],[13.17891,47.50164],[13.179162,47.501098],[13.179403,47.500535],[13.179517,47.500249],[13.179823,47.499418],[13.180016,47.4988],[13.1801,47.498496],[13.180216,47.498066],[13.180326,47.497605],[13.180406,47.497212],[13.180582,47.496264],[13.180687,47.495693],[13.180809,47.495135],[13.180901,47.494833],[13.180966,47.494642],[13.181008,47.494518],[13.181105,47.494279],[13.181185,47.49408],[13.181405,47.493672],[13.181575,47.493378],[13.181736,47.493131],[13.181881,47.492921],[13.181887,47.492911],[13.182169,47.492537],[13.183458,47.491165],[13.184632,47.490143],[13.185466,47.489556],[13.18678,47.488807],[13.187617,47.488388],[13.187761,47.488317],[13.188374,47.488016],[13.189228,47.487583],[13.190079,47.48712],[13.19063,47.486783],[13.190945,47.486578],[13.191381,47.486267],[13.191944,47.485816],[13.192358,47.48544],[13.192643,47.485159],[13.19289,47.484881],[13.193168,47.484553],[13.193482,47.484146],[13.193698,47.483821],[13.193922,47.483453],[13.19421,47.482922],[13.194436,47.482456],[13.194855,47.481623],[13.195099,47.481136],[13.195428,47.480457],[13.195584,47.480136],[13.195792,47.479707],[13.196203,47.478856],[13.196536,47.478004],[13.196962,47.476681],[13.197076,47.476234],[13.197938,47.472708],[13.197963,47.472609],[13.198072,47.472231],[13.198318,47.471639],[13.198462,47.471347],[13.198524,47.471207],[13.19855,47.471158],[13.198848,47.470661],[13.199053,47.470347],[13.199225,47.470104],[13.199519,47.469743],[13.200197,47.469017],[13.200586,47.468666],[13.200888,47.468392],[13.201682,47.467716],[13.202015,47.467432],[13.202232,47.467243],[13.202683,47.466838],[13.203106,47.466389],[13.203454,47.46595],[13.203779,47.465506],[13.203984,47.465197],[13.203989,47.465189],[13.204163,47.464913],[13.20452,47.464319],[13.205373,47.462896],[13.20549,47.462721],[13.205743,47.462321],[13.206035,47.461919],[13.206355,47.461519],[13.206847,47.460985],[13.20739,47.460475],[13.207977,47.459997],[13.208661,47.459505],[13.209008,47.459283],[13.210449,47.458394],[13.210902,47.458111],[13.21133,47.457833],[13.21168,47.457594],[13.212067,47.457308],[13.212499,47.456953],[13.213118,47.456396],[13.214152,47.455357],[13.215073,47.454387],[13.215835,47.453546],[13.216403,47.452863],[13.216915,47.45217],[13.217239,47.451636],[13.217515,47.451091],[13.217816,47.450212],[13.217957,47.449494],[13.217994,47.449027],[13.217996,47.448727],[13.217984,47.448245],[13.217966,47.447911],[13.217957,47.447643],[13.217944,47.447292],[13.217934,47.446808],[13.217957,47.446353],[13.217989,47.446138],[13.218038,47.445822],[13.218102,47.445495],[13.218186,47.445182],[13.218286,47.444864],[13.218337,47.444726],[13.218452,47.444436],[13.218536,47.444246],[13.218692,47.443931],[13.218833,47.443668],[13.219141,47.443177],[13.21948,47.442707],[13.21995,47.44217],[13.220463,47.441644],[13.221499,47.440795],[13.222119,47.440367],[13.222574,47.440097],[13.222981,47.439878],[13.2233,47.43971],[13.223787,47.439475],[13.224099,47.43934],[13.224543,47.439154],[13.225081,47.438956],[13.225703,47.438745],[13.226273,47.438574],[13.226932,47.438399],[13.227608,47.438252],[13.228108,47.438158],[13.22864,47.438075],[13.229171,47.438005],[13.229737,47.43795],[13.230249,47.437912],[13.230725,47.437893],[13.231213,47.437883],[13.231674,47.437881],[13.23218,47.437889],[13.232763,47.437917],[13.233154,47.437945],[13.233521,47.437977],[13.234559,47.438072],[13.235289,47.43814],[13.235639,47.438163],[13.235972,47.438176],[13.2363,47.438182],[13.236618,47.438179],[13.236907,47.438167],[13.237317,47.438143],[13.237898,47.438088],[13.238333,47.438031],[13.23868,47.437976],[13.239034,47.437908],[13.239321,47.437847],[13.239696,47.437752],[13.240005,47.437665],[13.240378,47.437554],[13.241023,47.437323],[13.241534,47.437112],[13.24204,47.436875],[13.242353,47.436728],[13.242844,47.436496],[13.243108,47.436379],[13.243416,47.436256],[13.243825,47.436105],[13.244205,47.43598],[13.2445,47.435897],[13.244808,47.435819],[13.245097,47.43575],[13.245445,47.435681],[13.245888,47.435604],[13.246462,47.435524],[13.247532,47.435403],[13.248597,47.4353],[13.249115,47.435246],[13.249825,47.435154],[13.250427,47.435067],[13.251693,47.43484],[13.253092,47.43455],[13.253993,47.43437],[13.254877,47.434235],[13.256102,47.434099],[13.256924,47.43406],[13.257781,47.43403],[13.259954,47.433958],[13.262493,47.433871],[13.263636,47.433832],[13.264789,47.433816],[13.265791,47.433839],[13.267412,47.433899],[13.267713,47.433901],[13.267944,47.433903],[13.268674,47.43391],[13.269217,47.433901],[13.270132,47.433858],[13.270974,47.433786],[13.271898,47.433677],[13.272798,47.433533],[13.27343,47.433419],[13.274047,47.433286],[13.274835,47.433081],[13.275602,47.432857],[13.276172,47.432667],[13.278669,47.431768],[13.280121,47.431286],[13.281489,47.430903],[13.282241,47.430727],[13.28302,47.430567],[13.283925,47.43041],[13.284575,47.430314],[13.285663,47.430191],[13.288608,47.429928],[13.289597,47.429824],[13.290782,47.429648],[13.291589,47.429475],[13.291989,47.429379],[13.292777,47.429142],[13.293303,47.428957],[13.293803,47.428755],[13.294645,47.428352],[13.295144,47.428077],[13.29562,47.427789],[13.296206,47.427379],[13.296756,47.426959],[13.298544,47.425544],[13.299393,47.42493],[13.299585,47.424788],[13.300136,47.424412],[13.300713,47.424052],[13.301678,47.423485],[13.302228,47.42318],[13.302257,47.423163],[13.302863,47.422852],[13.303556,47.422508],[13.304088,47.422245],[13.306039,47.421375],[13.307248,47.420866],[13.308532,47.420368],[13.309168,47.420125],[13.310477,47.419671],[13.311146,47.419456],[13.311833,47.419257],[13.312558,47.419087],[13.313307,47.418954],[13.314065,47.418861],[13.314562,47.418822],[13.314848,47.418805],[13.315227,47.418797],[13.315579,47.418797],[13.315908,47.418803],[13.316133,47.418811],[13.316565,47.418837],[13.316871,47.418866],[13.317188,47.418903],[13.317441,47.418945],[13.317878,47.419016],[13.318241,47.419084],[13.31859,47.419155],[13.318798,47.4192],[13.318931,47.419228],[13.31979,47.419434],[13.320593,47.41964],[13.321768,47.419972],[13.322787,47.420282],[13.323624,47.420563],[13.325449,47.421228],[13.326899,47.42181],[13.328723,47.422582],[13.331078,47.423584],[13.332085,47.423984],[13.332798,47.424228],[13.333762,47.424506],[13.334786,47.424752],[13.335507,47.424896],[13.335846,47.424953],[13.336152,47.425002],[13.337029,47.425126],[13.338218,47.425262],[13.338904,47.425347],[13.339616,47.425446],[13.339786,47.425473],[13.340393,47.425579],[13.341019,47.425706],[13.341516,47.425814],[13.342691,47.426075],[13.34333,47.4262],[13.34396,47.426304],[13.344484,47.426364],[13.344921,47.426409],[13.345474,47.426436],[13.345917,47.426448],[13.346285,47.426443],[13.346801,47.426427],[13.347354,47.426388],[13.347838,47.426339],[13.348325,47.426272],[13.34878,47.426199],[13.349436,47.426059],[13.350131,47.42588],[13.351136,47.425549],[13.353226,47.42473],[13.354148,47.424433],[13.354813,47.424277],[13.355479,47.424146],[13.356433,47.424025],[13.357271,47.423969],[13.358124,47.423962],[13.359667,47.424004],[13.361172,47.424028],[13.362772,47.423981],[13.364247,47.423874],[13.366395,47.423588],[13.368671,47.423253],[13.370986,47.422996],[13.373555,47.422781],[13.3743,47.422709],[13.375226,47.422606],[13.375512,47.422565],[13.37628,47.422454],[13.377139,47.422315],[13.377659,47.422224],[13.378734,47.421996],[13.379111,47.421912],[13.380124,47.421654],[13.380739,47.421484],[13.381566,47.421238],[13.382047,47.421075],[13.382596,47.420894],[13.383275,47.420633],[13.383822,47.420399],[13.384464,47.420071],[13.385003,47.419748],[13.385457,47.41943],[13.385718,47.419222],[13.386017,47.41897],[13.386269,47.418729],[13.386428,47.418565],[13.386615,47.418361],[13.386853,47.418061],[13.387097,47.417706],[13.387266,47.417419],[13.387455,47.417043],[13.387559,47.416813],[13.387622,47.416633],[13.387675,47.416461],[13.387737,47.416222],[13.387803,47.415885],[13.387869,47.415517],[13.387955,47.414946],[13.388027,47.414527],[13.388111,47.414179],[13.388256,47.413699],[13.388414,47.41334],[13.388594,47.412998],[13.388691,47.412831],[13.388777,47.412702],[13.388913,47.412504],[13.389123,47.41223],[13.389337,47.41198],[13.389574,47.411724],[13.390069,47.411272],[13.390265,47.411111],[13.390533,47.410897],[13.391248,47.410325],[13.391489,47.410125],[13.391732,47.409907],[13.391959,47.409689],[13.392147,47.409493],[13.392369,47.409225],[13.392747,47.408672],[13.392989,47.408223],[13.393176,47.407737],[13.39333,47.407256],[13.393511,47.406577],[13.393662,47.405928],[13.393973,47.404504],[13.394237,47.403072],[13.39435,47.402301],[13.394482,47.401442],[13.394546,47.40096],[13.394695,47.399922],[13.394842,47.399179],[13.394894,47.398954],[13.395133,47.398101],[13.395486,47.397134],[13.395841,47.396304],[13.396188,47.395582],[13.396359,47.395253],[13.396672,47.394668],[13.396925,47.394213],[13.397535,47.393126],[13.398021,47.392284],[13.398314,47.391779],[13.398904,47.390754],[13.39913,47.390348],[13.399579,47.389557],[13.399812,47.389133],[13.400358,47.388031],[13.400652,47.387365],[13.400969,47.386593],[13.40125,47.385751],[13.401458,47.384942],[13.401591,47.384125],[13.401656,47.383291],[13.401633,47.382545],[13.40155,47.381869],[13.401379,47.38115],[13.401309,47.380918],[13.401144,47.380447],[13.400863,47.379857],[13.400655,47.379493],[13.400621,47.379434],[13.400465,47.379193],[13.400254,47.378886],[13.399974,47.378507],[13.399706,47.378179],[13.399266,47.37767],[13.398648,47.377009],[13.397947,47.376283],[13.39739,47.375698],[13.396797,47.375066],[13.396332,47.374538],[13.395987,47.374108],[13.395744,47.373775],[13.39543,47.373313],[13.3953,47.373082],[13.395085,47.37267],[13.394896,47.372227],[13.394728,47.37163],[13.394625,47.371161],[13.394571,47.370676],[13.394562,47.370177],[13.394587,47.369711],[13.39463,47.36938],[13.394697,47.368931],[13.394847,47.368296],[13.394914,47.368048],[13.39502,47.367713],[13.395153,47.367324],[13.395327,47.366834],[13.395696,47.365911],[13.396037,47.365081],[13.396145,47.364816],[13.396343,47.364332],[13.396584,47.363731],[13.396797,47.363144],[13.396923,47.362793],[13.39703,47.36247],[13.397197,47.361886],[13.397314,47.361391],[13.397379,47.361063],[13.397473,47.360573],[13.397555,47.359995],[13.397608,47.359313],[13.397628,47.359115],[13.397637,47.358585],[13.397627,47.358192],[13.3976,47.357703],[13.397568,47.357285],[13.397515,47.356848],[13.397413,47.356135],[13.397389,47.355996],[13.397301,47.355468],[13.397176,47.354714],[13.397013,47.353475],[13.396955,47.352737],[13.396924,47.352002],[13.396918,47.351286],[13.396932,47.350053],[13.396926,47.34905],[13.396895,47.348404],[13.39684,47.34771],[13.39677,47.34714],[13.396692,47.346546],[13.396433,47.344698],[13.395787,47.340303],[13.395708,47.339901],[13.395449,47.338901],[13.395336,47.338558],[13.395217,47.338254],[13.395057,47.337842],[13.394638,47.336868],[13.394272,47.335887],[13.394089,47.335248],[13.393975,47.334744],[13.393886,47.334184],[13.393803,47.333453],[13.393784,47.333],[13.393855,47.332072],[13.393985,47.33132],[13.394194,47.330454],[13.394607,47.328704],[13.394798,47.327695],[13.394816,47.327558],[13.394838,47.327314],[13.394901,47.326624],[13.394889,47.325864],[13.394816,47.325046],[13.394655,47.324096],[13.39442,47.322927],[13.394353,47.322529],[13.394318,47.322123],[13.394303,47.321722],[13.394298,47.32139],[13.394387,47.320571],[13.394486,47.320105],[13.39457,47.319764],[13.394788,47.319121],[13.394999,47.318649],[13.395213,47.31822],[13.395849,47.317107],[13.395944,47.316978],[13.396066,47.316762],[13.396205,47.316488],[13.396453,47.315846],[13.396547,47.315477],[13.396609,47.315112],[13.396642,47.31472],[13.396634,47.31433],[13.396595,47.314017],[13.396518,47.313536],[13.396241,47.312764],[13.395909,47.312146],[13.395275,47.31129],[13.39432,47.3101],[13.394112,47.309851],[13.393922,47.309609],[13.393809,47.309453],[13.393707,47.309293],[13.393589,47.309118],[13.39346,47.308903],[13.393309,47.308613],[13.393119,47.3082],[13.39298,47.307756],[13.39286,47.307186],[13.392795,47.306662],[13.392379,47.303555],[13.392212,47.302416],[13.392163,47.301764],[13.392151,47.301392],[13.392148,47.301039],[13.392206,47.300436],[13.392268,47.29997],[13.392371,47.299513],[13.392516,47.298956],[13.392656,47.298563],[13.392882,47.297999],[13.393084,47.297528],[13.393463,47.29675],[13.393774,47.296168],[13.393892,47.295965],[13.39428,47.295327],[13.394723,47.294669],[13.395232,47.293955],[13.395886,47.29312],[13.39678,47.292064],[13.396903,47.291929],[13.39714,47.291663],[13.397502,47.291271],[13.398766,47.289992],[13.399345,47.289434],[13.399563,47.289217],[13.400384,47.288392],[13.403806,47.284859],[13.4052,47.283432],[13.405826,47.282853],[13.406733,47.282137],[13.407583,47.281586],[13.408479,47.281049],[13.409118,47.280656],[13.409684,47.280243],[13.410271,47.279733],[13.410784,47.27917],[13.411113,47.278726],[13.411377,47.278272],[13.411596,47.277817],[13.411747,47.277362],[13.411844,47.276968],[13.411904,47.276571],[13.411969,47.275568],[13.412005,47.274949],[13.412054,47.274473],[13.412108,47.274089],[13.412192,47.273596],[13.412291,47.273122],[13.41241,47.272643],[13.412548,47.272177],[13.412742,47.271597],[13.412921,47.27113],[13.413131,47.270647],[13.413337,47.270184],[13.413626,47.269604],[13.413891,47.269085],[13.414207,47.268475],[13.414362,47.268163],[13.414544,47.267759],[13.414665,47.267452],[13.414769,47.267138],[13.414834,47.266923],[13.414903,47.26661],[13.415005,47.266025],[13.415035,47.265656],[13.415055,47.265186],[13.415072,47.26459],[13.415092,47.264266],[13.415126,47.263944],[13.415174,47.263572],[13.415257,47.263151],[13.415357,47.262785],[13.415514,47.262311],[13.415716,47.261847],[13.415862,47.261543],[13.416094,47.261136],[13.416308,47.260798],[13.416623,47.260367],[13.416967,47.259948],[13.417347,47.259541],[13.417759,47.259149],[13.41818,47.258766],[13.418575,47.258426],[13.418895,47.258134],[13.419263,47.257778],[13.419508,47.257512],[13.419772,47.257184],[13.419984,47.256903],[13.420175,47.256616],[13.420348,47.25631],[13.420574,47.255855],[13.420846,47.255245],[13.421101,47.254682],[13.421297,47.254243],[13.421535,47.253718],[13.421726,47.253312],[13.421887,47.253006],[13.422152,47.252573],[13.422397,47.25224],[13.422601,47.251992],[13.422864,47.251685],[13.423219,47.251331],[13.423615,47.25098],[13.423917,47.250738],[13.424407,47.250357],[13.424733,47.2501],[13.425029,47.249847],[13.425132,47.249747],[13.425412,47.249455],[13.425579,47.24927],[13.425724,47.249077],[13.425921,47.248793],[13.426041,47.248588],[13.42615,47.248392],[13.42624,47.248186],[13.426326,47.247971],[13.426411,47.247714],[13.426456,47.247554],[13.42653,47.247179],[13.426553,47.246912],[13.42656,47.246705],[13.426546,47.246435],[13.426519,47.246169],[13.426481,47.245905],[13.426443,47.245742],[13.426398,47.245556],[13.426371,47.245472],[13.426344,47.245387],[13.426284,47.24521],[13.426148,47.244918],[13.425978,47.24461],[13.425789,47.244329],[13.425574,47.24405],[13.425329,47.243776],[13.425102,47.243558],[13.4249,47.24337],[13.42426,47.24283],[13.423974,47.24257],[13.423912,47.242511],[13.423704,47.242313],[13.42346,47.242044],[13.423321,47.24188],[13.423157,47.241685],[13.423008,47.241485],[13.422889,47.241308],[13.422735,47.241046],[13.422644,47.240872],[13.42244,47.240434],[13.422031,47.23947],[13.42156,47.238283],[13.421437,47.237984],[13.421088,47.237101],[13.420976,47.23676],[13.420887,47.236423],[13.420835,47.236111],[13.420813,47.235762],[13.420832,47.23539],[13.420873,47.235101],[13.420966,47.234548],[13.42134,47.232806],[13.421877,47.230302],[13.422371,47.228],[13.422898,47.225545],[13.423394,47.223232],[13.423738,47.22163],[13.424153,47.219693],[13.424583,47.217689],[13.425004,47.215727],[13.425426,47.213757],[13.425876,47.21166],[13.426311,47.209632],[13.426621,47.208188],[13.426745,47.207609],[13.42726,47.205208],[13.427754,47.202904],[13.428252,47.200582],[13.428678,47.198595],[13.429084,47.1967],[13.429517,47.194682],[13.429872,47.193026],[13.429997,47.192532],[13.430131,47.192049],[13.430278,47.1916],[13.430412,47.191234],[13.430566,47.190865],[13.430735,47.190504],[13.430943,47.190118],[13.431165,47.189721],[13.431381,47.189368],[13.431616,47.189006],[13.431876,47.188648],[13.432154,47.188282],[13.432488,47.187882],[13.432771,47.187568],[13.433105,47.187217],[13.433452,47.186861],[13.433776,47.186541],[13.434236,47.186095],[13.436311,47.184084],[13.438132,47.182318],[13.43826,47.182195],[13.438548,47.181915],[13.438645,47.181822],[13.439263,47.181219],[13.439434,47.181051],[13.44003,47.180469],[13.440442,47.18007],[13.44087,47.179685],[13.441066,47.179518],[13.44134,47.179325],[13.441688,47.179087],[13.44221,47.178788],[13.443677,47.178006],[13.444431,47.177583],[13.444778,47.177358],[13.445122,47.177116],[13.445573,47.176757],[13.446017,47.176391],[13.446915,47.17565],[13.447374,47.175273],[13.447946,47.174811],[13.448277,47.174547],[13.448597,47.174298],[13.448939,47.174047],[13.449331,47.173798],[13.449684,47.173602],[13.450053,47.173416],[13.450424,47.173245],[13.450745,47.173108],[13.450817,47.173082],[13.45112,47.17297],[13.451498,47.172845],[13.452176,47.172652],[13.452887,47.172495],[13.454175,47.172235],[13.454875,47.172086],[13.455513,47.171926],[13.456038,47.171777],[13.456476,47.171646],[13.456893,47.171506],[13.457419,47.171325],[13.458138,47.17107],[13.458515,47.170926],[13.459135,47.170707],[13.460284,47.170292],[13.461259,47.169942],[13.462146,47.169617],[13.462775,47.169363],[13.463319,47.169072],[13.463739,47.16882],[13.464127,47.168543],[13.464377,47.168349],[13.4647,47.168069],[13.464786,47.167976],[13.464979,47.167768],[13.465287,47.167367],[13.465565,47.166955],[13.465865,47.166534],[13.466183,47.16613],[13.466462,47.165832],[13.466774,47.165541],[13.467176,47.165215],[13.467613,47.164916],[13.468023,47.164678],[13.468428,47.164468],[13.468834,47.164286],[13.469273,47.164112],[13.46949,47.164039],[13.469944,47.163897],[13.470166,47.163837],[13.470629,47.163724],[13.471121,47.163626],[13.472161,47.163497],[13.472873,47.163453],[13.473968,47.163397],[13.475001,47.163347],[13.476076,47.163273],[13.476444,47.16324],[13.476753,47.1632],[13.477,47.163167],[13.477508,47.163066],[13.478062,47.162947],[13.478917,47.162696],[13.479374,47.162534],[13.479832,47.162345],[13.480467,47.162038],[13.480582,47.161975],[13.480843,47.161831],[13.481044,47.161713],[13.481383,47.161489],[13.481743,47.161231],[13.481951,47.161062],[13.482631,47.160484],[13.483003,47.160185],[13.483564,47.159809],[13.484204,47.159463],[13.484533,47.159311],[13.484886,47.159164],[13.485521,47.158943],[13.485833,47.15885],[13.486166,47.158763],[13.486773,47.158625],[13.487302,47.158526],[13.487881,47.158394],[13.488378,47.15825],[13.488857,47.158084],[13.489052,47.158004],[13.48944,47.157843],[13.489756,47.157686],[13.490011,47.157559],[13.490504,47.157274],[13.491143,47.156892],[13.491677,47.156605],[13.492288,47.156338],[13.492675,47.156196],[13.492956,47.156102],[13.493517,47.155943],[13.494191,47.155799],[13.494533,47.155748],[13.494857,47.1557],[13.495537,47.155632],[13.496963,47.155541],[13.49842,47.15546],[13.499443,47.155405],[13.499566,47.155399],[13.50032,47.155351],[13.501064,47.155268],[13.501509,47.155208],[13.501852,47.155124],[13.502047,47.15508],[13.502535,47.154961],[13.50275,47.154878],[13.502901,47.154822],[13.503276,47.154672],[13.503692,47.154489],[13.504076,47.154293],[13.504395,47.154103],[13.504733,47.153877],[13.505004,47.153684],[13.505241,47.15347],[13.50545,47.153283],[13.505637,47.153101],[13.505919,47.152785],[13.506452,47.152058],[13.506649,47.151814],[13.506863,47.151597],[13.507064,47.151422],[13.507272,47.15123],[13.507585,47.15098],[13.507933,47.150748],[13.508952,47.150176],[13.51011,47.14957],[13.51068,47.149284],[13.511271,47.149006],[13.511771,47.148803],[13.512314,47.14862],[13.515542,47.147617],[13.515791,47.14754],[13.516745,47.147231],[13.517213,47.147065],[13.517669,47.146891],[13.517876,47.146805],[13.51827,47.146644],[13.518896,47.146362],[13.51915,47.146245],[13.519467,47.14609],[13.520076,47.145735],[13.520725,47.145325],[13.521388,47.144868],[13.523263,47.143376],[13.523834,47.142975],[13.524311,47.142681],[13.524824,47.142417],[13.525347,47.142172],[13.525858,47.141972],[13.526926,47.141622],[13.528034,47.141282],[13.528854,47.141026],[13.5295,47.140777],[13.530225,47.140453],[13.532302,47.139488],[13.533184,47.139083],[13.534078,47.138709],[13.534705,47.138493],[13.535784,47.138155],[13.536855,47.137825],[13.537872,47.137481],[13.538715,47.137184],[13.539823,47.136759],[13.541207,47.136162],[13.542011,47.135782],[13.542136,47.135718],[13.542411,47.135585],[13.542998,47.135287],[13.54354,47.134995],[13.544105,47.13467],[13.544788,47.134266],[13.545267,47.133981],[13.545947,47.133534],[13.546164,47.133401],[13.549105,47.131452],[13.550403,47.130592],[13.55164,47.129774],[13.55232,47.129323],[13.552682,47.129108],[13.553178,47.128846],[13.553706,47.128598],[13.554024,47.128452],[13.554783,47.12817],[13.555424,47.127966],[13.556492,47.12764],[13.557146,47.12744],[13.557987,47.127159],[13.558837,47.126834],[13.559411,47.126595],[13.560108,47.126286],[13.561087,47.125801],[13.562018,47.12528],[13.562856,47.124754],[13.5633,47.124475],[13.563961,47.124047],[13.564863,47.123457],[13.565907,47.122795],[13.56677,47.122272],[13.567749,47.121705],[13.568904,47.12107],[13.570083,47.120458],[13.571033,47.11999],[13.571801,47.119624],[13.572528,47.119299],[13.573387,47.118921],[13.573793,47.118752],[13.574514,47.11845],[13.575358,47.11812],[13.577034,47.117502],[13.577471,47.117353],[13.578701,47.116934],[13.579412,47.116699],[13.580295,47.116401],[13.581136,47.116073],[13.58197,47.115718],[13.582308,47.11556],[13.582909,47.115264],[13.583475,47.114962],[13.583898,47.114726],[13.584551,47.114316],[13.585689,47.113574],[13.587072,47.112619],[13.588234,47.1118],[13.58931,47.111026],[13.58946,47.110918],[13.590579,47.110087],[13.590937,47.109813],[13.591915,47.109075],[13.592161,47.108877],[13.593056,47.108177],[13.594004,47.107411],[13.594213,47.107245],[13.594385,47.107106],[13.596148,47.105618],[13.596944,47.104854],[13.597632,47.104073],[13.598367,47.103094],[13.598516,47.102889],[13.598706,47.102627],[13.599081,47.102121],[13.599423,47.101724],[13.599771,47.101344],[13.600145,47.100993],[13.600526,47.100654],[13.601004,47.100286],[13.601466,47.099953],[13.601958,47.099643],[13.60268,47.099234],[13.603464,47.09885],[13.604343,47.098444],[13.604671,47.098289],[13.605252,47.098003],[13.605795,47.097688],[13.606118,47.097486],[13.606386,47.097307],[13.606738,47.097036],[13.60703,47.096802],[13.607355,47.09651],[13.607772,47.096102],[13.607907,47.095951],[13.608053,47.095789],[13.608251,47.095538],[13.608301,47.095475],[13.608452,47.09528],[13.608496,47.095217],[13.608699,47.094913],[13.608844,47.094643],[13.608901,47.094546],[13.609002,47.094237],[13.6091,47.093875],[13.609116,47.093784],[13.60913,47.09368],[13.609141,47.093572],[13.609171,47.093103],[13.609155,47.092954],[13.609121,47.092639],[13.609093,47.092527],[13.609023,47.092294],[13.608858,47.091893],[13.608707,47.091581],[13.608529,47.09124],[13.608254,47.09071],[13.607775,47.089856],[13.607747,47.089807],[13.607101,47.08855],[13.606909,47.088114],[13.60679,47.087666],[13.606704,47.087157],[13.606656,47.086652],[13.606553,47.086085],[13.60633,47.085542],[13.60591,47.084871],[13.605641,47.084559],[13.605142,47.084089],[13.603594,47.082998],[13.602528,47.08214],[13.602398,47.082032],[13.602242,47.081907],[13.601971,47.081702],[13.601683,47.081494],[13.601159,47.081161],[13.600453,47.080842],[13.600169,47.080728],[13.599796,47.080588],[13.599438,47.080482],[13.599064,47.08038],[13.59833,47.080196],[13.59786,47.080066],[13.597626,47.079995],[13.597375,47.079911],[13.597156,47.07983],[13.596922,47.079736],[13.596602,47.079595],[13.596407,47.079501],[13.596226,47.079408],[13.595973,47.079267],[13.595739,47.079121],[13.595491,47.078953],[13.595256,47.078778],[13.595045,47.078608],[13.594835,47.078421],[13.594622,47.078215],[13.594425,47.078008],[13.594252,47.077813],[13.594109,47.077645],[13.593983,47.077484],[13.593867,47.077323],[13.593777,47.077192],[13.593654,47.077002],[13.593537,47.076811],[13.593403,47.07657],[13.593295,47.076358],[13.593197,47.076142],[13.593102,47.075906],[13.592997,47.075618],[13.592925,47.07539],[13.592868,47.075184],[13.592812,47.074961],[13.592683,47.074404],[13.592572,47.073887],[13.592035,47.071369],[13.59151,47.068913],[13.590962,47.066344],[13.590813,47.065616],[13.590636,47.064651],[13.590542,47.064033],[13.590468,47.063437],[13.590408,47.062802],[13.590381,47.062398],[13.590355,47.061868],[13.590346,47.061339],[13.59034,47.060811],[13.59035,47.060194],[13.590367,47.059664],[13.5904,47.059153],[13.590433,47.058721],[13.590503,47.058031],[13.590582,47.057438],[13.590679,47.05681],[13.590787,47.056194],[13.591248,47.05373],[13.591728,47.051159],[13.592143,47.048944],[13.592576,47.046628],[13.592868,47.045066],[13.593144,47.043586],[13.593312,47.042687],[13.593423,47.042144],[13.593533,47.04163],[13.593638,47.041185],[13.593768,47.040676],[13.59394,47.040072],[13.594142,47.039464],[13.594419,47.038693],[13.59469,47.038032],[13.594949,47.037445],[13.595228,47.036862],[13.595533,47.03628],[13.595822,47.035755],[13.596134,47.035232],[13.596483,47.034679],[13.596845,47.034137],[13.597231,47.03359],[13.59773,47.032931],[13.598297,47.032216],[13.598702,47.031723],[13.599156,47.031195],[13.599343,47.030984],[13.599655,47.030642],[13.60002,47.030251],[13.60045,47.029807],[13.600934,47.029328],[13.601195,47.029074],[13.60124,47.029031],[13.601505,47.028784],[13.60166,47.028641],[13.601998,47.028331],[13.602341,47.028016],[13.603194,47.027274],[13.604244,47.026416],[13.60477,47.026013],[13.605032,47.025814],[13.605394,47.025546],[13.605878,47.025202],[13.606883,47.024529],[13.607204,47.024319],[13.608815,47.023335],[13.609731,47.022777],[13.610865,47.022039],[13.611679,47.021467],[13.613008,47.020404],[13.61351,47.019951],[13.614345,47.01913],[13.61505,47.018356],[13.615645,47.017611],[13.616267,47.016755],[13.616808,47.015866],[13.617288,47.01496],[13.617717,47.014015],[13.618165,47.012951],[13.61895,47.010925],[13.61945,47.009445],[13.619723,47.008517],[13.619809,47.008179],[13.620129,47.006852],[13.620423,47.005066],[13.620526,47.004125],[13.620597,47.003183],[13.620611,47.002575],[13.620617,47.002019],[13.620558,47.001321],[13.62047,47.000813],[13.6203,47.00018],[13.620097,46.999554],[13.619902,46.998858],[13.619819,46.998427],[13.619782,46.997998],[13.619827,46.997326],[13.619857,46.997177],[13.619956,46.996776],[13.620105,46.996376],[13.620274,46.99603],[13.620433,46.995742],[13.621164,46.994691],[13.621538,46.994132],[13.621768,46.993717],[13.621989,46.993199],[13.622233,46.992331],[13.62266,46.990368],[13.622902,46.989383],[13.623171,46.9884],[13.623487,46.987321],[13.623746,46.986358],[13.623874,46.985547],[13.623921,46.984754],[13.623896,46.984174],[13.623841,46.983601],[13.623598,46.982398],[13.623564,46.982209],[13.623401,46.981398],[13.623265,46.980515],[13.623211,46.979806],[13.623185,46.978838],[13.623186,46.976997],[13.623184,46.97545],[13.62318,46.973636],[13.623172,46.971733],[13.623124,46.97106],[13.623078,46.970693],[13.622989,46.970292],[13.62289,46.969909],[13.622752,46.969496],[13.622405,46.968653],[13.622055,46.967842],[13.621694,46.966978],[13.621521,46.966488],[13.621394,46.966032],[13.621289,46.965369],[13.621283,46.965239],[13.621198,46.963957],[13.621149,46.963473],[13.621059,46.962875],[13.62095,46.962435],[13.620802,46.962069],[13.620609,46.961699],[13.620412,46.961374],[13.619916,46.960774],[13.619487,46.960355],[13.618977,46.959941],[13.618558,46.959635],[13.617726,46.959059],[13.617253,46.95873],[13.616667,46.958273],[13.616186,46.957851],[13.61578,46.957414],[13.615402,46.956896],[13.615194,46.956551],[13.615031,46.956191],[13.614812,46.955636],[13.614656,46.95517],[13.614391,46.954405],[13.614006,46.953286],[13.613844,46.952813],[13.613662,46.952285],[13.613285,46.951211],[13.612873,46.950104],[13.612534,46.949263],[13.612433,46.94901],[13.611496,46.946774],[13.611272,46.946221],[13.611042,46.945647],[13.610613,46.94452],[13.609774,46.942285],[13.609451,46.941528],[13.60924,46.941095],[13.608982,46.940566],[13.608672,46.940008],[13.608333,46.939458],[13.608135,46.939168],[13.607598,46.93838],[13.607025,46.937651],[13.606419,46.936943],[13.605787,46.936271],[13.605123,46.935623],[13.604375,46.934948],[13.603568,46.934282],[13.602729,46.933649],[13.601679,46.93293],[13.600585,46.932248],[13.600027,46.931924],[13.599344,46.931542],[13.59865,46.931189],[13.59742,46.930595],[13.596206,46.930068],[13.594545,46.929337],[13.591439,46.927975],[13.590371,46.927473],[13.589364,46.926956],[13.588329,46.926371],[13.587335,46.925746],[13.586599,46.925246],[13.585883,46.92472],[13.584768,46.92388],[13.583724,46.923106],[13.58336,46.922853],[13.583009,46.922643],[13.582357,46.922248],[13.581911,46.922006],[13.581434,46.921762],[13.580663,46.921409],[13.579708,46.921044],[13.578458,46.920636],[13.577281,46.920325],[13.573645,46.919467],[13.57199,46.919072],[13.57066,46.918755],[13.568397,46.918208],[13.567228,46.917892],[13.566068,46.917531],[13.564643,46.917005],[13.563533,46.916514],[13.562608,46.916045],[13.561714,46.915541],[13.560768,46.914929],[13.559815,46.914256],[13.558949,46.913609],[13.558102,46.912977],[13.557438,46.912512],[13.556756,46.912078],[13.555755,46.911523],[13.554851,46.91109],[13.554009,46.910735],[13.552988,46.910365],[13.551961,46.910038],[13.549896,46.909431],[13.549152,46.909195],[13.548273,46.908876],[13.547164,46.908374],[13.546214,46.907841],[13.545844,46.907586],[13.545344,46.907225],[13.544915,46.906874],[13.544524,46.906513],[13.544194,46.90617],[13.543883,46.9058],[13.543559,46.905382],[13.543265,46.904958],[13.543084,46.904643],[13.542729,46.903948],[13.542384,46.903239],[13.542052,46.90261],[13.541924,46.9024],[13.541624,46.90202],[13.541573,46.901954],[13.541503,46.901869],[13.541295,46.90166],[13.540925,46.901346],[13.540504,46.901046],[13.539896,46.900695],[13.539212,46.900396],[13.538815,46.900255],[13.538406,46.900129],[13.537815,46.899996],[13.537444,46.899933],[13.537103,46.89989],[13.536825,46.899864],[13.53653,46.899847],[13.535915,46.899817],[13.534974,46.899819],[13.53414,46.899819],[13.532714,46.899784],[13.532261,46.89975],[13.531474,46.899644],[13.531156,46.899579],[13.530653,46.899464],[13.530434,46.899404],[13.530207,46.89934],[13.530002,46.899278],[13.529793,46.899203],[13.529592,46.899134],[13.529348,46.899036],[13.528693,46.898742],[13.528089,46.8984],[13.527568,46.898049],[13.527081,46.897651],[13.526753,46.897343],[13.526241,46.896768],[13.525538,46.895929],[13.52478,46.895066],[13.523871,46.894274],[13.522754,46.893512],[13.521406,46.892638],[13.5208,46.892202],[13.520308,46.891786],[13.519813,46.89131],[13.519506,46.890943],[13.519226,46.890575],[13.51893,46.890152],[13.518825,46.889995],[13.518054,46.888828],[13.517624,46.888216],[13.517084,46.887589],[13.516541,46.887069],[13.516063,46.88669],[13.515961,46.886607],[13.515928,46.886586],[13.514322,46.885498],[13.513594,46.885011],[13.512944,46.884459],[13.512529,46.884017],[13.512095,46.883485],[13.511824,46.883049],[13.511602,46.882602],[13.511328,46.881842],[13.510943,46.880036],[13.51084,46.87962],[13.510747,46.879315],[13.51063,46.879011],[13.510437,46.878598],[13.510088,46.878039],[13.509568,46.877405],[13.509106,46.876948],[13.508813,46.876676],[13.507964,46.875927],[13.507187,46.875149],[13.506706,46.874574],[13.506336,46.874],[13.506159,46.873649],[13.506019,46.873349],[13.505871,46.87299],[13.505731,46.872477],[13.505641,46.871961],[13.505594,46.871459],[13.505564,46.870964],[13.505521,46.869966],[13.505458,46.868965],[13.505342,46.867931],[13.505311,46.867695],[13.505268,46.867474],[13.505152,46.866847],[13.504903,46.865854],[13.504654,46.865078],[13.504476,46.864547],[13.504375,46.864269],[13.504193,46.863782],[13.50391,46.863062],[13.503335,46.861665],[13.502688,46.860284],[13.501934,46.858945],[13.500741,46.857153],[13.500194,46.856341],[13.500182,46.856317],[13.499712,46.855542],[13.499644,46.855426],[13.499609,46.855359],[13.499259,46.854678],[13.498962,46.853905],[13.498668,46.852867],[13.498493,46.852088],[13.498222,46.850507],[13.498132,46.849668],[13.49808,46.848818],[13.498077,46.84813],[13.498109,46.847418],[13.498228,46.846329],[13.498319,46.845363],[13.498332,46.844814],[13.498304,46.844298],[13.498222,46.843795],[13.498082,46.843267],[13.497872,46.842706],[13.497437,46.841881],[13.496938,46.841063],[13.49663,46.840567],[13.49632,46.840111],[13.496295,46.840074],[13.496127,46.839832],[13.495934,46.839569],[13.49558,46.839109],[13.494992,46.838414],[13.494293,46.837707],[13.493578,46.837091],[13.492615,46.836336],[13.491524,46.835508],[13.490608,46.834809],[13.489525,46.833993],[13.489327,46.833827],[13.489069,46.833627],[13.488412,46.833095],[13.488287,46.832993],[13.48806,46.832797],[13.487813,46.832592],[13.487425,46.832233],[13.486996,46.831812],[13.486688,46.831495],[13.486568,46.831356],[13.486359,46.831118],[13.486037,46.830718],[13.485608,46.830077],[13.485471,46.829857],[13.48537,46.829685],[13.485184,46.829324],[13.485076,46.829068],[13.484901,46.828593],[13.484794,46.828182],[13.48474,46.827905],[13.484713,46.827722],[13.484686,46.827465],[13.484661,46.827009],[13.484667,46.826731],[13.484676,46.826526],[13.484728,46.826112],[13.484743,46.825992],[13.48482,46.825636],[13.484886,46.825402],[13.485038,46.82496],[13.485109,46.824775],[13.485235,46.824506],[13.485495,46.824002],[13.485771,46.823546],[13.48603,46.82318],[13.486395,46.82271],[13.486512,46.822564],[13.486742,46.822303],[13.487074,46.821954],[13.487389,46.821647],[13.487875,46.821193],[13.488338,46.8208],[13.488849,46.8204],[13.489653,46.819799],[13.490192,46.819437],[13.490919,46.818959],[13.491993,46.818287],[13.492928,46.817727],[13.494066,46.817077],[13.494627,46.816774],[13.495355,46.816374],[13.495937,46.816073],[13.496461,46.815809],[13.497396,46.815345],[13.497997,46.815046],[13.498574,46.814778],[13.499691,46.814264],[13.500732,46.813816],[13.5013,46.813573],[13.50218,46.81321],[13.502962,46.812899],[13.50428,46.812396],[13.505303,46.812027],[13.506258,46.811695],[13.50735,46.811332],[13.508843,46.810857],[13.510862,46.810244],[13.51134,46.810102],[13.513554,46.80944],[13.514234,46.809236],[13.515423,46.808848],[13.515732,46.808742],[13.516155,46.808585],[13.516365,46.808507],[13.516908,46.808272],[13.517472,46.80801],[13.51782,46.807827],[13.518252,46.807565],[13.518322,46.807515],[13.51863,46.807292],[13.518927,46.807048],[13.519198,46.806786],[13.519463,46.806492],[13.519495,46.806457],[13.519652,46.806251],[13.519865,46.805914],[13.520003,46.805641],[13.520093,46.805421],[13.520163,46.80522],[13.520217,46.805018],[13.520308,46.804466],[13.520307,46.804174],[13.520219,46.803663],[13.520042,46.803027],[13.519761,46.802375],[13.518584,46.79964],[13.517992,46.79837],[13.517886,46.798127],[13.517783,46.797881],[13.517574,46.797276],[13.5175,46.796981],[13.517434,46.796617],[13.517396,46.796285],[13.517389,46.795848],[13.517459,46.795384],[13.51753,46.79501],[13.517599,46.794783],[13.517742,46.794407],[13.517905,46.794063],[13.518126,46.793697],[13.518388,46.793316],[13.518548,46.793119],[13.51878,46.79286],[13.519074,46.792578],[13.519553,46.792178],[13.520101,46.791781],[13.520579,46.791465],[13.520952,46.791222],[13.521797,46.790733],[13.522241,46.790482],[13.522874,46.790141],[13.523916,46.789624],[13.52488,46.789168],[13.525762,46.788766],[13.52675,46.788349],[13.527773,46.78794],[13.528862,46.787538],[13.530003,46.787127],[13.532052,46.786386],[13.532884,46.786068],[13.533788,46.785693],[13.534258,46.785488],[13.534729,46.785271],[13.536157,46.784571],[13.536624,46.784322],[13.53713,46.784046],[13.538059,46.783517],[13.539078,46.782921],[13.541072,46.781697],[13.541522,46.781419],[13.54244,46.780858],[13.543438,46.780254],[13.544388,46.779691],[13.544836,46.779409],[13.545157,46.779206],[13.545934,46.778697],[13.546039,46.77862],[13.546535,46.778268],[13.546824,46.778049],[13.547303,46.777655],[13.54764,46.77737],[13.547968,46.777076],[13.548288,46.776768],[13.548708,46.776341],[13.549052,46.775954],[13.549362,46.775584],[13.549756,46.775067],[13.55015,46.774525],[13.550465,46.77408],[13.55068,46.773772],[13.550996,46.773325],[13.551585,46.772509],[13.552159,46.771769],[13.552774,46.77098],[13.55376,46.76987],[13.553963,46.76965],[13.554246,46.769353],[13.554816,46.768777],[13.55542,46.768203],[13.556126,46.767575],[13.557164,46.766699],[13.558328,46.765762],[13.560072,46.764357],[13.560931,46.76366],[13.561728,46.763009],[13.562416,46.762425],[13.563,46.761908],[13.56369,46.76126],[13.563998,46.760952],[13.56432,46.76062],[13.564901,46.759986],[13.565262,46.759571],[13.565694,46.759042],[13.566043,46.758602],[13.566347,46.758197],[13.566902,46.757437],[13.567444,46.756693],[13.568,46.755978],[13.568374,46.755548],[13.568768,46.755154],[13.569041,46.754903],[13.569385,46.754613],[13.569913,46.754212],[13.570336,46.753906],[13.571408,46.753188],[13.571503,46.753124],[13.571815,46.752912],[13.572619,46.752367],[13.573158,46.751974],[13.573521,46.751676],[13.573972,46.751265],[13.574438,46.750783],[13.574689,46.750472],[13.575051,46.749991],[13.576547,46.747898],[13.577073,46.747227],[13.577443,46.746812],[13.577807,46.746457],[13.57836,46.74597],[13.578919,46.74554],[13.579457,46.745179],[13.580037,46.744827],[13.580697,46.744463],[13.5813,46.744154],[13.581404,46.744101],[13.582491,46.743532],[13.583377,46.743051],[13.583989,46.742686],[13.5845,46.742363],[13.585417,46.741737],[13.585914,46.741372],[13.586826,46.740678],[13.58746,46.740216],[13.587983,46.739874],[13.588576,46.739525],[13.588997,46.739303],[13.589473,46.739073],[13.590118,46.738777],[13.590579,46.738562],[13.591041,46.738339],[13.591419,46.738155],[13.591943,46.737867],[13.592409,46.737583],[13.592639,46.737431],[13.592734,46.737367],[13.593122,46.737104],[13.593569,46.736752],[13.594143,46.736252],[13.595144,46.735345],[13.595672,46.734872],[13.596275,46.734392],[13.596762,46.734037],[13.597265,46.733704],[13.597825,46.733369],[13.598475,46.733012],[13.599219,46.732628],[13.599915,46.732283],[13.602308,46.731093],[13.602427,46.731034],[13.603273,46.730595],[13.604307,46.730029],[13.60523,46.729516],[13.607179,46.728392],[13.608197,46.727789],[13.609062,46.72724],[13.60968,46.726816],[13.610185,46.726455],[13.610724,46.72603],[13.610811,46.725966],[13.61145,46.725439],[13.61222,46.724764],[13.613781,46.723363],[13.614352,46.722852],[13.615286,46.722008],[13.616226,46.721123],[13.616729,46.720629],[13.617195,46.720146],[13.61732,46.720003],[13.618018,46.719245],[13.61851,46.718696],[13.619202,46.71789],[13.619819,46.717157],[13.620253,46.71663],[13.620685,46.716134],[13.621145,46.715643],[13.621561,46.715205],[13.6221,46.714717],[13.622178,46.714652],[13.62264,46.714302],[13.623131,46.713955],[13.62364,46.713635],[13.624452,46.713177],[13.625705,46.712526],[13.628986,46.710847],[13.629517,46.710568],[13.630623,46.709929],[13.63072,46.709866],[13.631395,46.709405],[13.631965,46.708971],[13.632456,46.708553],[13.632998,46.708049],[13.633786,46.707222],[13.63565,46.705189],[13.636039,46.704776],[13.636552,46.704249],[13.637159,46.70367],[13.637543,46.703327],[13.638071,46.702909],[13.63876,46.702421],[13.639517,46.701962],[13.640378,46.701467],[13.641252,46.700991],[13.641666,46.700761],[13.642532,46.700268],[13.642933,46.700004],[13.643244,46.699805],[13.643686,46.699475],[13.644235,46.699023],[13.644409,46.698866],[13.644893,46.698343],[13.64508,46.698123],[13.645281,46.697878],[13.645588,46.697438],[13.64588,46.69695],[13.646332,46.696124],[13.646502,46.695804],[13.646914,46.695026],[13.647209,46.694529],[13.647529,46.694],[13.647766,46.693658],[13.647962,46.693389],[13.648341,46.692935],[13.648678,46.692559],[13.648961,46.692276],[13.649368,46.691892],[13.64996,46.691385],[13.650789,46.690762],[13.651874,46.690006],[13.652903,46.689336],[13.653975,46.688653],[13.655159,46.687941],[13.656312,46.687285],[13.657221,46.686791],[13.658323,46.68622],[13.659532,46.68566],[13.660506,46.685266],[13.661383,46.684956],[13.662368,46.684658],[13.663474,46.684356],[13.664016,46.684232],[13.66492,46.684048],[13.66575,46.683908],[13.666503,46.683795],[13.667428,46.683662],[13.668286,46.683535],[13.669011,46.683401],[13.669652,46.683263],[13.670272,46.683103],[13.670665,46.682982],[13.6712,46.682804],[13.671977,46.682513],[13.673038,46.682085],[13.673302,46.681979],[13.673456,46.681921],[13.674149,46.681658],[13.674709,46.681476],[13.675161,46.68135],[13.675749,46.681202],[13.676241,46.681094],[13.676696,46.681006],[13.677419,46.680899],[13.678172,46.680814],[13.679191,46.680712],[13.680047,46.680628],[13.680906,46.680534],[13.681817,46.680415],[13.682581,46.680288],[13.683364,46.680136],[13.684077,46.679976],[13.684742,46.67981],[13.685601,46.679571],[13.686886,46.679186],[13.688179,46.678773],[13.689806,46.678215],[13.691647,46.677554],[13.693862,46.676737],[13.695347,46.676173],[13.696149,46.67586],[13.697,46.675514],[13.697834,46.675156],[13.69901,46.674649],[13.699907,46.674225],[13.700706,46.673834],[13.701737,46.673332],[13.70247,46.67301],[13.702982,46.672806],[13.7031,46.672763],[13.703736,46.672522],[13.70432,46.672327],[13.705966,46.671817],[13.707235,46.671424],[13.708037,46.671164],[13.708866,46.670897],[13.709724,46.670609],[13.710998,46.670148],[13.711659,46.669907],[13.712502,46.669561],[13.713039,46.669317],[13.713818,46.66891],[13.714461,46.668534],[13.714828,46.668289],[13.715105,46.668098],[13.715709,46.667651],[13.715846,46.667535],[13.716184,46.667243],[13.71645,46.666996],[13.716519,46.666935],[13.716899,46.666558],[13.717406,46.666031],[13.717525,46.66591],[13.719278,46.664236],[13.720128,46.663533],[13.721011,46.662937],[13.721963,46.662373],[13.72355,46.661619],[13.723978,46.661424],[13.724193,46.661337],[13.724956,46.661028],[13.725764,46.660711],[13.72687,46.660271],[13.727757,46.659908],[13.727988,46.659814],[13.729074,46.65936],[13.729877,46.659011],[13.730961,46.658521],[13.732124,46.657977],[13.733183,46.65746],[13.733343,46.657382],[13.734771,46.656645],[13.735594,46.656205],[13.736281,46.655826],[13.737211,46.655319],[13.738981,46.654369],[13.739845,46.653932],[13.740392,46.653668],[13.740782,46.653489],[13.741081,46.653353],[13.741493,46.653171],[13.74378,46.652268],[13.743937,46.652213],[13.744663,46.651967],[13.745427,46.651722],[13.746138,46.651507],[13.746944,46.651283],[13.748164,46.650964],[13.749523,46.650637],[13.752098,46.650051],[13.752248,46.650017],[13.754265,46.649573],[13.756087,46.649183],[13.757668,46.648868],[13.759317,46.648575],[13.7605,46.648385],[13.76179,46.648192],[13.763154,46.648012],[13.763288,46.647994],[13.764399,46.647864],[13.765513,46.647744],[13.765616,46.647735],[13.766898,46.647611],[13.768284,46.647497],[13.770009,46.647385],[13.770933,46.647314],[13.771337,46.647277],[13.771874,46.647227],[13.77249,46.647149],[13.773129,46.647054],[13.773767,46.646933],[13.774431,46.64679],[13.775133,46.646604],[13.775724,46.646428],[13.7765,46.646167],[13.777239,46.645884],[13.778001,46.645575],[13.77888,46.645219],[13.779375,46.645033],[13.779834,46.644867],[13.780396,46.644691],[13.780896,46.644549],[13.781549,46.644397],[13.782222,46.644268],[13.782755,46.644185],[13.783369,46.644113],[13.784141,46.644052],[13.784209,46.644046],[13.784981,46.644027],[13.785641,46.644036],[13.786211,46.64406],[13.787258,46.644136],[13.78794,46.644197],[13.788326,46.64423],[13.789317,46.644306],[13.790081,46.644348],[13.790843,46.644363],[13.791616,46.644344],[13.792336,46.644301],[13.793465,46.644175],[13.794006,46.644088],[13.794692,46.643956],[13.795353,46.6438],[13.795917,46.64364],[13.796572,46.643434],[13.797317,46.643173],[13.797774,46.643003],[13.798309,46.642797],[13.799305,46.642413],[13.799899,46.642199],[13.800576,46.641974],[13.800854,46.641894],[13.801062,46.641835],[13.801488,46.641725],[13.801706,46.641674],[13.801882,46.641633],[13.802558,46.641497],[13.803313,46.641374],[13.803998,46.641294],[13.804606,46.641243],[13.805335,46.641205],[13.806095,46.641193],[13.806761,46.641202],[13.807266,46.641219],[13.808078,46.641269],[13.808909,46.641335],[13.80975,46.641421],[13.810032,46.641459],[13.810056,46.641462],[13.810575,46.641531],[13.810705,46.641548],[13.811047,46.641598],[13.811124,46.641609],[13.81198,46.641773],[13.813891,46.642143],[13.816392,46.64278],[13.832322,46.646889],[13.83577,46.647668],[13.838858,46.64827],[13.840748,46.648573],[13.849344,46.649739],[13.854274,46.650394],[13.862182,46.651393],[13.864095,46.651602],[13.8652,46.651684],[13.865555,46.651687],[13.865997,46.651681],[13.866234,46.65167],[13.866491,46.651656],[13.866615,46.651649],[13.867004,46.65162],[13.867631,46.651559],[13.868217,46.651478],[13.868743,46.651386],[13.869473,46.651238],[13.870011,46.65111],[13.870744,46.650915],[13.871517,46.650677],[13.872216,46.650456],[13.873047,46.650162],[13.873736,46.6499],[13.874142,46.649737],[13.874707,46.649509],[13.875315,46.649248],[13.87547,46.64918],[13.875637,46.649102],[13.876262,46.648818],[13.876858,46.648525],[13.877788,46.648045],[13.878145,46.647848],[13.879829,46.646853],[13.880851,46.646185],[13.881078,46.646028],[13.882386,46.645107],[13.883622,46.644208],[13.884418,46.643618],[13.885038,46.643145],[13.886431,46.642085],[13.886703,46.641871],[13.887184,46.641493],[13.887246,46.641445],[13.890477,46.638791],[13.891133,46.638151],[13.89169,46.637595],[13.8919,46.63738],[13.892504,46.63671],[13.893195,46.635854],[13.893701,46.635143],[13.894144,46.634415],[13.894565,46.633623],[13.894926,46.632829],[13.895632,46.630976],[13.896423,46.628834],[13.896821,46.62776],[13.896934,46.627461],[13.896981,46.627319],[13.897212,46.626687],[13.897402,46.626179],[13.897954,46.62473],[13.89831,46.623837],[13.898588,46.62318],[13.898784,46.622748],[13.899055,46.622162],[13.89921,46.621844],[13.899341,46.621581],[13.899644,46.620989],[13.899986,46.620401],[13.900076,46.6201],[13.900319,46.619706],[13.900495,46.619438],[13.900638,46.619243],[13.900773,46.619067],[13.900906,46.618896],[13.901263,46.618488],[13.90165,46.61808],[13.902115,46.617661],[13.902581,46.617296],[13.903015,46.616987],[13.90361,46.616611],[13.904234,46.616277],[13.904814,46.616001],[13.905415,46.61575],[13.90591,46.61554],[13.907149,46.615177],[13.907822,46.615002],[13.908813,46.614778],[13.909811,46.614542],[13.91294,46.613829],[13.914683,46.613407],[13.915492,46.613205],[13.91584,46.613113],[13.917344,46.612694],[13.918468,46.612337],[13.919292,46.612054],[13.920694,46.611543],[13.921938,46.61106],[13.923588,46.610397],[13.925135,46.609758],[13.928468,46.608299],[13.929579,46.607791],[13.930599,46.607289],[13.931027,46.607062],[13.931603,46.606715],[13.932367,46.606208],[13.932752,46.605898],[13.93294,46.605741],[13.933382,46.605316],[13.933618,46.605058],[13.933823,46.604814],[13.934007,46.604572],[13.934124,46.604412],[13.934276,46.604177],[13.934435,46.603911],[13.934592,46.603608],[13.934808,46.603129],[13.935015,46.602609],[13.935099,46.602406],[13.935283,46.601993],[13.935377,46.601815],[13.935522,46.601532],[13.935539,46.601497],[13.935774,46.601141],[13.935932,46.600936],[13.936061,46.600775],[13.936364,46.600431],[13.93674,46.600072],[13.937285,46.599613],[13.937618,46.599379],[13.937816,46.599239],[13.938436,46.598844],[13.938861,46.598589],[13.93914,46.598421],[13.939439,46.598245],[13.939767,46.598065],[13.94047,46.597682],[13.941368,46.597191],[13.942803,46.596619],[13.944249,46.596046],[13.945966,46.595403],[13.947558,46.594809],[13.947679,46.594769],[13.948147,46.594614],[13.948727,46.59442],[13.950725,46.593758],[13.952058,46.593318],[13.952727,46.593091],[13.953612,46.592795],[13.954991,46.592358],[13.955473,46.592218],[13.955774,46.592145],[13.956405,46.591992],[13.957409,46.591811],[13.95846,46.591669],[13.960146,46.591486],[13.961837,46.591338],[13.963576,46.591227],[13.964351,46.591194],[13.965053,46.591187],[13.965128,46.591186],[13.966481,46.591215],[13.967882,46.59131],[13.968816,46.591404],[13.969741,46.591535],[13.970948,46.591749],[13.972116,46.591977],[13.973052,46.592138],[13.973748,46.592227],[13.974469,46.592289],[13.974976,46.592308],[13.97503,46.59231],[13.975569,46.592313],[13.975612,46.592312],[13.976072,46.592296],[13.976574,46.592262],[13.977043,46.59221],[13.977518,46.59215],[13.977969,46.592076],[13.978426,46.591984],[13.978873,46.591878],[13.979297,46.591766],[13.979668,46.591653],[13.979981,46.591549],[13.980411,46.591387],[13.980813,46.591228],[13.981299,46.591005],[13.981764,46.590765],[13.982073,46.590587],[13.982387,46.590395],[13.982889,46.590052],[13.983259,46.589755],[13.983581,46.589489],[13.983989,46.589087],[13.984346,46.588706],[13.984975,46.588002],[13.985385,46.58755],[13.985872,46.587038],[13.98632,46.586567],[13.986743,46.586137],[13.986982,46.585907],[13.987288,46.585607],[13.987462,46.585436],[13.988074,46.584868],[13.98836,46.584603],[13.989167,46.583881],[13.989516,46.583589],[13.990002,46.583197],[13.990993,46.582457],[13.991553,46.582062],[13.991929,46.581806],[13.992552,46.581408],[13.993455,46.580858],[13.994668,46.580176],[13.995479,46.579729],[13.995959,46.579473],[13.99626,46.579312],[13.996467,46.579201],[13.99734,46.578732],[13.99838,46.578163],[13.999603,46.577442],[13.999903,46.57724],[14.000065,46.577132],[14.000476,46.576854],[14.00118,46.576339],[14.00176,46.575868],[14.002236,46.575466],[14.002714,46.57503],[14.003287,46.574455],[14.003822,46.573862],[14.004305,46.57327],[14.004829,46.572528],[14.005244,46.5718],[14.005573,46.57112],[14.005735,46.570711],[14.005884,46.570301],[14.006103,46.569572],[14.006302,46.56878],[14.006417,46.567971],[14.006486,46.567162],[14.006508,46.566244],[14.006475,46.565398],[14.00642,46.56447],[14.006339,46.563548],[14.006319,46.563317],[14.006287,46.562941],[14.006194,46.561859],[14.006155,46.561419],[14.006067,46.560438],[14.006008,46.559748],[14.005942,46.558929],[14.0059,46.558194],[14.0059,46.558022],[14.005895,46.557787],[14.005893,46.557616],[14.0059,46.557426],[14.005953,46.556681],[14.006005,46.556307],[14.006058,46.556041],[14.006109,46.555819],[14.006268,46.555271],[14.00643,46.554867],[14.006538,46.554615],[14.006668,46.554347],[14.006873,46.553974],[14.007131,46.553586],[14.007354,46.553288],[14.007603,46.552976],[14.007855,46.552688],[14.008258,46.552284],[14.008657,46.551931],[14.008971,46.551689],[14.009447,46.551329],[14.009952,46.550983],[14.010348,46.550727],[14.010826,46.55044],[14.011186,46.550237],[14.01156,46.550036],[14.012009,46.549804],[14.01251,46.549557],[14.012966,46.54935],[14.013583,46.549095],[14.014404,46.548776],[14.015227,46.5485],[14.015683,46.548355],[14.016362,46.548164],[14.017243,46.547922],[14.018104,46.547673],[14.018318,46.547601],[14.018567,46.547518],[14.019009,46.547347],[14.019735,46.547009],[14.02067,46.546483],[14.021162,46.546159],[14.021636,46.545812],[14.022083,46.545457],[14.022481,46.545095],[14.022971,46.544598],[14.023414,46.54407],[14.023502,46.543947],[14.023794,46.543538],[14.024079,46.543066],[14.024243,46.542764],[14.024631,46.54192],[14.02497,46.541066],[14.025152,46.540604],[14.025455,46.539836],[14.026016,46.538617],[14.026122,46.538424],[14.026552,46.537707],[14.026972,46.537091],[14.027202,46.5368],[14.02747,46.53646],[14.027936,46.535926],[14.028309,46.535529],[14.028948,46.53486],[14.029116,46.534685],[14.029462,46.53433],[14.029786,46.533981],[14.030076,46.533634],[14.030207,46.533462],[14.030295,46.533334],[14.030325,46.533291],[14.030425,46.533139],[14.030453,46.533092],[14.030531,46.532965],[14.030662,46.532737],[14.030747,46.532573],[14.030884,46.532274],[14.030971,46.53206],[14.030985,46.532025],[14.031029,46.53183],[14.031053,46.53164],[14.031039,46.531512],[14.030999,46.531318],[14.030957,46.531194],[14.030917,46.531008],[14.030912,46.530979],[14.030845,46.5306],[14.030804,46.530113],[14.030777,46.529887],[14.030703,46.529155],[14.030644,46.528594],[14.030642,46.528566],[14.030634,46.528258],[14.030656,46.528069],[14.030675,46.527905],[14.030673,46.527838],[14.030668,46.527611],[14.030661,46.527574],[14.030642,46.52747],[14.030561,46.527159],[14.030536,46.527059],[14.030512,46.52695],[14.030456,46.526691],[14.030447,46.526618],[14.030491,46.526347],[14.030511,46.526162],[14.030484,46.526045],[14.030423,46.525893],[14.03035,46.525723],[14.030221,46.525483],[14.030073,46.525238],[14.029871,46.524934],[14.029618,46.524611],[14.029052,46.524009],[14.028819,46.5238],[14.028602,46.52361],[14.028299,46.52338],[14.027833,46.523087],[14.027649,46.522949],[14.027426,46.52268],[14.027013,46.522444],[14.026618,46.522219],[14.02627,46.522012],[14.026023,46.521864],[14.025818,46.521731],[14.025597,46.521577],[14.025386,46.521428],[14.025172,46.521261],[14.024948,46.521071],[14.024749,46.520895],[14.02457,46.520722],[14.024401,46.52055],[14.02426,46.520395],[14.02409,46.520196],[14.023939,46.520007],[14.023814,46.519836],[14.02369,46.519653],[14.023565,46.519454],[14.023483,46.519315],[14.023395,46.519153],[14.023275,46.518904],[14.023178,46.518687],[14.023075,46.518404],[14.02301,46.518194],[14.022959,46.518018],[14.022919,46.517824],[14.02287,46.517566],[14.022822,46.517259],[14.021771,46.508677],[14.021693,46.508109],[14.021634,46.507714],[14.021574,46.507335],[14.02149,46.506873],[14.021412,46.506462],[14.021317,46.506018],[14.021193,46.505459],[14.021033,46.504789],[14.021033,46.504788],[14.020804,46.503931],[14.020542,46.503055],[14.020215,46.502066],[14.01994,46.501294],[14.019634,46.500509],[14.019225,46.499518],[14.018904,46.498812],[14.018452,46.49787],[14.017931,46.496856],[14.013528,46.488575],[14.013048,46.487689],[14.012537,46.486811],[14.012043,46.486004],[14.011504,46.485168],[14.010968,46.484381],[14.010592,46.483853],[14.01017,46.483277],[14.009675,46.482629],[14.008829,46.481554],[13.991459,46.4596],[13.991216,46.459286],[13.990989,46.458976],[13.990777,46.458641],[13.990602,46.458326],[13.99045,46.458002],[13.990333,46.457696],[13.990219,46.457354],[13.990128,46.456994],[13.990075,46.456679],[13.990036,46.456356],[13.990023,46.456009],[13.990034,46.455615],[13.990082,46.455204],[13.990158,46.454841],[13.990253,46.454492],[13.990375,46.454147],[13.990511,46.453842],[13.990616,46.453642],[13.990827,46.453274],[13.991006,46.453011],[13.991167,46.452787],[13.991352,46.452546],[13.991526,46.452341],[13.991749,46.452099],[13.991991,46.451856],[13.992249,46.45162],[13.992559,46.451365],[13.992874,46.451125],[13.993167,46.450921],[13.993445,46.450746],[13.993743,46.450575],[13.994085,46.450399],[13.994398,46.450247],[13.994725,46.4501],[13.994964,46.449997],[13.996045,46.449491],[13.996582,46.449344],[13.997284,46.449162],[13.999401,46.448639],[14.000517,46.448358],[14.001892,46.448016],[14.002444,46.447884],[14.003089,46.447728],[14.004504,46.447369],[14.005109,46.447219],[14.006106,46.446959],[14.007195,46.446676],[14.007934,46.446469],[14.009767,46.445954],[14.011836,46.445335],[14.012762,46.445039],[14.013644,46.444751],[14.014197,46.444569],[14.016358,46.44385],[14.017531,46.443448],[14.019697,46.442744],[14.020548,46.442465],[14.021603,46.442142],[14.022907,46.441752],[14.023895,46.441496],[14.024661,46.441304],[14.025842,46.441027],[14.026957,46.440795],[14.03076,46.440031],[14.031204,46.439925],[14.031796,46.439768],[14.032406,46.439595],[14.032979,46.439423],[14.034175,46.43901],[14.03482,46.438765],[14.035461,46.438497],[14.036186,46.438153],[14.036937,46.437777],[14.037604,46.4374],[14.038234,46.437055],[14.039509,46.43636],[14.041485,46.435383],[14.042004,46.435142],[14.042546,46.434898],[14.043583,46.434494],[14.044775,46.434074],[14.045869,46.43374],[14.048022,46.433108],[14.048613,46.432922],[14.049162,46.432735],[14.049752,46.432515],[14.050342,46.432286],[14.051416,46.431847],[14.052449,46.431376],[14.053513,46.430859],[14.054539,46.43036],[14.055271,46.430005],[14.056196,46.429607],[14.056814,46.429368],[14.057616,46.429079],[14.058308,46.428861],[14.059001,46.428656],[14.06033,46.428344],[14.060988,46.428199],[14.061868,46.428044],[14.062805,46.427914],[14.064621,46.427662],[14.06523,46.427565],[14.065835,46.427448],[14.066441,46.427306],[14.067322,46.427104],[14.068147,46.42687],[14.068848,46.426652],[14.070608,46.426113],[14.072553,46.425495],[14.073528,46.425177],[14.074507,46.424849],[14.075132,46.424622],[14.075733,46.424381],[14.076323,46.424115],[14.076923,46.423821],[14.077927,46.423288],[14.079189,46.422633],[14.07969,46.422401],[14.080217,46.422168],[14.080831,46.421942],[14.081435,46.421702],[14.082118,46.42144],[14.083149,46.421077],[14.084186,46.420699],[14.084906,46.420424],[14.08554,46.420155],[14.086003,46.419939],[14.086438,46.419715],[14.086871,46.419471],[14.087301,46.419211],[14.087772,46.418898],[14.088253,46.418584],[14.088946,46.418109],[14.090456,46.41707],[14.091416,46.416439],[14.092359,46.415906],[14.092709,46.415736],[14.092955,46.415616],[14.093655,46.415292],[14.094265,46.415051],[14.095164,46.41474],[14.095779,46.414554],[14.096632,46.414321],[14.097157,46.414203],[14.097749,46.414086],[14.098989,46.41389],[14.100923,46.413658],[14.102851,46.413439],[14.103687,46.41333],[14.10455,46.413192],[14.105728,46.412959],[14.106448,46.412802],[14.108726,46.412249],[14.109681,46.412022],[14.110258,46.411892],[14.110831,46.411769],[14.111805,46.411574],[14.112635,46.411428],[14.113353,46.411321],[14.114052,46.411227],[14.115993,46.411017],[14.116701,46.410935],[14.118092,46.410762],[14.119116,46.410601],[14.119788,46.410469],[14.120473,46.410319],[14.121059,46.41016],[14.121617,46.409992],[14.12242,46.409724],[14.123353,46.409343],[14.123689,46.4092],[14.124099,46.409012],[14.124467,46.408826],[14.124838,46.408636],[14.125371,46.408339],[14.125752,46.408098],[14.126085,46.40789],[14.126754,46.407404],[14.127193,46.407046],[14.127612,46.40667],[14.127969,46.406333],[14.128234,46.40607],[14.128268,46.406036],[14.128304,46.406],[14.128662,46.40561],[14.129051,46.405118],[14.129455,46.404524],[14.129902,46.403767],[14.130175,46.403206],[14.130368,46.402749],[14.130673,46.401955],[14.130932,46.401192],[14.131333,46.400098],[14.131794,46.398883],[14.132272,46.397761],[14.132767,46.396717],[14.1334,46.395515],[14.134164,46.394229],[14.135011,46.392872],[14.135936,46.39161],[14.137029,46.390241],[14.13776,46.38941],[14.138845,46.388263],[14.139391,46.387709],[14.139903,46.387212],[14.140512,46.386659],[14.141106,46.386133],[14.142001,46.385414],[14.143017,46.384667],[14.143835,46.384107],[14.144849,46.383441],[14.146388,46.382456],[14.147765,46.381539],[14.148704,46.380877],[14.14928,46.380443],[14.149841,46.380008],[14.150163,46.379748],[14.151072,46.379012],[14.151957,46.37824],[14.152877,46.377407],[14.153642,46.376666],[14.154349,46.375946],[14.154937,46.375323],[14.155496,46.374696],[14.156054,46.374035],[14.156585,46.373391],[14.157347,46.372388],[14.15816,46.371271],[14.158726,46.370484],[14.159317,46.369701],[14.160333,46.368402],[14.160562,46.368129],[14.161742,46.366746],[14.16186,46.366607],[14.162503,46.365894],[14.16272,46.365665],[14.163112,46.365245],[14.164204,46.364125],[14.164989,46.36334],[14.165383,46.362945],[14.165768,46.362573],[14.166231,46.362113],[14.169934,46.358451],[14.171833,46.356567],[14.173734,46.354689],[14.178191,46.350276],[14.179844,46.348658],[14.180138,46.348371],[14.181242,46.347324],[14.182528,46.34614],[14.183418,46.34535],[14.184585,46.344341],[14.185096,46.343903],[14.186223,46.342962],[14.186834,46.342473],[14.188351,46.341259],[14.189392,46.340458],[14.191009,46.339252],[14.192596,46.338105],[14.194262,46.336949],[14.195528,46.336092],[14.196322,46.335569],[14.197584,46.334752],[14.199708,46.33344],[14.201576,46.332328],[14.202405,46.331868],[14.203049,46.331538],[14.203798,46.331163],[14.204531,46.330812],[14.205592,46.330349],[14.206691,46.329903],[14.209946,46.328797],[14.212154,46.328135],[14.214424,46.327606],[14.215211,46.327442],[14.216766,46.327152],[14.217787,46.326977],[14.220897,46.326415],[14.221395,46.326312],[14.222845,46.326001],[14.223447,46.325873],[14.22567,46.325338],[14.226325,46.325168],[14.227186,46.324929],[14.228331,46.324596],[14.229395,46.324271],[14.229978,46.324076],[14.230725,46.323819],[14.231477,46.323572],[14.232305,46.32328],[14.232927,46.323056],[14.233539,46.322838],[14.234528,46.322477],[14.234903,46.322337],[14.235579,46.322074],[14.236014,46.321903],[14.236484,46.321699],[14.237173,46.321393],[14.239058,46.320512],[14.241167,46.319531],[14.24221,46.319039],[14.243261,46.318539],[14.246085,46.317229],[14.24757,46.316543],[14.249097,46.315916],[14.250105,46.315549],[14.250955,46.315269],[14.251804,46.315017],[14.252658,46.314785],[14.253777,46.31452],[14.254631,46.314341],[14.255689,46.314151],[14.256464,46.314037],[14.257459,46.313914],[14.258277,46.313816],[14.259085,46.313755],[14.260431,46.31369],[14.262022,46.313627],[14.264621,46.313531],[14.265673,46.313499],[14.266664,46.313454],[14.267066,46.313432],[14.268053,46.313376],[14.268816,46.313325],[14.26951,46.313263],[14.270139,46.313191],[14.270921,46.313079],[14.271609,46.312956],[14.272495,46.31277],[14.273287,46.312566],[14.274149,46.312307],[14.27456,46.312155],[14.275097,46.311952],[14.275388,46.311836],[14.276023,46.311548],[14.276557,46.311278],[14.277064,46.310999],[14.277685,46.310616],[14.278189,46.31027],[14.278586,46.309977],[14.279042,46.309596],[14.27929,46.309388],[14.279386,46.309301],[14.279599,46.3091],[14.279913,46.308773],[14.280046,46.308634],[14.280369,46.308249],[14.2808,46.307693],[14.281113,46.307259],[14.281246,46.307062],[14.281438,46.306777],[14.281772,46.306227],[14.282044,46.305764],[14.282456,46.304985],[14.282746,46.304346],[14.282941,46.303879],[14.283232,46.303088],[14.283367,46.302675],[14.28352,46.302102],[14.28364,46.301591],[14.283722,46.301178],[14.283814,46.300648],[14.28389,46.300059],[14.283918,46.299773],[14.283947,46.299399],[14.283967,46.298765],[14.283965,46.298184],[14.283948,46.297784],[14.283929,46.297461],[14.283904,46.297181],[14.283866,46.296699],[14.283839,46.296217],[14.283854,46.29571],[14.283872,46.295356],[14.28395,46.294778],[14.284101,46.294129],[14.284221,46.29375],[14.284373,46.29332],[14.284491,46.293031],[14.284717,46.292544],[14.284934,46.292144],[14.285137,46.291812],[14.285523,46.291246],[14.2858,46.290903],[14.286064,46.290539],[14.287018,46.289392],[14.287445,46.288845],[14.287691,46.2885],[14.28797,46.288043],[14.288193,46.287596],[14.28829,46.287381],[14.288448,46.286969],[14.288654,46.286345],[14.288802,46.285876],[14.288973,46.285396],[14.289105,46.285079],[14.28925,46.284762],[14.289502,46.28437],[14.289694,46.284072],[14.289902,46.283781],[14.290124,46.283498],[14.290366,46.283225],[14.290623,46.28296],[14.290903,46.282695],[14.2912,46.282448],[14.291507,46.282206],[14.291829,46.281973],[14.292167,46.281753],[14.292518,46.281542],[14.292884,46.281343],[14.293258,46.281156],[14.293649,46.280979],[14.29405,46.280812],[14.294466,46.28066],[14.295304,46.280388],[14.295875,46.280223],[14.296594,46.280032],[14.296883,46.279958],[14.297545,46.279809],[14.297993,46.279717],[14.298718,46.279578],[14.299553,46.279419],[14.3009,46.279229],[14.302483,46.278999],[14.303256,46.278888],[14.303972,46.278786],[14.305098,46.278623],[14.306003,46.278491],[14.308594,46.278116],[14.31087,46.277754],[14.31308,46.277321],[14.314227,46.277044],[14.315385,46.276754],[14.31651,46.276433],[14.31761,46.276096],[14.318819,46.275684],[14.319986,46.275251],[14.321091,46.274815],[14.322172,46.274343],[14.323135,46.273914],[14.324041,46.273467],[14.32563,46.27266],[14.327135,46.271824],[14.328035,46.271327],[14.328603,46.271006],[14.329325,46.270609],[14.330066,46.270204],[14.331015,46.269702],[14.33176,46.269321],[14.332763,46.268824],[14.333337,46.268545],[14.334564,46.26798],[14.335194,46.267704],[14.335924,46.267392],[14.337553,46.266737],[14.33779,46.26665],[14.338788,46.266267],[14.33987,46.265875],[14.341692,46.265254],[14.34241,46.265025],[14.343231,46.264784],[14.344164,46.264511],[14.345268,46.264208],[14.346605,46.26387],[14.347898,46.26356],[14.349071,46.263297],[14.350678,46.262974],[14.352256,46.262683],[14.35542,46.262118],[14.361758,46.260996],[14.36342,46.260697],[14.36527,46.260371],[14.367424,46.259985],[14.369535,46.259569],[14.370342,46.259404],[14.372318,46.25892],[14.373478,46.258597],[14.374162,46.258394],[14.375243,46.258046],[14.376092,46.25775],[14.377028,46.257413],[14.377681,46.257156],[14.378812,46.256673],[14.379372,46.256426],[14.379998,46.256143],[14.380597,46.255862],[14.381172,46.255594],[14.3817,46.255316],[14.382552,46.254861],[14.382693,46.254785],[14.383385,46.25439],[14.384287,46.253848],[14.385147,46.2533],[14.385855,46.252824],[14.38657,46.25231],[14.387263,46.251787],[14.387904,46.251281],[14.388636,46.25067],[14.389248,46.250143],[14.389957,46.249507],[14.390758,46.248766],[14.392235,46.247356],[14.393691,46.245915],[14.395739,46.243904],[14.396651,46.243011],[14.397604,46.242116],[14.398488,46.241323],[14.39874,46.241101],[14.399141,46.240757],[14.399981,46.240063],[14.400933,46.239305],[14.40154,46.238844],[14.402116,46.238409],[14.402957,46.237801],[14.403635,46.237324],[14.404661,46.236629],[14.405352,46.236175],[14.406869,46.235222],[14.408388,46.234335],[14.409917,46.233494],[14.412096,46.232369],[14.414559,46.231128],[14.416404,46.23021],[14.418379,46.229228],[14.421223,46.227808],[14.423637,46.226599],[14.425804,46.225504],[14.42859,46.224121],[14.430677,46.223069],[14.432764,46.222006],[14.43491,46.220869],[14.43752,46.219437],[14.43817,46.219074],[14.439437,46.218378],[14.440146,46.217976],[14.441781,46.217029],[14.442992,46.216326],[14.445767,46.214658],[14.448722,46.212839],[14.451423,46.21109],[14.452931,46.210107],[14.454775,46.208864],[14.456148,46.207903],[14.458031,46.206594],[14.46005,46.205134],[14.461232,46.204267],[14.462416,46.203375],[14.463446,46.202575],[14.464484,46.201774],[14.466807,46.199949],[14.468289,46.198716],[14.470069,46.19726],[14.472106,46.195553],[14.473525,46.194275],[14.474025,46.193816],[14.475894,46.192136],[14.476771,46.191391],[14.477474,46.19072],[14.47898,46.18925],[14.479602,46.188582],[14.480212,46.187895],[14.480829,46.18719],[14.481323,46.186588],[14.481808,46.185958],[14.482394,46.185135],[14.482786,46.184547],[14.482797,46.18443],[14.482986,46.184107],[14.483054,46.183975],[14.483109,46.183816],[14.483144,46.183652],[14.483148,46.183492],[14.483116,46.183325],[14.483056,46.183174],[14.48297,46.18304],[14.482846,46.182905],[14.482724,46.182797],[14.48255,46.182687],[14.482362,46.182582],[14.482188,46.182515],[14.481845,46.182384],[14.481419,46.182273],[14.481248,46.182237],[14.481067,46.182208],[14.480902,46.182199],[14.480734,46.182208],[14.480579,46.182225],[14.480432,46.182258],[14.480297,46.182299],[14.480149,46.182362],[14.480031,46.182428],[14.479935,46.182501],[14.479821,46.1826],[14.479746,46.182724],[14.479669,46.182846],[14.479624,46.182909],[14.479573,46.182948],[14.4795,46.182976],[14.479936,46.183156],[14.480313,46.183321],[14.480896,46.183583],[14.481598,46.183903],[14.481918,46.184034],[14.482201,46.184144],[14.482516,46.184244],[14.482618,46.184274],[14.482872,46.18435],[14.483211,46.18444],[14.483352,46.184472],[14.483811,46.184565],[14.484258,46.184617],[14.484672,46.184647],[14.485071,46.184658],[14.485527,46.184639],[14.48573,46.184622],[14.485897,46.1846],[14.486193,46.184557],[14.486418,46.184517],[14.486589,46.184481],[14.486807,46.184425],[14.487014,46.184365],[14.487558,46.184179],[14.487892,46.184049],[14.488803,46.1837],[14.489109,46.183597],[14.489392,46.183509],[14.489578,46.183455],[14.489771,46.183402],[14.490133,46.183312],[14.49066,46.183205],[14.491296,46.183104],[14.491932,46.183033],[14.492543,46.183001],[14.493165,46.182999],[14.494092,46.183059],[14.494789,46.183161],[14.495169,46.183237],[14.495402,46.183284],[14.496301,46.183519],[14.496832,46.183704],[14.496985,46.183758],[14.497134,46.183814],[14.498208,46.184296],[14.498421,46.184415],[14.498708,46.184576],[14.49918,46.184882],[14.499453,46.185095],[14.499527,46.185154],[14.499732,46.18531],[14.500033,46.185622],[14.500231,46.185817],[14.500391,46.186019],[14.500731,46.186429],[14.501341,46.187171],[14.501674,46.187519],[14.501823,46.187683],[14.502063,46.187901],[14.502515,46.188306],[14.503022,46.188691],[14.503594,46.189064],[14.504223,46.189436],[14.504611,46.189635],[14.505033,46.189839],[14.505597,46.190064],[14.50574,46.190121],[14.505884,46.190171],[14.506814,46.19049],[14.507262,46.1906],[14.507429,46.190633],[14.507515,46.190645],[14.507766,46.190681],[14.508576,46.190785],[14.508695,46.190802],[14.509031,46.190865],[14.509297,46.190925],[14.509626,46.191005],[14.509809,46.191038],[14.51017,46.191086],[14.510711,46.191143],[14.511523,46.191221],[14.513216,46.191382],[14.514303,46.19149],[14.514698,46.191524],[14.515357,46.191569],[14.517345,46.191737],[14.518155,46.191803],[14.518607,46.191856],[14.518999,46.191904],[14.51968,46.192003],[14.519805,46.192025],[14.52127,46.192292],[14.522178,46.192467],[14.522445,46.19252],[14.522994,46.19262],[14.523692,46.192746],[14.524913,46.19296],[14.52594,46.193137],[14.526191,46.193188],[14.526723,46.193286],[14.527527,46.193435],[14.527561,46.193442],[14.528201,46.193551],[14.529116,46.193698],[14.529685,46.193779],[14.530094,46.193832],[14.53104,46.193962],[14.531732,46.194057],[14.532383,46.194147],[14.532841,46.1942],[14.533224,46.19423],[14.534153,46.194291],[14.535406,46.194363],[14.536551,46.194421],[14.537106,46.19445],[14.537728,46.194473],[14.537846,46.194481],[14.538524,46.194525],[14.538935,46.194553],[14.539232,46.194576],[14.539594,46.194619],[14.540118,46.194689],[14.540581,46.194766],[14.540801,46.194808],[14.541047,46.194856],[14.541225,46.194901],[14.541515,46.194974],[14.541927,46.195087],[14.542074,46.195134],[14.542109,46.195143],[14.542277,46.195192],[14.542504,46.195232],[14.542684,46.195252],[14.54283,46.195263],[14.542971,46.19527],[14.543177,46.195278],[14.543345,46.195277],[14.543549,46.195285],[14.543698,46.195295],[14.543793,46.195303],[14.543938,46.195311],[14.544113,46.195325],[14.544211,46.195326],[14.544282,46.195315],[14.544345,46.195291],[14.544429,46.195258],[14.544537,46.195203],[14.544678,46.195156],[14.544929,46.195097],[14.545225,46.195029],[14.545518,46.19498],[14.545893,46.19494],[14.546247,46.194898],[14.546542,46.19485],[14.54709,46.194743],[14.54715,46.194733],[14.54728,46.194711],[14.547427,46.194714],[14.547519,46.19473],[14.547605,46.194752],[14.547741,46.194809],[14.547862,46.194868],[14.547994,46.194926],[14.548124,46.194965],[14.548219,46.194982],[14.548322,46.194985],[14.548466,46.19498],[14.548696,46.194962],[14.548808,46.194959],[14.548891,46.19496],[14.548984,46.194981],[14.549097,46.195033],[14.549293,46.195166],[14.549484,46.195299],[14.54964,46.195402],[14.549833,46.195485],[14.550003,46.195536],[14.55016,46.195575],[14.550324,46.195604],[14.550416,46.195616],[14.551064,46.195683],[14.552473,46.195833],[14.552979,46.195892],[14.553154,46.195921],[14.553247,46.195943],[14.553324,46.195968],[14.55346,46.196018],[14.553579,46.196072],[14.553769,46.19617],[14.55395,46.196262],[14.55405,46.196306],[14.554142,46.196339],[14.554284,46.196374],[14.554427,46.196404],[14.554598,46.196425],[14.554808,46.196432],[14.556124,46.196434],[14.557429,46.196446],[14.557931,46.196461],[14.558522,46.196491],[14.559134,46.196544],[14.559542,46.196579],[14.559808,46.196618],[14.560073,46.196676],[14.560408,46.196761],[14.560782,46.196862],[14.56123,46.196982],[14.561828,46.19713],[14.562482,46.197273],[14.562968,46.197373],[14.563415,46.197462],[14.563589,46.197499],[14.563664,46.197515],[14.564063,46.197597],[14.564575,46.197703],[14.564961,46.197781],[14.56519,46.197829],[14.565295,46.197853],[14.565409,46.197875],[14.56577,46.197955],[14.56602,46.198026],[14.566238,46.198101],[14.566408,46.198164],[14.566533,46.198212],[14.566964,46.198384],[14.567224,46.198485],[14.567308,46.198519],[14.567444,46.198572],[14.56769,46.198665],[14.567912,46.198744],[14.568084,46.198797],[14.568236,46.198839],[14.568459,46.198891],[14.568734,46.198948],[14.569065,46.199015],[14.569414,46.199089],[14.569646,46.199136],[14.570065,46.199213],[14.570383,46.199269],[14.570788,46.19934],[14.571217,46.199427],[14.571508,46.199497],[14.571759,46.199561],[14.572047,46.199641],[14.572306,46.199722],[14.572506,46.199787],[14.572715,46.199863],[14.5729,46.199938],[14.573041,46.200009],[14.573168,46.200083],[14.573279,46.200167],[14.573401,46.200279],[14.573505,46.200383],[14.573661,46.200569],[14.573808,46.200732],[14.574006,46.200902],[14.57433,46.201165],[14.574421,46.201246],[14.574526,46.201351],[14.574647,46.201482],[14.574906,46.20178],[14.575314,46.202261],[14.575501,46.202459],[14.575612,46.20256],[14.575727,46.202658],[14.575883,46.202763],[14.57592,46.202798],[14.575955,46.202779],[14.575996,46.202764],[14.576046,46.202757],[14.576108,46.202764],[14.57615,46.202778],[14.576191,46.202718],[14.576262,46.202648],[14.57636,46.202569],[14.576447,46.202517],[14.576575,46.202453],[14.57685,46.202339],[14.57715,46.202223],[14.57749,46.202101],[14.577887,46.201965],[14.578546,46.201764],[14.578952,46.201633],[14.579408,46.201469],[14.57975,46.201356],[14.580206,46.201196],[14.580587,46.201062],[14.581086,46.200915],[14.581712,46.200728],[14.582924,46.200345],[14.583816,46.200066],[14.58472,46.199774],[14.585012,46.199687],[14.585373,46.199584],[14.585729,46.199486],[14.585898,46.199442],[14.586047,46.199408],[14.586147,46.19939],[14.586321,46.199357],[14.586502,46.199328],[14.58745,46.199207],[14.587869,46.199153],[14.588137,46.199118],[14.58893,46.19902],[14.589103,46.198999],[14.589284,46.198972],[14.589608,46.198915],[14.589913,46.198841],[14.590078,46.198801],[14.590242,46.198755],[14.590612,46.198659],[14.590809,46.198608],[14.591147,46.198518],[14.591288,46.198475],[14.591635,46.198371],[14.591738,46.198327],[14.591801,46.198274],[14.591894,46.198194],[14.592142,46.198322],[14.592444,46.198421],[14.59283,46.198519],[14.59316,46.198571],[14.593417,46.198614],[14.593578,46.19864],[14.593608,46.198577],[14.593663,46.198522],[14.59374,46.198481],[14.59383,46.198458],[14.593935,46.198456],[14.594036,46.198477],[14.594121,46.19852],[14.594182,46.198579],[14.59493,46.19851],[14.595583,46.198448],[14.595921,46.198422],[14.596035,46.198412],[14.596185,46.198401],[14.59667,46.198372],[14.597051,46.19836],[14.597384,46.198358],[14.597588,46.198372],[14.597877,46.1984],[14.598142,46.198444],[14.598376,46.198492],[14.598476,46.198512],[14.598741,46.198584],[14.598959,46.198655],[14.59924,46.198763],[14.599559,46.198915],[14.59984,46.199084],[14.599991,46.19915],[14.600217,46.199319],[14.600375,46.199462],[14.600559,46.199648],[14.600633,46.199727],[14.600731,46.199841],[14.600763,46.199844],[14.600792,46.199854],[14.600816,46.199869],[14.600833,46.199888],[14.600841,46.199909],[14.60084,46.199932],[14.600829,46.199953],[14.600848,46.200006],[14.600962,46.200212],[14.601238,46.200677],[14.601359,46.200891],[14.601463,46.201076],[14.601641,46.201423],[14.602138,46.202256],[14.602462,46.202828],[14.60305,46.203817],[14.603575,46.204723],[14.603769,46.205076],[14.603921,46.205347],[14.60404,46.205555],[14.604239,46.205781],[14.604335,46.205853],[14.604366,46.205855],[14.604414,46.20587],[14.604466,46.205901],[14.60449,46.205927],[14.604506,46.205957],[14.60451,46.206004],[14.604492,46.206046],[14.604453,46.206086],[14.604468,46.206191],[14.604602,46.206512],[14.605079,46.207342],[14.605297,46.207707],[14.605511,46.207998],[14.605671,46.208185],[14.605931,46.208476],[14.606184,46.208717],[14.606379,46.208885],[14.606561,46.209038],[14.606897,46.209321],[14.607281,46.209674],[14.607669,46.210103],[14.607806,46.210273],[14.607845,46.210335],[14.607982,46.210533],[14.608139,46.210818],[14.60825,46.211078],[14.608409,46.211528],[14.608442,46.211678],[14.608477,46.211997],[14.608497,46.212215],[14.608488,46.213083],[14.608486,46.213247],[14.608482,46.213387],[14.608471,46.213719],[14.608469,46.213801],[14.60847,46.213864],[14.608471,46.213973],[14.608476,46.214373],[14.608495,46.215298],[14.608506,46.215414],[14.608557,46.215735],[14.608629,46.21605],[14.608802,46.216537],[14.608959,46.216914],[14.609311,46.217488],[14.609462,46.217692],[14.609708,46.218026],[14.609877,46.218245],[14.610038,46.218518],[14.610132,46.218727],[14.610193,46.218915],[14.61024,46.219212],[14.61024,46.219368],[14.610256,46.219811],[14.610287,46.220136],[14.610368,46.22046],[14.610419,46.220624],[14.610453,46.22071],[14.610488,46.220799],[14.610629,46.221111],[14.610809,46.221412],[14.611056,46.221705],[14.611258,46.221909],[14.611503,46.222127],[14.611854,46.222404],[14.612153,46.22265],[14.612475,46.222919],[14.613011,46.223379],[14.61352,46.223873],[14.613703,46.224074],[14.614087,46.224599],[14.614482,46.225136],[14.614631,46.22533],[14.614702,46.225423],[14.614839,46.225558],[14.614989,46.225714],[14.615077,46.225783],[14.615161,46.225841],[14.615325,46.225929],[14.61548,46.226003],[14.615527,46.226024],[14.615504,46.226078],[14.61549,46.226117],[14.615403,46.226309],[14.61534,46.226449],[14.615286,46.226568],[14.61515,46.226926],[14.614728,46.228015],[14.614514,46.228467],[14.614477,46.228543],[14.614432,46.228622],[14.614193,46.229039],[14.613972,46.229343],[14.61388,46.22947],[14.613688,46.229724],[14.613441,46.230046],[14.613324,46.230201],[14.613226,46.230364],[14.613186,46.23045],[14.613159,46.2305],[14.613103,46.230552],[14.613037,46.230582],[14.612936,46.230589],[14.612044,46.23059],[14.611978,46.230591],[14.611912,46.230591],[14.611533,46.230599],[14.611151,46.230598],[14.611142,46.230646],[14.61111,46.230688],[14.611059,46.230721],[14.610996,46.230741],[14.610927,46.230745],[14.610911,46.230835],[14.610891,46.230941],[14.610772,46.231283],[14.610703,46.231453],[14.610366,46.232073],[14.609965,46.232787],[14.609799,46.233103],[14.609703,46.233305],[14.609653,46.233465],[14.609608,46.233664],[14.609547,46.23404],[14.609492,46.234389],[14.609462,46.234626],[14.60942,46.234776],[14.609334,46.234964],[14.609227,46.235146],[14.60912,46.235303],[14.609017,46.235429],[14.608865,46.235585],[14.608659,46.235762],[14.608089,46.236228],[14.606254,46.237712],[14.606049,46.23789],[14.605881,46.238066],[14.605727,46.23826],[14.605692,46.238312],[14.605627,46.238409],[14.605496,46.238645],[14.605217,46.239269],[14.604802,46.240262],[14.604686,46.240549],[14.604606,46.240779],[14.604566,46.241015],[14.604566,46.241238],[14.604607,46.2418],[14.604643,46.242212],[14.604709,46.242719],[14.604711,46.242885],[14.604698,46.243032],[14.604672,46.243114],[14.604613,46.243261],[14.604538,46.243384],[14.604464,46.243462],[14.604364,46.243541],[14.604203,46.243651],[14.604044,46.243726],[14.603844,46.243791],[14.603532,46.243917],[14.603293,46.244026],[14.603149,46.244098],[14.602949,46.244223],[14.602923,46.244247],[14.602881,46.244285],[14.602794,46.244375],[14.602706,46.244499],[14.602581,46.244697],[14.602492,46.244809],[14.602243,46.245092],[14.601821,46.245576],[14.601746,46.245677],[14.601687,46.2458],[14.601655,46.245933],[14.601641,46.246363],[14.601644,46.246725],[14.601657,46.246914],[14.601698,46.247124],[14.601733,46.247298],[14.60177,46.247461],[14.601996,46.24833],[14.602042,46.248521],[14.602082,46.24868],[14.602111,46.248853],[14.602159,46.249071],[14.602168,46.249237],[14.602148,46.249433],[14.602109,46.249608],[14.602026,46.249928],[14.601991,46.250059],[14.601946,46.250227],[14.601908,46.25041],[14.601888,46.250557],[14.601884,46.25071],[14.601891,46.250898],[14.6019,46.251097],[14.601921,46.25139],[14.602001,46.252053],[14.602048,46.252399],[14.60209,46.252734],[14.602118,46.25296],[14.602124,46.253132],[14.602093,46.253553],[14.602088,46.253637],[14.6021,46.25378],[14.602116,46.253865],[14.602148,46.253959],[14.602197,46.25406],[14.602274,46.254197],[14.602394,46.254366],[14.602664,46.254747],[14.602731,46.254838],[14.602925,46.255106],[14.603357,46.255713],[14.603572,46.256029],[14.603658,46.256185],[14.60371,46.256314],[14.603756,46.256468],[14.603783,46.256657],[14.603776,46.256851],[14.603749,46.256989],[14.603704,46.257176],[14.603689,46.257222],[14.603665,46.257301],[14.603608,46.257485],[14.603549,46.257674],[14.603485,46.257873],[14.603469,46.25794],[14.603483,46.258065],[14.603501,46.25815],[14.603557,46.258261],[14.603714,46.258453],[14.603938,46.258688],[14.603982,46.258733],[14.604064,46.258859],[14.604136,46.258951],[14.604234,46.259102],[14.604314,46.259272],[14.604395,46.259425],[14.604541,46.259593],[14.604695,46.259732],[14.604855,46.259882],[14.604917,46.259953],[14.605017,46.260073],[14.605074,46.260154],[14.605118,46.260258],[14.605149,46.260361],[14.605157,46.260493],[14.605137,46.26062],[14.605069,46.260806],[14.604978,46.26101],[14.604906,46.261159],[14.604796,46.261369],[14.604633,46.261672],[14.60457,46.261795],[14.604477,46.262003],[14.604347,46.262447],[14.604286,46.26264],[14.60421,46.262816],[14.604114,46.262962],[14.604106,46.262975],[14.60398,46.263124],[14.603569,46.263601],[14.603342,46.26388],[14.603182,46.264107],[14.603087,46.264273],[14.603031,46.26442],[14.602973,46.26464],[14.602953,46.264745],[14.602943,46.264912],[14.602957,46.265049],[14.603018,46.265174],[14.603088,46.265267],[14.603127,46.265311],[14.603172,46.265361],[14.603272,46.265435],[14.603382,46.265497],[14.603527,46.26556],[14.603601,46.266245],[14.603681,46.266826],[14.603779,46.26759],[14.603863,46.267753],[14.604002,46.267911],[14.604469,46.26824],[14.605365,46.268831],[14.605561,46.26899],[14.605686,46.269128],[14.605827,46.269291],[14.605947,46.269473],[14.606054,46.269666],[14.606132,46.269865],[14.606195,46.270067],[14.606318,46.270531],[14.606393,46.270792],[14.606521,46.271207],[14.606586,46.271363],[14.606621,46.27143],[14.60665,46.271476],[14.606744,46.271612],[14.606915,46.271813],[14.607622,46.27257],[14.607873,46.272822],[14.608044,46.272955],[14.608226,46.273031],[14.608397,46.273087],[14.608903,46.273218],[14.609455,46.27335],[14.609611,46.273387],[14.610104,46.273504],[14.610343,46.273614],[14.610457,46.273713],[14.610544,46.273844],[14.610583,46.273952],[14.610677,46.274069],[14.610796,46.274174],[14.610929,46.274263],[14.611185,46.274376],[14.611514,46.274465],[14.611796,46.274548],[14.611971,46.274639],[14.612135,46.27476],[14.612204,46.27483],[14.61247,46.275172],[14.612551,46.275369],[14.612707,46.275809],[14.61277,46.275984],[14.612901,46.27627],[14.613,46.276431],[14.613182,46.276644],[14.613529,46.276986],[14.613724,46.277174],[14.613846,46.277304],[14.61403,46.277552],[14.614598,46.278376],[14.614728,46.27866],[14.61479,46.278785],[14.614845,46.279064],[14.614814,46.279236],[14.61476,46.279365],[14.614652,46.279509],[14.614494,46.279632],[14.614477,46.279648],[14.614362,46.279755],[14.614255,46.279887],[14.614219,46.279978],[14.614238,46.280094],[14.614362,46.280209],[14.614552,46.280356],[14.614747,46.28051],[14.614834,46.280602],[14.614947,46.280746],[14.615065,46.28095],[14.615108,46.281061],[14.615219,46.281612],[14.615261,46.281842],[14.61532,46.282127],[14.615424,46.282823],[14.615594,46.283786],[14.615723,46.284054],[14.615827,46.284198],[14.61594,46.284291],[14.616058,46.284399],[14.616579,46.284875],[14.616931,46.285208],[14.617112,46.285448],[14.617447,46.285927],[14.617796,46.28643],[14.617875,46.286652],[14.617864,46.286783],[14.617831,46.286942],[14.617743,46.287104],[14.617671,46.287227],[14.617478,46.287415],[14.617152,46.287646],[14.616742,46.287907],[14.616309,46.288161],[14.615993,46.28839],[14.615879,46.288532],[14.615831,46.28865],[14.615844,46.288786],[14.616111,46.28929],[14.616233,46.289458],[14.616347,46.289619],[14.616394,46.289747],[14.616379,46.289863],[14.616304,46.290021],[14.616127,46.290181],[14.615849,46.290379],[14.615655,46.290682],[14.615556,46.290864],[14.615549,46.291017],[14.615591,46.291149],[14.615703,46.291376],[14.615712,46.291491],[14.615672,46.291628],[14.615581,46.291792],[14.615388,46.29196],[14.615233,46.292128],[14.615021,46.292549],[14.614835,46.293104],[14.614707,46.293698],[14.614653,46.293901],[14.614656,46.294157],[14.61471,46.294599],[14.614624,46.294757],[14.613956,46.295514],[14.613339,46.295902],[14.613241,46.295999],[14.613083,46.296181],[14.613038,46.296347],[14.613042,46.296526],[14.613017,46.296681],[14.612883,46.296937],[14.612661,46.297251],[14.612613,46.297341],[14.612609,46.297507],[14.612625,46.298111],[14.612595,46.298233],[14.612543,46.298353],[14.612357,46.298489],[14.612223,46.298569],[14.611652,46.29868],[14.611332,46.298811],[14.610923,46.299027],[14.610849,46.299101],[14.610809,46.299191],[14.610784,46.299566],[14.610706,46.299735],[14.610395,46.300035],[14.610334,46.300185],[14.610299,46.300422],[14.610296,46.300719],[14.610257,46.300902],[14.610105,46.301158],[14.609529,46.302054],[14.609388,46.302215],[14.609219,46.302372],[14.608976,46.302548],[14.608854,46.302717],[14.608745,46.30291],[14.608722,46.303053],[14.608798,46.303272],[14.608831,46.303347],[14.608835,46.303653],[14.608827,46.303895],[14.608797,46.304492],[14.608826,46.304649],[14.608922,46.304903],[14.609002,46.305039],[14.609094,46.305274],[14.609083,46.305447],[14.609031,46.305548],[14.608969,46.305644],[14.608838,46.305798],[14.608584,46.306074],[14.608442,46.306213],[14.608269,46.306411],[14.608034,46.306708],[14.607934,46.306885],[14.607925,46.307051],[14.607962,46.307163],[14.608009,46.30723],[14.608115,46.307396],[14.608128,46.307448],[14.608158,46.307659],[14.608154,46.307854],[14.608129,46.308324],[14.608101,46.308618],[14.608085,46.308955],[14.608035,46.309275],[14.607988,46.309431],[14.607893,46.309707],[14.607823,46.309857],[14.607801,46.309905],[14.60765,46.310252],[14.60763,46.310291],[14.607442,46.310676],[14.607373,46.310818],[14.607206,46.311142],[14.607072,46.311346],[14.606961,46.31149],[14.606906,46.311561],[14.606879,46.311596],[14.606794,46.311667],[14.606654,46.311777],[14.606321,46.311996],[14.606064,46.312184],[14.605847,46.312378],[14.605436,46.312743],[14.605048,46.3131],[14.604811,46.313327],[14.604789,46.313349],[14.604404,46.31372],[14.603863,46.314207],[14.603676,46.314447],[14.603464,46.315033],[14.603385,46.315198],[14.60323,46.31546],[14.60301,46.315787],[14.602458,46.316323],[14.601736,46.316928],[14.60084,46.317721],[14.600729,46.317836],[14.600666,46.318027],[14.600701,46.318194],[14.600768,46.318418],[14.600754,46.318594],[14.600753,46.318614],[14.600728,46.318646],[14.600662,46.318704],[14.600598,46.318756],[14.600126,46.318898],[14.599742,46.318983],[14.59958,46.319059],[14.599459,46.319128],[14.59915,46.319373],[14.598787,46.31966],[14.598376,46.320016],[14.597949,46.320369],[14.597744,46.320483],[14.597158,46.320676],[14.596569,46.320841],[14.595526,46.321047],[14.595177,46.321145],[14.594656,46.321389],[14.594325,46.321647],[14.594174,46.32186],[14.5939,46.322363],[14.59351,46.323472],[14.593299,46.324116],[14.59322,46.324255],[14.593127,46.324363],[14.592952,46.324525],[14.59268,46.324717],[14.592416,46.324852],[14.592138,46.324985],[14.591953,46.325116],[14.591707,46.325438],[14.591191,46.326083],[14.590961,46.326385],[14.590801,46.326596],[14.590676,46.326721],[14.590513,46.326855],[14.590349,46.326945],[14.590235,46.326977],[14.590094,46.327011],[14.589701,46.32711],[14.589673,46.327118],[14.5896,46.327152],[14.589569,46.327203],[14.589588,46.327253],[14.589578,46.327336],[14.589564,46.327456],[14.589536,46.327547],[14.589484,46.327631],[14.589418,46.327698],[14.589258,46.327812],[14.589174,46.327898],[14.588997,46.328077],[14.588801,46.328213],[14.588744,46.328267],[14.588686,46.328343],[14.588613,46.328443],[14.588588,46.328476],[14.588454,46.328624],[14.588377,46.328679],[14.588281,46.328756],[14.588199,46.328806],[14.588125,46.328878],[14.588019,46.329014],[14.587935,46.329178],[14.587912,46.329281],[14.587887,46.329369],[14.587851,46.329419],[14.587777,46.329469],[14.587666,46.329511],[14.587456,46.329552],[14.587234,46.329557],[14.587116,46.329552],[14.587058,46.329542],[14.586989,46.329524],[14.586578,46.3295],[14.586296,46.32946],[14.586069,46.329406],[14.585884,46.329354],[14.585616,46.329297],[14.585528,46.329279]]}}